panel,id,running,outcome
replacement,replacement_00000,500,0.807679191318
replacement,replacement_00001,850,0.795914177439
replacement,replacement_00002,1200,0.58304209872
replacement,replacement_00003,796.803417229,0.798742137667
replacement,replacement_00004,1044.10038437,0.67038330199
replacement,replacement_00005,717.883220068,0.791665098153
replacement,replacement_00006,531.668375144,0.795786232115
replacement,replacement_00007,904.799940915,0.741833426507
replacement,replacement_00008,642.625154665,0.80158834901
replacement,replacement_00009,501.652885405,0.7951972179
replacement,replacement_00010,942.565353977,0.729540879049
replacement,replacement_00011,1048.59386291,0.662041536519
replacement,replacement_00012,817.498630823,0.783489984889
replacement,replacement_00013,1190.9824832,0.585869314
replacement,replacement_00014,912.910409664,0.752177800216
replacement,replacement_00015,608.970236968,0.793523498397
replacement,replacement_00016,593.875476636,0.796662952221
replacement,replacement_00017,1048.27415539,0.663082618538
replacement,replacement_00018,1131.67214028,0.617776802973
replacement,replacement_00019,1197.94037265,0.574773943252
replacement,replacement_00020,586.648065045,0.793951648086
replacement,replacement_00021,652.311651517,0.794527933953
replacement,replacement_00022,1041.80591349,0.673641681674
replacement,replacement_00023,984.672690048,0.711180941451
replacement,replacement_00024,1029.59100332,0.680920573709
replacement,replacement_00025,542.68015376,0.796145068016
replacement,replacement_00026,784.773455756,0.782302336818
replacement,replacement_00027,1032.04059126,0.692390478472
replacement,replacement_00028,661.799359795,0.791221207572
replacement,replacement_00029,1044.29596061,0.673023911883
replacement,replacement_00030,1163.9791328,0.601672635891
replacement,replacement_00031,884.489858931,0.774801000682
replacement,replacement_00032,1009.91698402,0.694974500768
replacement,replacement_00033,813.607473101,0.799142051341
replacement,replacement_00034,1188.92738286,0.58472456118
replacement,replacement_00035,678.392950159,0.789787700364
replacement,replacement_00036,964.632971135,0.709298961663
replacement,replacement_00037,792.788568882,0.793347060182
replacement,replacement_00038,599.497267539,0.804870205244
replacement,replacement_00039,1054.87020108,0.672207925822
replacement,replacement_00040,895.330323139,0.75662823506
replacement,replacement_00041,1165.63196644,0.59950652422
replacement,replacement_00042,555.957849152,0.795556395791
replacement,replacement_00043,631.101423305,0.795295048022
replacement,replacement_00044,1186.34622788,0.581611001091
replacement,replacement_00045,789.273207937,0.803689567801
replacement,replacement_00046,1133.1914732,0.617112151466
replacement,replacement_00047,874.653930745,0.773116356104
replacement,replacement_00048,835.503508484,0.780944756958
replacement,replacement_00049,565.471500497,0.799862593848
replacement,replacement_00050,1151.74030995,0.612641450949
replacement,replacement_00051,849.882475488,0.79073047733
replacement,replacement_00052,1036.49874248,0.67275887959
replacement,replacement_00053,714.434623727,0.800740638551
replacement,replacement_00054,942.073208148,0.740341425526
replacement,replacement_00055,889.037831468,0.762987387269
replacement,replacement_00056,561.244120561,0.79688552271
replacement,replacement_00057,1133.88863982,0.616003519819
replacement,replacement_00058,926.783075649,0.739867916769
replacement,replacement_00059,580.76058036,0.810313079649
replacement,replacement_00060,712.018162537,0.7962945772
replacement,replacement_00061,593.514014588,0.793176893219
replacement,replacement_00062,871.293947965,0.778509280432
replacement,replacement_00063,734.767517257,0.791181403486
replacement,replacement_00064,1106.24411428,0.634266234333
replacement,replacement_00065,951.095241109,0.727244482216
replacement,replacement_00066,984.841766489,0.701776985384
replacement,replacement_00067,621.438301331,0.80064668992
replacement,replacement_00068,592.839051949,0.793876603323
replacement,replacement_00069,518.3347908,0.801129577426
replacement,replacement_00070,1092.47624079,0.644956594362
replacement,replacement_00071,1124.93862012,0.630231380595
replacement,replacement_00072,1183.26937485,0.577312207286
replacement,replacement_00073,897.16369721,0.755724144793
replacement,replacement_00074,960.306579926,0.708222323703
replacement,replacement_00075,1058.41303357,0.662038155559
replacement,replacement_00076,630.893472271,0.812712623927
replacement,replacement_00077,978.641739731,0.717213777724
replacement,replacement_00078,899.155060226,0.767794562448
replacement,replacement_00079,819.511225894,0.79392364068
replacement,replacement_00080,596.911237964,0.793149151758
replacement,replacement_00081,625.706955508,0.797493146926
replacement,replacement_00082,1195.43122405,0.580485281771
replacement,replacement_00083,1186.81793724,0.588418899009
replacement,replacement_00084,749.410737806,0.788766558898
replacement,replacement_00085,696.059085189,0.794850899069
replacement,replacement_00086,910.093760552,0.748588395308
replacement,replacement_00087,700.400590236,0.79786667568
replacement,replacement_00088,754.353141717,0.788675032546
replacement,replacement_00089,803.827714308,0.801610411756
replacement,replacement_00090,813.056758798,0.783256727389
replacement,replacement_00091,978.352954356,0.702680373818
replacement,replacement_00092,953.701943705,0.730230680443
replacement,replacement_00093,714.020908721,0.79980651366
replacement,replacement_00094,551.109040695,0.788811756697
replacement,replacement_00095,852.209364126,0.78474437542
replacement,replacement_00096,1155.18156832,0.606995167586
replacement,replacement_00097,638.545961809,0.791815301873
replacement,replacement_00098,668.769979723,0.796050113498
replacement,replacement_00099,573.270284997,0.801763373101
replacement,replacement_00100,921.213262636,0.752109971799
replacement,replacement_00101,783.74588779,0.789662570448
replacement,replacement_00102,816.619019871,0.799155669728
replacement,replacement_00103,846.100328521,0.783577377146
replacement,replacement_00104,529.20240244,0.799538039777
replacement,replacement_00105,538.232372378,0.787201348793
replacement,replacement_00106,580.822094021,0.799563435889
replacement,replacement_00107,873.446628886,0.778906523873
replacement,replacement_00108,950.534685601,0.725207406081
replacement,replacement_00109,612.490512815,0.796211574354
replacement,replacement_00110,689.848616746,0.793346199418
replacement,replacement_00111,558.324639158,0.793197819761
replacement,replacement_00112,695.480667251,0.792664047613
replacement,replacement_00113,595.607471286,0.801804101456
replacement,replacement_00114,1095.43398394,0.642740455555
replacement,replacement_00115,776.237464878,0.78620924746
replacement,replacement_00116,1031.91528633,0.685476345764
replacement,replacement_00117,1115.87098665,0.633477812537
replacement,replacement_00118,515.913972189,0.799760741528
replacement,replacement_00119,867.388789308,0.774173294581
replacement,replacement_00120,1177.27237591,0.586499706912
replacement,replacement_00121,1072.48157886,0.660975045129
replacement,replacement_00122,644.039100508,0.791480723811
replacement,replacement_00123,582.624107086,0.787599580794
replacement,replacement_00124,759.405660089,0.800347628726
replacement,replacement_00125,1062.1983296,0.670277505347
replacement,replacement_00126,556.750880413,0.793497691817
replacement,replacement_00127,573.179227966,0.808870151131
replacement,replacement_00128,684.855485319,0.788279621212
replacement,replacement_00129,662.738660094,0.788909751481
replacement,replacement_00130,1088.38597501,0.646677688418
replacement,replacement_00131,738.002479964,0.796049496579
replacement,replacement_00132,1194.87179163,0.583334181059
replacement,replacement_00133,983.728802767,0.708719388147
replacement,replacement_00134,810.309678913,0.794093491813
replacement,replacement_00135,518.793369889,0.810003985995
replacement,replacement_00136,642.282103708,0.786339090939
replacement,replacement_00137,1152.72218549,0.604454873424
replacement,replacement_00138,1020.48237403,0.680865089652
replacement,replacement_00139,1020.5784854,0.690669665928
replacement,replacement_00140,639.411507852,0.790915143226
replacement,replacement_00141,511.725007895,0.797549163466
replacement,replacement_00142,884.375488785,0.775374405894
replacement,replacement_00143,863.965535321,0.781744638389
replacement,replacement_00144,851.926575606,0.779913619184
replacement,replacement_00145,749.477851642,0.797154249847
replacement,replacement_00146,1125.13281298,0.625663792632
replacement,replacement_00147,842.564095312,0.789995501767
replacement,replacement_00148,786.616869005,0.784674962064
replacement,replacement_00149,778.933385699,0.799447612479
replacement,replacement_00150,746.509266951,0.798445456027
replacement,replacement_00151,1072.3631626,0.654139776689
replacement,replacement_00152,536.936940237,0.800548240353
replacement,replacement_00153,1042.20389765,0.667207237547
replacement,replacement_00154,1199.3553629,0.577155230624
replacement,replacement_00155,504.559704013,0.803757466889
replacement,replacement_00156,848.92840171,0.794093904475
replacement,replacement_00157,555.321164957,0.794039534418
replacement,replacement_00158,670.278026664,0.799875039933
replacement,replacement_00159,849.560515616,0.784914117463
replacement,replacement_00160,1179.54749611,0.600755855061
replacement,replacement_00161,1040.27994701,0.669386287756
replacement,replacement_00162,945.952410614,0.739485194401
replacement,replacement_00163,716.687669845,0.793587123701
replacement,replacement_00164,702.530866645,0.791587081844
replacement,replacement_00165,1106.94440418,0.636482501347
replacement,replacement_00166,507.447412066,0.801515158266
replacement,replacement_00167,748.675046268,0.794562073345
replacement,replacement_00168,949.27024628,0.725840220078
replacement,replacement_00169,960.67778127,0.71855432182
replacement,replacement_00170,873.230176834,0.793785448147
replacement,replacement_00171,823.938938834,0.776219433487
replacement,replacement_00172,873.691496792,0.785052302627
replacement,replacement_00173,1120.17951442,0.62416166879
replacement,replacement_00174,1010.05080701,0.691674805862
replacement,replacement_00175,601.011531142,0.792057355212
replacement,replacement_00176,1101.54150525,0.638267882188
replacement,replacement_00177,1008.02967043,0.691754925297
replacement,replacement_00178,701.992105681,0.782896367177
replacement,replacement_00179,1078.16792409,0.660344703309
replacement,replacement_00180,1028.2064091,0.687624520362
replacement,replacement_00181,619.796732747,0.807542409661
replacement,replacement_00182,633.025412143,0.794353463614
replacement,replacement_00183,1186.21385115,0.594713681481
replacement,replacement_00184,953.213094548,0.716397191866
replacement,replacement_00185,1057.98786052,0.677469249015
replacement,replacement_00186,740.077705983,0.798623488337
replacement,replacement_00187,599.311234294,0.796247739223
replacement,replacement_00188,552.053044584,0.807594863364
replacement,replacement_00189,970.99291247,0.713561894692
replacement,replacement_00190,799.272445987,0.79287392617
replacement,replacement_00191,1142.75919612,0.607240749217
replacement,replacement_00192,883.37506972,0.770491286805
replacement,replacement_00193,1115.61403857,0.629070288106
replacement,replacement_00194,671.15963197,0.78962707722
replacement,replacement_00195,855.985726794,0.789547191268
replacement,replacement_00196,688.431524588,0.783363232053
replacement,replacement_00197,1021.88065894,0.67739440556
replacement,replacement_00198,579.258943419,0.800617727894
replacement,replacement_00199,976.370064141,0.713879300139
replacement,replacement_00200,954.122863874,0.724180526654
replacement,replacement_00201,1178.54065056,0.587470626432
replacement,replacement_00202,614.091792085,0.78456082952
replacement,replacement_00203,866.674020963,0.77816778598
replacement,replacement_00204,507.779931811,0.783452252515
replacement,replacement_00205,893.452498142,0.758892016547
replacement,replacement_00206,734.774324046,0.792355358546
replacement,replacement_00207,1055.98351363,0.667887683696
replacement,replacement_00208,988.567815628,0.708597248332
replacement,replacement_00209,1030.26914195,0.681036175582
replacement,replacement_00210,757.862597478,0.804001493797
replacement,replacement_00211,609.198205808,0.796764056142
replacement,replacement_00212,671.821330389,0.78547184965
replacement,replacement_00213,799.441027798,0.782477626722
replacement,replacement_00214,771.36372044,0.78558920776
replacement,replacement_00215,661.66623327,0.793205471333
replacement,replacement_00216,775.133822031,0.791541325649
replacement,replacement_00217,655.132396251,0.793907152099
replacement,replacement_00218,588.65033611,0.801344566297
replacement,replacement_00219,727.808424288,0.78400104866
replacement,replacement_00220,513.678379688,0.798598764118
replacement,replacement_00221,1047.3189528,0.674675088153
replacement,replacement_00222,795.316946666,0.797067599372
replacement,replacement_00223,1194.19038724,0.577473215322
replacement,replacement_00224,727.584813663,0.792722390184
replacement,replacement_00225,566.520254946,0.802018569195
replacement,replacement_00226,573.186176126,0.793955638344
replacement,replacement_00227,1096.13139803,0.636968538163
replacement,replacement_00228,695.579410284,0.791829860075
replacement,replacement_00229,949.876719898,0.731559056119
replacement,replacement_00230,744.134946462,0.796040162663
replacement,replacement_00231,1150.22945979,0.614864108035
replacement,replacement_00232,882.238755899,0.765142294941
replacement,replacement_00233,716.991060352,0.794599319654
replacement,replacement_00234,861.500623742,0.796292694171
replacement,replacement_00235,958.044515793,0.723577858825
replacement,replacement_00236,987.003553302,0.708850388553
replacement,replacement_00237,1012.24664208,0.688529175927
replacement,replacement_00238,1177.40668688,0.579995968285
replacement,replacement_00239,1052.52533461,0.670953479911
replacement,replacement_00240,940.201972436,0.738322658981
replacement,replacement_00241,755.439250539,0.792061831109
replacement,replacement_00242,755.027807579,0.791618243165
replacement,replacement_00243,1182.28199096,0.585652635791
replacement,replacement_00244,584.729940862,0.795630450544
replacement,replacement_00245,704.529683025,0.784846153758
replacement,replacement_00246,717.712758567,0.792254305214
replacement,replacement_00247,664.084845863,0.800754516281
replacement,replacement_00248,919.19084977,0.750621590499
replacement,replacement_00249,1085.44661659,0.637316977244
replacement,replacement_00250,1136.46418256,0.616600576643
replacement,replacement_00251,578.536167536,0.793202146754
replacement,replacement_00252,868.034434816,0.786732238541
replacement,replacement_00253,805.284362826,0.786575717441
replacement,replacement_00254,614.573516385,0.795336776255
replacement,replacement_00255,622.113384664,0.800427490495
replacement,replacement_00256,1073.42732318,0.66450744607
replacement,replacement_00257,1016.19719508,0.686247690455
replacement,replacement_00258,508.643240735,0.799162089335
replacement,replacement_00259,664.170833415,0.799627225912
replacement,replacement_00260,1198.61989471,0.580053927524
replacement,replacement_00261,590.375256203,0.785395747578
replacement,replacement_00262,899.926420367,0.766404276084
replacement,replacement_00263,614.379090105,0.799487376311
replacement,replacement_00264,514.718443026,0.79240070538
replacement,replacement_00265,1093.03610512,0.650740797762
replacement,replacement_00266,786.988355419,0.791990064547
replacement,replacement_00267,721.209519242,0.793921803631
replacement,replacement_00268,938.440844702,0.743210207521
replacement,replacement_00269,872.741745549,0.771981987684
replacement,replacement_00270,985.200652075,0.700393762403
replacement,replacement_00271,912.084351729,0.754879307514
replacement,replacement_00272,571.075114725,0.784660760873
replacement,replacement_00273,538.480813051,0.788558246156
replacement,replacement_00274,1169.5872815,0.599786325232
replacement,replacement_00275,557.051852352,0.790687846727
replacement,replacement_00276,1034.18914924,0.673510952838
replacement,replacement_00277,842.454076314,0.785425398237
replacement,replacement_00278,1012.19466337,0.68675562438
replacement,replacement_00279,868.105225118,0.773207961346
replacement,replacement_00280,580.16397188,0.802837192088
replacement,replacement_00281,586.239048336,0.791312489425
replacement,replacement_00282,842.183918879,0.791857941253
replacement,replacement_00283,757.997313742,0.786027091226
replacement,replacement_00284,1099.64535801,0.636174614562
replacement,replacement_00285,680.330818665,0.786529836159
replacement,replacement_00286,950.21410213,0.726979641121
replacement,replacement_00287,941.687327403,0.737718864897
replacement,replacement_00288,600.526546996,0.80417189304
replacement,replacement_00289,1139.23339319,0.607964089209
replacement,replacement_00290,1063.00897418,0.662165642338
replacement,replacement_00291,1170.78426393,0.593004632459
replacement,replacement_00292,585.833399587,0.805698237416
replacement,replacement_00293,1130.16854609,0.623690184083
replacement,replacement_00294,830.79772505,0.79421673818
replacement,replacement_00295,681.10676348,0.792226406726
replacement,replacement_00296,1078.04130026,0.641783024971
replacement,replacement_00297,1138.33691975,0.608842466552
replacement,replacement_00298,1025.75981084,0.68246992796
replacement,replacement_00299,894.17133302,0.770766785298
replacement,replacement_00300,759.886216253,0.782866128797
replacement,replacement_00301,777.785969581,0.789327063521
replacement,replacement_00302,1132.74898226,0.6173667619
replacement,replacement_00303,969.131016249,0.717793824797
replacement,replacement_00304,872.686307468,0.785075267537
replacement,replacement_00305,896.429533914,0.766353933027
replacement,replacement_00306,762.257720198,0.792571890235
replacement,replacement_00307,1158.85890466,0.599614291291
replacement,replacement_00308,677.116342406,0.792399052227
replacement,replacement_00309,627.641517626,0.790476344659
replacement,replacement_00310,781.272623894,0.78183864366
replacement,replacement_00311,686.213715757,0.793275093209
replacement,replacement_00312,568.753004803,0.801371215273
replacement,replacement_00313,926.378660572,0.743298967093
replacement,replacement_00314,1053.63833736,0.672953154697
replacement,replacement_00315,901.548333154,0.759273147316
replacement,replacement_00316,1035.02962812,0.66812929024
replacement,replacement_00317,836.820321955,0.782837882123
replacement,replacement_00318,857.980178558,0.792090936029
replacement,replacement_00319,922.746013009,0.730767188137
replacement,replacement_00320,518.47616721,0.800696425799
replacement,replacement_00321,575.832331239,0.796856918567
replacement,replacement_00322,1113.42329831,0.629157459618
replacement,replacement_00323,836.430510911,0.796477262605
replacement,replacement_00324,1058.09938444,0.660961039295
replacement,replacement_00325,538.565751754,0.793756674412
replacement,replacement_00326,578.216877802,0.802097252513
replacement,replacement_00327,1037.83647631,0.682579026618
replacement,replacement_00328,1114.12913059,0.620267067261
replacement,replacement_00329,699.420356042,0.79229392108
replacement,replacement_00330,700.964504106,0.796076766475
replacement,replacement_00331,533.026123611,0.804601157569
replacement,replacement_00332,761.597265976,0.800339510175
replacement,replacement_00333,900.722190042,0.74897394874
replacement,replacement_00334,710.028071212,0.78571985751
replacement,replacement_00335,1094.11699292,0.641338048119
replacement,replacement_00336,637.473441428,0.784196106347
replacement,replacement_00337,913.129722242,0.742475307787
replacement,replacement_00338,1086.55334914,0.647954091289
replacement,replacement_00339,1115.15488396,0.637871182682
replacement,replacement_00340,801.572605399,0.793476043039
replacement,replacement_00341,726.557843461,0.791979062051
replacement,replacement_00342,529.448185819,0.806609114778
replacement,replacement_00343,639.325228392,0.789978967809
replacement,replacement_00344,1080.95965983,0.656914852967
replacement,replacement_00345,855.646755311,0.785414103428
replacement,replacement_00346,838.315843964,0.785641519975
replacement,replacement_00347,929.764910521,0.744542905639
replacement,replacement_00348,637.291780789,0.801889634027
replacement,replacement_00349,907.905018739,0.747851002751
replacement,replacement_00350,1062.54542492,0.659557937125
replacement,replacement_00351,542.411560693,0.802244702113
replacement,replacement_00352,1175.32192499,0.603083789293
replacement,replacement_00353,676.560466452,0.791430053536
replacement,replacement_00354,607.063330248,0.812825679478
replacement,replacement_00355,772.509093493,0.798436293406
replacement,replacement_00356,888.131534981,0.765701486235
replacement,replacement_00357,793.088045549,0.796670246323
replacement,replacement_00358,714.583644766,0.798931855997
replacement,replacement_00359,717.784867259,0.796987332377
replacement,replacement_00360,616.603226168,0.804381745066
replacement,replacement_00361,1111.89463968,0.630510647988
replacement,replacement_00362,620.520568639,0.803322409286
replacement,replacement_00363,589.812157347,0.799625070145
replacement,replacement_00364,1000.51529052,0.701128134998
replacement,replacement_00365,926.350451613,0.747473111521
replacement,replacement_00366,1133.20976135,0.624393915764
replacement,replacement_00367,829.759133737,0.802822080909
replacement,replacement_00368,1128.0824042,0.62711251319
replacement,replacement_00369,1087.39206766,0.643512957893
replacement,replacement_00370,711.216268048,0.794050197133
replacement,replacement_00371,717.293853514,0.804483121778
replacement,replacement_00372,917.921031799,0.746546025917
replacement,replacement_00373,676.899246457,0.801220809875
replacement,replacement_00374,939.105631796,0.737552430314
replacement,replacement_00375,1183.13152725,0.577120885845
replacement,replacement_00376,1172.38502922,0.60175242757
replacement,replacement_00377,735.902323428,0.79041288329
replacement,replacement_00378,583.415775013,0.79329129495
replacement,replacement_00379,1049.5942773,0.665988842798
replacement,replacement_00380,954.846911477,0.733280590847
replacement,replacement_00381,1069.39359116,0.666460973091
replacement,replacement_00382,814.441395112,0.791588552704
replacement,replacement_00383,1094.41293633,0.634086996507
replacement,replacement_00384,585.661523606,0.808793204778
replacement,replacement_00385,860.18565368,0.789859950737
replacement,replacement_00386,794.685848576,0.78651002413
replacement,replacement_00387,743.138278827,0.789699372155
replacement,replacement_00388,940.329388388,0.734706863631
replacement,replacement_00389,841.706909399,0.785181770813
replacement,replacement_00390,1124.57528151,0.61603353217
replacement,replacement_00391,1059.48479795,0.657086033971
replacement,replacement_00392,722.156082816,0.796158800061
replacement,replacement_00393,968.648070616,0.725952196593
replacement,replacement_00394,500.36093536,0.80546726551
replacement,replacement_00395,690.203805866,0.791584993795
replacement,replacement_00396,800.936095009,0.796546977518
replacement,replacement_00397,913.540034778,0.754624343571
replacement,replacement_00398,655.988728342,0.801476831216
replacement,replacement_00399,1148.63038897,0.597364855373
replacement,replacement_00400,551.878216468,0.787198351312
replacement,replacement_00401,746.137870231,0.779771280356
replacement,replacement_00402,616.678115208,0.803601549828
replacement,replacement_00403,986.080117028,0.706294908384
replacement,replacement_00404,601.964911579,0.797788413242
replacement,replacement_00405,579.44624363,0.788469847459
replacement,replacement_00406,893.429923876,0.758237117581
replacement,replacement_00407,635.323366696,0.79810435032
replacement,replacement_00408,1050.70658899,0.682398124544
replacement,replacement_00409,1006.62556673,0.705083728473
replacement,replacement_00410,816.153931777,0.789175881814
replacement,replacement_00411,714.522905071,0.795084344319
replacement,replacement_00412,838.943831711,0.796721564572
replacement,replacement_00413,504.859365097,0.80364513932
replacement,replacement_00414,1153.01447335,0.612334067793
replacement,replacement_00415,819.210539103,0.785864450199
replacement,replacement_00416,554.926206382,0.800154613008
replacement,replacement_00417,1119.15730295,0.62904418884
replacement,replacement_00418,976.016642645,0.72340516554
replacement,replacement_00419,1120.28806921,0.624261475369
replacement,replacement_00420,611.734808345,0.79911932237
replacement,replacement_00421,1040.51257513,0.675561014353
replacement,replacement_00422,635.173593631,0.786675904183
replacement,replacement_00423,1007.22899651,0.69060785108
replacement,replacement_00424,827.135366423,0.785710438863
replacement,replacement_00425,924.385726318,0.749666894412
replacement,replacement_00426,622.139998364,0.789112142513
replacement,replacement_00427,683.131323442,0.795470442757
replacement,replacement_00428,941.927826263,0.724351349064
replacement,replacement_00429,1110.17654824,0.63354647522
replacement,replacement_00430,727.633991965,0.786987531039
replacement,replacement_00431,846.726831801,0.792886395178
replacement,replacement_00432,775.362887653,0.798087970405
replacement,replacement_00433,1050.21798776,0.662043125622
replacement,replacement_00434,1146.69056055,0.603843140769
replacement,replacement_00435,718.614404944,0.796675974527
replacement,replacement_00436,1015.20720182,0.684087196619
replacement,replacement_00437,983.093601863,0.716107152152
replacement,replacement_00438,581.552520604,0.793539297331
replacement,replacement_00439,974.094590925,0.71232756343
replacement,replacement_00440,870.333454322,0.773707233107
replacement,replacement_00441,836.729230412,0.77923931866
replacement,replacement_00442,1011.00024073,0.690104833262
replacement,replacement_00443,1039.18164953,0.675675643635
replacement,replacement_00444,1134.9255203,0.622411656107
replacement,replacement_00445,854.811699183,0.787637716737
replacement,replacement_00446,949.46747529,0.723023438782
replacement,replacement_00447,1167.40566165,0.593568331959
replacement,replacement_00448,591.606007247,0.791671426745
replacement,replacement_00449,781.518782325,0.79504497482
replacement,replacement_00450,1110.38198446,0.629858207184
replacement,replacement_00451,862.390533132,0.780183389673
replacement,replacement_00452,720.832898262,0.798930995593
replacement,replacement_00453,1078.66237766,0.652573457134
replacement,replacement_00454,763.301529512,0.810612681837
replacement,replacement_00455,702.709221303,0.792910224462
replacement,replacement_00456,938.569785305,0.725952390066
replacement,replacement_00457,727.433702955,0.785962858688
replacement,replacement_00458,557.541003084,0.799886073057
replacement,replacement_00459,1020.38538679,0.683039020234
replacement,replacement_00460,1128.73406709,0.617538627924
replacement,replacement_00461,881.77106679,0.771556665544
replacement,replacement_00462,681.032179624,0.800818148479
replacement,replacement_00463,1109.66926372,0.637962849371
replacement,replacement_00464,901.711538678,0.751312896277
replacement,replacement_00465,950.945868657,0.740183310363
replacement,replacement_00466,1010.23797198,0.691063320052
replacement,replacement_00467,980.680843832,0.719950458573
replacement,replacement_00468,938.51924772,0.738641194121
replacement,replacement_00469,816.475764467,0.793876120446
replacement,replacement_00470,821.131042341,0.789152700766
replacement,replacement_00471,762.087289529,0.784498649994
replacement,replacement_00472,694.09103271,0.800287926761
replacement,replacement_00473,503.760536636,0.804249800995
replacement,replacement_00474,520.636805157,0.800021350446
replacement,replacement_00475,913.710310701,0.75238915112
replacement,replacement_00476,618.382921029,0.79597102148
replacement,replacement_00477,805.387172788,0.783178504444
replacement,replacement_00478,835.025946111,0.784724304945
replacement,replacement_00479,952.857445254,0.718986104647
replacement,replacement_00480,895.439760858,0.769795665474
replacement,replacement_00481,922.658552584,0.753062961197
replacement,replacement_00482,872.576998428,0.779259474057
replacement,replacement_00483,667.206320575,0.798225949277
replacement,replacement_00484,683.519505429,0.798994854249
replacement,replacement_00485,964.823495724,0.725637431384
replacement,replacement_00486,973.029475068,0.717229300937
replacement,replacement_00487,740.292511631,0.789161993436
replacement,replacement_00488,600.576933932,0.790180776184
replacement,replacement_00489,845.572117777,0.792487577216
replacement,replacement_00490,881.061032855,0.77440330145
replacement,replacement_00491,870.872208756,0.781544498934
replacement,replacement_00492,1056.0265119,0.668771617326
replacement,replacement_00493,903.71234365,0.749807942215
replacement,replacement_00494,1146.5348668,0.611552156601
replacement,replacement_00495,631.177578737,0.789037293629
replacement,replacement_00496,914.170299599,0.746989907823
replacement,replacement_00497,677.911368396,0.795843343029
replacement,replacement_00498,664.869171612,0.79460534768
replacement,replacement_00499,1045.35406831,0.66165726647
replacement,replacement_00500,507.956655024,0.79777322772
replacement,replacement_00501,601.835640724,0.787851303829
replacement,replacement_00502,995.796987652,0.699806232804
replacement,replacement_00503,1003.58525167,0.698684142138
replacement,replacement_00504,673.881281098,0.784232568556
replacement,replacement_00505,846.04636569,0.793310350329
replacement,replacement_00506,939.767249646,0.733375263319
replacement,replacement_00507,783.583774169,0.797093952667
replacement,replacement_00508,956.329024273,0.728606926654
replacement,replacement_00509,697.247477863,0.794389415752
replacement,replacement_00510,1032.61241999,0.693044346118
replacement,replacement_00511,627.266812385,0.789559167073
replacement,replacement_00512,716.540304473,0.79190812141
replacement,replacement_00513,977.159533553,0.710649474633
replacement,replacement_00514,725.377319044,0.797542513766
replacement,replacement_00515,1026.01721081,0.680678848978
replacement,replacement_00516,1080.2117125,0.655663168922
replacement,replacement_00517,992.367004136,0.693789477002
replacement,replacement_00518,1087.93019669,0.640984456601
replacement,replacement_00519,916.32622209,0.752125117813
replacement,replacement_00520,823.546600925,0.786256991166
replacement,replacement_00521,899.385137577,0.756692510532
replacement,replacement_00522,991.821273144,0.702764854008
replacement,replacement_00523,1150.25496273,0.59764033337
replacement,replacement_00524,783.80467245,0.791809204018
replacement,replacement_00525,539.947284705,0.787145894401
replacement,replacement_00526,764.696382945,0.785886974856
replacement,replacement_00527,657.749274208,0.796107913466
replacement,replacement_00528,826.39423718,0.772584716958
replacement,replacement_00529,567.83463536,0.792310894469
replacement,replacement_00530,1061.94031822,0.659553899968
replacement,replacement_00531,914.249301472,0.757177327452
replacement,replacement_00532,711.499261211,0.7960833011
replacement,replacement_00533,1124.99616016,0.620396362598
replacement,replacement_00534,1089.89267944,0.649154942413
replacement,replacement_00535,631.61781367,0.795910596855
replacement,replacement_00536,1105.44430145,0.641126363412
replacement,replacement_00537,1108.10670131,0.636679718402
replacement,replacement_00538,1085.53692191,0.650424492861
replacement,replacement_00539,793.555665359,0.786227951717
replacement,replacement_00540,739.036060537,0.782838931205
replacement,replacement_00541,589.556719754,0.794787210867
replacement,replacement_00542,543.891252962,0.800894785127
replacement,replacement_00543,841.827706531,0.795468991049
replacement,replacement_00544,532.506819201,0.802599158197
replacement,replacement_00545,733.874104242,0.797941754261
replacement,replacement_00546,1016.6136242,0.688090939104
replacement,replacement_00547,1123.11701224,0.622078184393
replacement,replacement_00548,817.79324729,0.785291900847
replacement,replacement_00549,689.445982904,0.795138931391
replacement,replacement_00550,1060.29008677,0.669616995755
replacement,replacement_00551,915.587065381,0.754794370103
replacement,replacement_00552,724.518698203,0.794361315696
replacement,replacement_00553,651.969956834,0.793496611287
replacement,replacement_00554,574.974023813,0.796668037127
replacement,replacement_00555,1171.29189032,0.594580623856
replacement,replacement_00556,1192.26031396,0.593234319365
replacement,replacement_00557,966.706041603,0.716550148109
replacement,replacement_00558,676.197271482,0.789349007386
replacement,replacement_00559,875.656498115,0.780551237288
replacement,replacement_00560,1117.05064144,0.617306375622
replacement,replacement_00561,1063.59233135,0.657498050259
replacement,replacement_00562,897.918032461,0.745226895425
replacement,replacement_00563,756.071476943,0.800825440218
replacement,replacement_00564,893.935334629,0.755445086512
replacement,replacement_00565,837.937075935,0.781831209219
replacement,replacement_00566,574.467197744,0.800276220907
replacement,replacement_00567,765.830344528,0.796511701843
replacement,replacement_00568,1113.20054885,0.635436333688
replacement,replacement_00569,650.756902662,0.791146848548
replacement,replacement_00570,579.973412897,0.804803207278
replacement,replacement_00571,1042.62664187,0.669489645473
replacement,replacement_00572,1041.86447349,0.681913202691
replacement,replacement_00573,600.839000842,0.78496507826
replacement,replacement_00574,888.283040143,0.769477196304
replacement,replacement_00575,1132.59768845,0.612523614085
replacement,replacement_00576,1031.25349738,0.688634022913
replacement,replacement_00577,696.04809593,0.796664329458
replacement,replacement_00578,1195.53857967,0.580152084535
replacement,replacement_00579,1070.25637615,0.656685971156
replacement,replacement_00580,1194.53129523,0.580117051063
replacement,replacement_00581,848.938065759,0.783768435111
replacement,replacement_00582,1088.89018705,0.638262556123
replacement,replacement_00583,723.706210184,0.781244763345
replacement,replacement_00584,1150.54801535,0.610477310241
replacement,replacement_00585,893.622152296,0.76430185445
replacement,replacement_00586,819.537635029,0.781418952316
replacement,replacement_00587,932.910100422,0.738683717633
replacement,replacement_00588,1125.94846097,0.622260554836
replacement,replacement_00589,953.76345545,0.729704668641
replacement,replacement_00590,731.471042965,0.797575686873
replacement,replacement_00591,770.788868706,0.786183333559
replacement,replacement_00592,1133.61836366,0.607163832399
replacement,replacement_00593,1019.41067769,0.68547262188
replacement,replacement_00594,931.426729322,0.738106651907
replacement,replacement_00595,1196.42073966,0.587055149421
replacement,replacement_00596,1190.0025677,0.593374041102
replacement,replacement_00597,726.247230125,0.784692705102
replacement,replacement_00598,956.919529423,0.721642268735
replacement,replacement_00599,1009.37870055,0.694367167141
replacement,replacement_00600,1199.78580498,0.575463107899
replacement,replacement_00601,1115.37195815,0.635025657254
replacement,replacement_00602,1069.13799496,0.658352588912
replacement,replacement_00603,550.554023738,0.797744853053
replacement,replacement_00604,846.886204297,0.794139943445
replacement,replacement_00605,829.602170472,0.793260873598
replacement,replacement_00606,856.234919372,0.778119959548
replacement,replacement_00607,868.334270783,0.768183896989
replacement,replacement_00608,977.150036863,0.712698192351
replacement,replacement_00609,1031.00333441,0.679921107413
replacement,replacement_00610,684.568622978,0.794316192714
replacement,replacement_00611,881.961726888,0.769697088139
replacement,replacement_00612,1111.8304248,0.628063527912
replacement,replacement_00613,811.203051749,0.786264559962
replacement,replacement_00614,1060.05806461,0.663211826718
replacement,replacement_00615,644.373140637,0.784914776112
replacement,replacement_00616,503.988481916,0.792576880368
replacement,replacement_00617,976.937395803,0.709047182822
replacement,replacement_00618,662.495046523,0.792918459552
replacement,replacement_00619,785.326409376,0.797891501721
replacement,replacement_00620,1034.78418116,0.675216323127
replacement,replacement_00621,1173.60408128,0.59186458978
replacement,replacement_00622,953.536663357,0.725427055898
replacement,replacement_00623,511.358709976,0.797202640462
replacement,replacement_00624,652.633096789,0.795993123335
replacement,replacement_00625,855.830784355,0.781580157173
replacement,replacement_00626,838.167681328,0.794024070602
replacement,replacement_00627,966.981505121,0.715527193084
replacement,replacement_00628,588.246612434,0.804332153845
replacement,replacement_00629,835.389549707,0.780314551295
replacement,replacement_00630,1153.37084483,0.609014923824
replacement,replacement_00631,768.187740173,0.790094405498
replacement,replacement_00632,971.978354688,0.719426685333
replacement,replacement_00633,1094.41664725,0.645993482643
replacement,replacement_00634,1122.93290265,0.621305445709
replacement,replacement_00635,541.421133401,0.796368901519
replacement,replacement_00636,686.386482,0.788942467959
replacement,replacement_00637,973.051969213,0.711924281716
replacement,replacement_00638,1071.92482026,0.658983495459
replacement,replacement_00639,825.053113353,0.795662880522
replacement,replacement_00640,1147.31543437,0.605149530928
replacement,replacement_00641,519.870508919,0.804569854591
replacement,replacement_00642,913.668333886,0.754801857911
replacement,replacement_00643,1062.54449697,0.666235756924
replacement,replacement_00644,957.429201044,0.715307112312
replacement,replacement_00645,678.661576158,0.804127653337
replacement,replacement_00646,889.110382827,0.765081595531
replacement,replacement_00647,649.953444866,0.793721567847
replacement,replacement_00648,595.173602493,0.807994159371
replacement,replacement_00649,690.98306236,0.783821827784
replacement,replacement_00650,575.10343312,0.792995796249
replacement,replacement_00651,1075.34525813,0.652197767702
replacement,replacement_00652,1171.78761683,0.594584669426
replacement,replacement_00653,963.638158848,0.711293091021
replacement,replacement_00654,681.616688777,0.79115026857
replacement,replacement_00655,681.85586826,0.794787853986
replacement,replacement_00656,1084.82750815,0.650603059654
replacement,replacement_00657,856.628393177,0.777929413892
replacement,replacement_00658,803.645863423,0.788320327645
replacement,replacement_00659,1158.94738065,0.60710711829
replacement,replacement_00660,755.153503822,0.794012331886
replacement,replacement_00661,780.375082865,0.795288299335
replacement,replacement_00662,946.703021531,0.731587411066
replacement,replacement_00663,1158.18467846,0.6087562318
replacement,replacement_00664,616.707541817,0.795216280485
replacement,replacement_00665,654.243286173,0.806619312175
replacement,replacement_00666,779.26257377,0.787787803977
replacement,replacement_00667,1178.39274316,0.591229097365
replacement,replacement_00668,607.538637778,0.796181458695
replacement,replacement_00669,771.288121552,0.790703056593
replacement,replacement_00670,542.92166234,0.79333334521
replacement,replacement_00671,906.725107206,0.767078207612
replacement,replacement_00672,1004.19634143,0.678033731639
replacement,replacement_00673,539.726892894,0.806908826905
replacement,replacement_00674,573.188441711,0.800382959423
replacement,replacement_00675,887.838271981,0.775957288167
replacement,replacement_00676,539.812193328,0.798090780547
replacement,replacement_00677,594.406117694,0.782418312913
replacement,replacement_00678,766.984146157,0.802631088388
replacement,replacement_00679,604.17754016,0.803866235169
replacement,replacement_00680,1184.37512357,0.590343397519
replacement,replacement_00681,665.239973397,0.787718866716
replacement,replacement_00682,974.554860377,0.714172581102
replacement,replacement_00683,810.183170185,0.794553530441
replacement,replacement_00684,1177.26251693,0.586574387711
replacement,replacement_00685,502.851239864,0.805130794113
replacement,replacement_00686,581.089983805,0.793453078673
replacement,replacement_00687,1103.0577478,0.640105849143
replacement,replacement_00688,1130.90207159,0.614109542028
replacement,replacement_00689,795.390274574,0.797946582356
replacement,replacement_00690,506.783596192,0.798077458125
replacement,replacement_00691,888.075349889,0.765905235278
replacement,replacement_00692,849.301328189,0.793752368167
replacement,replacement_00693,1041.55416563,0.676955830961
replacement,replacement_00694,1099.27791969,0.639738550387
replacement,replacement_00695,1160.40343511,0.598593140975
replacement,replacement_00696,975.656919497,0.7064067872
replacement,replacement_00697,783.343484465,0.792879810525
replacement,replacement_00698,625.999243031,0.787456798984
replacement,replacement_00699,745.463289376,0.79730790387
replacement,replacement_00700,570.883448951,0.794731467953
replacement,replacement_00701,674.223787795,0.794184481318
replacement,replacement_00702,521.168411141,0.801597039821
replacement,replacement_00703,1035.89818237,0.667771506861
replacement,replacement_00704,766.804397991,0.788835055603
replacement,replacement_00705,965.673265246,0.722737006327
replacement,replacement_00706,1181.03371862,0.593221595225
replacement,replacement_00707,831.134845879,0.795664307032
replacement,replacement_00708,1055.29627923,0.673174129837
replacement,replacement_00709,1012.67137697,0.682453988306
replacement,replacement_00710,1045.17732349,0.671760428643
replacement,replacement_00711,820.595760761,0.798595602871
replacement,replacement_00712,1098.38800126,0.644698081613
replacement,replacement_00713,1108.44711236,0.632949586198
replacement,replacement_00714,1036.08710769,0.66931743342
replacement,replacement_00715,604.490737849,0.796538489545
replacement,replacement_00716,932.065023122,0.741090801686
replacement,replacement_00717,944.385280699,0.733445529131
replacement,replacement_00718,727.030161016,0.789580868802
replacement,replacement_00719,1017.40290575,0.685118104601
replacement,replacement_00720,556.103345487,0.791705044191
replacement,replacement_00721,731.262647573,0.794496493507
replacement,replacement_00722,879.639357263,0.766998923309
replacement,replacement_00723,949.931044996,0.739098255387
replacement,replacement_00724,1105.78626247,0.633426929881
replacement,replacement_00725,1059.2598346,0.665728506816
replacement,replacement_00726,1153.67763958,0.596966940179
replacement,replacement_00727,699.129688798,0.786678046919
replacement,replacement_00728,676.80365577,0.795748628815
replacement,replacement_00729,605.414793787,0.794549729482
replacement,replacement_00730,978.003211794,0.705633968266
replacement,replacement_00731,745.140885896,0.788270429169
replacement,replacement_00732,701.714416881,0.78066904595
replacement,replacement_00733,1010.20492181,0.688186409664
replacement,replacement_00734,980.6394205,0.707963223077
replacement,replacement_00735,907.093427334,0.752080047672
replacement,replacement_00736,768.450297755,0.793314804051
replacement,replacement_00737,815.322413869,0.799645218489
replacement,replacement_00738,596.679635968,0.783645799246
replacement,replacement_00739,1000.6703382,0.703028071284
replacement,replacement_00740,735.874082276,0.793271135128
replacement,replacement_00741,1096.85918539,0.641210269178
replacement,replacement_00742,1088.58140313,0.653323404354
replacement,replacement_00743,865.566742989,0.779392320055
replacement,replacement_00744,1182.83283884,0.592000940738
replacement,replacement_00745,863.020094443,0.787285461091
replacement,replacement_00746,511.659004293,0.802875320596
replacement,replacement_00747,598.876295322,0.791119468289
replacement,replacement_00748,1131.56619723,0.622418544513
replacement,replacement_00749,1137.67162514,0.607621653834
replacement,replacement_00750,1041.66763293,0.667104030471
replacement,replacement_00751,1197.99009368,0.58501993896
replacement,replacement_00752,744.223018865,0.791714050728
replacement,replacement_00753,698.841973602,0.797018159766
replacement,replacement_00754,1098.28594884,0.637302502999
replacement,replacement_00755,1031.64726132,0.666049231224
replacement,replacement_00756,511.182046404,0.792599897928
replacement,replacement_00757,527.278107418,0.785664950075
replacement,replacement_00758,721.663743911,0.794713814066
replacement,replacement_00759,1092.73926616,0.644630377165
replacement,replacement_00760,694.157285854,0.793752334178
replacement,replacement_00761,905.601542301,0.754630915356
replacement,replacement_00762,1199.62478465,0.584799354827
replacement,replacement_00763,867.627175742,0.784996941521
replacement,replacement_00764,1095.47964084,0.640997530789
replacement,replacement_00765,822.580809966,0.790800737588
replacement,replacement_00766,631.622664525,0.788567499533
replacement,replacement_00767,593.248263962,0.800295181421
replacement,replacement_00768,856.881275812,0.799878976633
replacement,replacement_00769,1073.56606212,0.654329602255
replacement,replacement_00770,1056.35942978,0.658127677564
replacement,replacement_00771,580.004363787,0.801837449123
replacement,replacement_00772,760.534540262,0.800362173662
replacement,replacement_00773,542.370153603,0.794327430248
replacement,replacement_00774,970.638736123,0.719431538611
replacement,replacement_00775,548.315522486,0.800040573626
replacement,replacement_00776,642.271189116,0.800632372018
replacement,replacement_00777,521.79930843,0.797117920369
replacement,replacement_00778,927.171595116,0.74403465194
replacement,replacement_00779,624.006881732,0.789913640718
replacement,replacement_00780,884.643654375,0.761792408996
replacement,replacement_00781,887.14801474,0.764319337383
replacement,replacement_00782,1075.23251865,0.643745550952
replacement,replacement_00783,783.732579271,0.793847083721
replacement,replacement_00784,1121.25258137,0.635467037159
replacement,replacement_00785,735.603067605,0.79474003059
replacement,replacement_00786,1166.42871377,0.597878963807
replacement,replacement_00787,1061.65759031,0.65844309702
replacement,replacement_00788,832.362269434,0.785719718331
replacement,replacement_00789,968.683514345,0.725891336231
replacement,replacement_00790,960.778106423,0.724145052458
replacement,replacement_00791,620.440243351,0.799968397934
replacement,replacement_00792,964.28410823,0.717123195976
replacement,replacement_00793,1115.74776979,0.618409998837
replacement,replacement_00794,708.480755704,0.803948870443
replacement,replacement_00795,800.747620067,0.786415216687
replacement,replacement_00796,726.76566205,0.797318354315
replacement,replacement_00797,622.111932732,0.794360829891
replacement,replacement_00798,836.102429434,0.791448640496
replacement,replacement_00799,765.527726718,0.795304298133
replacement,replacement_00800,662.902669318,0.800473112581
replacement,replacement_00801,682.109175758,0.794261051312
replacement,replacement_00802,940.934717729,0.733662278694
replacement,replacement_00803,1189.2152668,0.586562378892
replacement,replacement_00804,754.278059684,0.789915793237
replacement,replacement_00805,650.19288438,0.793177798702
replacement,replacement_00806,874.215342827,0.772206044254
replacement,replacement_00807,926.564534422,0.748261557719
replacement,replacement_00808,672.343943578,0.802029795381
replacement,replacement_00809,763.965839947,0.790711444825
replacement,replacement_00810,620.802719419,0.803860692872
replacement,replacement_00811,708.292257723,0.793555360843
replacement,replacement_00812,572.070459339,0.790327372164
replacement,replacement_00813,556.762917628,0.797185328113
replacement,replacement_00814,1197.57353206,0.576649080352
replacement,replacement_00815,1190.26791876,0.590795949724
replacement,replacement_00816,502.441866732,0.802658410049
replacement,replacement_00817,628.370154066,0.799301161834
replacement,replacement_00818,1183.1469418,0.579076789004
replacement,replacement_00819,701.655675758,0.797541669404
replacement,replacement_00820,809.749686345,0.788731885862
replacement,replacement_00821,1067.5529232,0.661410821532
replacement,replacement_00822,905.098048531,0.75599097856
replacement,replacement_00823,520.801897458,0.794556387777
replacement,replacement_00824,564.690203342,0.79818715476
replacement,replacement_00825,869.670624416,0.776110897397
replacement,replacement_00826,669.437759447,0.801755310361
replacement,replacement_00827,1122.52385259,0.623394844267
replacement,replacement_00828,762.558635575,0.79159903322
replacement,replacement_00829,721.169604549,0.791637494203
replacement,replacement_00830,1104.43825136,0.63483656151
replacement,replacement_00831,624.809011706,0.793534754866
replacement,replacement_00832,892.731251587,0.760068566277
replacement,replacement_00833,1074.90608769,0.651528130554
replacement,replacement_00834,565.301541997,0.788922435984
replacement,replacement_00835,912.596916248,0.748865069298
replacement,replacement_00836,1094.81943575,0.643154329018
replacement,replacement_00837,1080.56758487,0.650376580823
replacement,replacement_00838,661.193854766,0.791951991785
replacement,replacement_00839,1067.08761926,0.646676851965
replacement,replacement_00840,916.90151329,0.746086844505
replacement,replacement_00841,818.475408225,0.786381636089
replacement,replacement_00842,759.182010329,0.784207189107
replacement,replacement_00843,1057.50354476,0.659400574671
replacement,replacement_00844,1142.29820083,0.623203014327
replacement,replacement_00845,669.816622669,0.80090383534
replacement,replacement_00846,587.75808763,0.800266921845
replacement,replacement_00847,731.685139524,0.787745709409
replacement,replacement_00848,919.121594123,0.747846247058
replacement,replacement_00849,743.604799731,0.800756255786
replacement,replacement_00850,555.331239016,0.79472505752
replacement,replacement_00851,884.817368184,0.766725408779
replacement,replacement_00852,511.082134102,0.786010169639
replacement,replacement_00853,802.165224809,0.784598534138
replacement,replacement_00854,777.751234587,0.800832552183
replacement,replacement_00855,949.585856964,0.734515421695
replacement,replacement_00856,551.789772583,0.786282226283
replacement,replacement_00857,601.320581947,0.787099776211
replacement,replacement_00858,1060.59938128,0.655351938228
replacement,replacement_00859,945.996461254,0.722055198014
replacement,replacement_00860,680.965986268,0.789240763182
replacement,replacement_00861,771.486038882,0.792748465614
replacement,replacement_00862,1105.81109678,0.636336656686
replacement,replacement_00863,1140.78130643,0.60829347615
replacement,replacement_00864,849.809889031,0.796730662573
replacement,replacement_00865,859.625095543,0.798875346
replacement,replacement_00866,992.604047812,0.704508528642
replacement,replacement_00867,514.947290009,0.792880806479
replacement,replacement_00868,779.29969418,0.789318423394
replacement,replacement_00869,1011.06462956,0.686622305777
replacement,replacement_00870,529.438634078,0.796975735023
replacement,replacement_00871,1032.76766948,0.673158091573
replacement,replacement_00872,938.527886155,0.727440179966
replacement,replacement_00873,981.590946365,0.70712001612
replacement,replacement_00874,810.9055873,0.78131224963
replacement,replacement_00875,504.265333775,0.803717993926
replacement,replacement_00876,1158.67495624,0.603729632975
replacement,replacement_00877,1032.14462409,0.68081914626
replacement,replacement_00878,900.549580213,0.747309824112
replacement,replacement_00879,676.622910116,0.794385478125
replacement,replacement_00880,1016.30774086,0.680661377605
replacement,replacement_00881,1164.80202583,0.600386967078
replacement,replacement_00882,1089.77098938,0.649348946711
replacement,replacement_00883,1010.93504526,0.694248811995
replacement,replacement_00884,1115.73437176,0.634721328177
replacement,replacement_00885,606.15460817,0.788679729856
replacement,replacement_00886,837.390051304,0.781680439433
replacement,replacement_00887,1107.59581694,0.638819833951
replacement,replacement_00888,634.312917186,0.787016973889
replacement,replacement_00889,757.625828764,0.79403408648
replacement,replacement_00890,916.624176739,0.74814656879
replacement,replacement_00891,650.629799656,0.794776914957
replacement,replacement_00892,796.925543396,0.805110945852
replacement,replacement_00893,1004.85098138,0.692842629718
replacement,replacement_00894,914.041416451,0.744801738204
replacement,replacement_00895,1082.75384359,0.653339659105
replacement,replacement_00896,878.027222729,0.775434542898
replacement,replacement_00897,616.616926261,0.795125977561
replacement,replacement_00898,777.864283513,0.789769085359
replacement,replacement_00899,570.205342662,0.798384386028
replacement,replacement_00900,682.853858449,0.791092960655
replacement,replacement_00901,811.595217613,0.797516684839
replacement,replacement_00902,677.94453751,0.801261276524
replacement,replacement_00903,1058.77588761,0.663240613185
replacement,replacement_00904,580.459378884,0.793066551957
replacement,replacement_00905,1130.71349415,0.619205343857
replacement,replacement_00906,764.464877077,0.795197665627
replacement,replacement_00907,766.204373943,0.797320262147
replacement,replacement_00908,1069.35569592,0.642071690114
replacement,replacement_00909,845.996829337,0.798122044232
replacement,replacement_00910,877.245316019,0.769822306817
replacement,replacement_00911,894.703794393,0.7555280243
replacement,replacement_00912,744.025925,0.800567440129
replacement,replacement_00913,831.796521312,0.796268866265
replacement,replacement_00914,791.140732238,0.781807562684
replacement,replacement_00915,978.091607788,0.711739527968
replacement,replacement_00916,1107.19584881,0.633500780893
replacement,replacement_00917,519.693126989,0.79136290941
replacement,replacement_00918,985.102389464,0.707405957244
replacement,replacement_00919,513.817151509,0.810432373632
replacement,replacement_00920,933.006174856,0.749138042703
replacement,replacement_00921,734.116578553,0.799109449862
replacement,replacement_00922,956.744369851,0.725265243859
replacement,replacement_00923,665.659102977,0.791094167909
replacement,replacement_00924,626.406963639,0.800708210381
replacement,replacement_00925,502.767166656,0.79645381511
replacement,replacement_00926,692.366293444,0.790151280218
replacement,replacement_00927,1060.16080084,0.658320502855
replacement,replacement_00928,673.104179953,0.792403125814
replacement,replacement_00929,608.210902319,0.79658293148
replacement,replacement_00930,1064.21815284,0.655405087437
replacement,replacement_00931,829.260949541,0.79338171302
replacement,replacement_00932,748.172086978,0.798189148141
replacement,replacement_00933,753.150419377,0.790825569032
replacement,replacement_00934,606.010529944,0.796157614644
replacement,replacement_00935,576.719454527,0.79538918551
replacement,replacement_00936,515.460992419,0.797310856142
replacement,replacement_00937,821.001118089,0.788505684152
replacement,replacement_00938,1017.57808567,0.684899173986
replacement,replacement_00939,638.17513926,0.790103281012
replacement,replacement_00940,799.543655647,0.794446170837
replacement,replacement_00941,846.205176068,0.782373758841
replacement,replacement_00942,964.67921998,0.729835871662
replacement,replacement_00943,651.808081576,0.797185649607
replacement,replacement_00944,783.824308977,0.795792999428
replacement,replacement_00945,982.224830963,0.713850462051
replacement,replacement_00946,987.906714322,0.69937411503
replacement,replacement_00947,666.936776965,0.795949996878
replacement,replacement_00948,1086.5406073,0.653261864322
replacement,replacement_00949,823.919237951,0.782959791053
replacement,replacement_00950,819.528419493,0.786420411676
replacement,replacement_00951,1090.17809651,0.637063852026
replacement,replacement_00952,902.000585596,0.762809302926
replacement,replacement_00953,1033.47279247,0.672070661399
replacement,replacement_00954,938.916674737,0.737851421184
replacement,replacement_00955,794.263513464,0.804262203446
replacement,replacement_00956,536.912797039,0.800048880108
replacement,replacement_00957,955.663560829,0.732345042117
replacement,replacement_00958,877.855807586,0.766824466642
replacement,replacement_00959,1041.70836643,0.680089157763
replacement,replacement_00960,554.31680159,0.799387242432
replacement,replacement_00961,684.534220001,0.78652131169
replacement,replacement_00962,553.304877193,0.788476437958
replacement,replacement_00963,1188.26166322,0.579852715098
replacement,replacement_00964,627.366093328,0.804462646927
replacement,replacement_00965,1135.39108779,0.610890024942
replacement,replacement_00966,702.277805873,0.789754837421
replacement,replacement_00967,1147.02146078,0.597048847106
replacement,replacement_00968,949.67874617,0.731063305895
replacement,replacement_00969,517.286269811,0.809912409882
replacement,replacement_00970,616.325772543,0.789823249094
replacement,replacement_00971,623.300315206,0.792673438432
replacement,replacement_00972,908.58866738,0.765427983053
replacement,replacement_00973,998.113949086,0.694137203717
replacement,replacement_00974,825.00754141,0.785726578427
replacement,replacement_00975,1072.95797814,0.652216431027
replacement,replacement_00976,1019.39396872,0.683108493612
replacement,replacement_00977,556.921118544,0.795331028898
replacement,replacement_00978,1160.20405725,0.606189284965
replacement,replacement_00979,599.837056881,0.795381347692
replacement,replacement_00980,1131.92961652,0.621295850579
replacement,replacement_00981,574.649531133,0.798865425331
replacement,replacement_00982,506.901820294,0.8012283474
replacement,replacement_00983,596.899714816,0.793454887541
replacement,replacement_00984,1136.66192813,0.613063469408
replacement,replacement_00985,783.078529954,0.794968221997
replacement,replacement_00986,685.684623157,0.791103933789
replacement,replacement_00987,934.167360774,0.73539374647
replacement,replacement_00988,554.825453815,0.801386698953
replacement,replacement_00989,572.610313049,0.797548941583
replacement,replacement_00990,532.112697956,0.80025507142
replacement,replacement_00991,1055.32828279,0.6666391868
replacement,replacement_00992,764.398177161,0.799749532967
replacement,replacement_00993,859.990202742,0.782580458331
replacement,replacement_00994,953.075432346,0.726148005901
replacement,replacement_00995,587.148456511,0.793285923108
replacement,replacement_00996,670.759923839,0.787105389425
replacement,replacement_00997,571.031662716,0.792869241455
replacement,replacement_00998,1172.61394524,0.605432397289
replacement,replacement_00999,631.214482691,0.801423638316
replacement,replacement_01000,847.457673251,0.791056690365
replacement,replacement_01001,518.758034197,0.800855851424
replacement,replacement_01002,831.553300151,0.79767062395
replacement,replacement_01003,530.086512844,0.800457110355
replacement,replacement_01004,690.966033791,0.788866003174
replacement,replacement_01005,984.575934971,0.711869242927
replacement,replacement_01006,533.607605762,0.797779092941
replacement,replacement_01007,832.543196491,0.783789217437
replacement,replacement_01008,502.079790129,0.792450500297
replacement,replacement_01009,924.168338552,0.739900379188
replacement,replacement_01010,861.158244014,0.7793151088
replacement,replacement_01011,505.494501495,0.807218125434
replacement,replacement_01012,1048.0867439,0.670495151811
replacement,replacement_01013,1155.03467118,0.605090993237
replacement,replacement_01014,1131.4838636,0.622984864312
replacement,replacement_01015,526.27722841,0.800559923777
replacement,replacement_01016,781.151714913,0.79912874782
replacement,replacement_01017,1190.31933164,0.580883855995
replacement,replacement_01018,858.183586414,0.784476729306
replacement,replacement_01019,1010.42958128,0.682683830468
replacement,replacement_01020,754.009860276,0.786879956506
replacement,replacement_01021,604.170065926,0.79031832263
replacement,replacement_01022,1030.56926088,0.682358414632
replacement,replacement_01023,851.362778333,0.796266201416
replacement,replacement_01024,587.868521535,0.810508161395
replacement,replacement_01025,981.51404483,0.701740033921
replacement,replacement_01026,933.064783864,0.749177687328
replacement,replacement_01027,601.745572407,0.799926064973
replacement,replacement_01028,585.841171086,0.794488302721
replacement,replacement_01029,930.783511161,0.739478471424
replacement,replacement_01030,896.399774067,0.767811232891
replacement,replacement_01031,1097.07590924,0.637966950103
replacement,replacement_01032,651.90211264,0.788377812275
replacement,replacement_01033,867.945525785,0.774912006145
replacement,replacement_01034,745.172534622,0.789166207679
replacement,replacement_01035,699.950912302,0.796512500829
replacement,replacement_01036,911.446029999,0.752867802471
replacement,replacement_01037,1091.66030369,0.649375431474
replacement,replacement_01038,582.50346095,0.797782173335
replacement,replacement_01039,561.281044988,0.80165467954
replacement,replacement_01040,714.34157212,0.788675447809
replacement,replacement_01041,1120.68364346,0.616288461751
replacement,replacement_01042,970.763936948,0.716300677649
replacement,replacement_01043,708.472002967,0.788123225125
replacement,replacement_01044,911.439472628,0.758156577633
replacement,replacement_01045,625.078725546,0.797267115098
replacement,replacement_01046,764.101112599,0.797101210366
replacement,replacement_01047,723.24095485,0.788670306194
replacement,replacement_01048,1105.71909315,0.625148517972
replacement,replacement_01049,874.196424917,0.772855777562
replacement,replacement_01050,536.34291797,0.797431275691
replacement,replacement_01051,974.719678464,0.714947929262
replacement,replacement_01052,1016.35382068,0.696088666056
replacement,replacement_01053,1128.48497919,0.620497607868
replacement,replacement_01054,699.990769952,0.789944271329
replacement,replacement_01055,1161.55981596,0.605562204122
replacement,replacement_01056,623.798847385,0.798932398974
replacement,replacement_01057,637.51721501,0.795951523843
replacement,replacement_01058,1084.90861617,0.655681202237
replacement,replacement_01059,842.1852079,0.795100647219
replacement,replacement_01060,549.515789369,0.799472866069
replacement,replacement_01061,601.714130286,0.797979714943
replacement,replacement_01062,825.717777718,0.779543315105
replacement,replacement_01063,979.188727261,0.700651631814
replacement,replacement_01064,510.693322928,0.791383443763
replacement,replacement_01065,845.561704257,0.791489950458
replacement,replacement_01066,693.786929447,0.799131493932
replacement,replacement_01067,974.475619469,0.714474017774
replacement,replacement_01068,857.899363864,0.788370663314
replacement,replacement_01069,529.859845942,0.793900198982
replacement,replacement_01070,888.120058583,0.767409059271
replacement,replacement_01071,943.443687877,0.733312872075
replacement,replacement_01072,566.552468254,0.794963721351
replacement,replacement_01073,577.883217017,0.795778504694
replacement,replacement_01074,871.652017532,0.7758196568
replacement,replacement_01075,651.073774476,0.796144688439
replacement,replacement_01076,734.693660011,0.791713207088
replacement,replacement_01077,1155.71899004,0.602400564566
replacement,replacement_01078,550.387801166,0.811764020324
replacement,replacement_01079,721.194758579,0.790762269357
replacement,replacement_01080,653.76265627,0.800747213656
replacement,replacement_01081,714.711853763,0.787738044153
replacement,replacement_01082,1037.91056058,0.679166969598
replacement,replacement_01083,750.124092322,0.804722856742
replacement,replacement_01084,1008.87823962,0.683271253357
replacement,replacement_01085,799.093038944,0.794878512087
replacement,replacement_01086,616.291110844,0.799476464455
replacement,replacement_01087,799.859982793,0.796518519596
replacement,replacement_01088,991.281009406,0.696590998364
replacement,replacement_01089,1054.73418349,0.665231372381
replacement,replacement_01090,680.35449721,0.788797506897
replacement,replacement_01091,645.306635493,0.803047460612
replacement,replacement_01092,871.952130377,0.778699550204
replacement,replacement_01093,623.399790362,0.800296778697
replacement,replacement_01094,749.203205026,0.788074412861
replacement,replacement_01095,967.767884087,0.716270578765
replacement,replacement_01096,517.69631615,0.805590367897
replacement,replacement_01097,519.902994051,0.795245587304
replacement,replacement_01098,932.03263412,0.736035353212
replacement,replacement_01099,1004.89469411,0.697224922919
replacement,replacement_01100,717.364788007,0.796563332985
replacement,replacement_01101,575.25649388,0.802223275959
replacement,replacement_01102,1154.85688967,0.606985584871
replacement,replacement_01103,1146.00849171,0.603169853751
replacement,replacement_01104,504.424360371,0.791732492898
replacement,replacement_01105,844.930166173,0.790367597387
replacement,replacement_01106,570.140006448,0.799655597096
replacement,replacement_01107,846.620814949,0.792892070909
replacement,replacement_01108,925.854846721,0.739225787388
replacement,replacement_01109,928.829002398,0.741045808391
replacement,replacement_01110,545.154574261,0.807094658819
replacement,replacement_01111,1042.73413,0.672369375995
replacement,replacement_01112,996.04211364,0.701513594993
replacement,replacement_01113,536.537504921,0.787465957674
replacement,replacement_01114,1112.31173144,0.626566980332
replacement,replacement_01115,996.032026189,0.701613054394
replacement,replacement_01116,557.94090839,0.788300472466
replacement,replacement_01117,843.066679569,0.794193901139
replacement,replacement_01118,886.846110086,0.770863096552
replacement,replacement_01119,1071.65934692,0.658291346187
replacement,replacement_01120,1084.8364861,0.647497908367
replacement,replacement_01121,591.626099311,0.796349905861
replacement,replacement_01122,842.28545425,0.789328331833
replacement,replacement_01123,620.588457877,0.794612184083
replacement,replacement_01124,596.750567831,0.797510076203
replacement,replacement_01125,1134.22793659,0.629579149223
replacement,replacement_01126,811.909846855,0.785836358187
replacement,replacement_01127,1081.05189782,0.654939467961
replacement,replacement_01128,516.184090922,0.798041974764
replacement,replacement_01129,927.762358649,0.734386958283
replacement,replacement_01130,1140.21438369,0.613183676478
replacement,replacement_01131,959.004520039,0.719614710814
replacement,replacement_01132,1028.98447636,0.692855104498
replacement,replacement_01133,600.09558854,0.798909988138
replacement,replacement_01134,833.983152519,0.79790908278
replacement,replacement_01135,1110.85704627,0.632155598537
replacement,replacement_01136,580.762061978,0.798260630087
replacement,replacement_01137,729.922505315,0.783586074056
replacement,replacement_01138,758.846526325,0.800189153062
replacement,replacement_01139,753.528090827,0.786737056574
replacement,replacement_01140,750.51186709,0.7930184836
replacement,replacement_01141,559.09114773,0.803100358502
replacement,replacement_01142,1070.34341401,0.661547763622
replacement,replacement_01143,940.291794936,0.737820455634
replacement,replacement_01144,913.083476681,0.746516269271
replacement,replacement_01145,768.827273971,0.801028911723
replacement,replacement_01146,598.924947132,0.795568958483
replacement,replacement_01147,590.005033776,0.803543680089
replacement,replacement_01148,540.906578723,0.800268278165
replacement,replacement_01149,947.999078722,0.730836152411
replacement,replacement_01150,802.223695935,0.77938187181
replacement,replacement_01151,554.153500353,0.807941103973
replacement,replacement_01152,918.521387723,0.749474870929
replacement,replacement_01153,854.574334826,0.786796850702
replacement,replacement_01154,1112.13644719,0.634851401844
replacement,replacement_01155,1108.92190298,0.636109194692
replacement,replacement_01156,1011.91151193,0.688945829169
replacement,replacement_01157,753.516470504,0.790971768753
replacement,replacement_01158,721.080587641,0.785764224547
replacement,replacement_01159,1027.87361427,0.675235116401
replacement,replacement_01160,1049.31521962,0.665171809647
replacement,replacement_01161,539.039002865,0.794364945182
replacement,replacement_01162,698.776357648,0.804841844484
replacement,replacement_01163,916.716455113,0.749753060823
replacement,replacement_01164,1143.13352475,0.60546210817
replacement,replacement_01165,622.331421516,0.799828796232
replacement,replacement_01166,615.087807244,0.798851840429
replacement,replacement_01167,976.368616459,0.724979175921
replacement,replacement_01168,1191.00227816,0.575854649124
replacement,replacement_01169,604.407127067,0.799637750943
replacement,replacement_01170,998.900709792,0.695528620563
replacement,replacement_01171,700.660297081,0.800406921185
replacement,replacement_01172,837.497603294,0.786792171423
replacement,replacement_01173,501.941628377,0.800252628372
replacement,replacement_01174,510.553486673,0.799816530853
replacement,replacement_01175,719.201100869,0.790647322024
replacement,replacement_01176,590.758992771,0.791922606857
replacement,replacement_01177,577.930352485,0.799433552948
replacement,replacement_01178,683.972604022,0.775448890535
replacement,replacement_01179,532.029786111,0.800976714427
replacement,replacement_01180,652.527033635,0.788485968782
replacement,replacement_01181,866.520874401,0.766657510503
replacement,replacement_01182,776.200886228,0.788313075876
replacement,replacement_01183,1145.68503106,0.607597379112
replacement,replacement_01184,956.845850212,0.722142020959
replacement,replacement_01185,537.813086672,0.800347845514
replacement,replacement_01186,1039.84921815,0.678968686199
replacement,replacement_01187,730.767001026,0.79555020846
replacement,replacement_01188,802.444405384,0.788667121221
replacement,replacement_01189,514.743602404,0.804283451816
replacement,replacement_01190,1074.78760295,0.657351991943
replacement,replacement_01191,550.028584642,0.80285620071
replacement,replacement_01192,762.900722064,0.796096455996
replacement,replacement_01193,981.007285256,0.705986913661
replacement,replacement_01194,1066.22692924,0.660728944258
replacement,replacement_01195,661.86775609,0.806524876562
replacement,replacement_01196,1185.58653818,0.588729451053
replacement,replacement_01197,1156.01547012,0.611017092408
replacement,replacement_01198,611.929968929,0.78925857325
replacement,replacement_01199,886.807970806,0.763192767107
replacement,replacement_01200,917.936853729,0.748515062965
replacement,replacement_01201,890.664653921,0.771022075804
replacement,replacement_01202,964.937705353,0.712273308369
replacement,replacement_01203,593.1567006,0.802600558416
replacement,replacement_01204,1075.51090315,0.651148735099
replacement,replacement_01205,778.711537609,0.799958264642
replacement,replacement_01206,701.876371484,0.791694201176
replacement,replacement_01207,1018.58552946,0.678545279624
replacement,replacement_01208,752.238843253,0.795726579763
replacement,replacement_01209,1139.57246964,0.615691578341
replacement,replacement_01210,517.667758702,0.809227540514
replacement,replacement_01211,932.383754391,0.733497965656
replacement,replacement_01212,1101.72205662,0.641656706138
replacement,replacement_01213,951.239139744,0.732331468827
replacement,replacement_01214,800.699366964,0.790039382756
replacement,replacement_01215,812.127901471,0.788622673349
replacement,replacement_01216,762.076490103,0.79530131597
replacement,replacement_01217,969.230111418,0.708554022345
replacement,replacement_01218,1034.01538154,0.683029340919
replacement,replacement_01219,1003.31830569,0.706417820738
replacement,replacement_01220,1047.91413057,0.67445566779
replacement,replacement_01221,939.167578675,0.733510127706
replacement,replacement_01222,556.509453574,0.802932596192
replacement,replacement_01223,660.416295726,0.795419105065
replacement,replacement_01224,1155.95400263,0.607231565976
replacement,replacement_01225,556.497433165,0.796671215363
replacement,replacement_01226,1103.78289831,0.638443163152
replacement,replacement_01227,992.021910859,0.707885469278
replacement,replacement_01228,644.485476341,0.797832551206
replacement,replacement_01229,1094.67359952,0.62989907998
replacement,replacement_01230,1044.40206859,0.668894174509
replacement,replacement_01231,1135.6610081,0.614468392938
replacement,replacement_01232,900.885168278,0.761225719504
replacement,replacement_01233,1033.79953681,0.687639194233
replacement,replacement_01234,626.376694558,0.79284003595
replacement,replacement_01235,581.688639596,0.798191144324
replacement,replacement_01236,752.900361902,0.786763908068
replacement,replacement_01237,555.780000778,0.795523600612
replacement,replacement_01238,1073.26160207,0.649406858791
replacement,replacement_01239,1075.06631136,0.644513080485
replacement,replacement_01240,992.507437933,0.695849545254
replacement,replacement_01241,1089.41061973,0.645530518436
replacement,replacement_01242,1000.90682039,0.699594460857
replacement,replacement_01243,695.774723072,0.805274787745
replacement,replacement_01244,755.077356965,0.793834747159
replacement,replacement_01245,971.152637136,0.713208288761
replacement,replacement_01246,506.97466183,0.795402057291
replacement,replacement_01247,1016.96793062,0.693620207756
replacement,replacement_01248,1100.98851629,0.635197695292
replacement,replacement_01249,578.899499258,0.797418181348
replacement,replacement_01250,834.017251268,0.802312304963
replacement,replacement_01251,689.245013682,0.797678846425
replacement,replacement_01252,868.682686977,0.769631751409
replacement,replacement_01253,924.816937393,0.736174606016
replacement,replacement_01254,1010.06772175,0.684037672656
replacement,replacement_01255,712.172572503,0.792535969973
replacement,replacement_01256,932.184049674,0.741497727744
replacement,replacement_01257,506.225189492,0.793987873683
replacement,replacement_01258,1156.23776657,0.601376706471
replacement,replacement_01259,1199.32806709,0.585159322394
replacement,replacement_01260,941.705581934,0.747313479875
replacement,replacement_01261,1069.15392474,0.657650229618
replacement,replacement_01262,778.179050481,0.790459778201
replacement,replacement_01263,545.239705987,0.793817850853
replacement,replacement_01264,716.207100185,0.789833735577
replacement,replacement_01265,616.341880105,0.797228580808
replacement,replacement_01266,946.40507489,0.737539963452
replacement,replacement_01267,1020.98140036,0.692495256841
replacement,replacement_01268,799.854884538,0.785146040563
replacement,replacement_01269,914.300492128,0.756995593113
replacement,replacement_01270,946.9439489,0.724311748875
replacement,replacement_01271,690.407802052,0.801559141163
replacement,replacement_01272,914.011396436,0.748554120572
replacement,replacement_01273,1109.31590047,0.636258640231
replacement,replacement_01274,542.349077081,0.795559004171
replacement,replacement_01275,1013.3096224,0.689551353689
replacement,replacement_01276,775.920166886,0.781562381507
replacement,replacement_01277,795.705518168,0.776649983628
replacement,replacement_01278,1195.45019164,0.581006059456
replacement,replacement_01279,1179.45635346,0.589526868124
replacement,replacement_01280,504.523628458,0.798515805205
replacement,replacement_01281,1096.68712681,0.639257433252
replacement,replacement_01282,871.014266509,0.765224429996
replacement,replacement_01283,561.414736073,0.798337124766
replacement,replacement_01284,694.207916909,0.803784663619
replacement,replacement_01285,1026.59890922,0.69087355537
replacement,replacement_01286,924.698974398,0.745623031896
replacement,replacement_01287,811.126200139,0.792891404029
replacement,replacement_01288,1168.94126498,0.600465228668
replacement,replacement_01289,737.480199325,0.787741707092
replacement,replacement_01290,837.522275792,0.795610332918
replacement,replacement_01291,849.668302649,0.792970979635
replacement,replacement_01292,909.62756955,0.749223578483
replacement,replacement_01293,789.580509871,0.796437496602
replacement,replacement_01294,1066.40771063,0.658125180098
replacement,replacement_01295,587.478310668,0.799218900394
replacement,replacement_01296,659.688387551,0.801903637885
replacement,replacement_01297,801.475105734,0.788582775325
replacement,replacement_01298,629.155160679,0.792897115213
replacement,replacement_01299,708.794895025,0.796803268275
replacement,replacement_01300,799.569286855,0.789583830925
replacement,replacement_01301,645.079337833,0.795454455527
replacement,replacement_01302,1095.72798985,0.649211215803
replacement,replacement_01303,778.563983536,0.788837715841
replacement,replacement_01304,567.811643363,0.796590675681
replacement,replacement_01305,1082.58322618,0.653411492283
replacement,replacement_01306,880.424818005,0.785351683974
replacement,replacement_01307,842.333737595,0.788932275034
replacement,replacement_01308,540.829715423,0.80279004088
replacement,replacement_01309,590.953454865,0.802751193641
replacement,replacement_01310,1182.33248643,0.581494766598
replacement,replacement_01311,908.212251066,0.753571945421
replacement,replacement_01312,1166.59735462,0.608839852082
replacement,replacement_01313,1094.72177904,0.64033271879
replacement,replacement_01314,623.621895622,0.789440230592
replacement,replacement_01315,766.745118634,0.799926225384
replacement,replacement_01316,640.780784813,0.793511769802
replacement,replacement_01317,1162.93447989,0.597391417323
replacement,replacement_01318,501.032051407,0.806080913521
replacement,replacement_01319,1068.35122332,0.641380488308
replacement,replacement_01320,761.901741304,0.800594285367
replacement,replacement_01321,700.079403417,0.797777853133
replacement,replacement_01322,1149.03992864,0.60589686053
replacement,replacement_01323,722.120074134,0.802203152992
replacement,replacement_01324,847.108353101,0.79957763406
replacement,replacement_01325,976.409371031,0.712595111499
replacement,replacement_01326,1179.78594692,0.583369831156
replacement,replacement_01327,991.522382902,0.699293961734
replacement,replacement_01328,561.691611695,0.788900951928
replacement,replacement_01329,1187.87829624,0.592523968459
replacement,replacement_01330,649.271468126,0.801843541342
replacement,replacement_01331,704.158399639,0.801248358289
replacement,replacement_01332,640.505522356,0.794572209207
replacement,replacement_01333,563.686761416,0.791681434307
replacement,replacement_01334,585.57487662,0.798726855915
replacement,replacement_01335,895.240690646,0.778428665594
replacement,replacement_01336,991.177697556,0.717141991583
replacement,replacement_01337,989.332323574,0.701549409953
replacement,replacement_01338,1199.83516282,0.574674670836
replacement,replacement_01339,1104.94090327,0.643527823581
replacement,replacement_01340,1131.57031194,0.612011465295
replacement,replacement_01341,1010.52829237,0.696201297069
replacement,replacement_01342,733.948952381,0.794986965071
replacement,replacement_01343,723.143045143,0.793761837575
replacement,replacement_01344,778.414416016,0.798253820917
replacement,replacement_01345,872.408801314,0.775096556351
replacement,replacement_01346,556.40944686,0.798902118134
replacement,replacement_01347,1012.09342841,0.698990628634
replacement,replacement_01348,983.165113091,0.704476979754
replacement,replacement_01349,765.149990419,0.796668110511
replacement,replacement_01350,990.337817249,0.711461185378
replacement,replacement_01351,1093.20089922,0.639594965961
replacement,replacement_01352,741.285413031,0.7962658726
replacement,replacement_01353,1167.96357402,0.603131299235
replacement,replacement_01354,1049.27682378,0.673604156206
replacement,replacement_01355,857.135342733,0.793195603841
replacement,replacement_01356,684.897512394,0.793896941474
replacement,replacement_01357,698.274081771,0.791794334919
replacement,replacement_01358,553.677119065,0.789652808616
replacement,replacement_01359,655.630590963,0.794120403303
replacement,replacement_01360,618.306887885,0.792960095057
replacement,replacement_01361,599.203840864,0.795280374444
replacement,replacement_01362,848.025843924,0.794618604895
replacement,replacement_01363,1144.62943597,0.609982889942
replacement,replacement_01364,1123.84226749,0.630376500007
replacement,replacement_01365,820.00309926,0.792380294915
replacement,replacement_01366,1011.82897062,0.692261620524
replacement,replacement_01367,624.776032992,0.79879245736
replacement,replacement_01368,1143.48462888,0.614621784647
replacement,replacement_01369,625.469030512,0.798438712633
replacement,replacement_01370,1061.29101746,0.670054568892
replacement,replacement_01371,1039.49255585,0.679182254526
replacement,replacement_01372,1135.71943278,0.6141669904
replacement,replacement_01373,772.427056247,0.774278653601
replacement,replacement_01374,525.294304305,0.80033977446
replacement,replacement_01375,927.672394046,0.749990986112
replacement,replacement_01376,1063.60553003,0.660526316635
replacement,replacement_01377,919.051595636,0.744548046123
replacement,replacement_01378,850.617285809,0.786174414524
replacement,replacement_01379,701.789031676,0.791745819278
replacement,replacement_01380,964.115674286,0.726830500459
replacement,replacement_01381,1181.22452352,0.594084836151
replacement,replacement_01382,739.109600239,0.788610945563
replacement,replacement_01383,1056.75025195,0.65995691767
replacement,replacement_01384,1155.3955145,0.602012957463
replacement,replacement_01385,1041.22080477,0.669843901277
replacement,replacement_01386,993.033588091,0.705300579608
replacement,replacement_01387,890.621507296,0.769413332889
replacement,replacement_01388,690.132970415,0.794901923427
replacement,replacement_01389,893.672350647,0.757425751047
replacement,replacement_01390,964.785090717,0.72302611094
replacement,replacement_01391,668.260629462,0.787892170924
replacement,replacement_01392,621.670468307,0.799853811337
replacement,replacement_01393,839.625600411,0.790161858705
replacement,replacement_01394,577.778914234,0.787374541779
replacement,replacement_01395,754.268780417,0.79158665595
replacement,replacement_01396,622.883941272,0.792469358874
replacement,replacement_01397,1008.3120994,0.702833400231
replacement,replacement_01398,984.220777352,0.69952309706
replacement,replacement_01399,690.367544167,0.79041666984
replacement,replacement_01400,1048.25232038,0.662157748103
replacement,replacement_01401,1065.96575038,0.663063691331
replacement,replacement_01402,980.253066145,0.70913102091
replacement,replacement_01403,754.028001113,0.798161732768
replacement,replacement_01404,599.638836252,0.797242385861
replacement,replacement_01405,996.776789921,0.697284483974
replacement,replacement_01406,788.893378915,0.799050551755
replacement,replacement_01407,896.456104776,0.76013753888
replacement,replacement_01408,791.77657207,0.795782522194
replacement,replacement_01409,1140.23467884,0.609866178504
replacement,replacement_01410,803.607971685,0.785266756941
replacement,replacement_01411,881.8804362,0.771319490871
replacement,replacement_01412,550.187708983,0.795797574522
replacement,replacement_01413,555.665336571,0.792557248426
replacement,replacement_01414,795.39032434,0.782228946564
replacement,replacement_01415,885.489038571,0.77370200264
replacement,replacement_01416,1102.65733818,0.635170057011
replacement,replacement_01417,535.647711649,0.789934325939
replacement,replacement_01418,963.666683111,0.715390975332
replacement,replacement_01419,517.365016255,0.798188334627
replacement,replacement_01420,873.765429207,0.771730715384
replacement,replacement_01421,684.834505256,0.799296605766
replacement,replacement_01422,537.755239596,0.802666110631
replacement,replacement_01423,864.466868879,0.785387065153
replacement,replacement_01424,578.351235502,0.792315478153
replacement,replacement_01425,580.732330653,0.797850660026
replacement,replacement_01426,892.927760681,0.771567181688
replacement,replacement_01427,586.58474594,0.803527498764
replacement,replacement_01428,589.017369435,0.80209841892
replacement,replacement_01429,769.385893449,0.78631128868
replacement,replacement_01430,587.504939883,0.790792446724
replacement,replacement_01431,1027.42811314,0.682094835149
replacement,replacement_01432,825.961787164,0.791263199689
replacement,replacement_01433,1077.06939891,0.657986489752
replacement,replacement_01434,778.194543178,0.792362732091
replacement,replacement_01435,1042.17890964,0.678745674386
replacement,replacement_01436,763.403457584,0.784334315822
replacement,replacement_01437,972.888439993,0.711483474584
replacement,replacement_01438,893.306039756,0.767311505167
replacement,replacement_01439,637.333482485,0.796464831403
replacement,replacement_01440,676.628151051,0.797252730814
replacement,replacement_01441,1107.9014498,0.627258053656
replacement,replacement_01442,851.349980515,0.798040887631
replacement,replacement_01443,1085.26676504,0.64330974982
replacement,replacement_01444,906.861766928,0.752343392469
replacement,replacement_01445,1160.949929,0.598856835927
replacement,replacement_01446,625.164185249,0.802256719689
replacement,replacement_01447,1096.01690883,0.637003425979
replacement,replacement_01448,934.825157558,0.728639317461
replacement,replacement_01449,927.236129733,0.744478009041
replacement,replacement_01450,770.359390392,0.787223873561
replacement,replacement_01451,1177.06723698,0.587555304536
replacement,replacement_01452,684.306175523,0.788881626841
replacement,replacement_01453,807.171492708,0.783093431942
replacement,replacement_01454,1068.34260152,0.653054503851
replacement,replacement_01455,878.873740734,0.764855057206
replacement,replacement_01456,1170.65431185,0.596843059931
replacement,replacement_01457,849.174499932,0.787684131244
replacement,replacement_01458,570.411207664,0.80005323297
replacement,replacement_01459,568.278987336,0.795573689711
replacement,replacement_01460,540.983680531,0.801525716059
replacement,replacement_01461,1063.78124215,0.656370851548
replacement,replacement_01462,1163.6971914,0.607950796758
replacement,replacement_01463,1196.79638783,0.587527995977
replacement,replacement_01464,515.900320742,0.793871861437
replacement,replacement_01465,656.678159664,0.809603271311
replacement,replacement_01466,683.111836041,0.802057456609
replacement,replacement_01467,896.170134958,0.766217044637
replacement,replacement_01468,903.063237857,0.768000101046
replacement,replacement_01469,789.358009842,0.798650796192
replacement,replacement_01470,960.080686666,0.726328403742
replacement,replacement_01471,1192.068273,0.580715236126
replacement,replacement_01472,1181.54083469,0.59666608109
replacement,replacement_01473,873.637291787,0.776695655144
replacement,replacement_01474,1128.05007206,0.621608148448
replacement,replacement_01475,692.805516649,0.79073624495
replacement,replacement_01476,860.317319587,0.778723948149
replacement,replacement_01477,1051.41540985,0.669357753318
replacement,replacement_01478,1031.14722525,0.683876136395
replacement,replacement_01479,695.755748857,0.802239671189
replacement,replacement_01480,822.800377826,0.786096886971
replacement,replacement_01481,511.304325402,0.801722660964
replacement,replacement_01482,766.568737877,0.786415625289
replacement,replacement_01483,892.439702375,0.763874077856
replacement,replacement_01484,826.667424361,0.798758073859
replacement,replacement_01485,525.401382057,0.796403539558
replacement,replacement_01486,553.704422364,0.799569337884
replacement,replacement_01487,798.39947283,0.797044055409
replacement,replacement_01488,1022.67430284,0.685831665748
replacement,replacement_01489,1091.02928415,0.652539316534
replacement,replacement_01490,590.917645081,0.806694222951
replacement,replacement_01491,864.590460532,0.786847503073
replacement,replacement_01492,1141.39067945,0.622560054985
replacement,replacement_01493,562.381975631,0.802551772404
replacement,replacement_01494,726.241664276,0.796636840365
replacement,replacement_01495,1032.61002943,0.687893404745
replacement,replacement_01496,536.614134595,0.794274222272
replacement,replacement_01497,793.937503141,0.801484028148
replacement,replacement_01498,1076.77369148,0.646343663326
replacement,replacement_01499,1174.27291537,0.59430323446
replacement,replacement_01500,925.98321228,0.734615160486
replacement,replacement_01501,1092.76816354,0.643946700003
replacement,replacement_01502,826.235883338,0.784296260848
replacement,replacement_01503,598.138254689,0.806427595548
replacement,replacement_01504,983.17221512,0.709635347401
replacement,replacement_01505,601.612864371,0.794014567801
replacement,replacement_01506,896.577566853,0.763592119844
replacement,replacement_01507,677.328981553,0.794352439719
replacement,replacement_01508,960.14778824,0.723885487091
replacement,replacement_01509,534.555806018,0.786746971177
replacement,replacement_01510,594.334007389,0.802655037326
replacement,replacement_01511,1032.60275322,0.684638841031
replacement,replacement_01512,784.550038344,0.77961797896
replacement,replacement_01513,639.797256601,0.798579829038
replacement,replacement_01514,528.796574564,0.794190620215
replacement,replacement_01515,653.238070674,0.802048033948
replacement,replacement_01516,623.291750608,0.785923308759
replacement,replacement_01517,599.678039149,0.792225477904
replacement,replacement_01518,1079.34351536,0.644227693072
replacement,replacement_01519,1183.04452688,0.587943088085
replacement,replacement_01520,953.025306195,0.722808035144
replacement,replacement_01521,513.181866393,0.78939325732
replacement,replacement_01522,969.976618555,0.716921255755
replacement,replacement_01523,968.411264741,0.720168043695
replacement,replacement_01524,1056.66679606,0.673882494114
replacement,replacement_01525,820.615412605,0.793633065107
replacement,replacement_01526,1077.225129,0.657490573688
replacement,replacement_01527,1007.74571814,0.694555198031
replacement,replacement_01528,548.027782558,0.803910915012
replacement,replacement_01529,796.738197053,0.792634506683
replacement,replacement_01530,1070.74681827,0.665378020951
replacement,replacement_01531,606.68411181,0.792462416956
replacement,replacement_01532,860.178602176,0.771527320079
replacement,replacement_01533,692.172624772,0.784236097591
replacement,replacement_01534,521.946020185,0.804036995046
replacement,replacement_01535,708.290532605,0.795532551206
replacement,replacement_01536,500.125771004,0.791377121981
replacement,replacement_01537,1123.36971156,0.621716343774
replacement,replacement_01538,1126.15747525,0.615503340454
replacement,replacement_01539,1141.02102801,0.613996408041
replacement,replacement_01540,562.457072036,0.807381550911
replacement,replacement_01541,762.061928607,0.787838326996
replacement,replacement_01542,693.839320827,0.794127181322
replacement,replacement_01543,504.028184759,0.80226371388
replacement,replacement_01544,1170.79442908,0.604928994285
replacement,replacement_01545,1173.43010833,0.593494487787
replacement,replacement_01546,815.524089405,0.796606128075
replacement,replacement_01547,721.173325665,0.806359282502
replacement,replacement_01548,1062.56630716,0.667105574505
replacement,replacement_01549,922.707428461,0.738598140132
replacement,replacement_01550,509.579882637,0.797988832277
replacement,replacement_01551,1153.68532935,0.606393571793
replacement,replacement_01552,523.447502705,0.803242418652
replacement,replacement_01553,681.484194431,0.787314056098
replacement,replacement_01554,882.417371555,0.76925067144
replacement,replacement_01555,1128.84169005,0.61836857168
replacement,replacement_01556,1157.00040831,0.605292566379
replacement,replacement_01557,1096.44780194,0.642520952146
replacement,replacement_01558,840.932801075,0.789894112752
replacement,replacement_01559,651.258308927,0.786935195333
replacement,replacement_01560,934.224513139,0.735085635062
replacement,replacement_01561,934.232865987,0.746913071895
replacement,replacement_01562,537.908050357,0.80836390608
replacement,replacement_01563,656.091516279,0.794029038491
replacement,replacement_01564,579.1667958,0.799960285762
replacement,replacement_01565,1104.99526116,0.633885695433
replacement,replacement_01566,1189.08201006,0.592009358629
replacement,replacement_01567,1139.00086121,0.621690137274
replacement,replacement_01568,795.004277829,0.793949729383
replacement,replacement_01569,848.926789262,0.792570274184
replacement,replacement_01570,805.406998249,0.79154836316
replacement,replacement_01571,855.632300909,0.792645955247
replacement,replacement_01572,1066.7125104,0.658838373164
replacement,replacement_01573,1002.80775603,0.694316956033
replacement,replacement_01574,942.839902803,0.747277984845
replacement,replacement_01575,588.628513715,0.799130443912
replacement,replacement_01576,504.365141019,0.79758338111
replacement,replacement_01577,1125.99946232,0.625744077886
replacement,replacement_01578,857.615992107,0.790391672057
replacement,replacement_01579,1088.0735412,0.643617413527
replacement,replacement_01580,700.164667324,0.786188033986
replacement,replacement_01581,801.759025648,0.782608706859
replacement,replacement_01582,1170.55585342,0.58776133398
replacement,replacement_01583,946.441754574,0.725008775786
replacement,replacement_01584,884.604917212,0.759453757025
replacement,replacement_01585,1192.79270084,0.580011297386
replacement,replacement_01586,1024.53188627,0.687515435274
replacement,replacement_01587,1034.15201535,0.671439757131
replacement,replacement_01588,1048.7018315,0.677738174121
replacement,replacement_01589,807.536507464,0.794493506224
replacement,replacement_01590,796.964000389,0.776957954213
replacement,replacement_01591,543.85172015,0.795583973625
replacement,replacement_01592,993.150193064,0.700701088817
replacement,replacement_01593,989.555157141,0.706023113954
replacement,replacement_01594,519.328963856,0.794599076683
replacement,replacement_01595,648.229234725,0.792280928349
replacement,replacement_01596,1110.88238401,0.634918098326
replacement,replacement_01597,502.301294966,0.798712064967
replacement,replacement_01598,629.502727394,0.802084748644
replacement,replacement_01599,729.980263089,0.792183383369
replacement,replacement_01600,819.668866547,0.789190765643
replacement,replacement_01601,1160.33239941,0.605610868874
replacement,replacement_01602,566.423306243,0.798093017714
replacement,replacement_01603,751.956709759,0.795413473784
replacement,replacement_01604,593.715033229,0.784202147106
replacement,replacement_01605,875.31563557,0.771088447705
replacement,replacement_01606,796.803504351,0.799233792998
replacement,replacement_01607,1100.15124671,0.646399258355
replacement,replacement_01608,803.026276817,0.792306736474
replacement,replacement_01609,1179.59614649,0.589391602045
replacement,replacement_01610,836.453738233,0.788632242526
replacement,replacement_01611,856.098737553,0.795940281098
replacement,replacement_01612,1073.38472813,0.660975992361
replacement,replacement_01613,667.098669529,0.789667968688
replacement,replacement_01614,772.194329414,0.794709069592
replacement,replacement_01615,791.744897135,0.789687922331
replacement,replacement_01616,754.458584798,0.787236214201
replacement,replacement_01617,949.953375373,0.727925009015
replacement,replacement_01618,967.547617343,0.702453343212
replacement,replacement_01619,1168.60920517,0.590976171092
replacement,replacement_01620,788.715973429,0.788439435713
replacement,replacement_01621,980.582134135,0.711700811013
replacement,replacement_01622,563.982711796,0.795852818782
replacement,replacement_01623,980.293609435,0.70606121111
replacement,replacement_01624,911.22172178,0.751868431451
replacement,replacement_01625,837.82757107,0.787555923676
replacement,replacement_01626,984.386237446,0.708118014443
replacement,replacement_01627,654.828624897,0.80141945995
replacement,replacement_01628,691.172949815,0.792748569953
replacement,replacement_01629,516.076114893,0.788975344572
replacement,replacement_01630,700.422587289,0.795526950256
replacement,replacement_01631,704.94014984,0.783935197782
replacement,replacement_01632,1066.81114847,0.661048203235
replacement,replacement_01633,555.845731243,0.799758158815
replacement,replacement_01634,1060.31787006,0.654930654891
replacement,replacement_01635,615.996980158,0.796772578931
replacement,replacement_01636,1140.02458738,0.604974635122
replacement,replacement_01637,960.047482732,0.720050147201
replacement,replacement_01638,1156.77734188,0.603437485575
replacement,replacement_01639,875.233787723,0.773996505448
replacement,replacement_01640,799.213153217,0.797952667611
replacement,replacement_01641,746.270850413,0.790237921952
replacement,replacement_01642,650.212593633,0.792182225513
replacement,replacement_01643,570.099881255,0.786771385142
replacement,replacement_01644,590.873709501,0.79725247446
replacement,replacement_01645,726.563718024,0.798249295369
replacement,replacement_01646,625.573644183,0.803260323037
replacement,replacement_01647,835.287059075,0.786386986512
replacement,replacement_01648,1055.80944152,0.66732854394
replacement,replacement_01649,931.431522963,0.72766986698
replacement,replacement_01650,1028.57693559,0.68804019151
replacement,replacement_01651,1112.60425584,0.63229046878
replacement,replacement_01652,1123.48293857,0.614209451512
replacement,replacement_01653,1148.48829488,0.610475937825
replacement,replacement_01654,513.512085825,0.80249270632
replacement,replacement_01655,851.423259268,0.778448362298
replacement,replacement_01656,578.307463983,0.796730312549
replacement,replacement_01657,809.95012616,0.788564069876
replacement,replacement_01658,882.197209152,0.76531231488
replacement,replacement_01659,656.105449086,0.791519396394
replacement,replacement_01660,620.503254631,0.798332805625
replacement,replacement_01661,725.266791614,0.80078875404
replacement,replacement_01662,1007.7926318,0.698649622493
replacement,replacement_01663,752.03188066,0.784358825854
replacement,replacement_01664,662.867992797,0.799907115036
replacement,replacement_01665,927.754473544,0.740933596391
replacement,replacement_01666,566.507934317,0.797847368621
replacement,replacement_01667,834.803060476,0.782285515141
replacement,replacement_01668,540.718208738,0.804939097249
replacement,replacement_01669,570.185178364,0.800959261388
replacement,replacement_01670,1149.19994775,0.612995032961
replacement,replacement_01671,506.214116767,0.799871116141
replacement,replacement_01672,936.942099156,0.733139360937
replacement,replacement_01673,559.747473459,0.801360598996
replacement,replacement_01674,806.397767844,0.793834184392
replacement,replacement_01675,712.755149408,0.800056102337
replacement,replacement_01676,530.536868773,0.79807808515
replacement,replacement_01677,804.161542242,0.786017841397
replacement,replacement_01678,957.585814688,0.727347153763
replacement,replacement_01679,778.047479095,0.789403495571
replacement,replacement_01680,1122.70425583,0.625094933469
replacement,replacement_01681,750.658207126,0.790988135296
replacement,replacement_01682,511.155059458,0.793780205263
replacement,replacement_01683,1141.06819,0.615453490409
replacement,replacement_01684,1104.47072945,0.633484231266
replacement,replacement_01685,947.881730174,0.735212831715
replacement,replacement_01686,666.054060733,0.793909226786
replacement,replacement_01687,1182.72535958,0.59184540335
replacement,replacement_01688,801.238119482,0.790928263267
replacement,replacement_01689,892.331940923,0.762676111153
replacement,replacement_01690,612.221133586,0.797256620358
replacement,replacement_01691,875.305896455,0.770594571091
replacement,replacement_01692,1002.84343945,0.699645190166
replacement,replacement_01693,961.897397322,0.723045664548
replacement,replacement_01694,680.867514456,0.791941671541
replacement,replacement_01695,592.758070066,0.794207953366
replacement,replacement_01696,1014.80828438,0.695535990348
replacement,replacement_01697,1112.04283684,0.631181714596
replacement,replacement_01698,965.484936176,0.723377923821
replacement,replacement_01699,909.733661287,0.748389105542
replacement,replacement_01700,826.172587515,0.782074650494
replacement,replacement_01701,778.424218926,0.786995932531
replacement,replacement_01702,866.126887281,0.771607046804
replacement,replacement_01703,671.013917757,0.795906194787
replacement,replacement_01704,1088.29971658,0.647514992053
replacement,replacement_01705,941.873833249,0.747120329397
replacement,replacement_01706,815.397360321,0.784611468329
replacement,replacement_01707,601.329381395,0.79485364926
replacement,replacement_01708,627.592826507,0.790620425382
replacement,replacement_01709,503.960029138,0.796298620214
replacement,replacement_01710,526.033764395,0.796836074884
replacement,replacement_01711,1174.17966204,0.596719723781
replacement,replacement_01712,1042.03442406,0.674453091981
replacement,replacement_01713,1162.76768456,0.604834125388
replacement,replacement_01714,1011.4350364,0.694227606262
replacement,replacement_01715,619.446621299,0.796926372415
replacement,replacement_01716,536.700919251,0.793147842301
replacement,replacement_01717,1175.68524615,0.597495843884
replacement,replacement_01718,799.646406234,0.802015690614
replacement,replacement_01719,1054.18109034,0.662957659739
replacement,replacement_01720,1103.74341018,0.631424270149
replacement,replacement_01721,652.252437572,0.803832538397
replacement,replacement_01722,523.227440923,0.797683854713
replacement,replacement_01723,1148.70361222,0.61832811357
replacement,replacement_01724,1038.25538556,0.671950556549
replacement,replacement_01725,1120.56174841,0.624562846223
replacement,replacement_01726,896.188280769,0.763259164839
replacement,replacement_01727,1088.42165478,0.642120276519
replacement,replacement_01728,638.132740738,0.789228606851
replacement,replacement_01729,706.776473915,0.783204242982
replacement,replacement_01730,725.869889152,0.778274336346
replacement,replacement_01731,1007.64295311,0.68876289218
replacement,replacement_01732,632.285380386,0.790619067261
replacement,replacement_01733,1172.39932611,0.588415168801
replacement,replacement_01734,598.381574799,0.798260377394
replacement,replacement_01735,1006.4194579,0.686324200497
replacement,replacement_01736,551.152149709,0.79315151294
replacement,replacement_01737,1064.85840011,0.664657887161
replacement,replacement_01738,1158.16038227,0.606975799687
replacement,replacement_01739,654.639223884,0.786830851074
replacement,replacement_01740,1035.25507054,0.685021678836
replacement,replacement_01741,581.123157057,0.795470114159
replacement,replacement_01742,806.560871996,0.792493452549
replacement,replacement_01743,1127.77425766,0.610648115341
replacement,replacement_01744,1126.64273353,0.62290846185
replacement,replacement_01745,1021.13339656,0.694020797928
replacement,replacement_01746,629.979272962,0.793705292544
replacement,replacement_01747,775.682276661,0.785551360618
replacement,replacement_01748,1073.4619035,0.658403480094
replacement,replacement_01749,1150.98285476,0.604311508658
replacement,replacement_01750,876.173857074,0.773043528929
replacement,replacement_01751,929.049484311,0.748310658881
replacement,replacement_01752,637.859690216,0.795527500219
replacement,replacement_01753,849.781574235,0.78436347586
replacement,replacement_01754,584.924768724,0.79920652686
replacement,replacement_01755,683.754960316,0.793697741645
replacement,replacement_01756,990.355499768,0.707084458531
replacement,replacement_01757,695.324207377,0.792345397341
replacement,replacement_01758,1103.29136114,0.644917000564
replacement,replacement_01759,613.537280166,0.799211559853
replacement,replacement_01760,901.361557693,0.752716738294
replacement,replacement_01761,575.96520059,0.79884902417
replacement,replacement_01762,1015.69592956,0.689138282582
replacement,replacement_01763,608.983322092,0.77880230271
replacement,replacement_01764,645.156716022,0.797262474943
replacement,replacement_01765,599.633559048,0.794890696035
replacement,replacement_01766,825.331246037,0.798875490852
replacement,replacement_01767,1024.59608046,0.683968909911
replacement,replacement_01768,1099.96418398,0.637034811453
replacement,replacement_01769,704.934784789,0.792473539265
replacement,replacement_01770,858.386042419,0.786982955706
replacement,replacement_01771,936.118491932,0.731859223684
replacement,replacement_01772,808.272206997,0.786830073513
replacement,replacement_01773,697.278148032,0.800360414399
replacement,replacement_01774,791.616254379,0.799833676247
replacement,replacement_01775,1068.55180389,0.650141734142
replacement,replacement_01776,762.840684225,0.80274750588
replacement,replacement_01777,515.749915208,0.80688338018
replacement,replacement_01778,800.563267103,0.782954887528
replacement,replacement_01779,559.092771561,0.79710545683
replacement,replacement_01780,1063.29200989,0.667424609666
replacement,replacement_01781,1020.34615711,0.680566544084
replacement,replacement_01782,901.273122508,0.74575387358
replacement,replacement_01783,1058.90306357,0.659294852736
replacement,replacement_01784,1189.17863927,0.589129363121
replacement,replacement_01785,967.374244092,0.725997983018
replacement,replacement_01786,1099.80884127,0.63354977446
replacement,replacement_01787,1022.71397444,0.689779700433
replacement,replacement_01788,567.395211805,0.795791960863
replacement,replacement_01789,515.509355449,0.807821052195
replacement,replacement_01790,910.451158755,0.749119241204
replacement,replacement_01791,949.00265307,0.732318332283
replacement,replacement_01792,1148.66650433,0.611556762193
replacement,replacement_01793,1063.25950696,0.656578349813
replacement,replacement_01794,1101.57130024,0.639137452343
replacement,replacement_01795,770.301331467,0.791872880965
replacement,replacement_01796,1134.53032053,0.630001328463
replacement,replacement_01797,720.13964933,0.798593880822
replacement,replacement_01798,1042.74870966,0.680094551007
replacement,replacement_01799,1179.78159997,0.578989889186
replacement,replacement_01800,632.520116964,0.788206183776
replacement,replacement_01801,890.30076685,0.76335561713
replacement,replacement_01802,1071.91913582,0.663690745295
replacement,replacement_01803,1135.03932042,0.626434903759
replacement,replacement_01804,993.45370886,0.704155207829
replacement,replacement_01805,808.844520733,0.787873997147
replacement,replacement_01806,695.863849803,0.794032054851
replacement,replacement_01807,1106.34202404,0.632033690903
replacement,replacement_01808,1125.13189442,0.624734918923
replacement,replacement_01809,994.868308058,0.697112388312
replacement,replacement_01810,1123.77460186,0.618167697557
replacement,replacement_01811,848.244603298,0.779820761254
replacement,replacement_01812,1141.49010952,0.610677984153
replacement,replacement_01813,969.222561986,0.716465951238
replacement,replacement_01814,847.601895526,0.784491980177
replacement,replacement_01815,1034.7535989,0.678925128371
replacement,replacement_01816,809.046723784,0.791351686415
replacement,replacement_01817,729.122500983,0.789339914635
replacement,replacement_01818,838.610839066,0.779905080561
replacement,replacement_01819,969.368286181,0.716581622206
replacement,replacement_01820,984.848850018,0.709296368314
replacement,replacement_01821,919.859203884,0.746988517176
replacement,replacement_01822,734.734477167,0.80101925199
replacement,replacement_01823,999.638474878,0.702048722152
replacement,replacement_01824,936.680253212,0.738982686996
replacement,replacement_01825,1153.54275826,0.608905771501
replacement,replacement_01826,823.104998871,0.796377632587
replacement,replacement_01827,695.44792621,0.7878446896
replacement,replacement_01828,1165.59297196,0.592212200533
replacement,replacement_01829,1164.50729035,0.592280446928
replacement,replacement_01830,1155.6961081,0.599796444556
replacement,replacement_01831,824.376094619,0.788466891566
replacement,replacement_01832,1048.23960856,0.657922517353
replacement,replacement_01833,770.509615032,0.786832582822
replacement,replacement_01834,815.333128936,0.786873673874
replacement,replacement_01835,528.917446126,0.79245313591
replacement,replacement_01836,768.019491392,0.78776721842
replacement,replacement_01837,634.944737601,0.799558645911
replacement,replacement_01838,533.03149459,0.792097846453
replacement,replacement_01839,507.634243361,0.792921736977
replacement,replacement_01840,797.447600861,0.788693743354
replacement,replacement_01841,1115.89053034,0.634973560828
replacement,replacement_01842,1087.7558421,0.648644830414
replacement,replacement_01843,1102.8031814,0.639483482646
replacement,replacement_01844,748.382108341,0.791398279905
replacement,replacement_01845,1008.22713992,0.693513356799
replacement,replacement_01846,745.626184625,0.795544567772
replacement,replacement_01847,700.392242288,0.785676968965
replacement,replacement_01848,580.77293173,0.792386676483
replacement,replacement_01849,634.225497633,0.789345552682
replacement,replacement_01850,741.002790431,0.782639160563
replacement,replacement_01851,615.419116552,0.794006876575
replacement,replacement_01852,704.793335509,0.789298281479
replacement,replacement_01853,912.874326605,0.744434806504
replacement,replacement_01854,992.306400069,0.701114060709
replacement,replacement_01855,1151.65356515,0.600463777338
replacement,replacement_01856,557.629188768,0.796253840986
replacement,replacement_01857,667.76119769,0.804642406214
replacement,replacement_01858,643.379411376,0.795362526752
replacement,replacement_01859,552.639434433,0.804647233234
replacement,replacement_01860,997.607700044,0.697445035336
replacement,replacement_01861,1144.39805274,0.616880588909
replacement,replacement_01862,786.28117616,0.784563974223
replacement,replacement_01863,976.991980287,0.707454928255
replacement,replacement_01864,762.130996431,0.801075992336
replacement,replacement_01865,979.191518788,0.713061619858
replacement,replacement_01866,1121.06086602,0.616814302383
replacement,replacement_01867,1053.07444595,0.668481623481
replacement,replacement_01868,1119.36929269,0.630617040444
replacement,replacement_01869,776.502214991,0.78478214628
replacement,replacement_01870,1083.57916906,0.643459214412
replacement,replacement_01871,934.064219364,0.726776338972
replacement,replacement_01872,911.123004694,0.747113070534
replacement,replacement_01873,697.215523247,0.803480638415
replacement,replacement_01874,789.607387834,0.791641644029
replacement,replacement_01875,903.685189594,0.76155551557
replacement,replacement_01876,623.372472692,0.781444506361
replacement,replacement_01877,1026.8747065,0.67750980158
replacement,replacement_01878,951.494019722,0.732426625581
replacement,replacement_01879,734.391506827,0.788104750556
replacement,replacement_01880,700.973507182,0.793179682524
replacement,replacement_01881,937.356898529,0.736404425114
replacement,replacement_01882,962.790958532,0.710899978469
replacement,replacement_01883,1165.09645171,0.603589158737
replacement,replacement_01884,1067.22421391,0.659323517258
replacement,replacement_01885,882.172975503,0.778365463162
replacement,replacement_01886,834.836096805,0.792693505416
replacement,replacement_01887,762.046287425,0.803271581357
replacement,replacement_01888,613.317219645,0.791315719234
replacement,replacement_01889,766.507349674,0.79747815456
replacement,replacement_01890,819.57522157,0.792554268819
replacement,replacement_01891,828.571892893,0.797219028932
replacement,replacement_01892,526.669746009,0.79204881249
replacement,replacement_01893,570.538708276,0.80007067822
replacement,replacement_01894,560.605030269,0.79561081022
replacement,replacement_01895,635.354653621,0.809924415724
replacement,replacement_01896,790.064112785,0.789342450668
replacement,replacement_01897,1129.5174178,0.610652653658
replacement,replacement_01898,804.929642599,0.777588024169
replacement,replacement_01899,750.929188715,0.778950640152
replacement,replacement_01900,612.012455014,0.800446793253
replacement,replacement_01901,959.744121711,0.727852771643
replacement,replacement_01902,554.563300755,0.805738165347
replacement,replacement_01903,870.845199248,0.785105343926
replacement,replacement_01904,791.719196741,0.785897223262
replacement,replacement_01905,894.219045671,0.762787933474
replacement,replacement_01906,531.229482675,0.798656794756
replacement,replacement_01907,748.332350849,0.78998260027
replacement,replacement_01908,822.463118823,0.784440031523
replacement,replacement_01909,876.3103536,0.775122734657
replacement,replacement_01910,671.650349237,0.806594146614
replacement,replacement_01911,847.34149606,0.797179789106
replacement,replacement_01912,504.267381858,0.790389776216
replacement,replacement_01913,610.171636736,0.779981053369
replacement,replacement_01914,650.118236524,0.797831593509
replacement,replacement_01915,510.699344454,0.805026808856
replacement,replacement_01916,777.080924066,0.793774063683
replacement,replacement_01917,502.221737445,0.79913757247
replacement,replacement_01918,1160.79950903,0.609006416639
replacement,replacement_01919,589.991197075,0.79982729066
replacement,replacement_01920,800.479502635,0.79126125071
replacement,replacement_01921,659.78588943,0.800379156502
replacement,replacement_01922,1023.36827763,0.674219101555
replacement,replacement_01923,564.358977381,0.799633290573
replacement,replacement_01924,1011.54767585,0.693145488852
replacement,replacement_01925,779.428732164,0.807706975431
replacement,replacement_01926,1176.09460339,0.59895836718
replacement,replacement_01927,1199.18083568,0.576498906758
replacement,replacement_01928,814.704083424,0.796190432983
replacement,replacement_01929,698.108422804,0.801762405717
replacement,replacement_01930,562.218602287,0.796795778501
replacement,replacement_01931,917.664572196,0.752592587193
replacement,replacement_01932,821.046257092,0.78732882129
replacement,replacement_01933,701.648295111,0.794461307554
replacement,replacement_01934,918.283579608,0.745093659611
replacement,replacement_01935,690.367926817,0.801808810074
replacement,replacement_01936,530.961503992,0.799789614924
replacement,replacement_01937,552.919331539,0.795477474973
replacement,replacement_01938,749.43847213,0.796851028692
replacement,replacement_01939,904.14617927,0.760965439145
replacement,replacement_01940,954.739767537,0.733953103953
replacement,replacement_01941,585.881474478,0.801985278035
replacement,replacement_01942,1002.00076776,0.689536113233
replacement,replacement_01943,969.99829781,0.708967412563
replacement,replacement_01944,596.238297256,0.800679153436
replacement,replacement_01945,553.068364583,0.805997246251
replacement,replacement_01946,699.043774812,0.794825853363
replacement,replacement_01947,797.185141093,0.781170916796
replacement,replacement_01948,579.337948033,0.789028497026
replacement,replacement_01949,639.697061895,0.793985108703
replacement,replacement_01950,1142.93690548,0.6128614573
replacement,replacement_01951,1052.00712844,0.666380045008
replacement,replacement_01952,531.995299252,0.800278561333
replacement,replacement_01953,1100.56117493,0.639909566973
replacement,replacement_01954,945.083332458,0.72792744138
replacement,replacement_01955,846.282888876,0.790115276032
replacement,replacement_01956,969.786232364,0.718511673623
replacement,replacement_01957,963.002637111,0.721922101887
replacement,replacement_01958,706.58379252,0.788155525538
replacement,replacement_01959,816.445873453,0.801803026991
replacement,replacement_01960,931.251246727,0.736113396426
replacement,replacement_01961,605.490450182,0.799579085448
replacement,replacement_01962,525.771728691,0.80722299718
replacement,replacement_01963,515.526727082,0.792550576421
replacement,replacement_01964,884.150159043,0.776705051999
replacement,replacement_01965,905.875465352,0.753533909321
replacement,replacement_01966,1022.48428366,0.681663492792
replacement,replacement_01967,613.685673343,0.793741837977
replacement,replacement_01968,1145.27612633,0.619435469731
replacement,replacement_01969,654.292240581,0.808765782483
replacement,replacement_01970,633.650864326,0.791851680799
replacement,replacement_01971,1032.71055193,0.679804018459
replacement,replacement_01972,1079.31090176,0.650555497587
replacement,replacement_01973,1104.77695748,0.631145116474
replacement,replacement_01974,865.876202505,0.785632694504
replacement,replacement_01975,1046.58251074,0.666461331049
replacement,replacement_01976,1130.16012631,0.620241082402
replacement,replacement_01977,684.622560499,0.794577524034
replacement,replacement_01978,734.760662596,0.797060387565
replacement,replacement_01979,1011.00741936,0.689181589381
replacement,replacement_01980,1078.10053578,0.652457790806
replacement,replacement_01981,1111.68425188,0.641843998641
replacement,replacement_01982,1103.47618941,0.635115218715
replacement,replacement_01983,1183.04404194,0.581672105656
replacement,replacement_01984,507.666671885,0.789637520725
replacement,replacement_01985,970.622615005,0.723876975488
replacement,replacement_01986,555.443049084,0.795037377159
replacement,replacement_01987,1188.07203633,0.586221225584
replacement,replacement_01988,1172.38882298,0.598980723072
replacement,replacement_01989,904.002025802,0.754513882992
replacement,replacement_01990,923.574505325,0.753908066975
replacement,replacement_01991,1163.59304983,0.592128763285
replacement,replacement_01992,1129.47544723,0.608857888728
replacement,replacement_01993,946.539841983,0.730224477674
replacement,replacement_01994,963.774235979,0.717468872736
replacement,replacement_01995,801.959881106,0.796104222746
replacement,replacement_01996,734.595688932,0.793919943316
replacement,replacement_01997,920.528201355,0.743458467438
replacement,replacement_01998,684.878897906,0.78889391919
replacement,replacement_01999,992.687819313,0.696851139806
replacement,replacement_02000,1116.12467574,0.616554326408
replacement,replacement_02001,696.115930697,0.798966087896
replacement,replacement_02002,534.57049802,0.792434775723
replacement,replacement_02003,1191.83876274,0.594863632474
replacement,replacement_02004,985.979627927,0.715715383383
replacement,replacement_02005,571.856737836,0.791335206051
replacement,replacement_02006,1001.86203639,0.691868526042
replacement,replacement_02007,970.990237152,0.727540323884
replacement,replacement_02008,857.873355819,0.784257463839
replacement,replacement_02009,1189.17243339,0.590238247125
replacement,replacement_02010,761.503146092,0.795662541715
replacement,replacement_02011,1011.38318877,0.691596067815
replacement,replacement_02012,1130.10051208,0.618468627222
replacement,replacement_02013,751.19714197,0.789097579715
replacement,replacement_02014,1179.68503058,0.587586652154
replacement,replacement_02015,1174.30601925,0.591145716574
replacement,replacement_02016,512.247209139,0.800330646752
replacement,replacement_02017,1158.29235861,0.605460777653
replacement,replacement_02018,905.503070861,0.761241143504
replacement,replacement_02019,766.67464605,0.787608680687
replacement,replacement_02020,902.137061603,0.756596927347
replacement,replacement_02021,1013.36051176,0.704835589332
replacement,replacement_02022,1154.49799729,0.604252133032
replacement,replacement_02023,1148.65453804,0.603247614874
replacement,replacement_02024,1091.73587578,0.648779808775
replacement,replacement_02025,510.473822699,0.798045026865
replacement,replacement_02026,699.797172952,0.801957311476
replacement,replacement_02027,595.974557272,0.799405556791
replacement,replacement_02028,912.799118259,0.735672817081
replacement,replacement_02029,1142.98664166,0.612242274965
replacement,replacement_02030,693.59769528,0.795074096622
replacement,replacement_02031,1097.70799335,0.645694309284
replacement,replacement_02032,900.543340184,0.764557226032
replacement,replacement_02033,750.573972455,0.786145715066
replacement,replacement_02034,912.429427136,0.763645089244
replacement,replacement_02035,817.434017952,0.78890414553
replacement,replacement_02036,1089.97952818,0.655404756035
replacement,replacement_02037,1177.67933933,0.590107767475
replacement,replacement_02038,813.403136611,0.798833176604
replacement,replacement_02039,846.497158938,0.78698351945
replacement,replacement_02040,794.164739206,0.794516459275
replacement,replacement_02041,533.085077937,0.797954447133
replacement,replacement_02042,839.613243722,0.77970888936
replacement,replacement_02043,767.593312926,0.794319411433
replacement,replacement_02044,514.442471574,0.799340399211
replacement,replacement_02045,818.554926643,0.792504792226
replacement,replacement_02046,583.111560534,0.79951038495
replacement,replacement_02047,758.642277232,0.798848632839
replacement,replacement_02048,542.984679197,0.80211290115
replacement,replacement_02049,838.690404431,0.783482871705
replacement,replacement_02050,1141.19428515,0.601443373997
replacement,replacement_02051,917.104617285,0.751869168677
replacement,replacement_02052,933.46380354,0.740990926338
replacement,replacement_02053,684.266495561,0.793551542533
replacement,replacement_02054,623.985089496,0.79894870049
replacement,replacement_02055,1063.77422703,0.66170163623
replacement,replacement_02056,776.28208323,0.786831523411
replacement,replacement_02057,995.590043438,0.696834179422
replacement,replacement_02058,1191.49797348,0.586403514378
replacement,replacement_02059,902.460756468,0.753560062498
replacement,replacement_02060,934.446205086,0.737845116281
replacement,replacement_02061,900.35655587,0.757206053625
replacement,replacement_02062,676.983177898,0.797011037157
replacement,replacement_02063,629.49387512,0.785098301447
replacement,replacement_02064,629.606004069,0.803470581305
replacement,replacement_02065,794.313667541,0.796512528475
replacement,replacement_02066,601.705148799,0.795863642059
replacement,replacement_02067,604.708008263,0.791573320471
replacement,replacement_02068,793.323774947,0.787539491342
replacement,replacement_02069,1052.13516319,0.670949796293
replacement,replacement_02070,626.791891341,0.795982970874
replacement,replacement_02071,864.375721339,0.791078693151
replacement,replacement_02072,1133.43292837,0.615995033293
replacement,replacement_02073,561.37328787,0.802532799242
replacement,replacement_02074,625.649224152,0.792009120121
replacement,replacement_02075,579.98782768,0.79423224798
replacement,replacement_02076,1027.2390517,0.676161720106
replacement,replacement_02077,1019.36838036,0.682247509469
replacement,replacement_02078,886.132120183,0.757035295271
replacement,replacement_02079,751.505046407,0.784359170386
replacement,replacement_02080,634.343619323,0.794308932836
replacement,replacement_02081,501.661991047,0.800866413552
replacement,replacement_02082,673.756296623,0.782512264698
replacement,replacement_02083,507.182166108,0.798219624166
replacement,replacement_02084,994.905946154,0.701744840065
replacement,replacement_02085,1108.40470525,0.636762504841
replacement,replacement_02086,811.618378815,0.790960439315
replacement,replacement_02087,653.8840823,0.7978152891
replacement,replacement_02088,661.01726136,0.793284058975
replacement,replacement_02089,787.689985449,0.792437921234
replacement,replacement_02090,521.884296393,0.799664214132
replacement,replacement_02091,625.894176995,0.811283052336
replacement,replacement_02092,1048.35140021,0.671571829062
replacement,replacement_02093,879.22368506,0.77699581833
replacement,replacement_02094,1029.38761682,0.680659015596
replacement,replacement_02095,1071.97417933,0.664065414049
replacement,replacement_02096,790.774624105,0.792950556591
replacement,replacement_02097,601.289174485,0.795789576611
replacement,replacement_02098,542.940517595,0.796845634808
replacement,replacement_02099,1111.72324288,0.622642725702
replacement,replacement_02100,1019.78697582,0.695597133834
replacement,replacement_02101,553.710174309,0.793556089685
replacement,replacement_02102,1001.20281867,0.707166885748
replacement,replacement_02103,857.06735292,0.78177690259
replacement,replacement_02104,900.8277693,0.761423249733
replacement,replacement_02105,1170.74177956,0.590172450094
replacement,replacement_02106,1074.44970068,0.650117586889
replacement,replacement_02107,1054.26592938,0.661564317147
replacement,replacement_02108,835.971149698,0.800023505318
replacement,replacement_02109,882.699901658,0.761276015604
replacement,replacement_02110,1025.5741443,0.682707043085
replacement,replacement_02111,809.618035148,0.785078564181
replacement,replacement_02112,729.180246305,0.788523426863
replacement,replacement_02113,562.093902017,0.787205657059
replacement,replacement_02114,1179.12976211,0.593245923315
replacement,replacement_02115,1080.68046394,0.647036418906
replacement,replacement_02116,500.580573769,0.794701875237
replacement,replacement_02117,670.161532703,0.782659688154
replacement,replacement_02118,1045.11323144,0.669112949445
replacement,replacement_02119,517.416386207,0.809743104478
replacement,replacement_02120,803.79674111,0.793143552486
replacement,replacement_02121,822.354345754,0.788899296432
replacement,replacement_02122,947.105941311,0.737454922885
replacement,replacement_02123,701.562329604,0.790845368234
replacement,replacement_02124,834.616716594,0.790308733824
replacement,replacement_02125,953.631954864,0.73417228676
replacement,replacement_02126,535.222476748,0.794117034022
replacement,replacement_02127,565.043260234,0.789062666046
replacement,replacement_02128,917.193277243,0.75283232201
replacement,replacement_02129,933.304590654,0.736333719523
replacement,replacement_02130,518.486827231,0.786905497705
replacement,replacement_02131,955.289685115,0.733353988958
replacement,replacement_02132,583.708830855,0.80179371783
replacement,replacement_02133,726.488438036,0.785477715697
replacement,replacement_02134,1125.95086642,0.618548097653
replacement,replacement_02135,985.052538277,0.705737286068
replacement,replacement_02136,742.174855709,0.781890293476
replacement,replacement_02137,1109.25034296,0.637483695258
replacement,replacement_02138,725.161544633,0.788985419976
replacement,replacement_02139,946.959550571,0.738259960236
replacement,replacement_02140,710.512604586,0.785997787998
replacement,replacement_02141,592.472199865,0.790404045354
replacement,replacement_02142,649.374025843,0.793586617294
replacement,replacement_02143,956.492141089,0.729677155082
replacement,replacement_02144,839.450643207,0.807631881776
replacement,replacement_02145,675.436719074,0.798935965184
replacement,replacement_02146,1112.41421978,0.626817646478
replacement,replacement_02147,733.236029902,0.797675035481
replacement,replacement_02148,768.152974607,0.786945696471
replacement,replacement_02149,590.731810057,0.787528991523
replacement,replacement_02150,591.992550485,0.798156771571
replacement,replacement_02151,1104.38097262,0.630952391505
replacement,replacement_02152,713.797817078,0.787635226266
replacement,replacement_02153,1188.85554736,0.584699680767
replacement,replacement_02154,607.241611273,0.799011620376
replacement,replacement_02155,913.938878318,0.744891394466
replacement,replacement_02156,703.005509406,0.787646369224
replacement,replacement_02157,684.407278351,0.796917902243
replacement,replacement_02158,869.600399329,0.784920692986
replacement,replacement_02159,1005.21708365,0.706727900541
replacement,replacement_02160,715.727138541,0.793757783864
replacement,replacement_02161,1104.0301574,0.631601893102
replacement,replacement_02162,704.405088365,0.803973182354
replacement,replacement_02163,1032.86171814,0.683486978808
replacement,replacement_02164,1057.78310153,0.660720187538
replacement,replacement_02165,1015.43705997,0.691994718145
replacement,replacement_02166,772.320966059,0.798323301839
replacement,replacement_02167,1049.16826997,0.674887237084
replacement,replacement_02168,1104.12509525,0.635126719405
replacement,replacement_02169,558.382288033,0.793324360553
replacement,replacement_02170,645.221178309,0.790988188952
replacement,replacement_02171,707.434147238,0.799305539078
replacement,replacement_02172,597.489189672,0.791545454492
replacement,replacement_02173,1119.73500121,0.628216098195
replacement,replacement_02174,967.412379421,0.720956404364
replacement,replacement_02175,766.459105557,0.803447422431
replacement,replacement_02176,820.689797787,0.795217486502
replacement,replacement_02177,726.527227378,0.78662049793
replacement,replacement_02178,768.866144213,0.789020095962
replacement,replacement_02179,995.835852487,0.691622660224
replacement,replacement_02180,615.561430589,0.798651731527
replacement,replacement_02181,1015.46557277,0.687242253258
replacement,replacement_02182,862.445698904,0.787193009572
replacement,replacement_02183,683.791030383,0.798216128799
replacement,replacement_02184,930.640441554,0.740972852097
replacement,replacement_02185,773.185298671,0.786718129936
replacement,replacement_02186,500.398936797,0.796525649765
replacement,replacement_02187,766.529749405,0.794294359184
replacement,replacement_02188,903.609975276,0.759949955551
replacement,replacement_02189,1155.51064517,0.600909440797
replacement,replacement_02190,1091.20815943,0.63640472435
replacement,replacement_02191,1176.98540409,0.593050016776
replacement,replacement_02192,1064.72028426,0.665802858215
replacement,replacement_02193,1033.20716906,0.694361266449
replacement,replacement_02194,697.138453052,0.798730685352
replacement,replacement_02195,653.681772565,0.808613731411
replacement,replacement_02196,714.444091336,0.796616123023
replacement,replacement_02197,1042.36313596,0.683125653728
replacement,replacement_02198,746.815998745,0.78621408086
replacement,replacement_02199,1046.54490749,0.68259793845
replacement,replacement_02200,686.766630635,0.797186918685
replacement,replacement_02201,958.140830431,0.73114660076
replacement,replacement_02202,905.011942744,0.748305066013
replacement,replacement_02203,621.970680624,0.788558614446
replacement,replacement_02204,744.173557993,0.806368896128
replacement,replacement_02205,773.971834966,0.797875118631
replacement,replacement_02206,510.503314857,0.791124742373
replacement,replacement_02207,1178.40983927,0.584862468295
replacement,replacement_02208,988.351045373,0.720806558023
replacement,replacement_02209,526.415160132,0.790985727977
replacement,replacement_02210,565.048197336,0.784037071354
replacement,replacement_02211,825.277257851,0.785611131779
replacement,replacement_02212,536.222752067,0.807522921361
replacement,replacement_02213,565.175976673,0.794074922802
replacement,replacement_02214,1187.44819935,0.570240412497
replacement,replacement_02215,1000.2219273,0.703184235556
replacement,replacement_02216,738.936320393,0.799314769586
replacement,replacement_02217,1055.77016335,0.66251502315
replacement,replacement_02218,581.577025056,0.79959530289
replacement,replacement_02219,1025.67213708,0.690305103251
replacement,replacement_02220,1078.30044654,0.655083266111
replacement,replacement_02221,622.552073848,0.787694097413
replacement,replacement_02222,885.92332857,0.76788671499
replacement,replacement_02223,790.356447452,0.79259374524
replacement,replacement_02224,1171.1443019,0.596323888621
replacement,replacement_02225,741.483307729,0.789887840607
replacement,replacement_02226,630.279899396,0.784194152058
replacement,replacement_02227,1026.42165184,0.682126987346
replacement,replacement_02228,932.210448364,0.739225611781
replacement,replacement_02229,813.01381287,0.789161545167
replacement,replacement_02230,675.860130058,0.798289233998
replacement,replacement_02231,650.214263781,0.79940417752
replacement,replacement_02232,648.924974953,0.786278663989
replacement,replacement_02233,1118.15936162,0.614717799554
replacement,replacement_02234,630.762260649,0.790889894992
replacement,replacement_02235,596.097911179,0.794732087665
replacement,replacement_02236,518.421320562,0.800638935495
replacement,replacement_02237,1067.1776192,0.670446605823
replacement,replacement_02238,617.238361769,0.791857720748
replacement,replacement_02239,617.922811517,0.800660939007
replacement,replacement_02240,707.021286921,0.793965650194
replacement,replacement_02241,971.376741968,0.711942457474
replacement,replacement_02242,644.013900413,0.797576715679
replacement,replacement_02243,552.561251078,0.798211867053
replacement,replacement_02244,890.974482601,0.76042007558
replacement,replacement_02245,922.448299558,0.747862662417
replacement,replacement_02246,539.868288271,0.803446443339
replacement,replacement_02247,1053.15768113,0.669086187593
replacement,replacement_02248,1024.54549248,0.673793058464
replacement,replacement_02249,817.252060699,0.78642933739
replacement,replacement_02250,820.638896891,0.792962673998
replacement,replacement_02251,1002.22376422,0.685437846853
replacement,replacement_02252,547.572280602,0.805024343515
replacement,replacement_02253,1113.61832932,0.634797147192
replacement,replacement_02254,782.08565629,0.796023503949
replacement,replacement_02255,869.511157135,0.781722872038
replacement,replacement_02256,647.567173988,0.804927078795
replacement,replacement_02257,706.84139051,0.787126840243
replacement,replacement_02258,707.895736846,0.803294454021
replacement,replacement_02259,1041.97855384,0.665403421488
replacement,replacement_02260,1058.83929093,0.672602549605
replacement,replacement_02261,916.859677375,0.744278212516
replacement,replacement_02262,762.066642926,0.797792797598
replacement,replacement_02263,674.699523347,0.787155306411
replacement,replacement_02264,1141.29681199,0.610096270755
replacement,replacement_02265,1174.95779005,0.595361438987
replacement,replacement_02266,873.764360913,0.783490302859
replacement,replacement_02267,978.845181577,0.719129579484
replacement,replacement_02268,1182.85292213,0.582021166652
replacement,replacement_02269,1100.65598109,0.631390731693
replacement,replacement_02270,1075.95582278,0.655508667333
replacement,replacement_02271,706.591236973,0.798302250231
replacement,replacement_02272,772.560543871,0.789027994935
replacement,replacement_02273,629.560579717,0.801363789868
replacement,replacement_02274,851.557884617,0.782299722844
replacement,replacement_02275,744.366222244,0.785715365799
replacement,replacement_02276,824.006419494,0.785383013578
replacement,replacement_02277,820.713422384,0.790811436415
replacement,replacement_02278,855.255668632,0.779404452396
replacement,replacement_02279,875.933311361,0.78733067105
replacement,replacement_02280,688.403574073,0.798394336265
replacement,replacement_02281,1012.95745042,0.685130280058
replacement,replacement_02282,702.005716491,0.793023254118
replacement,replacement_02283,655.157275243,0.799770772551
replacement,replacement_02284,1107.95919907,0.626458567777
replacement,replacement_02285,1110.13491918,0.632859984542
replacement,replacement_02286,950.257819207,0.735418834046
replacement,replacement_02287,1044.60673506,0.674140068922
replacement,replacement_02288,943.056194957,0.725237017145
replacement,replacement_02289,654.215838265,0.789358159664
replacement,replacement_02290,527.663823792,0.795708622716
replacement,replacement_02291,859.156676677,0.770906491301
replacement,replacement_02292,792.688297013,0.795336221784
replacement,replacement_02293,1118.13013403,0.636364053395
replacement,replacement_02294,1095.38125718,0.648141551386
replacement,replacement_02295,1119.05892023,0.627448094003
replacement,replacement_02296,762.493451165,0.797440730521
replacement,replacement_02297,734.792427918,0.792341320523
replacement,replacement_02298,1106.50008154,0.640472304179
replacement,replacement_02299,775.739272005,0.791002931007
replacement,replacement_02300,537.160716392,0.798297219003
replacement,replacement_02301,931.786823047,0.737981545662
replacement,replacement_02302,727.69643884,0.785000023035
replacement,replacement_02303,998.56628136,0.699587563969
replacement,replacement_02304,675.466165819,0.79936638351
replacement,replacement_02305,1119.66031932,0.627522367327
replacement,replacement_02306,650.399778945,0.800173156295
replacement,replacement_02307,643.761781983,0.803711762442
replacement,replacement_02308,822.121345808,0.784489657381
replacement,replacement_02309,1156.13667747,0.59988536697
replacement,replacement_02310,1081.78601919,0.65253399624
replacement,replacement_02311,776.750314672,0.78387662417
replacement,replacement_02312,732.079312515,0.795808686384
replacement,replacement_02313,501.734419754,0.789132020322
replacement,replacement_02314,847.268910581,0.788082839313
replacement,replacement_02315,556.817900303,0.789863289306
replacement,replacement_02316,633.290096249,0.784557362331
replacement,replacement_02317,722.66988289,0.796245009483
replacement,replacement_02318,570.909580816,0.79521596157
replacement,replacement_02319,735.287474418,0.800060002324
replacement,replacement_02320,1046.17352163,0.663040440428
replacement,replacement_02321,629.046681941,0.799663369264
replacement,replacement_02322,704.641775965,0.797896065053
replacement,replacement_02323,1004.37426153,0.706204508055
replacement,replacement_02324,1159.7155137,0.598153284687
replacement,replacement_02325,743.896187429,0.783525580479
replacement,replacement_02326,669.133529261,0.783608104442
replacement,replacement_02327,1010.86362622,0.703011379148
replacement,replacement_02328,582.987923228,0.801067185699
replacement,replacement_02329,825.53941695,0.793949036064
replacement,replacement_02330,899.674340643,0.770915394332
replacement,replacement_02331,639.224688353,0.798139727141
replacement,replacement_02332,946.131244182,0.723960054464
replacement,replacement_02333,594.051791652,0.79858535985
replacement,replacement_02334,614.159845073,0.800054034038
replacement,replacement_02335,730.115847163,0.794698242421
replacement,replacement_02336,814.331745704,0.80040403462
replacement,replacement_02337,772.956998322,0.78713589606
replacement,replacement_02338,503.244300765,0.814088069187
replacement,replacement_02339,833.768347014,0.796043540556
replacement,replacement_02340,633.265095359,0.795469565195
replacement,replacement_02341,1053.18055036,0.660566432123
replacement,replacement_02342,501.820523409,0.79348437535
replacement,replacement_02343,600.759088102,0.790891440753
replacement,replacement_02344,899.447356076,0.756719506581
replacement,replacement_02345,1149.02515069,0.611302909561
replacement,replacement_02346,634.048100457,0.794329581981
replacement,replacement_02347,704.627058943,0.796912964412
replacement,replacement_02348,1067.73237486,0.653329891499
replacement,replacement_02349,617.880876999,0.79737700798
replacement,replacement_02350,832.441627412,0.789853425903
replacement,replacement_02351,644.967698227,0.788993611818
replacement,replacement_02352,1120.77747259,0.629944428332
replacement,replacement_02353,620.129025603,0.793622822091
replacement,replacement_02354,672.663164545,0.787922573435
replacement,replacement_02355,732.388066582,0.795280716505
replacement,replacement_02356,878.902480212,0.782185203142
replacement,replacement_02357,508.734406429,0.804578599736
replacement,replacement_02358,1109.81423866,0.628761058636
replacement,replacement_02359,779.690391316,0.787270302083
replacement,replacement_02360,708.734098469,0.786046167115
replacement,replacement_02361,565.137022821,0.78819816533
replacement,replacement_02362,1026.44084173,0.679844098836
replacement,replacement_02363,835.778579858,0.796916067723
replacement,replacement_02364,1142.54640333,0.60796022287
replacement,replacement_02365,1069.49206436,0.658252787936
replacement,replacement_02366,551.40032686,0.802971348781
replacement,replacement_02367,1123.33557883,0.627582762466
replacement,replacement_02368,548.894258667,0.794690580194
replacement,replacement_02369,648.064837052,0.787793337707
replacement,replacement_02370,606.206011541,0.793986381908
replacement,replacement_02371,923.618474679,0.747171401971
replacement,replacement_02372,1181.40239285,0.58926992149
replacement,replacement_02373,838.672846521,0.79310508795
replacement,replacement_02374,888.228840261,0.77118733383
replacement,replacement_02375,539.399487964,0.805082451567
replacement,replacement_02376,1084.23692442,0.656021545248
replacement,replacement_02377,1091.16479346,0.639815765045
replacement,replacement_02378,688.83438734,0.803104328859
replacement,replacement_02379,767.579003969,0.77529786482
replacement,replacement_02380,894.134079889,0.775481703741
replacement,replacement_02381,1068.98492268,0.650944203654
replacement,replacement_02382,927.24558542,0.741891506515
replacement,replacement_02383,1129.6656328,0.617245056898
replacement,replacement_02384,785.76817667,0.796048410147
replacement,replacement_02385,1138.95275855,0.60543704383
replacement,replacement_02386,975.695362938,0.715607570936
replacement,replacement_02387,835.211923128,0.789121951541
replacement,replacement_02388,725.577804301,0.791138974578
replacement,replacement_02389,1014.74884482,0.693651200885
replacement,replacement_02390,649.432958879,0.805011805304
replacement,replacement_02391,1193.4583915,0.583036301481
replacement,replacement_02392,1066.36593519,0.65122813676
replacement,replacement_02393,1190.45468434,0.592115282806
replacement,replacement_02394,974.670288356,0.712219712975
replacement,replacement_02395,585.297671232,0.798263778292
replacement,replacement_02396,629.320437994,0.795194111105
replacement,replacement_02397,1158.37359155,0.614370273493
replacement,replacement_02398,1149.45491846,0.610390136651
replacement,replacement_02399,758.239574777,0.799939095279
replacement,replacement_02400,667.159389112,0.792738204671
replacement,replacement_02401,775.946921516,0.795755614384
replacement,replacement_02402,1063.27385048,0.663465050075
replacement,replacement_02403,973.844127041,0.720735386999
replacement,replacement_02404,532.12735956,0.800518664336
replacement,replacement_02405,990.011321482,0.703605610477
replacement,replacement_02406,1028.4894411,0.690887487981
replacement,replacement_02407,931.639060112,0.744892247546
replacement,replacement_02408,1053.45627006,0.668258871075
replacement,replacement_02409,1174.95175138,0.600575677293
replacement,replacement_02410,722.921566662,0.788938592616
replacement,replacement_02411,1066.21331889,0.663765467255
replacement,replacement_02412,716.01411796,0.797126813716
replacement,replacement_02413,1044.57273005,0.676253390712
replacement,replacement_02414,864.876820341,0.788392976258
replacement,replacement_02415,1046.41081953,0.668500355712
replacement,replacement_02416,804.721790073,0.791947132682
replacement,replacement_02417,921.336815883,0.745448578034
replacement,replacement_02418,825.301183216,0.796138094219
replacement,replacement_02419,624.744496101,0.792009303267
replacement,replacement_02420,545.746022525,0.792848111452
replacement,replacement_02421,825.909429058,0.791436223108
replacement,replacement_02422,931.815737576,0.732524863023
replacement,replacement_02423,671.544614183,0.797820641456
replacement,replacement_02424,624.272941323,0.795022965164
replacement,replacement_02425,826.128497068,0.793276565726
replacement,replacement_02426,784.686585685,0.791936538378
replacement,replacement_02427,1074.34607988,0.647822093189
replacement,replacement_02428,811.017599187,0.774266421691
replacement,replacement_02429,1079.31896601,0.65760808619
replacement,replacement_02430,685.84533717,0.790683310131
replacement,replacement_02431,1010.04663697,0.687882331236
replacement,replacement_02432,706.938235682,0.787510920269
replacement,replacement_02433,991.989681645,0.704830917966
replacement,replacement_02434,650.052742571,0.794643342355
replacement,replacement_02435,1164.56146604,0.602410231401
replacement,replacement_02436,1082.21247487,0.657965447191
replacement,replacement_02437,750.010902522,0.79222438243
replacement,replacement_02438,891.124614979,0.763906648652
replacement,replacement_02439,1134.56246875,0.62131531307
replacement,replacement_02440,995.399392837,0.705372798321
replacement,replacement_02441,807.052666153,0.78382093866
replacement,replacement_02442,521.859234716,0.797724056821
replacement,replacement_02443,845.07461384,0.787681548149
replacement,replacement_02444,946.337184084,0.738442227523
replacement,replacement_02445,608.396539475,0.803038369992
replacement,replacement_02446,1138.47334742,0.611155686858
replacement,replacement_02447,1089.53606066,0.635186418003
replacement,replacement_02448,987.127290846,0.717577746963
replacement,replacement_02449,845.546478648,0.782347290952
replacement,replacement_02450,1185.10286772,0.573372662243
replacement,replacement_02451,938.429180726,0.743784521108
replacement,replacement_02452,927.96754277,0.733718760162
replacement,replacement_02453,822.96755348,0.805248250305
replacement,replacement_02454,1025.54796066,0.679703447248
replacement,replacement_02455,1012.85846115,0.691112786173
replacement,replacement_02456,536.000275876,0.796431408352
replacement,replacement_02457,768.787674371,0.793676473328
replacement,replacement_02458,1038.00941994,0.672438044028
replacement,replacement_02459,882.860241652,0.776135698704
replacement,replacement_02460,762.124414461,0.777946150231
replacement,replacement_02461,742.212921736,0.791446318394
replacement,replacement_02462,511.997875445,0.797276966996
replacement,replacement_02463,896.704403808,0.768604087898
replacement,replacement_02464,516.483406801,0.80437403919
replacement,replacement_02465,773.473956938,0.798157829501
replacement,replacement_02466,866.263455662,0.780761422959
replacement,replacement_02467,933.219425837,0.736247148855
replacement,replacement_02468,1093.48945781,0.651243424791
replacement,replacement_02469,671.930329995,0.790175797704
replacement,replacement_02470,596.393600691,0.786073541422
replacement,replacement_02471,642.056920974,0.790351188149
replacement,replacement_02472,504.01707881,0.804033367989
replacement,replacement_02473,976.947134166,0.709446211965
replacement,replacement_02474,1148.38752425,0.597927892556
replacement,replacement_02475,1159.66172497,0.591075954739
replacement,replacement_02476,869.906713895,0.777637500232
replacement,replacement_02477,863.439321478,0.786835245438
replacement,replacement_02478,608.132200187,0.80067055904
replacement,replacement_02479,546.882299556,0.798080907596
replacement,replacement_02480,546.45178853,0.800302572487
replacement,replacement_02481,843.505696968,0.793018042048
replacement,replacement_02482,779.611284353,0.797381197084
replacement,replacement_02483,1149.81511878,0.59547709175
replacement,replacement_02484,788.721689408,0.784040220343
replacement,replacement_02485,758.059906631,0.789336607841
replacement,replacement_02486,1097.5484629,0.642762583482
replacement,replacement_02487,650.754843112,0.786745336637
replacement,replacement_02488,1125.59919649,0.616175778351
replacement,replacement_02489,659.943046339,0.785617447297
replacement,replacement_02490,1002.6691997,0.700901590692
replacement,replacement_02491,529.900610221,0.797677793364
replacement,replacement_02492,1145.56230554,0.607224336083
replacement,replacement_02493,879.651560559,0.76644309591
replacement,replacement_02494,627.098465215,0.79565015145
replacement,replacement_02495,1130.860397,0.62234517339
replacement,replacement_02496,536.302758736,0.784601534227
replacement,replacement_02497,985.596639713,0.707755261023
replacement,replacement_02498,1182.87176263,0.588186859862
replacement,replacement_02499,600.283068692,0.799498915156
replacement,replacement_02500,830.801263798,0.798377633969
replacement,replacement_02501,517.422012992,0.79184735183
replacement,replacement_02502,1033.38877955,0.680338521895
replacement,replacement_02503,650.876493982,0.799522953495
replacement,replacement_02504,677.184945259,0.802140090152
replacement,replacement_02505,611.537652138,0.797478810123
replacement,replacement_02506,672.482778479,0.805214495646
replacement,replacement_02507,596.407312346,0.799404380139
replacement,replacement_02508,1121.83843691,0.630681820843
replacement,replacement_02509,861.760662422,0.789278661894
replacement,replacement_02510,615.567131163,0.785130868185
replacement,replacement_02511,699.80422769,0.790793054748
replacement,replacement_02512,912.650276025,0.748506952501
replacement,replacement_02513,932.342150021,0.741207322944
replacement,replacement_02514,693.860279825,0.787207278157
replacement,replacement_02515,965.464120469,0.724449199106
replacement,replacement_02516,1117.89192279,0.632653403142
replacement,replacement_02517,736.187900028,0.786438054248
replacement,replacement_02518,933.372509578,0.737068430059
replacement,replacement_02519,649.226755124,0.799666927615
replacement,replacement_02520,620.558937849,0.794916930505
replacement,replacement_02521,708.864652219,0.796094815539
replacement,replacement_02522,672.737400869,0.788303593471
replacement,replacement_02523,958.057688905,0.731991817742
replacement,replacement_02524,751.057712237,0.790171258946
replacement,replacement_02525,994.143426691,0.704896882333
replacement,replacement_02526,815.803108314,0.806114618101
replacement,replacement_02527,530.575669172,0.800889903856
replacement,replacement_02528,718.541546182,0.797832809657
replacement,replacement_02529,1010.82196291,0.681049939458
replacement,replacement_02530,551.496913652,0.810149474564
replacement,replacement_02531,893.986638844,0.759824802771
replacement,replacement_02532,723.892523066,0.793611804576
replacement,replacement_02533,993.557062475,0.70362006511
replacement,replacement_02534,611.301641319,0.792581324093
replacement,replacement_02535,1110.88785056,0.636607224949
replacement,replacement_02536,1065.12652772,0.645825374728
replacement,replacement_02537,1155.39203586,0.605680034751
replacement,replacement_02538,642.06684897,0.79561313698
replacement,replacement_02539,727.487382327,0.79143825561
replacement,replacement_02540,646.251138725,0.797628997898
replacement,replacement_02541,897.412154611,0.761974011341
replacement,replacement_02542,816.275172096,0.786439594389
replacement,replacement_02543,1122.79504944,0.611330011643
replacement,replacement_02544,937.184791499,0.727269219607
replacement,replacement_02545,523.993958223,0.788710875151
replacement,replacement_02546,1194.43611412,0.583674766723
replacement,replacement_02547,539.02321063,0.805953008966
replacement,replacement_02548,841.791026594,0.786351625373
replacement,replacement_02549,534.833789152,0.798960560767
replacement,replacement_02550,831.360034433,0.792047148953
replacement,replacement_02551,1183.45542357,0.593003999713
replacement,replacement_02552,734.573481555,0.789667024467
replacement,replacement_02553,599.77830738,0.787887247298
replacement,replacement_02554,996.468106232,0.706492997931
replacement,replacement_02555,1061.47440258,0.648927257125
replacement,replacement_02556,677.783081893,0.790522845106
replacement,replacement_02557,991.174368144,0.689468034395
replacement,replacement_02558,931.969930455,0.746675328746
replacement,replacement_02559,906.301166165,0.753212792488
replacement,replacement_02560,1177.44974976,0.587364260257
replacement,replacement_02561,981.204641584,0.711812805471
replacement,replacement_02562,625.68776413,0.794666786922
replacement,replacement_02563,852.93528067,0.788562315889
replacement,replacement_02564,1181.28661761,0.583428063202
replacement,replacement_02565,871.08681636,0.783518505374
replacement,replacement_02566,565.923646983,0.791149693532
replacement,replacement_02567,726.07336535,0.783829581791
replacement,replacement_02568,582.413552444,0.794457441382
replacement,replacement_02569,653.374992093,0.794672215351
replacement,replacement_02570,721.40459329,0.796354414968
replacement,replacement_02571,601.872963301,0.798506698452
replacement,replacement_02572,951.46820701,0.738695734224
replacement,replacement_02573,959.950509592,0.718857261442
replacement,replacement_02574,1195.93392525,0.585238502846
replacement,replacement_02575,1186.52790151,0.591073012406
replacement,replacement_02576,1198.56241528,0.586843779529
replacement,replacement_02577,1081.48099679,0.657030775718
replacement,replacement_02578,1191.13682866,0.575401932929
replacement,replacement_02579,563.304204949,0.791138846631
replacement,replacement_02580,694.683246576,0.796076058277
replacement,replacement_02581,1062.11870594,0.67109397168
replacement,replacement_02582,601.95766865,0.809027918251
replacement,replacement_02583,1005.47799369,0.69466735822
replacement,replacement_02584,646.452533169,0.793980124255
replacement,replacement_02585,560.52604343,0.798102154337
replacement,replacement_02586,991.462476536,0.710884399074
replacement,replacement_02587,881.572254075,0.777806025693
replacement,replacement_02588,1065.54488775,0.664826498143
replacement,replacement_02589,1029.7969406,0.687971861187
replacement,replacement_02590,1198.93966914,0.584304919765
replacement,replacement_02591,808.34942762,0.790598952519
replacement,replacement_02592,1104.03450823,0.63598155509
replacement,replacement_02593,1039.80033391,0.67967852041
replacement,replacement_02594,1074.84078028,0.657042219068
replacement,replacement_02595,969.745558313,0.716363930107
replacement,replacement_02596,669.076507661,0.802593743555
replacement,replacement_02597,548.296634369,0.802037764403
replacement,replacement_02598,1050.24316671,0.660219010706
replacement,replacement_02599,1001.69889269,0.707570271188
replacement,replacement_02600,1056.12111968,0.671209839803
replacement,replacement_02601,631.274555217,0.793232094498
replacement,replacement_02602,884.572449136,0.778149680356
replacement,replacement_02603,778.217591644,0.785147031969
replacement,replacement_02604,899.096276374,0.761487840529
replacement,replacement_02605,721.065111228,0.798913427376
replacement,replacement_02606,837.666608585,0.789795988808
replacement,replacement_02607,712.227585456,0.78929530967
replacement,replacement_02608,965.881527711,0.727454899876
replacement,replacement_02609,955.696532651,0.723700874579
replacement,replacement_02610,733.994993981,0.788753527661
replacement,replacement_02611,977.175910498,0.707168518268
replacement,replacement_02612,613.603373426,0.803048594149
replacement,replacement_02613,580.850080244,0.794426582929
replacement,replacement_02614,1002.8332419,0.689993420127
replacement,replacement_02615,1193.47447864,0.576816186421
replacement,replacement_02616,623.372285682,0.789207272018
replacement,replacement_02617,619.907455317,0.788520429663
replacement,replacement_02618,1058.91515269,0.657519175666
replacement,replacement_02619,870.685545662,0.766883142237
replacement,replacement_02620,654.933970941,0.7786302282
replacement,replacement_02621,1131.41728773,0.611418329877
replacement,replacement_02622,866.95733682,0.79074183118
replacement,replacement_02623,956.508727682,0.731287736009
replacement,replacement_02624,841.857422208,0.777628654747
replacement,replacement_02625,976.937941108,0.720291858619
replacement,replacement_02626,827.894561214,0.795936419275
replacement,replacement_02627,1055.56246659,0.662430794357
replacement,replacement_02628,1118.44726211,0.630117392692
replacement,replacement_02629,839.770195737,0.792647084067
replacement,replacement_02630,1009.01568426,0.692673682638
replacement,replacement_02631,649.451533206,0.800285881236
replacement,replacement_02632,778.860213978,0.797203185445
replacement,replacement_02633,732.648024859,0.794070511689
replacement,replacement_02634,891.132733381,0.768162472841
replacement,replacement_02635,1156.53052158,0.591867236842
replacement,replacement_02636,533.918126287,0.797587011317
replacement,replacement_02637,1165.59707696,0.602395536355
replacement,replacement_02638,942.198862751,0.741888812736
replacement,replacement_02639,509.98005257,0.808135872929
replacement,replacement_02640,791.111240733,0.78818183489
replacement,replacement_02641,517.197250782,0.800511353602
replacement,replacement_02642,1132.81210208,0.613637951018
replacement,replacement_02643,654.02786459,0.786937301625
replacement,replacement_02644,994.839279528,0.717573496244
replacement,replacement_02645,936.710251394,0.739483264312
replacement,replacement_02646,686.676895273,0.795750567906
replacement,replacement_02647,779.771157537,0.794213370086
replacement,replacement_02648,1103.19852155,0.636840212953
replacement,replacement_02649,1118.13834116,0.633482154292
replacement,replacement_02650,693.20621769,0.79945815366
replacement,replacement_02651,603.944093433,0.792312503963
replacement,replacement_02652,572.118344542,0.800887019812
replacement,replacement_02653,1020.07654477,0.681069389441
replacement,replacement_02654,676.903800419,0.800386956988
replacement,replacement_02655,1155.64174188,0.607444367784
replacement,replacement_02656,629.170400962,0.789526064512
replacement,replacement_02657,573.518642659,0.790652898513
replacement,replacement_02658,781.547404028,0.788410751971
replacement,replacement_02659,871.008929426,0.779576424414
replacement,replacement_02660,578.169321645,0.799010411277
replacement,replacement_02661,776.611616545,0.786375835881
replacement,replacement_02662,682.293049159,0.794594032883
replacement,replacement_02663,744.089009829,0.789248293784
replacement,replacement_02664,1033.54656759,0.680462244217
replacement,replacement_02665,1149.71474856,0.613607544654
replacement,replacement_02666,723.057568791,0.791683925144
replacement,replacement_02667,728.240367131,0.787035598346
replacement,replacement_02668,970.235533795,0.722623063298
replacement,replacement_02669,572.544584515,0.809061486363
replacement,replacement_02670,719.179744786,0.794139603771
replacement,replacement_02671,717.410680525,0.787590111059
replacement,replacement_02672,920.01592419,0.750233866174
replacement,replacement_02673,871.781952514,0.778115961444
replacement,replacement_02674,854.096951032,0.789268904568
replacement,replacement_02675,790.917847914,0.788973560314
replacement,replacement_02676,1115.47622033,0.63658531773
replacement,replacement_02677,1020.54985383,0.697466225395
replacement,replacement_02678,614.75906929,0.791109944503
replacement,replacement_02679,1197.65173984,0.574344617667
replacement,replacement_02680,638.469643728,0.792961922317
replacement,replacement_02681,887.933946756,0.767161204539
replacement,replacement_02682,509.992180317,0.79973675438
replacement,replacement_02683,1017.48636106,0.686940645653
replacement,replacement_02684,835.588555929,0.795300814028
replacement,replacement_02685,695.4177147,0.795264688718
replacement,replacement_02686,551.969966608,0.78950921704
replacement,replacement_02687,641.067857976,0.796942050933
replacement,replacement_02688,936.881969312,0.744643630791
replacement,replacement_02689,856.334945774,0.802090009436
replacement,replacement_02690,690.125784255,0.789399075574
replacement,replacement_02691,967.35660346,0.719719841004
replacement,replacement_02692,718.472405951,0.794477266019
replacement,replacement_02693,1135.91269903,0.622059837028
replacement,replacement_02694,1050.1652966,0.672152009824
replacement,replacement_02695,616.564655466,0.788881894135
replacement,replacement_02696,1150.72999404,0.613642730818
replacement,replacement_02697,837.454373199,0.793306648873
replacement,replacement_02698,1138.47553789,0.616725683911
replacement,replacement_02699,787.290897483,0.787083625122
replacement,replacement_02700,1106.90458918,0.635625773053
replacement,replacement_02701,710.795789944,0.799157931168
replacement,replacement_02702,1147.56265891,0.608639617488
replacement,replacement_02703,1059.6972289,0.659553346834
replacement,replacement_02704,1037.15697993,0.685187130505
replacement,replacement_02705,1085.34753687,0.645537291501
replacement,replacement_02706,813.614879534,0.802337264247
replacement,replacement_02707,627.030459161,0.804971195373
replacement,replacement_02708,658.46906144,0.796243133964
replacement,replacement_02709,641.959935072,0.794652652325
replacement,replacement_02710,1148.99107376,0.612406279244
replacement,replacement_02711,747.562364095,0.801923646661
replacement,replacement_02712,1002.35674378,0.697282230457
replacement,replacement_02713,594.06005655,0.811706324101
replacement,replacement_02714,994.743219063,0.710188718115
replacement,replacement_02715,871.739922603,0.766949528266
replacement,replacement_02716,701.36197483,0.798002572865
replacement,replacement_02717,873.129810629,0.783053305465
replacement,replacement_02718,559.75513113,0.805125130508
replacement,replacement_02719,1009.13627155,0.689189483266
replacement,replacement_02720,1064.536774,0.656565816869
replacement,replacement_02721,668.164540394,0.804200499566
replacement,replacement_02722,925.540909854,0.747963697285
replacement,replacement_02723,639.331779503,0.790479469848
replacement,replacement_02724,828.035025807,0.78654119268
replacement,replacement_02725,697.30460164,0.800325364178
replacement,replacement_02726,692.781474074,0.786287088955
replacement,replacement_02727,842.716513717,0.79270036518
replacement,replacement_02728,619.940201358,0.795295034625
replacement,replacement_02729,744.137405114,0.790450629115
replacement,replacement_02730,1177.58165889,0.590601708163
replacement,replacement_02731,1134.28319095,0.617851709386
replacement,replacement_02732,818.916126349,0.788442982056
replacement,replacement_02733,1187.92316347,0.590561740234
replacement,replacement_02734,867.862101992,0.760172393143
replacement,replacement_02735,808.813336751,0.788721640527
replacement,replacement_02736,666.474954792,0.797922356688
replacement,replacement_02737,781.472355016,0.793869238506
replacement,replacement_02738,977.689384823,0.70938480644
replacement,replacement_02739,550.75800431,0.808214053832
replacement,replacement_02740,977.091018354,0.721238734705
replacement,replacement_02741,1004.38439144,0.700112293713
replacement,replacement_02742,585.248321159,0.795591988688
replacement,replacement_02743,911.73646351,0.764855842783
replacement,replacement_02744,990.140621248,0.704945439135
replacement,replacement_02745,634.215835688,0.78478362932
replacement,replacement_02746,805.276613811,0.792843500139
replacement,replacement_02747,1195.54142664,0.585886741545
replacement,replacement_02748,1066.48950367,0.650703076449
replacement,replacement_02749,1085.17758313,0.644964992477
replacement,replacement_02750,746.921218909,0.787674798356
replacement,replacement_02751,599.217300582,0.790763518987
replacement,replacement_02752,639.907600803,0.797803075052
replacement,replacement_02753,573.025082308,0.797536564553
replacement,replacement_02754,1080.87575712,0.651286059277
replacement,replacement_02755,557.492997875,0.791227594067
replacement,replacement_02756,598.169723336,0.802094101099
replacement,replacement_02757,610.123934768,0.795683448011
replacement,replacement_02758,956.834198687,0.728453961804
replacement,replacement_02759,706.718109141,0.791127231776
replacement,replacement_02760,602.714453291,0.794190906492
replacement,replacement_02761,1160.79316681,0.595918772081
replacement,replacement_02762,549.456799892,0.794191062784
replacement,replacement_02763,578.074657802,0.787033160823
replacement,replacement_02764,801.847506806,0.787142468452
replacement,replacement_02765,725.425863257,0.798240408729
replacement,replacement_02766,609.437371739,0.793251104899
replacement,replacement_02767,517.391316405,0.804811031879
replacement,replacement_02768,876.518771319,0.775401406896
replacement,replacement_02769,1191.41823031,0.585259636855
replacement,replacement_02770,1181.5927248,0.592561837102
replacement,replacement_02771,1128.16915147,0.62304888317
replacement,replacement_02772,848.086713066,0.795830962993
replacement,replacement_02773,1097.82985766,0.64621192096
replacement,replacement_02774,1158.73411658,0.599835408176
replacement,replacement_02775,905.653094568,0.76395089375
replacement,replacement_02776,659.085629563,0.793762456736
replacement,replacement_02777,547.467674813,0.794532109872
replacement,replacement_02778,777.451638385,0.785647368347
replacement,replacement_02779,592.980164933,0.794634313045
replacement,replacement_02780,1100.6632209,0.630528932165
replacement,replacement_02781,1010.08015806,0.691934769011
replacement,replacement_02782,643.562820895,0.785551435332
replacement,replacement_02783,979.560571675,0.713381069051
replacement,replacement_02784,1000.44221116,0.697849365611
replacement,replacement_02785,659.659547581,0.797409912224
replacement,replacement_02786,1000.6304323,0.700113445474
replacement,replacement_02787,547.706369256,0.799239039816
replacement,replacement_02788,1097.52260631,0.643459904705
replacement,replacement_02789,1168.95674938,0.596172267287
replacement,replacement_02790,1023.9484429,0.682721907696
replacement,replacement_02791,1023.66897856,0.678165538701
replacement,replacement_02792,925.739685448,0.751874723914
replacement,replacement_02793,758.547384383,0.796370983084
replacement,replacement_02794,532.974686395,0.794807897923
replacement,replacement_02795,1148.45517001,0.603312179783
replacement,replacement_02796,740.09230673,0.79617053711
replacement,replacement_02797,541.291946541,0.800939698647
replacement,replacement_02798,1129.37996065,0.630138128254
replacement,replacement_02799,829.461554229,0.785005323883
replacement,replacement_02800,899.597555792,0.75839397167
replacement,replacement_02801,783.202498272,0.797232646782
replacement,replacement_02802,871.275664646,0.772635700561
replacement,replacement_02803,958.808137816,0.71468740511
replacement,replacement_02804,720.980501562,0.78565105337
replacement,replacement_02805,1117.08938271,0.624009045907
replacement,replacement_02806,743.316433155,0.78846708912
replacement,replacement_02807,1098.44363143,0.648141291031
replacement,replacement_02808,1046.98285825,0.668549056906
replacement,replacement_02809,1039.30586008,0.680637678542
replacement,replacement_02810,759.748129722,0.791910601554
replacement,replacement_02811,744.061556456,0.799031193103
replacement,replacement_02812,616.531896806,0.809610300954
replacement,replacement_02813,941.298503253,0.725479312128
replacement,replacement_02814,1071.28109257,0.649002639097
replacement,replacement_02815,1013.48202706,0.700606360855
replacement,replacement_02816,1169.86509818,0.603606778739
replacement,replacement_02817,951.561798919,0.733508070061
replacement,replacement_02818,957.137293594,0.719319972822
replacement,replacement_02819,1131.57629127,0.61483370829
replacement,replacement_02820,888.399114958,0.754604340478
replacement,replacement_02821,1150.70936179,0.613439876655
replacement,replacement_02822,538.293573118,0.805312661262
replacement,replacement_02823,808.286977274,0.795951675545
replacement,replacement_02824,1100.68575329,0.630998589081
replacement,replacement_02825,1038.48476977,0.682498125988
replacement,replacement_02826,735.756167483,0.794935364061
replacement,replacement_02827,750.51054312,0.785961137561
replacement,replacement_02828,1027.27325426,0.689637385046
replacement,replacement_02829,597.513955395,0.792143104644
replacement,replacement_02830,558.9708876,0.789702561474
replacement,replacement_02831,844.300076175,0.791075244905
replacement,replacement_02832,1117.45236643,0.630835776172
replacement,replacement_02833,1089.4076423,0.645700396071
replacement,replacement_02834,1134.74243993,0.62550748274
replacement,replacement_02835,785.564138264,0.808964225677
replacement,replacement_02836,1016.04773325,0.692792688388
replacement,replacement_02837,1112.51898696,0.629176928974
replacement,replacement_02838,519.72448911,0.800257259616
replacement,replacement_02839,1167.13763423,0.589161765369
replacement,replacement_02840,1112.85601049,0.637988898757
replacement,replacement_02841,819.117297091,0.791552854365
replacement,replacement_02842,600.498571721,0.799824103843
replacement,replacement_02843,724.892182423,0.79944947092
replacement,replacement_02844,737.337653721,0.784836193329
replacement,replacement_02845,655.494067209,0.785859334388
replacement,replacement_02846,511.822446836,0.803670385042
replacement,replacement_02847,980.052168533,0.707733730202
replacement,replacement_02848,771.384356056,0.800135505534
replacement,replacement_02849,865.110561446,0.779888680199
replacement,replacement_02850,716.939596704,0.798951255834
replacement,replacement_02851,1133.30943718,0.627885492747
replacement,replacement_02852,842.204017369,0.774809048928
replacement,replacement_02853,787.159870949,0.788246486579
replacement,replacement_02854,652.498600692,0.787030992252
replacement,replacement_02855,1151.16100264,0.613946083387
replacement,replacement_02856,790.676444192,0.785686615257
replacement,replacement_02857,1055.56909985,0.662269888667
replacement,replacement_02858,953.811970869,0.72198937531
replacement,replacement_02859,679.528704512,0.791605310994
replacement,replacement_02860,961.517973625,0.72418108218
replacement,replacement_02861,783.821345186,0.78631477154
replacement,replacement_02862,602.719440177,0.792870014665
replacement,replacement_02863,917.06967119,0.744891592859
replacement,replacement_02864,932.799561463,0.732464399167
replacement,replacement_02865,766.397073536,0.7921277089
replacement,replacement_02866,1072.39426474,0.65818576253
replacement,replacement_02867,812.023215028,0.801130432248
replacement,replacement_02868,827.138519471,0.797645125194
replacement,replacement_02869,551.656476272,0.804553959402
replacement,replacement_02870,939.859355898,0.736160247744
replacement,replacement_02871,1150.52160647,0.604803891258
replacement,replacement_02872,956.565248885,0.735495424897
replacement,replacement_02873,890.032331585,0.764587999875
replacement,replacement_02874,786.357406157,0.788735638862
replacement,replacement_02875,1091.05721293,0.640922423842
replacement,replacement_02876,1119.68717836,0.617354314303
replacement,replacement_02877,516.647670329,0.799328818273
replacement,replacement_02878,917.05854233,0.747369551056
replacement,replacement_02879,660.298354295,0.796202690315
replacement,replacement_02880,1100.17124283,0.634108547329
replacement,replacement_02881,658.572047036,0.801872447983
replacement,replacement_02882,1088.01908777,0.644823405355
replacement,replacement_02883,613.952461315,0.789925900967
replacement,replacement_02884,874.103248883,0.765185385787
replacement,replacement_02885,575.461613302,0.79816612053
replacement,replacement_02886,1169.09218956,0.592020086923
replacement,replacement_02887,985.938592451,0.710215333775
replacement,replacement_02888,695.675088039,0.798199387512
replacement,replacement_02889,1077.70505465,0.651009538051
replacement,replacement_02890,588.580201958,0.802488594381
replacement,replacement_02891,1049.785436,0.672508654768
replacement,replacement_02892,1110.0263804,0.634411971893
replacement,replacement_02893,865.966169819,0.78778614824
replacement,replacement_02894,912.147972521,0.744559412025
replacement,replacement_02895,975.087271854,0.712859724933
replacement,replacement_02896,708.975586131,0.800202125277
replacement,replacement_02897,539.976181849,0.800961236251
replacement,replacement_02898,1074.58178342,0.658654246141
replacement,replacement_02899,506.52305134,0.794156254665
replacement,replacement_02900,1081.71983862,0.656283744844
replacement,replacement_02901,584.210562423,0.797322680858
replacement,replacement_02902,1086.60419605,0.648916598831
replacement,replacement_02903,886.660870175,0.753296837809
replacement,replacement_02904,517.025162679,0.7939892196
replacement,replacement_02905,1061.29088741,0.662934001555
replacement,replacement_02906,1081.86557956,0.647068366534
replacement,replacement_02907,812.447476505,0.792551415054
replacement,replacement_02908,689.435783254,0.794122747327
replacement,replacement_02909,1159.02833759,0.600861590415
replacement,replacement_02910,655.265602247,0.797334507248
replacement,replacement_02911,911.500629449,0.759811943526
replacement,replacement_02912,845.921751889,0.785380450761
replacement,replacement_02913,1024.86474475,0.678660564357
replacement,replacement_02914,828.338510219,0.789249668123
replacement,replacement_02915,1083.50033759,0.648311011247
replacement,replacement_02916,611.373211442,0.796598227529
replacement,replacement_02917,1073.65896696,0.65297788526
replacement,replacement_02918,588.437342807,0.792880247343
replacement,replacement_02919,563.273508476,0.794424077057
replacement,replacement_02920,567.196648047,0.7949838565
replacement,replacement_02921,1121.05501175,0.623523446235
replacement,replacement_02922,875.262612834,0.761130492898
replacement,replacement_02923,1013.0977605,0.68817270293
replacement,replacement_02924,560.280315231,0.804227368443
replacement,replacement_02925,665.916478284,0.794362496621
replacement,replacement_02926,522.660916169,0.796008351111
replacement,replacement_02927,594.683995076,0.792310992761
replacement,replacement_02928,1089.55779435,0.643296051661
replacement,replacement_02929,688.548698174,0.810170808773
replacement,replacement_02930,884.631364772,0.770554589751
replacement,replacement_02931,828.843958183,0.788915818517
replacement,replacement_02932,1112.5179306,0.623042044294
replacement,replacement_02933,745.517009399,0.791394795332
replacement,replacement_02934,1013.95740932,0.691419518179
replacement,replacement_02935,657.102275909,0.785294965437
replacement,replacement_02936,903.974446627,0.76151057636
replacement,replacement_02937,544.049044953,0.791872476562
replacement,replacement_02938,860.006043339,0.789773438483
replacement,replacement_02939,771.511923452,0.788803103815
replacement,replacement_02940,701.577544569,0.801774298109
replacement,replacement_02941,1101.55804057,0.640976199746
replacement,replacement_02942,765.940982814,0.790425059552
replacement,replacement_02943,740.871267688,0.792511008584
replacement,replacement_02944,730.872970073,0.787889167318
replacement,replacement_02945,540.666903141,0.803050231742
replacement,replacement_02946,544.500728997,0.804949276854
replacement,replacement_02947,996.779664567,0.695384198337
replacement,replacement_02948,564.27404215,0.800265119172
replacement,replacement_02949,603.873233542,0.80031876481
replacement,replacement_02950,691.623866027,0.795266871494
replacement,replacement_02951,889.529483987,0.771523649356
replacement,replacement_02952,1141.12915169,0.619456628957
replacement,replacement_02953,856.170224067,0.790611594637
replacement,replacement_02954,826.404429777,0.794114849371
replacement,replacement_02955,742.038092918,0.787768943839
replacement,replacement_02956,948.939529853,0.726844772047
replacement,replacement_02957,1006.57663941,0.702955909053
replacement,replacement_02958,983.872993746,0.704115716773
replacement,replacement_02959,602.583087835,0.794226233247
replacement,replacement_02960,829.623612758,0.793493458689
replacement,replacement_02961,730.071312998,0.792782292237
replacement,replacement_02962,938.981618488,0.733422493291
replacement,replacement_02963,646.584970586,0.809347323446
replacement,replacement_02964,663.084490577,0.794797511583
replacement,replacement_02965,729.734828248,0.788645043009
replacement,replacement_02966,937.579995664,0.743043764322
replacement,replacement_02967,523.335943994,0.807076792347
replacement,replacement_02968,888.151936969,0.76272961036
replacement,replacement_02969,1047.8193191,0.664920079948
replacement,replacement_02970,1033.61691065,0.67684217343
replacement,replacement_02971,1119.4679515,0.624249028576
replacement,replacement_02972,773.372082507,0.793903614034
replacement,replacement_02973,836.939249921,0.793258151949
replacement,replacement_02974,749.770458746,0.791004332538
replacement,replacement_02975,1004.94004374,0.695713903345
replacement,replacement_02976,847.48181566,0.793147573151
replacement,replacement_02977,831.114870901,0.784023066884
replacement,replacement_02978,963.79530218,0.723219489985
replacement,replacement_02979,974.545665616,0.718002653694
replacement,replacement_02980,1099.2210718,0.644367516275
replacement,replacement_02981,1134.63904235,0.614787344193
replacement,replacement_02982,1070.43320056,0.661627815337
replacement,replacement_02983,999.55297176,0.700216462071
replacement,replacement_02984,1116.84253988,0.615980318433
replacement,replacement_02985,1039.94725205,0.692007000961
replacement,replacement_02986,860.488573671,0.774555281698
replacement,replacement_02987,891.145572691,0.76486404367
replacement,replacement_02988,746.064503334,0.797263631202
replacement,replacement_02989,535.200647564,0.799949795188
replacement,replacement_02990,544.858936928,0.80205219839
replacement,replacement_02991,842.309197149,0.787203246454
replacement,replacement_02992,863.097430374,0.77832824324
replacement,replacement_02993,1070.06089371,0.645666635929
replacement,replacement_02994,691.015816392,0.786104903704
replacement,replacement_02995,1113.21385809,0.633055535074
replacement,replacement_02996,948.749176005,0.736962749073
replacement,replacement_02997,525.00938443,0.804861676568
replacement,replacement_02998,773.414648821,0.79362897252
replacement,replacement_02999,798.438704475,0.791291292455
replacement,replacement_03000,1187.06664776,0.581599822848
replacement,replacement_03001,988.648379909,0.714586948081
replacement,replacement_03002,803.255725311,0.788673294549
replacement,replacement_03003,565.832581923,0.788709650995
replacement,replacement_03004,1184.23076579,0.585964194978
replacement,replacement_03005,575.887717726,0.788850154463
replacement,replacement_03006,855.154914134,0.788148066596
replacement,replacement_03007,821.698129658,0.786843104599
replacement,replacement_03008,608.565082783,0.786647647082
replacement,replacement_03009,1147.82168564,0.609049890896
replacement,replacement_03010,855.031316193,0.777914610082
replacement,replacement_03011,778.710521494,0.788608366005
replacement,replacement_03012,624.598609419,0.785798139421
replacement,replacement_03013,1094.49897028,0.634987374217
replacement,replacement_03014,1142.82389438,0.608930317428
replacement,replacement_03015,634.983798417,0.797953999932
replacement,replacement_03016,651.772716082,0.795038774503
replacement,replacement_03017,1182.58151883,0.586501732285
replacement,replacement_03018,862.917600985,0.792071308137
replacement,replacement_03019,513.415954451,0.799818883168
replacement,replacement_03020,1056.1560939,0.662780279901
replacement,replacement_03021,1073.52898846,0.652719844474
replacement,replacement_03022,995.925589439,0.7112236948
replacement,replacement_03023,851.479723248,0.792463387597
replacement,replacement_03024,983.959603814,0.714432631517
replacement,replacement_03025,843.080756711,0.784304928682
replacement,replacement_03026,904.307566779,0.75248967436
replacement,replacement_03027,873.696522997,0.77750258473
replacement,replacement_03028,580.613428245,0.804709665977
replacement,replacement_03029,1074.84634447,0.65308515886
replacement,replacement_03030,802.860309971,0.7941511708
replacement,replacement_03031,987.249278453,0.708985163293
replacement,replacement_03032,687.844031799,0.797600435479
replacement,replacement_03033,917.06499171,0.760482247874
replacement,replacement_03034,1057.54816323,0.664295789145
replacement,replacement_03035,1000.22912315,0.703768128281
replacement,replacement_03036,968.764852593,0.715109819792
replacement,replacement_03037,877.172589945,0.7745133543
replacement,replacement_03038,545.930004916,0.808613832881
replacement,replacement_03039,651.166475379,0.790552001434
replacement,replacement_03040,900.187568343,0.758414426307
replacement,replacement_03041,1079.02573713,0.648379298772
replacement,replacement_03042,553.716459027,0.797002969265
replacement,replacement_03043,588.286396391,0.793741020766
replacement,replacement_03044,678.580167472,0.797689738315
replacement,replacement_03045,773.379333031,0.798428888141
replacement,replacement_03046,712.894544605,0.802452886489
replacement,replacement_03047,844.40972897,0.793233595508
replacement,replacement_03048,931.830029052,0.733553946541
replacement,replacement_03049,884.071438802,0.767960535345
replacement,replacement_03050,1177.76493215,0.595411017861
replacement,replacement_03051,552.46321533,0.81414412558
replacement,replacement_03052,1052.7477901,0.666553375212
replacement,replacement_03053,757.245136173,0.783857493239
replacement,replacement_03054,624.930258892,0.80183201347
replacement,replacement_03055,1152.74626231,0.613411295176
replacement,replacement_03056,1171.93658878,0.591760183176
replacement,replacement_03057,1148.4343843,0.611380087478
replacement,replacement_03058,1031.45396357,0.68197547581
replacement,replacement_03059,1105.61750015,0.631748658922
replacement,replacement_03060,602.477181494,0.797233614603
replacement,replacement_03061,829.103077396,0.789988567205
replacement,replacement_03062,1180.60824111,0.589197257177
replacement,replacement_03063,672.171656941,0.792313031633
replacement,replacement_03064,1181.94172248,0.58862376998
replacement,replacement_03065,972.744200093,0.713004964668
replacement,replacement_03066,1089.33626154,0.64493186884
replacement,replacement_03067,857.688258745,0.78535881131
replacement,replacement_03068,575.689108765,0.802517173711
replacement,replacement_03069,1023.1560324,0.688181303902
replacement,replacement_03070,1059.13810056,0.661918704366
replacement,replacement_03071,1027.99889076,0.683499126593
replacement,replacement_03072,1143.6389454,0.606871237164
replacement,replacement_03073,1064.15109836,0.66616837795
replacement,replacement_03074,868.381918661,0.779071199662
replacement,replacement_03075,552.34841653,0.791586798986
replacement,replacement_03076,683.870348708,0.805744704935
replacement,replacement_03077,685.036757603,0.785940819504
replacement,replacement_03078,982.877325732,0.703707289109
replacement,replacement_03079,638.729089139,0.793586729956
replacement,replacement_03080,551.229097499,0.790928894249
replacement,replacement_03081,963.162195093,0.712612959172
replacement,replacement_03082,1135.83021477,0.615195337963
replacement,replacement_03083,1139.97802647,0.603992848145
replacement,replacement_03084,954.944568581,0.72564869058
replacement,replacement_03085,550.40794393,0.802710175748
replacement,replacement_03086,577.622866499,0.792826107609
replacement,replacement_03087,986.199018836,0.711774502904
replacement,replacement_03088,690.856314254,0.802601654236
replacement,replacement_03089,737.431699512,0.784065793216
replacement,replacement_03090,607.725896086,0.789454683478
replacement,replacement_03091,561.306482341,0.794001352539
replacement,replacement_03092,768.999560339,0.797176547509
replacement,replacement_03093,812.417796344,0.790235119939
replacement,replacement_03094,676.553815981,0.788171270157
replacement,replacement_03095,684.810664794,0.797093547649
replacement,replacement_03096,594.023922117,0.805638149461
replacement,replacement_03097,1171.83335862,0.591010344806
replacement,replacement_03098,1007.08582635,0.687191594351
replacement,replacement_03099,712.41400095,0.788476830385
replacement,replacement_03100,998.091178228,0.710900742466
replacement,replacement_03101,645.347673013,0.803423795487
replacement,replacement_03102,1041.70615658,0.671298861898
replacement,replacement_03103,931.2466847,0.735984137566
replacement,replacement_03104,699.93210856,0.793910678997
replacement,replacement_03105,1021.60826721,0.687340894275
replacement,replacement_03106,1011.34486878,0.689038885527
replacement,replacement_03107,694.17220191,0.797655210677
replacement,replacement_03108,1184.81120948,0.592862249521
replacement,replacement_03109,1043.04898754,0.680232576003
replacement,replacement_03110,610.742847702,0.787853003102
replacement,replacement_03111,836.701248184,0.793271315599
replacement,replacement_03112,965.561917555,0.730335413612
replacement,replacement_03113,807.083302222,0.795906257265
replacement,replacement_03114,861.542943691,0.780368931255
replacement,replacement_03115,1053.05798325,0.673525342359
replacement,replacement_03116,993.300995174,0.706227797977
replacement,replacement_03117,819.66933891,0.781965273913
replacement,replacement_03118,949.922953035,0.735009356425
replacement,replacement_03119,703.355740249,0.786632604411
replacement,replacement_03120,666.557258714,0.794593644659
replacement,replacement_03121,897.513728081,0.759368926116
replacement,replacement_03122,1154.171867,0.607456687574
replacement,replacement_03123,645.795208136,0.790860621165
replacement,replacement_03124,522.956757409,0.794535251148
replacement,replacement_03125,748.799531667,0.778579463676
replacement,replacement_03126,1182.57270587,0.584480553195
replacement,replacement_03127,756.94629727,0.797335848647
replacement,replacement_03128,590.413949949,0.788434219327
replacement,replacement_03129,600.326059848,0.789063816144
replacement,replacement_03130,679.319642814,0.788924436908
replacement,replacement_03131,548.597662719,0.800168148442
replacement,replacement_03132,577.897753194,0.809745807112
replacement,replacement_03133,503.246588232,0.792083960216
replacement,replacement_03134,1036.05582956,0.676041936614
replacement,replacement_03135,568.719133471,0.783811967279
replacement,replacement_03136,575.330400687,0.800775202584
replacement,replacement_03137,663.384777635,0.791669100186
replacement,replacement_03138,894.106777076,0.757833243951
replacement,replacement_03139,505.438216496,0.798977822101
replacement,replacement_03140,889.261368415,0.755799873289
replacement,replacement_03141,973.85967856,0.71263027894
replacement,replacement_03142,933.53251312,0.732670326987
replacement,replacement_03143,951.486048535,0.721686684393
replacement,replacement_03144,666.205166855,0.785787006133
replacement,replacement_03145,519.684402873,0.794687821002
replacement,replacement_03146,646.612285868,0.806284917207
replacement,replacement_03147,850.922257759,0.79008891507
replacement,replacement_03148,924.940205098,0.744815040449
replacement,replacement_03149,909.562253429,0.750932817055
replacement,replacement_03150,1140.45482495,0.616617900797
replacement,replacement_03151,1001.18236466,0.708843721756
replacement,replacement_03152,668.828124435,0.792102498594
replacement,replacement_03153,1013.79314636,0.690095366736
replacement,replacement_03154,769.353288624,0.791917761619
replacement,replacement_03155,761.719597447,0.794771506407
replacement,replacement_03156,1009.08738234,0.681866913341
replacement,replacement_03157,936.952274117,0.741134711613
replacement,replacement_03158,1050.84816581,0.662932145992
replacement,replacement_03159,773.533924583,0.795774139517
replacement,replacement_03160,1161.41126645,0.602229875654
replacement,replacement_03161,570.378166508,0.799588345407
replacement,replacement_03162,1134.95686269,0.613112367786
replacement,replacement_03163,938.657534434,0.733400818185
replacement,replacement_03164,1193.2950972,0.575470040001
replacement,replacement_03165,1012.91745909,0.701357235823
replacement,replacement_03166,1169.80082043,0.593730423123
replacement,replacement_03167,928.526224423,0.737336858163
replacement,replacement_03168,632.394508171,0.798417649376
replacement,replacement_03169,719.7834404,0.787238194397
replacement,replacement_03170,952.204879255,0.725880559131
replacement,replacement_03171,858.803587734,0.780322220263
replacement,replacement_03172,552.703039851,0.800050236236
replacement,replacement_03173,864.608769642,0.782864988542
replacement,replacement_03174,527.025152819,0.790383220069
replacement,replacement_03175,844.005229422,0.806712667746
replacement,replacement_03176,1009.15325174,0.685379939921
replacement,replacement_03177,1078.91208841,0.653910494476
replacement,replacement_03178,1052.47548768,0.663279230382
replacement,replacement_03179,692.2344898,0.804206623482
replacement,replacement_03180,523.91277522,0.796088887519
replacement,replacement_03181,1077.2282238,0.64308692757
replacement,replacement_03182,665.448257415,0.795947201061
replacement,replacement_03183,906.379744075,0.752117983622
replacement,replacement_03184,817.066291714,0.80012453747
replacement,replacement_03185,626.737363978,0.806057007876
replacement,replacement_03186,987.911209414,0.705110754608
replacement,replacement_03187,550.60478242,0.804089919608
replacement,replacement_03188,935.224898614,0.736628790646
replacement,replacement_03189,1002.87422372,0.695067388283
replacement,replacement_03190,1005.53737092,0.698395828378
replacement,replacement_03191,1115.03230244,0.622503412416
replacement,replacement_03192,1017.97753226,0.676983757544
replacement,replacement_03193,750.000677026,0.802831105463
replacement,replacement_03194,1135.42044824,0.623572313401
replacement,replacement_03195,561.432921723,0.800344449476
replacement,replacement_03196,694.745487512,0.795723264981
replacement,replacement_03197,667.73462347,0.791055455956
replacement,replacement_03198,627.978794814,0.792020155683
replacement,replacement_03199,623.804143908,0.793480769909
replacement,replacement_03200,577.996057846,0.785312040154
replacement,replacement_03201,1145.84162171,0.611135691976
replacement,replacement_03202,761.852531006,0.795602556239
replacement,replacement_03203,646.845111797,0.803672444607
replacement,replacement_03204,523.682986927,0.804830654725
replacement,replacement_03205,781.761015374,0.793984213202
replacement,replacement_03206,586.660012516,0.795199913227
replacement,replacement_03207,707.126032668,0.800820194962
replacement,replacement_03208,1136.20742325,0.61704363526
replacement,replacement_03209,1064.70874811,0.654003536343
replacement,replacement_03210,822.792863921,0.789344465992
replacement,replacement_03211,658.933316249,0.797216289553
replacement,replacement_03212,779.995913838,0.797637627276
replacement,replacement_03213,530.473581118,0.787224708573
replacement,replacement_03214,1139.0568768,0.613231766827
replacement,replacement_03215,562.597829421,0.799602059697
replacement,replacement_03216,866.756071886,0.789494490405
replacement,replacement_03217,766.009919687,0.791043581241
replacement,replacement_03218,500.115430753,0.799711526893
replacement,replacement_03219,536.456400992,0.797370862905
replacement,replacement_03220,1034.76088375,0.673222378221
replacement,replacement_03221,710.59267308,0.800713867557
replacement,replacement_03222,1127.58980481,0.622782477823
replacement,replacement_03223,565.37991979,0.801804991824
replacement,replacement_03224,1014.54944803,0.697471976803
replacement,replacement_03225,921.019029463,0.751568816069
replacement,replacement_03226,561.016498962,0.792074938628
replacement,replacement_03227,589.387008663,0.793940316807
replacement,replacement_03228,672.185186972,0.785594328659
replacement,replacement_03229,870.839113486,0.780356672914
replacement,replacement_03230,1132.7552037,0.615484371391
replacement,replacement_03231,661.846036128,0.79144833945
replacement,replacement_03232,1051.74049283,0.662261028562
replacement,replacement_03233,992.316006732,0.708225908101
replacement,replacement_03234,555.151220488,0.801900342931
replacement,replacement_03235,750.226797311,0.795125189729
replacement,replacement_03236,503.384621972,0.792225942463
replacement,replacement_03237,926.342065029,0.751175754899
replacement,replacement_03238,1046.70236203,0.671533167841
replacement,replacement_03239,551.772585524,0.799422681948
replacement,replacement_03240,1138.56070782,0.620543796657
replacement,replacement_03241,1114.97918728,0.620121813708
replacement,replacement_03242,652.56567557,0.798227638531
replacement,replacement_03243,1179.06605802,0.594004478083
replacement,replacement_03244,935.50829347,0.742443342236
replacement,replacement_03245,699.312976837,0.795237183961
replacement,replacement_03246,932.526795872,0.744889759996
replacement,replacement_03247,724.371426352,0.797250843964
replacement,replacement_03248,586.302496496,0.792586570071
replacement,replacement_03249,825.189966827,0.792028651844
replacement,replacement_03250,530.012518166,0.802632673953
replacement,replacement_03251,619.737269127,0.797874778268
replacement,replacement_03252,762.788213902,0.78220089941
replacement,replacement_03253,1050.3518315,0.680787286571
replacement,replacement_03254,839.383353697,0.790593677876
replacement,replacement_03255,1064.20705722,0.668406405495
replacement,replacement_03256,923.797342761,0.748982640913
replacement,replacement_03257,797.821462244,0.779244100601
replacement,replacement_03258,1074.41936069,0.650838428614
replacement,replacement_03259,1108.83958271,0.632594443732
replacement,replacement_03260,886.991310845,0.758476238794
replacement,replacement_03261,540.702959224,0.795563381261
replacement,replacement_03262,727.351127262,0.790508846383
replacement,replacement_03263,1043.0057862,0.665495623546
replacement,replacement_03264,705.201054604,0.785350005575
replacement,replacement_03265,848.75963922,0.79008876994
replacement,replacement_03266,528.580358365,0.789739539126
replacement,replacement_03267,1036.09941413,0.67329489216
replacement,replacement_03268,519.570484042,0.797298838072
replacement,replacement_03269,510.261682336,0.805722016247
replacement,replacement_03270,946.133710913,0.729685343037
replacement,replacement_03271,747.078831096,0.797524787285
replacement,replacement_03272,1108.64086665,0.630889014146
replacement,replacement_03273,1033.41181907,0.677931142419
replacement,replacement_03274,1172.40603439,0.592075741266
replacement,replacement_03275,624.001699838,0.794097011241
replacement,replacement_03276,685.062026774,0.794211714131
replacement,replacement_03277,707.00747562,0.79045404657
replacement,replacement_03278,861.633522899,0.783095199273
replacement,replacement_03279,731.034743348,0.796186313354
replacement,replacement_03280,937.226235393,0.730783408682
replacement,replacement_03281,1056.45110418,0.662105102474
replacement,replacement_03282,728.120740785,0.798775043491
replacement,replacement_03283,896.381404936,0.761035924459
replacement,replacement_03284,532.138113182,0.798134253115
replacement,replacement_03285,744.782584603,0.7972756115
replacement,replacement_03286,1048.2443519,0.671737494809
replacement,replacement_03287,1071.37339114,0.654483138198
replacement,replacement_03288,523.907872792,0.802207302371
replacement,replacement_03289,574.502426921,0.800832274783
replacement,replacement_03290,552.96304132,0.794569857532
replacement,replacement_03291,735.281535123,0.794617981624
replacement,replacement_03292,945.930511357,0.734875598704
replacement,replacement_03293,921.864781002,0.737434123303
replacement,replacement_03294,772.999596368,0.809976530391
replacement,replacement_03295,503.291751887,0.798189304753
replacement,replacement_03296,626.856683867,0.80466910638
replacement,replacement_03297,637.447345686,0.797993098571
replacement,replacement_03298,778.776785416,0.787759857596
replacement,replacement_03299,902.043345184,0.755895654588
replacement,replacement_03300,1048.31974774,0.681554238891
replacement,replacement_03301,1112.59153782,0.633418209229
replacement,replacement_03302,629.040985305,0.799552244389
replacement,replacement_03303,875.121088177,0.790533323318
replacement,replacement_03304,950.110115035,0.729721218759
replacement,replacement_03305,551.308208382,0.784493970865
replacement,replacement_03306,578.15737137,0.803233483229
replacement,replacement_03307,617.6068484,0.796203104132
replacement,replacement_03308,744.267204626,0.794301736395
replacement,replacement_03309,1124.71022228,0.627935433857
replacement,replacement_03310,697.081271799,0.79423740927
replacement,replacement_03311,578.874350365,0.785973918691
replacement,replacement_03312,570.346310535,0.792728306238
replacement,replacement_03313,865.152260641,0.779457472039
replacement,replacement_03314,549.937806196,0.797319250525
replacement,replacement_03315,1046.03025305,0.67101446201
replacement,replacement_03316,1070.18009657,0.659592937934
replacement,replacement_03317,631.032107223,0.798582051232
replacement,replacement_03318,719.303759477,0.789871157156
replacement,replacement_03319,603.789117565,0.803187794088
replacement,replacement_03320,838.563252025,0.789105492902
replacement,replacement_03321,812.618529658,0.794449437641
replacement,replacement_03322,700.206888343,0.798941315655
replacement,replacement_03323,950.407011671,0.734230026148
replacement,replacement_03324,638.776707154,0.793153977073
replacement,replacement_03325,660.986418402,0.784799230293
replacement,replacement_03326,989.105682853,0.70737706071
replacement,replacement_03327,1156.73188147,0.603385369991
replacement,replacement_03328,554.586524118,0.801456983822
replacement,replacement_03329,1119.28735136,0.625995429426
replacement,replacement_03330,700.390210591,0.79976630163
replacement,replacement_03331,704.540347249,0.796704615795
replacement,replacement_03332,549.347401607,0.801629874107
replacement,replacement_03333,815.673543691,0.787538990085
replacement,replacement_03334,1000.27891536,0.701925059361
replacement,replacement_03335,807.356264481,0.79573294936
replacement,replacement_03336,938.50459654,0.734064299472
replacement,replacement_03337,1083.67442713,0.646330902058
replacement,replacement_03338,999.215071035,0.695628419727
replacement,replacement_03339,849.191711084,0.779670133745
replacement,replacement_03340,786.792233648,0.786060342201
replacement,replacement_03341,553.469185224,0.808935906646
replacement,replacement_03342,1168.42108247,0.591408626803
replacement,replacement_03343,1101.14986278,0.644013440296
replacement,replacement_03344,933.378315185,0.741072511876
replacement,replacement_03345,838.146073584,0.787085492042
replacement,replacement_03346,691.276562386,0.789843801465
replacement,replacement_03347,518.323498656,0.800456955735
replacement,replacement_03348,1139.73859561,0.61581662426
replacement,replacement_03349,579.289940087,0.801135197387
replacement,replacement_03350,557.30303599,0.789280625707
replacement,replacement_03351,1004.84166855,0.698652636798
replacement,replacement_03352,666.038497224,0.79529349373
replacement,replacement_03353,870.594484664,0.778515034087
replacement,replacement_03354,983.877688489,0.705563722227
replacement,replacement_03355,741.758935491,0.799307827232
replacement,replacement_03356,700.978946774,0.793887205485
replacement,replacement_03357,865.656816656,0.774333099731
replacement,replacement_03358,822.09369786,0.792227715517
replacement,replacement_03359,886.980483608,0.76480934342
replacement,replacement_03360,1024.67992342,0.684666774209
replacement,replacement_03361,517.856981655,0.804978976674
replacement,replacement_03362,1111.23286269,0.63227880151
replacement,replacement_03363,1191.61134154,0.576483979135
replacement,replacement_03364,991.735429089,0.699722741839
replacement,replacement_03365,852.444934576,0.787790081692
replacement,replacement_03366,611.585765154,0.796415118666
replacement,replacement_03367,903.790705925,0.762831916254
replacement,replacement_03368,1065.65407007,0.657387980472
replacement,replacement_03369,1002.02708523,0.703459726526
replacement,replacement_03370,1017.05449247,0.686521941692
replacement,replacement_03371,1086.16233103,0.653979128683
replacement,replacement_03372,964.289049384,0.728226435309
replacement,replacement_03373,562.916097801,0.787818899832
replacement,replacement_03374,649.998557378,0.802245474437
replacement,replacement_03375,1175.2480559,0.592250319396
replacement,replacement_03376,807.086034226,0.784723819852
replacement,replacement_03377,807.85087168,0.785135698626
replacement,replacement_03378,575.275331521,0.799727635255
replacement,replacement_03379,1045.69779583,0.678386624751
replacement,replacement_03380,1106.14656604,0.641052274472
replacement,replacement_03381,610.0977761,0.809066217323
replacement,replacement_03382,593.023695873,0.803830654639
replacement,replacement_03383,549.167948183,0.791806422346
replacement,replacement_03384,900.230605802,0.767285712139
replacement,replacement_03385,538.805662904,0.791926477968
replacement,replacement_03386,892.409157799,0.757085593213
replacement,replacement_03387,1065.01946331,0.663158469914
replacement,replacement_03388,858.404344017,0.787487919734
replacement,replacement_03389,535.846659881,0.794525433485
replacement,replacement_03390,523.976107787,0.796549748163
replacement,replacement_03391,1136.0597563,0.605882728167
replacement,replacement_03392,508.725614293,0.793461095681
replacement,replacement_03393,1092.83683939,0.638253572585
replacement,replacement_03394,501.481070676,0.801417712676
replacement,replacement_03395,544.504453456,0.792070430401
replacement,replacement_03396,530.336287052,0.808663142104
replacement,replacement_03397,1173.64249253,0.587116178594
replacement,replacement_03398,1061.40076226,0.676872435603
replacement,replacement_03399,506.637732586,0.797332570927
replacement,replacement_03400,693.488768821,0.794474876431
replacement,replacement_03401,558.866156802,0.788483770997
replacement,replacement_03402,1076.76222638,0.652729612497
replacement,replacement_03403,681.295853995,0.781733269277
replacement,replacement_03404,1176.11888806,0.587579720369
replacement,replacement_03405,1042.71560444,0.680561910148
replacement,replacement_03406,807.657213445,0.791768954306
replacement,replacement_03407,1034.64725108,0.685668204585
replacement,replacement_03408,1158.9495187,0.59604738178
replacement,replacement_03409,725.951646128,0.796239404602
replacement,replacement_03410,1172.68222529,0.596950982846
replacement,replacement_03411,658.810666383,0.802780568884
replacement,replacement_03412,1078.12807887,0.65599283932
replacement,replacement_03413,1024.28744533,0.685498751345
replacement,replacement_03414,996.675929838,0.698315980431
replacement,replacement_03415,1198.5634802,0.580334876659
replacement,replacement_03416,530.246894017,0.798122321454
replacement,replacement_03417,1048.28640835,0.665886828645
replacement,replacement_03418,872.408625536,0.78095909715
replacement,replacement_03419,1034.27463209,0.685632507455
replacement,replacement_03420,799.830969255,0.793539988721
replacement,replacement_03421,921.055031369,0.748078880753
replacement,replacement_03422,1147.92991251,0.612025495905
replacement,replacement_03423,869.270032466,0.776328671477
replacement,replacement_03424,914.270696218,0.743709138415
replacement,replacement_03425,1001.63993017,0.698943515265
replacement,replacement_03426,977.701284628,0.716865286515
replacement,replacement_03427,1038.73323117,0.675280635175
replacement,replacement_03428,1134.074426,0.616251099306
replacement,replacement_03429,731.627531023,0.781696653387
replacement,replacement_03430,547.937825172,0.806422943285
replacement,replacement_03431,516.371335021,0.809593223533
replacement,replacement_03432,956.786839465,0.724318600884
replacement,replacement_03433,1174.59511788,0.59213823372
replacement,replacement_03434,1113.15805503,0.62881582955
replacement,replacement_03435,592.481143571,0.798682695265
replacement,replacement_03436,1002.92727966,0.696205249283
replacement,replacement_03437,792.588755496,0.789549484641
replacement,replacement_03438,798.715498963,0.783993062117
replacement,replacement_03439,996.291403354,0.689763681988
replacement,replacement_03440,978.781140062,0.715389277522
replacement,replacement_03441,1045.18079124,0.665959992755
replacement,replacement_03442,790.270949465,0.792454577076
replacement,replacement_03443,1154.01599885,0.607314622993
replacement,replacement_03444,1193.32174322,0.585099988504
replacement,replacement_03445,785.169363562,0.782144696998
replacement,replacement_03446,1153.12965796,0.60613215309
replacement,replacement_03447,1158.42064697,0.59544497
replacement,replacement_03448,590.548770995,0.791161241976
replacement,replacement_03449,609.031697299,0.791881546031
replacement,replacement_03450,936.363803654,0.74162714799
replacement,replacement_03451,1098.97664665,0.645496245269
replacement,replacement_03452,1058.7254309,0.671054239644
replacement,replacement_03453,665.11856259,0.79997053572
replacement,replacement_03454,1025.99750042,0.679944966495
replacement,replacement_03455,562.534345596,0.79650868036
replacement,replacement_03456,1175.57292848,0.607577823246
replacement,replacement_03457,887.545273996,0.768701640047
replacement,replacement_03458,620.894748251,0.788837793968
replacement,replacement_03459,756.23201171,0.797596297224
replacement,replacement_03460,1008.22384922,0.692314271355
replacement,replacement_03461,511.244938152,0.805563714529
replacement,replacement_03462,1002.50508054,0.703478534902
replacement,replacement_03463,924.334156163,0.748865635542
replacement,replacement_03464,802.214691349,0.790581234807
replacement,replacement_03465,759.024123728,0.789209368143
replacement,replacement_03466,815.470467294,0.80023747138
replacement,replacement_03467,782.353993611,0.787426394757
replacement,replacement_03468,500.85339987,0.795443638843
replacement,replacement_03469,993.625443333,0.701340173817
replacement,replacement_03470,1146.53073215,0.60005376467
replacement,replacement_03471,982.730178055,0.699665704085
replacement,replacement_03472,986.671094159,0.699407829267
replacement,replacement_03473,661.289767204,0.795857931132
replacement,replacement_03474,687.91944049,0.79641954641
replacement,replacement_03475,1184.37123046,0.586332000314
replacement,replacement_03476,791.085622117,0.788686434958
replacement,replacement_03477,1056.34366108,0.659503245416
replacement,replacement_03478,1189.45967344,0.579671109875
replacement,replacement_03479,1190.92866048,0.577212537331
replacement,replacement_03480,1129.92045059,0.617916824443
replacement,replacement_03481,511.055316434,0.800276000101
replacement,replacement_03482,556.787892338,0.804877831186
replacement,replacement_03483,986.447663163,0.693780741146
replacement,replacement_03484,786.870771413,0.783126956261
replacement,replacement_03485,987.715191409,0.719476418497
replacement,replacement_03486,989.155467494,0.705559681473
replacement,replacement_03487,723.800308889,0.792904984734
replacement,replacement_03488,1184.43165983,0.585924167872
replacement,replacement_03489,1098.59302979,0.640617311191
replacement,replacement_03490,934.103416347,0.744375420112
replacement,replacement_03491,539.930929858,0.790939113011
replacement,replacement_03492,768.058722844,0.795831928691
replacement,replacement_03493,1196.85482198,0.576130189407
replacement,replacement_03494,1101.1019508,0.633622894052
replacement,replacement_03495,934.497374153,0.742749505005
replacement,replacement_03496,831.971462027,0.791651578776
replacement,replacement_03497,1146.88525282,0.609825683588
replacement,replacement_03498,1159.14005205,0.604560282545
replacement,replacement_03499,1003.26735269,0.69076322408
replacement,replacement_03500,725.669758609,0.798192376464
replacement,replacement_03501,924.3672923,0.741652675763
replacement,replacement_03502,1014.83057258,0.694413473347
replacement,replacement_03503,926.478800487,0.740672564283
replacement,replacement_03504,701.726983003,0.785672997218
replacement,replacement_03505,561.457719403,0.807429008918
replacement,replacement_03506,756.012062051,0.789640264118
replacement,replacement_03507,1174.90074796,0.59509699475
replacement,replacement_03508,723.31192043,0.792187869113
replacement,replacement_03509,567.320595688,0.803647314659
replacement,replacement_03510,1078.15276061,0.659129485331
replacement,replacement_03511,1042.21120687,0.676370762159
replacement,replacement_03512,1014.25153158,0.69358569263
replacement,replacement_03513,1107.60501739,0.651670256788
replacement,replacement_03514,639.444738873,0.797992401278
replacement,replacement_03515,906.342558835,0.754821328746
replacement,replacement_03516,1007.44901806,0.692227701946
replacement,replacement_03517,1030.80536411,0.676618154366
replacement,replacement_03518,1030.75093846,0.686596853394
replacement,replacement_03519,1179.23096101,0.598158598902
replacement,replacement_03520,745.213348265,0.798358854994
replacement,replacement_03521,856.305825327,0.782103950484
replacement,replacement_03522,959.188779683,0.723183183575
replacement,replacement_03523,565.109781875,0.790427327827
replacement,replacement_03524,523.890340874,0.799721818782
replacement,replacement_03525,1134.27101546,0.623925051069
replacement,replacement_03526,997.305214826,0.69769137418
replacement,replacement_03527,646.471823849,0.792610698494
replacement,replacement_03528,863.936881272,0.786162298813
replacement,replacement_03529,1053.64674485,0.670352449187
replacement,replacement_03530,955.323405981,0.730601917716
replacement,replacement_03531,1078.66642127,0.65152103705
replacement,replacement_03532,1035.20545284,0.678873823904
replacement,replacement_03533,642.051818544,0.800110690735
replacement,replacement_03534,634.238580782,0.801191496725
replacement,replacement_03535,655.381635466,0.795097683686
replacement,replacement_03536,1147.59446435,0.611711532227
replacement,replacement_03537,637.495834076,0.789933211203
replacement,replacement_03538,667.077509393,0.792205264169
replacement,replacement_03539,790.643836243,0.796443925299
replacement,replacement_03540,832.720748016,0.784156083835
replacement,replacement_03541,544.907693303,0.794366403244
replacement,replacement_03542,910.877817225,0.753672499205
replacement,replacement_03543,1049.52480184,0.669300234387
replacement,replacement_03544,1108.39147486,0.623311200632
replacement,replacement_03545,1023.61072681,0.690578740403
replacement,replacement_03546,773.392665935,0.779004302679
replacement,replacement_03547,918.9058241,0.749312335315
replacement,replacement_03548,546.206874472,0.792346746284
replacement,replacement_03549,934.194389994,0.736652075422
replacement,replacement_03550,1097.59846303,0.633436749972
replacement,replacement_03551,770.965494396,0.787408622053
replacement,replacement_03552,581.812184553,0.804973137124
replacement,replacement_03553,666.742273469,0.787893440054
replacement,replacement_03554,756.848470461,0.780619205083
replacement,replacement_03555,1123.64145971,0.620361534131
replacement,replacement_03556,1196.71123367,0.581357335236
replacement,replacement_03557,600.105186014,0.787783695442
replacement,replacement_03558,689.398448377,0.799662818949
replacement,replacement_03559,948.037630938,0.72986910879
replacement,replacement_03560,600.710722669,0.800836752304
replacement,replacement_03561,657.6204392,0.792405821805
replacement,replacement_03562,879.235826899,0.78536189097
replacement,replacement_03563,748.358646873,0.793858686592
replacement,replacement_03564,1106.03045385,0.632355705346
replacement,replacement_03565,501.875391827,0.802398339773
replacement,replacement_03566,641.669865462,0.792070323236
replacement,replacement_03567,963.378807349,0.71871116356
replacement,replacement_03568,1011.79015185,0.695296767494
replacement,replacement_03569,660.285126952,0.789221794029
replacement,replacement_03570,709.830734159,0.788918218372
replacement,replacement_03571,948.180637283,0.728048014364
replacement,replacement_03572,1146.21221488,0.606872448159
replacement,replacement_03573,928.814468292,0.733015602135
replacement,replacement_03574,762.280329329,0.798128512226
replacement,replacement_03575,959.843295268,0.731049609314
replacement,replacement_03576,1024.04797649,0.679637159978
replacement,replacement_03577,837.990251423,0.789034356789
replacement,replacement_03578,871.134641634,0.77728656325
replacement,replacement_03579,615.870016086,0.802141690497
replacement,replacement_03580,629.786495058,0.796613977175
replacement,replacement_03581,693.948813065,0.799362515261
replacement,replacement_03582,1150.12933504,0.60602516459
replacement,replacement_03583,858.816128968,0.779622097215
replacement,replacement_03584,1090.77522837,0.635389695177
replacement,replacement_03585,763.686520474,0.793470184691
replacement,replacement_03586,994.898031282,0.690501681099
replacement,replacement_03587,1042.78898161,0.665843746635
replacement,replacement_03588,861.024684187,0.786466400065
replacement,replacement_03589,1027.4817559,0.675954345972
replacement,replacement_03590,749.027506596,0.805699590709
replacement,replacement_03591,701.229336654,0.788701818611
replacement,replacement_03592,947.839692799,0.731055416009
replacement,replacement_03593,820.771693795,0.792661879769
replacement,replacement_03594,1149.60335033,0.609640196077
replacement,replacement_03595,1004.08105078,0.694454310034
replacement,replacement_03596,680.647525408,0.788676618367
replacement,replacement_03597,957.11665229,0.716558393801
replacement,replacement_03598,641.841615851,0.788013406299
replacement,replacement_03599,900.891196372,0.767733820373
replacement,replacement_03600,1195.55565173,0.580869088535
replacement,replacement_03601,840.393220292,0.782072369398
replacement,replacement_03602,970.706933656,0.713208029262
replacement,replacement_03603,1056.60975327,0.662930348797
replacement,replacement_03604,502.48279615,0.807644875269
replacement,replacement_03605,1103.24570318,0.62752677501
replacement,replacement_03606,1006.39898769,0.690852089506
replacement,replacement_03607,594.891096182,0.790437502745
replacement,replacement_03608,812.284004735,0.780350583331
replacement,replacement_03609,771.79898409,0.787845544807
replacement,replacement_03610,588.511923299,0.790823105375
replacement,replacement_03611,1006.75943449,0.693397387449
replacement,replacement_03612,707.735101099,0.78984995081
replacement,replacement_03613,893.636117212,0.771311985866
replacement,replacement_03614,661.777321159,0.78513066841
replacement,replacement_03615,743.905419094,0.793945330749
replacement,replacement_03616,733.240295793,0.804076691564
replacement,replacement_03617,908.818878958,0.752430206159
replacement,replacement_03618,900.983453225,0.761775267041
replacement,replacement_03619,750.224484619,0.796728019457
replacement,replacement_03620,933.510319107,0.744658297709
replacement,replacement_03621,1140.85824012,0.60771789517
replacement,replacement_03622,557.620055731,0.798082833972
replacement,replacement_03623,625.736335612,0.796384183222
replacement,replacement_03624,615.987366168,0.804136855036
replacement,replacement_03625,715.210450873,0.800385318244
replacement,replacement_03626,1107.53435462,0.629841727691
replacement,replacement_03627,766.494961193,0.797653167606
replacement,replacement_03628,1124.77997196,0.633830527674
replacement,replacement_03629,688.226338447,0.789890717394
replacement,replacement_03630,1146.46157232,0.598286189577
replacement,replacement_03631,937.798200354,0.747041762423
replacement,replacement_03632,1002.75584579,0.688345719034
replacement,replacement_03633,1157.76812148,0.59668291592
replacement,replacement_03634,767.068634642,0.78843126987
replacement,replacement_03635,1056.95734027,0.660395214431
replacement,replacement_03636,1104.59402188,0.642326219474
replacement,replacement_03637,971.688085896,0.720581812896
replacement,replacement_03638,734.29513454,0.788719516588
replacement,replacement_03639,1004.35188869,0.685500961482
replacement,replacement_03640,1089.4870177,0.64559277802
replacement,replacement_03641,688.883049642,0.788336627403
replacement,replacement_03642,542.138145618,0.791305180848
replacement,replacement_03643,1096.8848188,0.632825265043
replacement,replacement_03644,681.568126259,0.796267026103
replacement,replacement_03645,1169.02897048,0.594126864556
replacement,replacement_03646,992.918374006,0.695164335317
replacement,replacement_03647,704.667627143,0.804346184378
replacement,replacement_03648,672.19623238,0.791569793247
replacement,replacement_03649,931.245215894,0.731399718581
replacement,replacement_03650,631.363712065,0.795309515258
replacement,replacement_03651,1179.77183147,0.58899587324
replacement,replacement_03652,931.813940002,0.749744587281
replacement,replacement_03653,882.29494799,0.76594061695
replacement,replacement_03654,651.18362004,0.803935069463
replacement,replacement_03655,748.531552956,0.787937931765
replacement,replacement_03656,721.332392133,0.79457051356
replacement,replacement_03657,659.279920775,0.787099988303
replacement,replacement_03658,753.409520831,0.79246021522
replacement,replacement_03659,584.466944475,0.794894110029
replacement,replacement_03660,932.321547016,0.741043517518
replacement,replacement_03661,691.068752308,0.794023586029
replacement,replacement_03662,657.890061601,0.785758328183
replacement,replacement_03663,1035.45333833,0.685081589353
replacement,replacement_03664,853.657110914,0.79477032729
replacement,replacement_03665,629.51409022,0.80745929205
replacement,replacement_03666,534.7311092,0.798317597484
replacement,replacement_03667,518.475239602,0.798085663607
replacement,replacement_03668,900.511838423,0.756680839403
replacement,replacement_03669,624.195689366,0.795437504454
replacement,replacement_03670,634.837338934,0.804916955808
replacement,replacement_03671,648.730124267,0.7904237331
replacement,replacement_03672,693.216888644,0.804128086031
replacement,replacement_03673,867.136337305,0.785528708718
replacement,replacement_03674,721.474986402,0.7898361557
replacement,replacement_03675,564.607668652,0.798202223845
replacement,replacement_03676,584.745849584,0.796868356259
replacement,replacement_03677,670.746913131,0.789966602196
replacement,replacement_03678,1170.13053972,0.596146498006
replacement,replacement_03679,901.930095817,0.762579202636
replacement,replacement_03680,902.449946871,0.763353218421
replacement,replacement_03681,852.152442878,0.794624899847
replacement,replacement_03682,1079.67912326,0.652851922468
replacement,replacement_03683,844.14011468,0.804656976635
replacement,replacement_03684,514.884699552,0.791572994608
replacement,replacement_03685,953.17899295,0.732162117614
replacement,replacement_03686,859.897997108,0.770054075865
replacement,replacement_03687,862.845443529,0.765403877338
replacement,replacement_03688,699.116577678,0.791284617906
replacement,replacement_03689,729.50945781,0.801416514152
replacement,replacement_03690,712.411864876,0.797384856651
replacement,replacement_03691,1146.9498096,0.619679000504
replacement,replacement_03692,1050.95816693,0.672628680482
replacement,replacement_03693,571.092498902,0.796397008829
replacement,replacement_03694,525.172167362,0.795741499126
replacement,replacement_03695,717.095936872,0.791160567795
replacement,replacement_03696,1058.1872166,0.657888445816
replacement,replacement_03697,969.366908826,0.720534886345
replacement,replacement_03698,1122.4867601,0.624228252821
replacement,replacement_03699,702.826455782,0.79723933486
replacement,replacement_03700,1198.93743441,0.579429209792
replacement,replacement_03701,1099.13868925,0.644101058512
replacement,replacement_03702,907.421958328,0.748867476924
replacement,replacement_03703,545.914306023,0.787751546445
replacement,replacement_03704,970.069805611,0.711942925902
replacement,replacement_03705,645.019359518,0.79735230566
replacement,replacement_03706,869.421224683,0.768606139973
replacement,replacement_03707,1087.49162802,0.642811390583
replacement,replacement_03708,731.181614168,0.791281848044
replacement,replacement_03709,518.056111369,0.803286215255
replacement,replacement_03710,704.649584041,0.799682301105
replacement,replacement_03711,619.754726331,0.798895229922
replacement,replacement_03712,658.255906868,0.791220477186
replacement,replacement_03713,997.824713614,0.694860796846
replacement,replacement_03714,509.047874137,0.800576893228
replacement,replacement_03715,568.212108838,0.797575757344
replacement,replacement_03716,687.14038293,0.796908364213
replacement,replacement_03717,921.160090488,0.748510397728
replacement,replacement_03718,512.836781728,0.804387355075
replacement,replacement_03719,835.351829838,0.783883819858
replacement,replacement_03720,864.77779857,0.778812015949
replacement,replacement_03721,588.953531951,0.791157210621
replacement,replacement_03722,866.949641792,0.780743386976
replacement,replacement_03723,762.154798889,0.784401516554
replacement,replacement_03724,798.68516785,0.795492590695
replacement,replacement_03725,558.705940655,0.79974784781
replacement,replacement_03726,1006.29854422,0.684932216365
replacement,replacement_03727,899.427929589,0.755812245458
replacement,replacement_03728,860.301532609,0.785662529955
replacement,replacement_03729,616.181734204,0.804062409867
replacement,replacement_03730,639.953029696,0.795746637142
replacement,replacement_03731,672.373748049,0.783652100565
replacement,replacement_03732,898.499613135,0.76544055661
replacement,replacement_03733,828.653548541,0.795433097077
replacement,replacement_03734,661.684492537,0.808654565068
replacement,replacement_03735,899.683464762,0.757903158538
replacement,replacement_03736,961.383095696,0.730172877718
replacement,replacement_03737,535.587038607,0.792744490346
replacement,replacement_03738,1166.72382009,0.591647476748
replacement,replacement_03739,989.014758319,0.704389625139
replacement,replacement_03740,844.623521017,0.791822845058
replacement,replacement_03741,605.408092968,0.807972053449
replacement,replacement_03742,722.598478253,0.793823681348
replacement,replacement_03743,590.318967067,0.799783610505
replacement,replacement_03744,690.464769379,0.792966152814
replacement,replacement_03745,531.046218106,0.798449343025
replacement,replacement_03746,751.452087544,0.789142724526
replacement,replacement_03747,1154.31850226,0.611123655089
replacement,replacement_03748,994.752176932,0.701846199829
replacement,replacement_03749,1170.42365173,0.596857287137
replacement,replacement_03750,581.370150033,0.786033536591
replacement,replacement_03751,645.074413222,0.780126901102
replacement,replacement_03752,1161.69283412,0.603046967316
replacement,replacement_03753,779.58815932,0.793445944255
replacement,replacement_03754,598.801076787,0.795119027727
replacement,replacement_03755,1068.62463603,0.656897180081
replacement,replacement_03756,733.487780424,0.790154270969
replacement,replacement_03757,829.080082203,0.795824858607
replacement,replacement_03758,1004.17397384,0.703814366821
replacement,replacement_03759,518.306692945,0.800245961241
replacement,replacement_03760,549.493202527,0.807077341337
replacement,replacement_03761,1187.41733078,0.58845238684
replacement,replacement_03762,955.621972404,0.72992818386
replacement,replacement_03763,1183.25464378,0.600245856459
replacement,replacement_03764,1128.92000066,0.623813804396
replacement,replacement_03765,1110.60881757,0.627709258688
replacement,replacement_03766,571.844829971,0.80453335314
replacement,replacement_03767,1158.2696593,0.598979378605
replacement,replacement_03768,706.874900573,0.7985295393
replacement,replacement_03769,833.688091255,0.797093784854
replacement,replacement_03770,571.488765364,0.798084988636
replacement,replacement_03771,576.128955335,0.794852236829
replacement,replacement_03772,1185.55094425,0.591154462513
replacement,replacement_03773,887.512986134,0.760080457615
replacement,replacement_03774,911.136120121,0.755467120709
replacement,replacement_03775,705.107623905,0.786246448733
replacement,replacement_03776,999.487673327,0.691515914277
replacement,replacement_03777,509.575985234,0.790196194047
replacement,replacement_03778,1006.96467064,0.696380794659
replacement,replacement_03779,1157.81313431,0.599281542361
replacement,replacement_03780,616.455005204,0.800144030228
replacement,replacement_03781,861.298561541,0.77379125831
replacement,replacement_03782,562.954104836,0.800860256878
replacement,replacement_03783,731.396099956,0.789170903589
replacement,replacement_03784,943.990219199,0.736232020057
replacement,replacement_03785,1187.97855269,0.595900243824
replacement,replacement_03786,615.799308966,0.792181481475
replacement,replacement_03787,899.761619186,0.760110368054
replacement,replacement_03788,920.107878951,0.74546324665
replacement,replacement_03789,618.101810975,0.796806936637
replacement,replacement_03790,701.860161548,0.783265076249
replacement,replacement_03791,634.476285953,0.793939015194
replacement,replacement_03792,1168.99228793,0.595085884594
replacement,replacement_03793,810.706610858,0.786528264922
replacement,replacement_03794,994.978124179,0.707172299151
replacement,replacement_03795,605.445864614,0.794773850508
replacement,replacement_03796,937.018588546,0.7393105057
replacement,replacement_03797,749.346078654,0.796005341851
replacement,replacement_03798,627.864479335,0.791349714748
replacement,replacement_03799,847.762175397,0.791225529769
replacement,replacement_03800,903.582924586,0.758247064785
replacement,replacement_03801,968.319052004,0.716258211233
replacement,replacement_03802,706.782338434,0.794669196098
replacement,replacement_03803,693.131225267,0.785546859282
replacement,replacement_03804,695.247904615,0.803200730908
replacement,replacement_03805,1023.9736119,0.685132429134
replacement,replacement_03806,536.125758576,0.80718242378
replacement,replacement_03807,1155.05439504,0.602541550544
replacement,replacement_03808,830.31060501,0.786610442494
replacement,replacement_03809,798.284586509,0.804516367333
replacement,replacement_03810,616.508654183,0.794080611554
replacement,replacement_03811,696.597396817,0.780684448805
replacement,replacement_03812,626.544190765,0.79215259037
replacement,replacement_03813,930.965376069,0.738336067555
replacement,replacement_03814,675.289849019,0.78453996549
replacement,replacement_03815,602.512343804,0.791919225878
replacement,replacement_03816,993.30455461,0.695021092797
replacement,replacement_03817,1172.48834353,0.596546657755
replacement,replacement_03818,1051.31479937,0.66695890219
replacement,replacement_03819,1122.14807183,0.632374531194
replacement,replacement_03820,1068.6856508,0.665612393424
replacement,replacement_03821,707.095957754,0.792759467283
replacement,replacement_03822,753.840637551,0.795142380767
replacement,replacement_03823,891.066864119,0.770231053848
replacement,replacement_03824,583.91168816,0.795094597101
replacement,replacement_03825,839.685138558,0.793123252542
replacement,replacement_03826,824.566667384,0.783018953366
replacement,replacement_03827,985.090052335,0.704299550225
replacement,replacement_03828,540.841852536,0.794294867066
replacement,replacement_03829,1116.65453302,0.620528317715
replacement,replacement_03830,1146.71076906,0.60555573213
replacement,replacement_03831,704.307913271,0.791378768298
replacement,replacement_03832,695.728950521,0.801491854545
replacement,replacement_03833,735.153669735,0.79429336092
replacement,replacement_03834,581.35856492,0.78437443083
replacement,replacement_03835,1012.43237593,0.694898738357
replacement,replacement_03836,627.928312552,0.795075010335
replacement,replacement_03837,1045.81057563,0.665910958585
replacement,replacement_03838,895.233152928,0.759929088414
replacement,replacement_03839,808.64722165,0.782050617478
replacement,replacement_03840,1054.78637265,0.665258767596
replacement,replacement_03841,1182.70753272,0.594942479492
replacement,replacement_03842,1033.91795782,0.676894663856
replacement,replacement_03843,509.791240125,0.791977067758
replacement,replacement_03844,826.275130801,0.793658144068
replacement,replacement_03845,695.167826618,0.790226020196
replacement,replacement_03846,948.329073378,0.727391703294
replacement,replacement_03847,1063.86148916,0.65118818136
replacement,replacement_03848,1148.29470315,0.6030283496
replacement,replacement_03849,1013.9250133,0.689296492349
replacement,replacement_03850,587.606128805,0.791258765082
replacement,replacement_03851,877.364513328,0.773688360151
replacement,replacement_03852,954.422137997,0.717559633662
replacement,replacement_03853,1019.61008848,0.693396612081
replacement,replacement_03854,861.158071096,0.784271987231
replacement,replacement_03855,530.274472479,0.800957336719
replacement,replacement_03856,953.898628996,0.731176692446
replacement,replacement_03857,910.924523934,0.766202418602
replacement,replacement_03858,930.66776863,0.745971179863
replacement,replacement_03859,558.326329663,0.80147798571
replacement,replacement_03860,619.572468301,0.785077504508
replacement,replacement_03861,594.104110587,0.806993077834
replacement,replacement_03862,761.051043321,0.791178536033
replacement,replacement_03863,1032.13145557,0.681230121561
replacement,replacement_03864,1076.23602044,0.655871960443
replacement,replacement_03865,1174.48240843,0.600526730685
replacement,replacement_03866,646.625418195,0.798490221938
replacement,replacement_03867,741.563017385,0.803157236901
replacement,replacement_03868,1103.18724692,0.632710707726
replacement,replacement_03869,533.398273823,0.79606387231
replacement,replacement_03870,970.73159254,0.722302264008
replacement,replacement_03871,986.575592056,0.704608809534
replacement,replacement_03872,587.889778869,0.804420410662
replacement,replacement_03873,513.272497523,0.797210106632
replacement,replacement_03874,1028.23174185,0.677243065917
replacement,replacement_03875,1074.83937938,0.65855884022
replacement,replacement_03876,1062.14503704,0.659364393438
replacement,replacement_03877,1130.48305023,0.614327294006
replacement,replacement_03878,789.195587405,0.780748943091
replacement,replacement_03879,901.854184878,0.756853377961
replacement,replacement_03880,675.808281941,0.780572688972
replacement,replacement_03881,884.101241996,0.763454987004
replacement,replacement_03882,827.098194413,0.804298571006
replacement,replacement_03883,846.835557415,0.791824549236
replacement,replacement_03884,505.655226424,0.788498021678
replacement,replacement_03885,824.035717968,0.782218762366
replacement,replacement_03886,665.917842154,0.799265992091
replacement,replacement_03887,867.40750092,0.782544680748
replacement,replacement_03888,830.570396232,0.797001631676
replacement,replacement_03889,1168.5407606,0.601239048743
replacement,replacement_03890,852.504962431,0.784271046822
replacement,replacement_03891,517.618206654,0.797769863656
replacement,replacement_03892,523.815071702,0.797461284553
replacement,replacement_03893,1043.11328929,0.672401059609
replacement,replacement_03894,627.964341044,0.791248553673
replacement,replacement_03895,1190.99328961,0.580367760956
replacement,replacement_03896,624.732368418,0.785863907361
replacement,replacement_03897,731.992853879,0.788303899675
replacement,replacement_03898,1180.57502257,0.579303706324
replacement,replacement_03899,956.931882471,0.723466094705
replacement,replacement_03900,969.14019463,0.722721883623
replacement,replacement_03901,530.056915901,0.799170734401
replacement,replacement_03902,569.816464709,0.801039904845
replacement,replacement_03903,623.449999424,0.795393505987
replacement,replacement_03904,1120.42743297,0.635598135722
replacement,replacement_03905,870.697124661,0.77458977998
replacement,replacement_03906,676.025571838,0.792088643674
replacement,replacement_03907,507.365076148,0.807882668334
replacement,replacement_03908,542.002759315,0.800401478026
replacement,replacement_03909,601.441859426,0.792956422049
replacement,replacement_03910,788.990084694,0.795447301118
replacement,replacement_03911,1140.61478801,0.606876174933
replacement,replacement_03912,833.087865763,0.796811152824
replacement,replacement_03913,858.777204217,0.777250797623
replacement,replacement_03914,689.029393646,0.79557609409
replacement,replacement_03915,1090.48874139,0.645782296383
replacement,replacement_03916,804.725035651,0.788004721226
replacement,replacement_03917,676.738370109,0.800089394339
replacement,replacement_03918,520.268263273,0.800711989661
replacement,replacement_03919,1018.69013486,0.668189471567
replacement,replacement_03920,568.378584864,0.796673255786
replacement,replacement_03921,713.91403791,0.791978781463
replacement,replacement_03922,554.432897518,0.792666108099
replacement,replacement_03923,882.849719427,0.767103660181
replacement,replacement_03924,983.520103898,0.702980839507
replacement,replacement_03925,1042.40873169,0.679862232702
replacement,replacement_03926,1028.52710598,0.676504279063
replacement,replacement_03927,596.309784874,0.789792317591
replacement,replacement_03928,965.545985541,0.719371968963
replacement,replacement_03929,891.43581054,0.766602200676
replacement,replacement_03930,661.550929471,0.781536958398
replacement,replacement_03931,640.4048657,0.80577808394
replacement,replacement_03932,1042.19283019,0.685344158143
replacement,replacement_03933,588.685775268,0.795695113981
replacement,replacement_03934,1111.21880881,0.639463062131
replacement,replacement_03935,501.496315775,0.802808934355
replacement,replacement_03936,964.076725993,0.729599670487
replacement,replacement_03937,1159.37155835,0.598519476644
replacement,replacement_03938,540.972647315,0.803039800038
replacement,replacement_03939,845.290130984,0.794049270916
replacement,replacement_03940,558.398080317,0.792335120028
replacement,replacement_03941,972.5642968,0.71720592477
replacement,replacement_03942,700.156066774,0.796875081985
replacement,replacement_03943,764.788708017,0.787170605229
replacement,replacement_03944,1030.91476517,0.677524439192
replacement,replacement_03945,549.133488589,0.800569387817
replacement,replacement_03946,812.16124442,0.801789763489
replacement,replacement_03947,963.610962337,0.7237532239
replacement,replacement_03948,855.663415679,0.781391113028
replacement,replacement_03949,990.953708898,0.70713439074
replacement,replacement_03950,1012.26637905,0.685384704942
replacement,replacement_03951,1004.03403658,0.685894621056
replacement,replacement_03952,594.50991902,0.795125448791
replacement,replacement_03953,515.234933956,0.793929765978
replacement,replacement_03954,1120.6702261,0.63033718664
replacement,replacement_03955,950.479909999,0.727254641274
replacement,replacement_03956,683.203200114,0.793469162468
replacement,replacement_03957,909.831141706,0.756603120308
replacement,replacement_03958,1185.85160316,0.573786860428
replacement,replacement_03959,704.014280597,0.79729035355
replacement,replacement_03960,1176.61308834,0.605688304981
replacement,replacement_03961,729.320746998,0.788361727652
replacement,replacement_03962,1006.32707695,0.702546732231
replacement,replacement_03963,833.91946131,0.782146611589
replacement,replacement_03964,899.950844649,0.760347631484
replacement,replacement_03965,569.201748645,0.790527131691
replacement,replacement_03966,853.142583673,0.786685559231
replacement,replacement_03967,752.804434208,0.792401177859
replacement,replacement_03968,551.242316923,0.793355600058
replacement,replacement_03969,1113.68144649,0.629127702178
replacement,replacement_03970,925.512751914,0.748948453239
replacement,replacement_03971,982.991566133,0.710809626624
replacement,replacement_03972,660.319106505,0.787966553051
replacement,replacement_03973,657.046240961,0.801433846234
replacement,replacement_03974,917.158206189,0.74154078106
replacement,replacement_03975,1112.95429303,0.631774517433
replacement,replacement_03976,720.230910386,0.793207538315
replacement,replacement_03977,626.844330239,0.802281326113
replacement,replacement_03978,656.191941236,0.806058201714
replacement,replacement_03979,1128.13320675,0.63277165132
replacement,replacement_03980,551.739046713,0.800185439784
replacement,replacement_03981,1036.85809636,0.681478294391
replacement,replacement_03982,781.155132685,0.799499731915
replacement,replacement_03983,936.148135049,0.739687160931
replacement,replacement_03984,672.968152888,0.795630499862
replacement,replacement_03985,784.558820353,0.789022456384
replacement,replacement_03986,745.460836346,0.788568587223
replacement,replacement_03987,506.209350232,0.797739270345
replacement,replacement_03988,1089.23951209,0.641688179307
replacement,replacement_03989,991.727501268,0.702874131907
replacement,replacement_03990,1181.31750801,0.580122240844
replacement,replacement_03991,964.725004953,0.719028327031
replacement,replacement_03992,798.759559052,0.794284787153
replacement,replacement_03993,500.991771955,0.797175924416
replacement,replacement_03994,750.140209571,0.788466279141
replacement,replacement_03995,1137.6663898,0.617641191681
replacement,replacement_03996,1126.18866994,0.632214297008
replacement,replacement_03997,603.049045283,0.809230641055
replacement,replacement_03998,750.312041451,0.793143190838
replacement,replacement_03999,990.919167196,0.703945951488
replacement,replacement_04000,591.871988508,0.809934410732
replacement,replacement_04001,1035.48345872,0.667633161285
replacement,replacement_04002,744.484980741,0.798144284008
replacement,replacement_04003,1051.2233299,0.66592571544
replacement,replacement_04004,1117.13347044,0.630756062358
replacement,replacement_04005,969.241557419,0.727416652662
replacement,replacement_04006,1114.15751918,0.632519955421
replacement,replacement_04007,663.26774853,0.800347738016
replacement,replacement_04008,981.469181825,0.712812923082
replacement,replacement_04009,560.972602366,0.797600720911
replacement,replacement_04010,631.547265524,0.800458746752
replacement,replacement_04011,918.369474755,0.745739282069
replacement,replacement_04012,950.297654501,0.728249433428
replacement,replacement_04013,511.225165033,0.80139613246
replacement,replacement_04014,1052.82552786,0.665572984199
replacement,replacement_04015,888.476338048,0.767312483267
replacement,replacement_04016,674.432295154,0.796279066502
replacement,replacement_04017,851.263681666,0.783451072803
replacement,replacement_04018,679.602429316,0.787964676028
replacement,replacement_04019,945.956220716,0.724526913743
replacement,replacement_04020,718.948718053,0.798659206305
replacement,replacement_04021,602.34405932,0.800001268977
replacement,replacement_04022,969.330783015,0.70996556018
replacement,replacement_04023,855.078807931,0.784311434952
replacement,replacement_04024,946.859782977,0.725320560933
replacement,replacement_04025,1007.5780753,0.681296141514
replacement,replacement_04026,511.28446757,0.800472615581
replacement,replacement_04027,1082.6573224,0.649964703675
replacement,replacement_04028,892.200005733,0.771220456888
replacement,replacement_04029,772.489911803,0.783062016809
replacement,replacement_04030,774.464423378,0.789542098216
replacement,replacement_04031,1012.57895641,0.679380820818
replacement,replacement_04032,1151.5430722,0.602337823182
replacement,replacement_04033,913.278538433,0.749045988757
replacement,replacement_04034,617.883522039,0.792823984729
replacement,replacement_04035,840.940567626,0.794684207232
replacement,replacement_04036,1061.41629777,0.659143444446
replacement,replacement_04037,1131.48915257,0.629983118665
replacement,replacement_04038,957.068173357,0.718397304322
replacement,replacement_04039,609.26683329,0.799214190674
replacement,replacement_04040,1049.20215689,0.662003828788
replacement,replacement_04041,1147.71455868,0.617092026135
replacement,replacement_04042,1136.35479738,0.621588573207
replacement,replacement_04043,519.177973393,0.795328554315
replacement,replacement_04044,703.403531629,0.797685330816
replacement,replacement_04045,551.562470201,0.798204532536
replacement,replacement_04046,752.271265696,0.794832537393
replacement,replacement_04047,854.463436512,0.787610215187
replacement,replacement_04048,527.289725044,0.803160723277
replacement,replacement_04049,783.250343215,0.788988529635
replacement,replacement_04050,1140.94651417,0.616521199898
replacement,replacement_04051,932.807525754,0.746126962099
replacement,replacement_04052,849.052607428,0.791522527616
replacement,replacement_04053,1085.6883823,0.650779155478
replacement,replacement_04054,955.061541945,0.731382082473
replacement,replacement_04055,818.115126644,0.791319991686
replacement,replacement_04056,1154.8991851,0.611339126381
replacement,replacement_04057,981.961500865,0.709944813632
replacement,replacement_04058,1196.96353136,0.580040320893
replacement,replacement_04059,504.541318269,0.798658632353
replacement,replacement_04060,659.842059631,0.802923323597
replacement,replacement_04061,1068.54977402,0.651703689592
replacement,replacement_04062,1010.6314597,0.698729148352
replacement,replacement_04063,731.182087402,0.801145868328
replacement,replacement_04064,720.008295969,0.789887247969
replacement,replacement_04065,1114.14935127,0.639660306627
replacement,replacement_04066,1199.86594109,0.573087473231
replacement,replacement_04067,520.800391462,0.808966127708
replacement,replacement_04068,1155.84123541,0.603544344505
replacement,replacement_04069,924.048654299,0.750701773966
replacement,replacement_04070,861.927703315,0.797925672347
replacement,replacement_04071,577.533184188,0.792226872167
replacement,replacement_04072,1147.44764536,0.604826338337
replacement,replacement_04073,899.90066167,0.75697127135
replacement,replacement_04074,881.447190557,0.766463001416
replacement,replacement_04075,1152.20086011,0.611908779919
replacement,replacement_04076,921.413877528,0.738745556334
replacement,replacement_04077,964.213502108,0.73325755147
replacement,replacement_04078,1102.84784001,0.626506765279
replacement,replacement_04079,1008.17343219,0.683905018428
replacement,replacement_04080,560.17005771,0.795721806764
replacement,replacement_04081,849.545071443,0.787701026187
replacement,replacement_04082,1160.40862628,0.594851886188
replacement,replacement_04083,575.971215965,0.79707085358
replacement,replacement_04084,542.560066981,0.804892469463
replacement,replacement_04085,799.987652771,0.803178394048
replacement,replacement_04086,961.200251025,0.72112797175
replacement,replacement_04087,786.084018635,0.795274165052
replacement,replacement_04088,901.861650907,0.762242187388
replacement,replacement_04089,679.272042008,0.803525010931
replacement,replacement_04090,1062.4303022,0.661946919024
replacement,replacement_04091,710.134073113,0.78614780195
replacement,replacement_04092,850.815606646,0.79725132575
replacement,replacement_04093,687.022820696,0.784320644896
replacement,replacement_04094,1141.23661451,0.617426968777
replacement,replacement_04095,1068.53631248,0.663343110832
replacement,replacement_04096,814.948916596,0.783998521291
replacement,replacement_04097,775.012295533,0.787907824638
replacement,replacement_04098,546.948929,0.791235469719
replacement,replacement_04099,1141.63896196,0.620079376113
replacement,replacement_04100,640.965074654,0.801022828926
replacement,replacement_04101,1148.31420465,0.615281562152
replacement,replacement_04102,1173.30805385,0.597810119702
replacement,replacement_04103,501.537416424,0.797041276678
replacement,replacement_04104,727.432273553,0.789700995117
replacement,replacement_04105,740.344797629,0.789041000365
replacement,replacement_04106,997.739937263,0.694240998078
replacement,replacement_04107,1005.18270309,0.689775361342
replacement,replacement_04108,709.938427839,0.805202900034
replacement,replacement_04109,1134.26847159,0.624098926357
replacement,replacement_04110,773.620042109,0.788017315786
replacement,replacement_04111,848.521973923,0.78600893836
replacement,replacement_04112,823.922468618,0.794532336943
replacement,replacement_04113,614.527432219,0.790997446409
replacement,replacement_04114,845.391473301,0.787569476761
replacement,replacement_04115,1007.60090759,0.695733191708
replacement,replacement_04116,1134.42430889,0.619332767998
replacement,replacement_04117,674.38260583,0.801782294354
replacement,replacement_04118,1153.70647831,0.601009401003
replacement,replacement_04119,679.996454796,0.796174643775
replacement,replacement_04120,834.349995062,0.79501485969
replacement,replacement_04121,867.869124036,0.773570036277
replacement,replacement_04122,855.13475454,0.782988208482
replacement,replacement_04123,811.390126425,0.787158199204
replacement,replacement_04124,703.708246202,0.802772271533
replacement,replacement_04125,1044.61965895,0.662842744018
replacement,replacement_04126,679.665868368,0.805877972762
replacement,replacement_04127,602.794238228,0.797988010632
replacement,replacement_04128,1078.41321545,0.647289505086
replacement,replacement_04129,800.180350991,0.791143428488
replacement,replacement_04130,661.109438435,0.789390063846
replacement,replacement_04131,556.967663119,0.79816264384
replacement,replacement_04132,1164.01013713,0.598917754964
replacement,replacement_04133,932.531088581,0.730579688109
replacement,replacement_04134,722.077631373,0.795698869901
replacement,replacement_04135,844.991092341,0.795918692416
replacement,replacement_04136,831.047717538,0.811527087659
replacement,replacement_04137,728.64060524,0.798597023835
replacement,replacement_04138,636.160011953,0.789508055155
replacement,replacement_04139,1015.51264989,0.69202162298
replacement,replacement_04140,1017.70479251,0.6784919044
replacement,replacement_04141,699.247831855,0.791365967831
replacement,replacement_04142,921.071174377,0.734129266933
replacement,replacement_04143,1143.01735482,0.619808714166
replacement,replacement_04144,1075.56717785,0.650230205186
replacement,replacement_04145,585.988640172,0.799385590465
replacement,replacement_04146,731.863875059,0.797004497751
replacement,replacement_04147,709.226497992,0.793949316013
replacement,replacement_04148,757.85266251,0.796048414953
replacement,replacement_04149,788.28027364,0.784004249154
replacement,replacement_04150,584.096173915,0.80386503085
replacement,replacement_04151,1119.71497363,0.62956380985
replacement,replacement_04152,734.759509846,0.792057321707
replacement,replacement_04153,766.150492335,0.778886303578
replacement,replacement_04154,602.788262582,0.79497939083
replacement,replacement_04155,609.995062644,0.800934059284
replacement,replacement_04156,1190.13255701,0.580293784068
replacement,replacement_04157,1185.77000688,0.589145533372
replacement,replacement_04158,741.470494777,0.787994487263
replacement,replacement_04159,898.021961335,0.764205248437
replacement,replacement_04160,712.668456046,0.799052132456
replacement,replacement_04161,895.752818867,0.747029168005
replacement,replacement_04162,575.09056637,0.793230699988
replacement,replacement_04163,870.361220391,0.772646068695
replacement,replacement_04164,638.62123263,0.781730987
replacement,replacement_04165,872.338074298,0.782096486101
replacement,replacement_04166,669.921385499,0.79163594214
replacement,replacement_04167,728.686618815,0.784813796354
replacement,replacement_04168,549.587003222,0.801111417389
replacement,replacement_04169,1170.85143784,0.601866254768
replacement,replacement_04170,883.469721656,0.773859023136
replacement,replacement_04171,580.528089867,0.796355199557
replacement,replacement_04172,589.168982639,0.793728182077
replacement,replacement_04173,938.24773796,0.734883759613
replacement,replacement_04174,751.970967127,0.794594447371
replacement,replacement_04175,970.866708411,0.717838864931
replacement,replacement_04176,938.256114544,0.733202869775
replacement,replacement_04177,999.016385051,0.700767938847
replacement,replacement_04178,627.31620231,0.794723596455
replacement,replacement_04179,1188.43287558,0.574502378555
replacement,replacement_04180,848.35137177,0.787798501316
replacement,replacement_04181,750.146386274,0.798514663788
replacement,replacement_04182,1193.36806128,0.584674231551
replacement,replacement_04183,964.199816642,0.713341237906
replacement,replacement_04184,563.330587102,0.791371119476
replacement,replacement_04185,688.756576392,0.788158921449
replacement,replacement_04186,707.645495587,0.797019042143
replacement,replacement_04187,577.86410925,0.799753505683
replacement,replacement_04188,919.071539133,0.754566882038
replacement,replacement_04189,679.614841133,0.792594734108
replacement,replacement_04190,740.226839077,0.795793815466
replacement,replacement_04191,606.986808313,0.784902518115
replacement,replacement_04192,1075.97131597,0.653933761816
replacement,replacement_04193,775.553383964,0.782175202516
replacement,replacement_04194,987.499911454,0.708377492746
replacement,replacement_04195,980.10102571,0.715883319786
replacement,replacement_04196,519.751066631,0.788548910485
replacement,replacement_04197,963.153468667,0.703648825012
replacement,replacement_04198,699.263851044,0.789195761684
replacement,replacement_04199,609.948769526,0.794776797679
replacement,replacement_04200,905.930364095,0.752373808895
replacement,replacement_04201,1163.32589125,0.619733461237
replacement,replacement_04202,569.108979981,0.802553143717
replacement,replacement_04203,1080.07718663,0.643321622907
replacement,replacement_04204,663.090038167,0.803410277433
replacement,replacement_04205,1037.19557167,0.682202806713
replacement,replacement_04206,1059.78886341,0.661919711691
replacement,replacement_04207,691.874689112,0.796687461716
replacement,replacement_04208,1114.04705139,0.627590155698
replacement,replacement_04209,702.347987028,0.794202177112
replacement,replacement_04210,630.259704779,0.789956525253
replacement,replacement_04211,564.29403526,0.796380035329
replacement,replacement_04212,1121.58046488,0.63402177267
replacement,replacement_04213,505.860192412,0.801894658558
replacement,replacement_04214,739.292462289,0.794816946593
replacement,replacement_04215,986.080736693,0.7086684249
replacement,replacement_04216,755.585549103,0.780164152019
replacement,replacement_04217,690.31895277,0.79300091374
replacement,replacement_04218,883.690695105,0.770405598879
replacement,replacement_04219,731.42603375,0.799078383753
replacement,replacement_04220,864.342031427,0.789805481285
replacement,replacement_04221,816.223603676,0.794781815522
replacement,replacement_04222,1011.94113445,0.6961617171
replacement,replacement_04223,660.137483796,0.790422786259
replacement,replacement_04224,916.825402664,0.745571505106
replacement,replacement_04225,652.530078896,0.797792931439
replacement,replacement_04226,692.840453319,0.789714486846
replacement,replacement_04227,669.702890193,0.795002836767
replacement,replacement_04228,1039.74201021,0.673507589373
replacement,replacement_04229,886.18133207,0.768537469069
replacement,replacement_04230,1049.20146664,0.669559425166
replacement,replacement_04231,843.12803626,0.784302487245
replacement,replacement_04232,847.905243744,0.798649201642
replacement,replacement_04233,1153.61228007,0.607546008492
replacement,replacement_04234,1143.68259879,0.603306347151
replacement,replacement_04235,966.409704147,0.72740239148
replacement,replacement_04236,573.386516777,0.800668597832
replacement,replacement_04237,835.606669879,0.787083608767
replacement,replacement_04238,917.336589804,0.750088464705
replacement,replacement_04239,531.653622095,0.793606088638
replacement,replacement_04240,745.778265069,0.788628347274
replacement,replacement_04241,834.209704052,0.791318693148
replacement,replacement_04242,720.125004646,0.798854585564
replacement,replacement_04243,1156.14081935,0.606802225815
replacement,replacement_04244,838.875096644,0.787811204415
replacement,replacement_04245,1011.47164056,0.695790671157
replacement,replacement_04246,1016.56220635,0.67800398263
replacement,replacement_04247,853.700427891,0.795997615742
replacement,replacement_04248,702.88099407,0.795007752132
replacement,replacement_04249,887.019801663,0.773546709496
replacement,replacement_04250,1044.12044908,0.67028605927
replacement,replacement_04251,980.801155078,0.704679656253
replacement,replacement_04252,521.475930336,0.794277581192
replacement,replacement_04253,754.364409496,0.800917428603
replacement,replacement_04254,1175.28625612,0.59168437943
replacement,replacement_04255,1022.70679666,0.677770652658
replacement,replacement_04256,991.150959066,0.706275159161
replacement,replacement_04257,977.421400321,0.715288487846
replacement,replacement_04258,698.891531352,0.792684673347
replacement,replacement_04259,991.590029195,0.712268748012
replacement,replacement_04260,924.490030398,0.75593096775
replacement,replacement_04261,510.065218325,0.802504221907
replacement,replacement_04262,960.842437003,0.715915273978
replacement,replacement_04263,1034.83376725,0.687598715189
replacement,replacement_04264,1123.31806845,0.619430004177
replacement,replacement_04265,656.027878616,0.79240063115
replacement,replacement_04266,763.961057541,0.791421861448
replacement,replacement_04267,577.335283175,0.792497906267
replacement,replacement_04268,807.226731902,0.792668390214
replacement,replacement_04269,1041.24512109,0.680662996609
replacement,replacement_04270,889.178652077,0.7673136078
replacement,replacement_04271,1047.8068705,0.675281283098
replacement,replacement_04272,598.059509825,0.808267159702
replacement,replacement_04273,503.125957589,0.797461730326
replacement,replacement_04274,907.771185869,0.7559461631
replacement,replacement_04275,1028.13757507,0.688559743642
replacement,replacement_04276,567.045548507,0.790733660645
replacement,replacement_04277,547.922219856,0.794899638019
replacement,replacement_04278,991.601397131,0.698545024686
replacement,replacement_04279,682.835809302,0.796512766835
replacement,replacement_04280,792.623792919,0.78761769478
replacement,replacement_04281,801.164323385,0.786372132187
replacement,replacement_04282,502.725572455,0.802973675405
replacement,replacement_04283,514.426282746,0.795154596026
replacement,replacement_04284,616.628427479,0.797430084931
replacement,replacement_04285,803.214981742,0.787650259549
replacement,replacement_04286,1086.48966183,0.637320024313
replacement,replacement_04287,687.232350019,0.782185971726
replacement,replacement_04288,900.659688094,0.748363494107
replacement,replacement_04289,1165.46509909,0.58962931912
replacement,replacement_04290,542.985032069,0.794189229691
replacement,replacement_04291,1190.47239183,0.588352767253
replacement,replacement_04292,863.957067786,0.782936014135
replacement,replacement_04293,835.317860107,0.783634621146
replacement,replacement_04294,728.392112536,0.787605708775
replacement,replacement_04295,822.839968496,0.792268411969
replacement,replacement_04296,1058.68954226,0.663611560933
replacement,replacement_04297,709.837122763,0.786280650619
replacement,replacement_04298,902.659060776,0.758471885959
replacement,replacement_04299,777.959794463,0.796451508529
replacement,replacement_04300,581.599406646,0.80778326008
replacement,replacement_04301,967.213002824,0.723095394341
replacement,replacement_04302,773.233726,0.782471491976
replacement,replacement_04303,564.838587987,0.799348242834
replacement,replacement_04304,719.541026899,0.795921987161
replacement,replacement_04305,962.340801548,0.719242526353
replacement,replacement_04306,617.059835097,0.793494622989
replacement,replacement_04307,889.762902534,0.75699165965
replacement,replacement_04308,992.656644473,0.711554662668
replacement,replacement_04309,514.336805488,0.791774190582
replacement,replacement_04310,638.957835226,0.803721881944
replacement,replacement_04311,912.947761491,0.751176926493
replacement,replacement_04312,940.789414498,0.735806871304
replacement,replacement_04313,721.13853307,0.79462380079
replacement,replacement_04314,590.01811628,0.793223580067
replacement,replacement_04315,721.031052611,0.79545681848
replacement,replacement_04316,978.334866984,0.714974568265
replacement,replacement_04317,1079.12789919,0.658075829584
replacement,replacement_04318,953.069557313,0.733215384291
replacement,replacement_04319,1057.92782349,0.654627966028
replacement,replacement_04320,1084.43845359,0.639628762228
replacement,replacement_04321,807.227977057,0.788767206715
replacement,replacement_04322,915.344287189,0.753193343002
replacement,replacement_04323,1178.86207142,0.588401616842
replacement,replacement_04324,1065.91467663,0.657947334448
replacement,replacement_04325,1170.53317616,0.601129097545
replacement,replacement_04326,874.035004705,0.770880677395
replacement,replacement_04327,990.685351273,0.702027230178
replacement,replacement_04328,637.357367001,0.796344246461
replacement,replacement_04329,648.737273711,0.792056357939
replacement,replacement_04330,982.556557271,0.701640655782
replacement,replacement_04331,736.600758825,0.788884594929
replacement,replacement_04332,802.077714882,0.795982859003
replacement,replacement_04333,1082.70510133,0.647225147979
replacement,replacement_04334,781.840022054,0.793461103715
replacement,replacement_04335,1174.47985364,0.601775200628
replacement,replacement_04336,652.650765074,0.79852345837
replacement,replacement_04337,918.22180296,0.742015620063
replacement,replacement_04338,616.046322005,0.790320889912
replacement,replacement_04339,1075.09866539,0.658621790709
replacement,replacement_04340,735.599251751,0.791198823291
replacement,replacement_04341,706.018675621,0.800114713408
replacement,replacement_04342,1011.0393247,0.694190915453
replacement,replacement_04343,553.299765714,0.793097094111
replacement,replacement_04344,1000.94163933,0.696262025704
replacement,replacement_04345,951.973839094,0.727017064189
replacement,replacement_04346,872.554779781,0.771151386888
replacement,replacement_04347,742.458473007,0.796883239439
replacement,replacement_04348,1186.37690771,0.592418767283
replacement,replacement_04349,660.9790819,0.782602184266
replacement,replacement_04350,911.655676959,0.761323296357
replacement,replacement_04351,1026.25128829,0.690665243837
replacement,replacement_04352,988.591459667,0.710681562109
replacement,replacement_04353,994.041762137,0.69816752835
replacement,replacement_04354,947.098422742,0.728882781755
replacement,replacement_04355,1139.57148026,0.611198039106
replacement,replacement_04356,723.130607074,0.795569141378
replacement,replacement_04357,772.017547427,0.789115260153
replacement,replacement_04358,861.325232537,0.779921504243
replacement,replacement_04359,850.401423111,0.782668345616
replacement,replacement_04360,927.154089189,0.743060516884
replacement,replacement_04361,744.167353321,0.794361549763
replacement,replacement_04362,600.64320311,0.798044874135
replacement,replacement_04363,710.754175753,0.79226437261
replacement,replacement_04364,570.872928401,0.795288276594
replacement,replacement_04365,1084.03323093,0.628223289463
replacement,replacement_04366,953.438454364,0.723075449954
replacement,replacement_04367,862.689184239,0.778538060962
replacement,replacement_04368,997.544113952,0.715383202171
replacement,replacement_04369,545.386477968,0.787580821839
replacement,replacement_04370,786.032371185,0.793835777524
replacement,replacement_04371,991.94492293,0.704227982002
replacement,replacement_04372,859.461798774,0.786958685079
replacement,replacement_04373,1005.46972771,0.692817139851
replacement,replacement_04374,763.084165046,0.789329933942
replacement,replacement_04375,758.58904639,0.797084893129
replacement,replacement_04376,780.787653496,0.791590749682
replacement,replacement_04377,947.494601123,0.730449546977
replacement,replacement_04378,859.044136807,0.774788270383
replacement,replacement_04379,615.26083723,0.795181009574
replacement,replacement_04380,1115.31054246,0.621435184245
replacement,replacement_04381,1006.42009576,0.709632990221
replacement,replacement_04382,543.218894555,0.795671937244
replacement,replacement_04383,891.782826001,0.76920292037
replacement,replacement_04384,506.791048938,0.799363954494
replacement,replacement_04385,983.17182727,0.704089977647
replacement,replacement_04386,823.980129399,0.790832984049
replacement,replacement_04387,905.00163005,0.756820850827
replacement,replacement_04388,1061.02617092,0.664810520453
replacement,replacement_04389,1074.18262414,0.659863318841
replacement,replacement_04390,521.798756424,0.78733905846
replacement,replacement_04391,533.190275363,0.79588323033
replacement,replacement_04392,614.935266595,0.800991236325
replacement,replacement_04393,766.616223629,0.791890235857
replacement,replacement_04394,696.93882338,0.792856807324
replacement,replacement_04395,947.606350397,0.735519966816
replacement,replacement_04396,920.924459598,0.741043954609
replacement,replacement_04397,1026.19953387,0.692584538805
replacement,replacement_04398,686.30714176,0.790237333091
replacement,replacement_04399,573.916368131,0.792827318388
takeup,takeup_00000,500,1
takeup,takeup_00001,850,1
takeup,takeup_00002,1200,0
takeup,takeup_00003,832.857280118,1
takeup,takeup_00004,655.990366637,1
takeup,takeup_00005,1120.91543645,0
takeup,takeup_00006,921.989623502,1
takeup,takeup_00007,937.608236246,1
takeup,takeup_00008,551.086195176,1
takeup,takeup_00009,558.717356932,1
takeup,takeup_00010,1152.2546983,1
takeup,takeup_00011,825.278716758,1
takeup,takeup_00012,612.860141924,1
takeup,takeup_00013,860.338418178,1
takeup,takeup_00014,981.592243032,1
takeup,takeup_00015,871.227227166,1
takeup,takeup_00016,690.420416424,1
takeup,takeup_00017,864.856184275,1
takeup,takeup_00018,541.37209869,1
takeup,takeup_00019,512.513488197,1
takeup,takeup_00020,1066.78204812,1
takeup,takeup_00021,609.182751469,1
takeup,takeup_00022,709.76276427,1
takeup,takeup_00023,631.045852754,0
takeup,takeup_00024,842.312220545,1
takeup,takeup_00025,554.331995422,1
takeup,takeup_00026,967.102568868,1
takeup,takeup_00027,1113.08991158,1
takeup,takeup_00028,551.247880242,1
takeup,takeup_00029,666.820636267,1
takeup,takeup_00030,735.945846507,1
takeup,takeup_00031,760.971017151,1
takeup,takeup_00032,779.284066519,1
takeup,takeup_00033,622.918374583,1
takeup,takeup_00034,670.887613652,1
takeup,takeup_00035,641.283058275,1
takeup,takeup_00036,627.491159779,0
takeup,takeup_00037,614.799048468,1
takeup,takeup_00038,1045.71087501,1
takeup,takeup_00039,737.397544568,1
takeup,takeup_00040,1182.56392708,1
takeup,takeup_00041,551.419074341,1
takeup,takeup_00042,1056.87716507,1
takeup,takeup_00043,739.681849429,1
takeup,takeup_00044,858.020027852,0
takeup,takeup_00045,773.588596348,1
takeup,takeup_00046,1168.36748442,1
takeup,takeup_00047,773.703955132,1
takeup,takeup_00048,1134.02596785,1
takeup,takeup_00049,788.551266053,1
takeup,takeup_00050,539.154343006,1
takeup,takeup_00051,1148.8311136,1
takeup,takeup_00052,965.409480579,1
takeup,takeup_00053,988.476283166,0
takeup,takeup_00054,697.661176673,1
takeup,takeup_00055,1104.53618573,1
takeup,takeup_00056,502.930002963,1
takeup,takeup_00057,1078.00372429,0
takeup,takeup_00058,1167.85971032,1
takeup,takeup_00059,1029.43333923,1
takeup,takeup_00060,929.812758559,1
takeup,takeup_00061,918.0369142,1
takeup,takeup_00062,518.550514662,0
takeup,takeup_00063,518.742887807,0
takeup,takeup_00064,1104.6295658,1
takeup,takeup_00065,773.784508937,1
takeup,takeup_00066,867.112946695,1
takeup,takeup_00067,859.114380473,1
takeup,takeup_00068,1180.13081951,1
takeup,takeup_00069,1030.57323904,0
takeup,takeup_00070,974.232278842,1
takeup,takeup_00071,1071.21401843,1
takeup,takeup_00072,975.335846998,0
takeup,takeup_00073,881.40913079,0
takeup,takeup_00074,595.916851831,1
takeup,takeup_00075,967.258207993,1
takeup,takeup_00076,1179.82346057,1
takeup,takeup_00077,527.32377508,0
takeup,takeup_00078,814.823137005,1
takeup,takeup_00079,593.932449254,1
takeup,takeup_00080,968.49348893,1
takeup,takeup_00081,1197.65923485,1
takeup,takeup_00082,972.42157899,1
takeup,takeup_00083,836.512909119,1
takeup,takeup_00084,1072.42946523,1
takeup,takeup_00085,573.182908244,1
takeup,takeup_00086,1130.87408428,1
takeup,takeup_00087,854.402385402,1
takeup,takeup_00088,608.126265197,1
takeup,takeup_00089,571.993052542,1
takeup,takeup_00090,950.94939756,1
takeup,takeup_00091,656.986297093,1
takeup,takeup_00092,760.515407724,1
takeup,takeup_00093,973.689364965,1
takeup,takeup_00094,957.741804309,1
takeup,takeup_00095,715.61018355,1
takeup,takeup_00096,707.222722222,1
takeup,takeup_00097,521.986260879,1
takeup,takeup_00098,867.363527326,1
takeup,takeup_00099,702.476592447,1
takeup,takeup_00100,512.0722759,1
takeup,takeup_00101,1140.5472817,1
takeup,takeup_00102,1161.38757733,1
takeup,takeup_00103,1119.75351337,1
takeup,takeup_00104,639.789785607,1
takeup,takeup_00105,597.983736525,0
takeup,takeup_00106,574.428957323,1
takeup,takeup_00107,808.546623654,1
takeup,takeup_00108,966.864751852,1
takeup,takeup_00109,1054.63030956,1
takeup,takeup_00110,1125.03235872,1
takeup,takeup_00111,656.527736913,1
takeup,takeup_00112,629.328827391,1
takeup,takeup_00113,787.392172896,1
takeup,takeup_00114,832.487782679,1
takeup,takeup_00115,1081.81146838,1
takeup,takeup_00116,609.396779713,1
takeup,takeup_00117,631.452279139,0
takeup,takeup_00118,804.051903022,1
takeup,takeup_00119,690.437907827,1
takeup,takeup_00120,650.225647578,1
takeup,takeup_00121,567.237174238,0
takeup,takeup_00122,1166.40565726,1
takeup,takeup_00123,656.648152079,1
takeup,takeup_00124,1157.24052523,1
takeup,takeup_00125,812.695200508,0
takeup,takeup_00126,749.81602176,0
takeup,takeup_00127,1081.36280088,1
takeup,takeup_00128,634.982978717,1
takeup,takeup_00129,601.560829712,0
takeup,takeup_00130,719.690265244,1
takeup,takeup_00131,981.221361459,1
takeup,takeup_00132,1145.31004515,0
takeup,takeup_00133,548.826602706,0
takeup,takeup_00134,622.396323271,1
takeup,takeup_00135,970.449171553,0
takeup,takeup_00136,666.611501887,1
takeup,takeup_00137,588.837093204,1
takeup,takeup_00138,1111.50811686,1
takeup,takeup_00139,537.043620022,1
takeup,takeup_00140,629.980119084,1
takeup,takeup_00141,897.610205798,1
takeup,takeup_00142,782.570867922,1
takeup,takeup_00143,1070.45282624,1
takeup,takeup_00144,774.748936776,1
takeup,takeup_00145,878.599471088,1
takeup,takeup_00146,563.876873038,1
takeup,takeup_00147,1030.79711842,0
takeup,takeup_00148,938.461827175,1
takeup,takeup_00149,727.294936136,0
takeup,takeup_00150,692.039228349,1
takeup,takeup_00151,562.203540878,0
takeup,takeup_00152,961.903100176,1
takeup,takeup_00153,1098.90252682,1
takeup,takeup_00154,508.324905715,1
takeup,takeup_00155,516.408756987,0
takeup,takeup_00156,596.558141345,1
takeup,takeup_00157,761.056471889,1
takeup,takeup_00158,694.940532335,1
takeup,takeup_00159,577.262515909,1
takeup,takeup_00160,553.918388773,1
takeup,takeup_00161,914.637273928,1
takeup,takeup_00162,751.683935476,1
takeup,takeup_00163,1188.62735625,1
takeup,takeup_00164,763.135835833,0
takeup,takeup_00165,1062.88150725,1
takeup,takeup_00166,775.094493036,1
takeup,takeup_00167,1152.04654732,1
takeup,takeup_00168,977.409430185,1
takeup,takeup_00169,550.023407403,0
takeup,takeup_00170,1136.93557932,1
takeup,takeup_00171,952.218891203,1
takeup,takeup_00172,795.27914048,0
takeup,takeup_00173,985.639284858,0
takeup,takeup_00174,1016.29534684,0
takeup,takeup_00175,603.141684496,1
takeup,takeup_00176,915.730408238,0
takeup,takeup_00177,956.269643924,1
takeup,takeup_00178,554.154786383,1
takeup,takeup_00179,1064.76176215,1
takeup,takeup_00180,810.107043516,1
takeup,takeup_00181,1197.26095042,1
takeup,takeup_00182,1092.58212945,0
takeup,takeup_00183,737.117211829,1
takeup,takeup_00184,865.114320347,1
takeup,takeup_00185,1078.75769672,1
takeup,takeup_00186,623.598408086,1
takeup,takeup_00187,893.645353947,1
takeup,takeup_00188,1181.46876412,1
takeup,takeup_00189,1193.06437315,0
takeup,takeup_00190,864.593848655,1
takeup,takeup_00191,628.759283135,1
takeup,takeup_00192,982.441439616,1
takeup,takeup_00193,648.290131601,0
takeup,takeup_00194,1025.68903656,1
takeup,takeup_00195,795.580397266,1
takeup,takeup_00196,860.050413549,1
takeup,takeup_00197,938.056319414,1
takeup,takeup_00198,713.665544844,1
takeup,takeup_00199,1053.07939577,1
takeup,takeup_00200,744.61369117,1
takeup,takeup_00201,926.567612766,1
takeup,takeup_00202,853.724179233,0
takeup,takeup_00203,571.108364314,1
takeup,takeup_00204,837.047488398,1
takeup,takeup_00205,545.895872497,1
takeup,takeup_00206,866.998335138,0
takeup,takeup_00207,755.341753403,0
takeup,takeup_00208,571.066387834,1
takeup,takeup_00209,999.672769012,1
takeup,takeup_00210,800.059385721,1
takeup,takeup_00211,1078.93608482,1
takeup,takeup_00212,614.627616748,1
takeup,takeup_00213,1195.40928445,0
takeup,takeup_00214,989.658108991,1
takeup,takeup_00215,1061.14101524,1
takeup,takeup_00216,1166.27612441,1
takeup,takeup_00217,928.470762244,1
takeup,takeup_00218,559.391764495,1
takeup,takeup_00219,992.396356725,1
takeup,takeup_00220,842.949133633,0
takeup,takeup_00221,527.073517873,1
takeup,takeup_00222,1174.15450411,1
takeup,takeup_00223,603.916757583,0
takeup,takeup_00224,901.528231349,1
takeup,takeup_00225,732.279526547,1
takeup,takeup_00226,937.380080885,0
takeup,takeup_00227,1017.81953073,1
takeup,takeup_00228,772.04623641,1
takeup,takeup_00229,1004.21364744,1
takeup,takeup_00230,1182.06268416,0
takeup,takeup_00231,1095.75768547,1
takeup,takeup_00232,759.512007748,1
takeup,takeup_00233,938.666277103,1
takeup,takeup_00234,1073.5696343,1
takeup,takeup_00235,532.128603243,1
takeup,takeup_00236,617.715442015,1
takeup,takeup_00237,801.056591709,1
takeup,takeup_00238,748.431852668,1
takeup,takeup_00239,947.412523665,0
takeup,takeup_00240,897.169601282,1
takeup,takeup_00241,1181.08241082,1
takeup,takeup_00242,1161.21893621,1
takeup,takeup_00243,784.236448312,1
takeup,takeup_00244,1116.91797725,1
takeup,takeup_00245,912.406678381,1
takeup,takeup_00246,594.262976913,1
takeup,takeup_00247,1134.69842335,1
takeup,takeup_00248,756.445614305,1
takeup,takeup_00249,634.27139029,1
takeup,takeup_00250,719.499395588,1
takeup,takeup_00251,1157.91338553,1
takeup,takeup_00252,1076.85167497,1
takeup,takeup_00253,1034.18809708,1
takeup,takeup_00254,1028.19653547,1
takeup,takeup_00255,1083.0734724,1
takeup,takeup_00256,742.857602683,1
takeup,takeup_00257,667.814689935,1
takeup,takeup_00258,1014.7329583,1
takeup,takeup_00259,708.618626723,1
takeup,takeup_00260,1158.04445655,1
takeup,takeup_00261,699.713682697,1
takeup,takeup_00262,769.455000443,1
takeup,takeup_00263,915.925379334,1
takeup,takeup_00264,566.595336621,1
takeup,takeup_00265,814.789733506,1
takeup,takeup_00266,913.678366617,1
takeup,takeup_00267,783.320597443,1
takeup,takeup_00268,961.249706467,1
takeup,takeup_00269,1038.55239347,0
takeup,takeup_00270,577.082375842,1
takeup,takeup_00271,856.42239462,0
takeup,takeup_00272,1083.42479839,1
takeup,takeup_00273,729.564545665,1
takeup,takeup_00274,849.558650911,1
takeup,takeup_00275,872.906427866,1
takeup,takeup_00276,1047.81358078,1
takeup,takeup_00277,1070.808241,1
takeup,takeup_00278,842.523721491,1
takeup,takeup_00279,1058.72711452,1
takeup,takeup_00280,669.87050955,1
takeup,takeup_00281,746.440289873,1
takeup,takeup_00282,975.361974697,1
takeup,takeup_00283,1172.34276462,1
takeup,takeup_00284,715.258530348,0
takeup,takeup_00285,615.313522139,1
takeup,takeup_00286,685.685958221,1
takeup,takeup_00287,703.987512628,1
takeup,takeup_00288,1064.23833962,1
takeup,takeup_00289,1087.99907128,0
takeup,takeup_00290,1131.07865943,1
takeup,takeup_00291,1002.24379455,1
takeup,takeup_00292,716.332350817,1
takeup,takeup_00293,1057.50276429,1
takeup,takeup_00294,991.936890369,1
takeup,takeup_00295,695.267190076,1
takeup,takeup_00296,1020.00634553,1
takeup,takeup_00297,1183.98428222,0
takeup,takeup_00298,1080.11182735,1
takeup,takeup_00299,668.588538987,1
takeup,takeup_00300,825.539094472,0
takeup,takeup_00301,989.336616003,1
takeup,takeup_00302,502.31074277,0
takeup,takeup_00303,877.055159763,1
takeup,takeup_00304,633.572911837,1
takeup,takeup_00305,622.161325596,1
takeup,takeup_00306,1150.7765695,1
takeup,takeup_00307,848.145424869,1
takeup,takeup_00308,1195.28222598,1
takeup,takeup_00309,577.823790536,1
takeup,takeup_00310,627.240475731,1
takeup,takeup_00311,763.713211136,0
takeup,takeup_00312,1022.659576,1
takeup,takeup_00313,609.607300078,1
takeup,takeup_00314,621.601831614,1
takeup,takeup_00315,581.556522865,1
takeup,takeup_00316,619.577563229,1
takeup,takeup_00317,760.926702401,1
takeup,takeup_00318,704.715947085,1
takeup,takeup_00319,990.681327963,1
takeup,takeup_00320,1129.62574362,1
takeup,takeup_00321,1112.78645884,1
takeup,takeup_00322,1035.30785742,1
takeup,takeup_00323,1194.55192419,1
takeup,takeup_00324,678.879925273,1
takeup,takeup_00325,513.897650411,1
takeup,takeup_00326,1117.49965552,1
takeup,takeup_00327,826.535400359,1
takeup,takeup_00328,944.755883473,1
takeup,takeup_00329,1121.77445972,1
takeup,takeup_00330,1085.2344013,1
takeup,takeup_00331,1150.1317077,1
takeup,takeup_00332,569.241679248,1
takeup,takeup_00333,809.32517549,1
takeup,takeup_00334,561.177874898,1
takeup,takeup_00335,530.98516752,1
takeup,takeup_00336,776.661534193,1
takeup,takeup_00337,861.971699027,1
takeup,takeup_00338,745.656801008,0
takeup,takeup_00339,1059.55589652,0
takeup,takeup_00340,1005.61009947,1
takeup,takeup_00341,1186.07829552,1
takeup,takeup_00342,1026.28758728,1
takeup,takeup_00343,748.807802654,1
takeup,takeup_00344,1140.30938867,1
takeup,takeup_00345,687.756609889,1
takeup,takeup_00346,817.160244552,1
takeup,takeup_00347,1065.21641755,1
takeup,takeup_00348,819.2770275,1
takeup,takeup_00349,844.981548365,1
takeup,takeup_00350,860.940063985,1
takeup,takeup_00351,1103.4882311,1
takeup,takeup_00352,611.231335325,0
takeup,takeup_00353,627.702289932,1
takeup,takeup_00354,695.681961659,1
takeup,takeup_00355,612.418310144,0
takeup,takeup_00356,638.210866411,1
takeup,takeup_00357,574.608883123,1
takeup,takeup_00358,808.646624245,1
takeup,takeup_00359,562.968452571,1
takeup,takeup_00360,1091.22219193,0
takeup,takeup_00361,1099.70123839,1
takeup,takeup_00362,539.057664462,0
takeup,takeup_00363,687.271555969,1
takeup,takeup_00364,903.046074827,1
takeup,takeup_00365,845.956410127,1
takeup,takeup_00366,823.093392997,1
takeup,takeup_00367,633.906160088,0
takeup,takeup_00368,1063.68691971,0
takeup,takeup_00369,757.642465202,0
takeup,takeup_00370,548.904422346,1
takeup,takeup_00371,1152.04035618,1
takeup,takeup_00372,877.553939298,1
takeup,takeup_00373,1003.89952843,1
takeup,takeup_00374,693.086225858,1
takeup,takeup_00375,531.62536257,1
takeup,takeup_00376,1003.72700861,1
takeup,takeup_00377,763.810676526,1
takeup,takeup_00378,719.404545609,0
takeup,takeup_00379,1150.34525938,1
takeup,takeup_00380,899.132633808,1
takeup,takeup_00381,629.199208005,0
takeup,takeup_00382,971.057021288,1
takeup,takeup_00383,963.147794245,0
takeup,takeup_00384,811.101203029,1
takeup,takeup_00385,761.347285232,1
takeup,takeup_00386,1020.83944536,1
takeup,takeup_00387,962.879533702,1
takeup,takeup_00388,574.774005384,1
takeup,takeup_00389,1060.31256106,1
takeup,takeup_00390,1187.87767338,1
takeup,takeup_00391,683.188205204,1
takeup,takeup_00392,1069.06540547,1
takeup,takeup_00393,1177.02700184,1
takeup,takeup_00394,959.927188492,1
takeup,takeup_00395,837.320006518,1
takeup,takeup_00396,505.477759211,1
takeup,takeup_00397,820.494995705,1
takeup,takeup_00398,910.154630224,1
takeup,takeup_00399,1157.34499079,1
takeup,takeup_00400,665.37003312,1
takeup,takeup_00401,667.336647301,1
takeup,takeup_00402,796.710560355,1
takeup,takeup_00403,727.680225601,1
takeup,takeup_00404,903.25266503,1
takeup,takeup_00405,700.992052025,1
takeup,takeup_00406,892.916534914,1
takeup,takeup_00407,800.467893699,1
takeup,takeup_00408,1071.97578804,1
takeup,takeup_00409,571.507804786,1
takeup,takeup_00410,1066.61746064,0
takeup,takeup_00411,805.407608638,0
takeup,takeup_00412,857.521982633,1
takeup,takeup_00413,961.995950092,1
takeup,takeup_00414,992.727890686,1
takeup,takeup_00415,1187.91679248,1
takeup,takeup_00416,575.180112624,1
takeup,takeup_00417,590.025070551,0
takeup,takeup_00418,1129.3939102,1
takeup,takeup_00419,907.600696021,1
takeup,takeup_00420,787.740386276,1
takeup,takeup_00421,1056.18451441,0
takeup,takeup_00422,668.997649892,1
takeup,takeup_00423,871.875918724,1
takeup,takeup_00424,1128.34625384,1
takeup,takeup_00425,954.191615844,1
takeup,takeup_00426,738.313185265,1
takeup,takeup_00427,993.681844945,1
takeup,takeup_00428,507.549637042,1
takeup,takeup_00429,1064.26182329,1
takeup,takeup_00430,1020.77698492,1
takeup,takeup_00431,785.033198406,0
takeup,takeup_00432,1013.18974873,1
takeup,takeup_00433,992.967033337,1
takeup,takeup_00434,1199.45692166,1
takeup,takeup_00435,877.990469079,1
takeup,takeup_00436,706.121146575,0
takeup,takeup_00437,767.39954823,1
takeup,takeup_00438,770.530025024,1
takeup,takeup_00439,1192.21425982,1
takeup,takeup_00440,781.426653232,1
takeup,takeup_00441,616.974547381,1
takeup,takeup_00442,894.453650404,1
takeup,takeup_00443,1106.55518146,0
takeup,takeup_00444,841.826732934,1
takeup,takeup_00445,856.94121279,1
takeup,takeup_00446,1075.15760727,1
takeup,takeup_00447,505.442683348,1
takeup,takeup_00448,972.273213687,1
takeup,takeup_00449,625.081605441,1
takeup,takeup_00450,1198.3266773,1
takeup,takeup_00451,1106.27851783,1
takeup,takeup_00452,1117.18623759,1
takeup,takeup_00453,904.993890425,1
takeup,takeup_00454,903.58687961,1
takeup,takeup_00455,1129.24852466,1
takeup,takeup_00456,815.666686991,1
takeup,takeup_00457,996.407957908,1
takeup,takeup_00458,596.162776431,1
takeup,takeup_00459,1182.60121748,0
takeup,takeup_00460,558.307612709,1
takeup,takeup_00461,555.2141714,1
takeup,takeup_00462,984.410328065,1
takeup,takeup_00463,950.922499862,1
takeup,takeup_00464,911.22423718,1
takeup,takeup_00465,544.956372552,1
takeup,takeup_00466,591.041338331,1
takeup,takeup_00467,1167.32183498,1
takeup,takeup_00468,1199.38673612,1
takeup,takeup_00469,668.897691782,1
takeup,takeup_00470,890.803015213,1
takeup,takeup_00471,614.692327001,1
takeup,takeup_00472,839.150118004,1
takeup,takeup_00473,921.901029333,1
takeup,takeup_00474,676.591206551,1
takeup,takeup_00475,1077.24950022,1
takeup,takeup_00476,1046.73545393,1
takeup,takeup_00477,1148.38582939,1
takeup,takeup_00478,1156.58803966,1
takeup,takeup_00479,792.267228228,0
takeup,takeup_00480,753.575459824,0
takeup,takeup_00481,1169.34194476,1
takeup,takeup_00482,571.694942383,1
takeup,takeup_00483,708.31344226,1
takeup,takeup_00484,1194.98474559,1
takeup,takeup_00485,1127.67719603,1
takeup,takeup_00486,866.182701062,1
takeup,takeup_00487,590.556546865,0
takeup,takeup_00488,834.457464681,0
takeup,takeup_00489,563.121583034,1
takeup,takeup_00490,591.313759304,1
takeup,takeup_00491,800.219718077,1
takeup,takeup_00492,1195.09237286,1
takeup,takeup_00493,512.264243152,1
takeup,takeup_00494,563.122827049,1
takeup,takeup_00495,822.655319541,1
takeup,takeup_00496,914.693704116,1
takeup,takeup_00497,737.683591195,1
takeup,takeup_00498,1153.40764793,1
takeup,takeup_00499,1147.1513666,1
takeup,takeup_00500,1183.41485672,1
takeup,takeup_00501,577.228106331,0
takeup,takeup_00502,1191.10076748,1
takeup,takeup_00503,1069.71640689,1
takeup,takeup_00504,649.620889404,1
takeup,takeup_00505,509.548646693,1
takeup,takeup_00506,520.739495893,1
takeup,takeup_00507,766.035532678,1
takeup,takeup_00508,846.832310477,1
takeup,takeup_00509,644.672344281,1
takeup,takeup_00510,971.364771358,1
takeup,takeup_00511,555.602247145,1
takeup,takeup_00512,630.727600965,1
takeup,takeup_00513,843.374062843,1
takeup,takeup_00514,837.137484653,1
takeup,takeup_00515,583.429973082,0
takeup,takeup_00516,863.167155994,1
takeup,takeup_00517,553.153286824,1
takeup,takeup_00518,1145.42926353,1
takeup,takeup_00519,543.422939208,1
takeup,takeup_00520,786.568546294,1
takeup,takeup_00521,847.488096557,1
takeup,takeup_00522,851.186916074,1
takeup,takeup_00523,1026.43645441,0
takeup,takeup_00524,501.702844844,1
takeup,takeup_00525,1098.46614578,0
takeup,takeup_00526,571.177911159,1
takeup,takeup_00527,1131.45270034,1
takeup,takeup_00528,537.02599774,1
takeup,takeup_00529,532.236146837,1
takeup,takeup_00530,1068.65098658,0
takeup,takeup_00531,689.644303225,1
takeup,takeup_00532,1024.75078049,1
takeup,takeup_00533,1097.43771428,1
takeup,takeup_00534,1156.89366891,1
takeup,takeup_00535,1117.48866527,1
takeup,takeup_00536,952.377966299,1
takeup,takeup_00537,1099.90585682,1
takeup,takeup_00538,932.086773666,1
takeup,takeup_00539,513.000652043,1
takeup,takeup_00540,963.963679067,0
takeup,takeup_00541,621.983556621,1
takeup,takeup_00542,737.145703302,1
takeup,takeup_00543,881.800444357,1
takeup,takeup_00544,746.272848074,1
takeup,takeup_00545,637.828789759,0
takeup,takeup_00546,1153.94194833,0
takeup,takeup_00547,789.759814135,1
takeup,takeup_00548,614.96688515,0
takeup,takeup_00549,920.885618497,1
takeup,takeup_00550,1103.82156526,1
takeup,takeup_00551,749.266096708,1
takeup,takeup_00552,941.899085431,1
takeup,takeup_00553,1096.17146118,1
takeup,takeup_00554,667.941205747,1
takeup,takeup_00555,554.745103405,1
takeup,takeup_00556,866.240869232,1
takeup,takeup_00557,819.797560322,1
takeup,takeup_00558,584.254761841,1
takeup,takeup_00559,1042.3311283,1
takeup,takeup_00560,745.266300354,1
takeup,takeup_00561,1185.45811841,1
takeup,takeup_00562,1069.68240499,1
takeup,takeup_00563,792.644205735,1
takeup,takeup_00564,1022.92279353,1
takeup,takeup_00565,875.686116719,1
takeup,takeup_00566,738.310578323,1
takeup,takeup_00567,698.531350341,1
takeup,takeup_00568,863.415946388,1
takeup,takeup_00569,907.567503177,1
takeup,takeup_00570,688.87931762,1
takeup,takeup_00571,801.576840138,1
takeup,takeup_00572,803.28100029,0
takeup,takeup_00573,744.669890511,1
takeup,takeup_00574,537.401101205,1
takeup,takeup_00575,1109.24444815,1
takeup,takeup_00576,525.72914843,1
takeup,takeup_00577,523.887940572,1
takeup,takeup_00578,827.068415629,1
takeup,takeup_00579,1002.57851889,1
takeup,takeup_00580,1110.08570977,1
takeup,takeup_00581,906.837712402,0
takeup,takeup_00582,816.396633479,1
takeup,takeup_00583,583.775186739,1
takeup,takeup_00584,535.047789256,1
takeup,takeup_00585,705.023958117,0
takeup,takeup_00586,1047.23055424,1
takeup,takeup_00587,1156.48106643,1
takeup,takeup_00588,1059.96683926,1
takeup,takeup_00589,1051.42257355,1
takeup,takeup_00590,1161.61125867,1
takeup,takeup_00591,628.547729887,1
takeup,takeup_00592,836.334480406,0
takeup,takeup_00593,818.84945867,1
takeup,takeup_00594,945.703351634,1
takeup,takeup_00595,877.195677171,0
takeup,takeup_00596,759.258663921,1
takeup,takeup_00597,943.372742512,1
takeup,takeup_00598,1167.98871304,0
takeup,takeup_00599,1161.40873906,1
takeup,takeup_00600,1117.49153385,1
takeup,takeup_00601,980.741998597,1
takeup,takeup_00602,571.794594554,1
takeup,takeup_00603,960.906467149,1
takeup,takeup_00604,1147.56474553,1
takeup,takeup_00605,1085.91188294,1
takeup,takeup_00606,1152.57164023,1
takeup,takeup_00607,1071.05992509,1
takeup,takeup_00608,675.264034279,0
takeup,takeup_00609,899.469315881,1
takeup,takeup_00610,1039.67966977,1
takeup,takeup_00611,1110.14308335,1
takeup,takeup_00612,823.19277492,0
takeup,takeup_00613,640.868156017,1
takeup,takeup_00614,1006.92629598,1
takeup,takeup_00615,540.864513067,0
takeup,takeup_00616,1159.01293256,1
takeup,takeup_00617,546.349288181,0
takeup,takeup_00618,1097.07356944,1
takeup,takeup_00619,1197.50778375,1
takeup,takeup_00620,626.197820217,1
takeup,takeup_00621,720.787089846,1
takeup,takeup_00622,742.516240287,1
takeup,takeup_00623,689.936846944,1
takeup,takeup_00624,981.763858899,1
takeup,takeup_00625,1148.53015349,0
takeup,takeup_00626,657.149084552,1
takeup,takeup_00627,665.991769536,1
takeup,takeup_00628,906.792007153,1
takeup,takeup_00629,1063.81960426,1
takeup,takeup_00630,857.434547749,1
takeup,takeup_00631,785.925839396,1
takeup,takeup_00632,1101.35603497,1
takeup,takeup_00633,783.984751717,1
takeup,takeup_00634,868.779624758,1
takeup,takeup_00635,1118.12904338,1
takeup,takeup_00636,757.913689258,1
takeup,takeup_00637,825.493351727,1
takeup,takeup_00638,1102.51693827,1
takeup,takeup_00639,1137.60307401,1
takeup,takeup_00640,1097.08663995,1
takeup,takeup_00641,913.754365115,1
takeup,takeup_00642,1085.96771465,1
takeup,takeup_00643,1157.40949493,1
takeup,takeup_00644,1087.16588929,1
takeup,takeup_00645,1195.69684519,1
takeup,takeup_00646,611.151749601,1
takeup,takeup_00647,878.583959942,0
takeup,takeup_00648,882.539422476,1
takeup,takeup_00649,977.629618773,1
takeup,takeup_00650,1026.87678317,1
takeup,takeup_00651,808.466997596,0
takeup,takeup_00652,803.830379452,1
takeup,takeup_00653,787.220881557,1
takeup,takeup_00654,957.748309339,1
takeup,takeup_00655,573.309983746,1
takeup,takeup_00656,802.338667511,0
takeup,takeup_00657,564.872582562,1
takeup,takeup_00658,1089.3851352,1
takeup,takeup_00659,834.721215501,1
takeup,takeup_00660,1135.30265094,1
takeup,takeup_00661,556.565606496,1
takeup,takeup_00662,622.772266372,0
takeup,takeup_00663,711.065378767,1
takeup,takeup_00664,1112.06007647,0
takeup,takeup_00665,1181.97029171,1
takeup,takeup_00666,589.197145652,1
takeup,takeup_00667,1028.95904675,1
takeup,takeup_00668,885.341769994,1
takeup,takeup_00669,753.122726824,1
takeup,takeup_00670,639.642975429,1
takeup,takeup_00671,1132.15169111,1
takeup,takeup_00672,504.359868353,1
takeup,takeup_00673,1107.92277038,1
takeup,takeup_00674,884.709523375,1
takeup,takeup_00675,857.78198732,1
takeup,takeup_00676,515.659391124,1
takeup,takeup_00677,786.685492899,1
takeup,takeup_00678,1016.55100161,1
takeup,takeup_00679,825.988008231,1
takeup,takeup_00680,502.765556922,0
takeup,takeup_00681,1156.81467066,1
takeup,takeup_00682,536.117639688,0
takeup,takeup_00683,514.389054147,1
takeup,takeup_00684,1012.66180635,0
takeup,takeup_00685,544.717655144,1
takeup,takeup_00686,787.383202139,0
takeup,takeup_00687,1081.74427211,1
takeup,takeup_00688,896.847744466,1
takeup,takeup_00689,755.853872807,1
takeup,takeup_00690,737.442234041,1
takeup,takeup_00691,672.449578063,1
takeup,takeup_00692,659.630940917,1
takeup,takeup_00693,1159.54054105,0
takeup,takeup_00694,976.854918429,1
takeup,takeup_00695,804.127404507,1
takeup,takeup_00696,515.761196692,1
takeup,takeup_00697,1080.23363582,1
takeup,takeup_00698,683.602768936,1
takeup,takeup_00699,1187.11541521,1
takeup,takeup_00700,1190.01333484,1
takeup,takeup_00701,758.658976773,1
takeup,takeup_00702,1048.90096973,1
takeup,takeup_00703,842.008649272,1
takeup,takeup_00704,667.510143995,0
takeup,takeup_00705,686.04012036,1
takeup,takeup_00706,1148.65827984,0
takeup,takeup_00707,855.545534123,1
takeup,takeup_00708,975.395699691,1
takeup,takeup_00709,806.526210354,1
takeup,takeup_00710,1092.0789948,1
takeup,takeup_00711,949.468375166,1
takeup,takeup_00712,603.102026198,0
takeup,takeup_00713,578.135773828,1
takeup,takeup_00714,833.498085137,1
takeup,takeup_00715,925.148954027,1
takeup,takeup_00716,841.308353523,1
takeup,takeup_00717,635.86878121,1
takeup,takeup_00718,854.676196989,1
takeup,takeup_00719,727.430239714,1
takeup,takeup_00720,977.033447095,1
takeup,takeup_00721,852.351626486,1
takeup,takeup_00722,1121.54450301,0
takeup,takeup_00723,1069.58780151,1
takeup,takeup_00724,716.74192991,1
takeup,takeup_00725,1132.30896918,1
takeup,takeup_00726,979.714512489,1
takeup,takeup_00727,809.338888334,1
takeup,takeup_00728,990.578643073,1
takeup,takeup_00729,648.942487037,1
takeup,takeup_00730,1195.20352192,1
takeup,takeup_00731,916.768852153,1
takeup,takeup_00732,1112.85163542,1
takeup,takeup_00733,572.313356406,1
takeup,takeup_00734,683.414793747,1
takeup,takeup_00735,1125.44608004,1
takeup,takeup_00736,853.217440371,1
takeup,takeup_00737,753.023575916,1
takeup,takeup_00738,1171.16811089,1
takeup,takeup_00739,796.31523581,1
takeup,takeup_00740,511.504791312,1
takeup,takeup_00741,553.574335869,1
takeup,takeup_00742,1030.11430387,1
takeup,takeup_00743,666.433223897,1
takeup,takeup_00744,560.64857431,1
takeup,takeup_00745,1160.92375961,1
takeup,takeup_00746,806.860880354,1
takeup,takeup_00747,993.441405791,0
takeup,takeup_00748,793.364853588,1
takeup,takeup_00749,951.300226918,1
takeup,takeup_00750,1055.50257258,1
takeup,takeup_00751,1103.97856208,1
takeup,takeup_00752,769.099346022,0
takeup,takeup_00753,1185.97878108,0
takeup,takeup_00754,751.752194192,1
takeup,takeup_00755,680.989988006,1
takeup,takeup_00756,947.707213926,1
takeup,takeup_00757,996.755975875,1
takeup,takeup_00758,937.690801878,0
takeup,takeup_00759,1166.47877754,1
takeup,takeup_00760,1082.32125757,1
takeup,takeup_00761,619.215248148,1
takeup,takeup_00762,1165.56743338,1
takeup,takeup_00763,911.835165975,1
takeup,takeup_00764,741.957464092,0
takeup,takeup_00765,868.924936767,0
takeup,takeup_00766,538.515292325,1
takeup,takeup_00767,816.242592234,1
takeup,takeup_00768,875.450332107,1
takeup,takeup_00769,994.061136459,1
takeup,takeup_00770,782.139335201,1
takeup,takeup_00771,845.744510691,1
takeup,takeup_00772,957.700794533,1
takeup,takeup_00773,502.115472315,1
takeup,takeup_00774,531.408289358,1
takeup,takeup_00775,743.204575018,1
takeup,takeup_00776,769.276058245,1
takeup,takeup_00777,648.447949713,0
takeup,takeup_00778,1148.11015258,1
takeup,takeup_00779,1176.78267067,1
takeup,takeup_00780,800.253106283,1
takeup,takeup_00781,631.269572222,1
takeup,takeup_00782,785.105184872,1
takeup,takeup_00783,750.506499364,1
takeup,takeup_00784,869.937826487,1
takeup,takeup_00785,699.518058759,1
takeup,takeup_00786,600.736712865,1
takeup,takeup_00787,734.044660497,1
takeup,takeup_00788,1038.71953159,1
takeup,takeup_00789,525.750203716,1
takeup,takeup_00790,555.544328278,1
takeup,takeup_00791,749.815664247,1
takeup,takeup_00792,765.766836125,1
takeup,takeup_00793,721.151547917,1
takeup,takeup_00794,943.873838254,1
takeup,takeup_00795,1074.45118731,1
takeup,takeup_00796,819.479184214,1
takeup,takeup_00797,891.211058261,1
takeup,takeup_00798,623.24899857,0
takeup,takeup_00799,1017.47418096,1
takeup,takeup_00800,651.852897606,1
takeup,takeup_00801,690.208114661,1
takeup,takeup_00802,1078.34540038,1
takeup,takeup_00803,1191.97346541,1
takeup,takeup_00804,626.523428303,1
takeup,takeup_00805,900.268209814,1
takeup,takeup_00806,950.477257313,1
takeup,takeup_00807,1111.33300935,1
takeup,takeup_00808,607.156641154,1
takeup,takeup_00809,1064.93077051,1
takeup,takeup_00810,710.895066515,1
takeup,takeup_00811,1182.13821604,1
takeup,takeup_00812,688.417333034,1
takeup,takeup_00813,807.123518126,1
takeup,takeup_00814,853.555858395,1
takeup,takeup_00815,1074.00226053,0
takeup,takeup_00816,573.550747604,1
takeup,takeup_00817,623.626899513,1
takeup,takeup_00818,1007.46722655,1
takeup,takeup_00819,644.091113573,1
takeup,takeup_00820,964.619506989,0
takeup,takeup_00821,1100.1308148,1
takeup,takeup_00822,534.972483422,1
takeup,takeup_00823,1018.24244462,1
takeup,takeup_00824,1013.24680246,1
takeup,takeup_00825,1100.95926308,0
takeup,takeup_00826,1119.31204697,0
takeup,takeup_00827,1120.89826408,1
takeup,takeup_00828,696.14329193,1
takeup,takeup_00829,688.838084989,1
takeup,takeup_00830,827.782461366,1
takeup,takeup_00831,934.904651107,0
takeup,takeup_00832,822.459007806,1
takeup,takeup_00833,1187.77305312,0
takeup,takeup_00834,819.471354943,1
takeup,takeup_00835,1152.48258886,1
takeup,takeup_00836,1164.386633,1
takeup,takeup_00837,1102.28276278,1
takeup,takeup_00838,774.611052136,0
takeup,takeup_00839,1053.37623837,1
takeup,takeup_00840,1092.61483897,1
takeup,takeup_00841,996.501740698,1
takeup,takeup_00842,1032.93028317,1
takeup,takeup_00843,885.104817539,0
takeup,takeup_00844,866.164480097,1
takeup,takeup_00845,845.209558862,1
takeup,takeup_00846,585.941636083,1
takeup,takeup_00847,1001.0823269,1
takeup,takeup_00848,1011.82937218,1
takeup,takeup_00849,560.13619045,1
takeup,takeup_00850,1187.33632968,0
takeup,takeup_00851,631.251062899,1
takeup,takeup_00852,977.896035974,1
takeup,takeup_00853,1117.15108364,1
takeup,takeup_00854,755.305996563,0
takeup,takeup_00855,926.340030539,1
takeup,takeup_00856,819.09786059,1
takeup,takeup_00857,883.424126909,1
takeup,takeup_00858,590.36168841,1
takeup,takeup_00859,1085.32279725,1
takeup,takeup_00860,712.060228639,1
takeup,takeup_00861,1055.8243031,1
takeup,takeup_00862,656.14485111,1
takeup,takeup_00863,789.365048802,1
takeup,takeup_00864,708.182026761,1
takeup,takeup_00865,1185.39938457,1
takeup,takeup_00866,1013.71889277,1
takeup,takeup_00867,1026.96185039,1
takeup,takeup_00868,617.129304936,1
takeup,takeup_00869,663.042389834,0
takeup,takeup_00870,820.459395856,1
takeup,takeup_00871,861.021895849,1
takeup,takeup_00872,1096.1113646,0
takeup,takeup_00873,1087.1017805,1
takeup,takeup_00874,865.117934461,1
takeup,takeup_00875,821.84801733,1
takeup,takeup_00876,1103.43730227,1
takeup,takeup_00877,1097.93187282,1
takeup,takeup_00878,634.570322351,0
takeup,takeup_00879,966.127030572,1
takeup,takeup_00880,804.426785398,1
takeup,takeup_00881,530.689373793,1
takeup,takeup_00882,691.929806626,1
takeup,takeup_00883,536.853424659,0
takeup,takeup_00884,525.445760178,1
takeup,takeup_00885,924.740855022,1
takeup,takeup_00886,1154.874647,1
takeup,takeup_00887,1125.37929494,1
takeup,takeup_00888,864.601206388,1
takeup,takeup_00889,725.889920456,1
takeup,takeup_00890,977.574683909,1
takeup,takeup_00891,962.856127647,1
takeup,takeup_00892,528.374618725,1
takeup,takeup_00893,1044.89352325,1
takeup,takeup_00894,923.217470377,1
takeup,takeup_00895,828.050563298,1
takeup,takeup_00896,660.989652012,1
takeup,takeup_00897,737.195434956,1
takeup,takeup_00898,640.325090774,1
takeup,takeup_00899,848.504545671,1
takeup,takeup_00900,1006.52070565,1
takeup,takeup_00901,1183.08750307,1
takeup,takeup_00902,865.107912077,1
takeup,takeup_00903,926.387368497,1
takeup,takeup_00904,876.128239464,1
takeup,takeup_00905,512.063986329,1
takeup,takeup_00906,568.374583821,1
takeup,takeup_00907,862.674311595,1
takeup,takeup_00908,1195.43256875,1
takeup,takeup_00909,747.3864453,1
takeup,takeup_00910,802.861096149,0
takeup,takeup_00911,609.443470978,1
takeup,takeup_00912,748.863766684,1
takeup,takeup_00913,893.771444688,1
takeup,takeup_00914,736.214209591,1
takeup,takeup_00915,1184.56912608,0
takeup,takeup_00916,805.57155381,1
takeup,takeup_00917,737.107515498,0
takeup,takeup_00918,800.926319211,0
takeup,takeup_00919,927.699413794,1
takeup,takeup_00920,787.698619478,1
takeup,takeup_00921,1019.66892988,1
takeup,takeup_00922,989.68755107,1
takeup,takeup_00923,1197.6694122,1
takeup,takeup_00924,860.297851251,1
takeup,takeup_00925,807.300661317,1
takeup,takeup_00926,697.955041759,1
takeup,takeup_00927,916.690036451,1
takeup,takeup_00928,590.762009959,1
takeup,takeup_00929,1002.58502352,1
takeup,takeup_00930,1182.53238303,1
takeup,takeup_00931,602.03390471,1
takeup,takeup_00932,670.148581562,1
takeup,takeup_00933,669.132827552,0
takeup,takeup_00934,600.535239351,1
takeup,takeup_00935,776.35935028,1
takeup,takeup_00936,558.809272069,1
takeup,takeup_00937,724.029770859,0
takeup,takeup_00938,876.68745686,1
takeup,takeup_00939,984.813282032,1
takeup,takeup_00940,525.141590999,1
takeup,takeup_00941,553.339250509,1
takeup,takeup_00942,634.158486855,1
takeup,takeup_00943,896.192344654,1
takeup,takeup_00944,984.271897098,1
takeup,takeup_00945,929.857972647,1
takeup,takeup_00946,788.881412086,1
takeup,takeup_00947,578.263052574,1
takeup,takeup_00948,511.891620797,1
takeup,takeup_00949,897.997423624,1
takeup,takeup_00950,1146.55507446,1
takeup,takeup_00951,1025.93454668,1
takeup,takeup_00952,568.111800752,1
takeup,takeup_00953,608.844983825,1
takeup,takeup_00954,570.079214833,1
takeup,takeup_00955,550.71503553,1
takeup,takeup_00956,880.343500539,0
takeup,takeup_00957,1005.23075345,1
takeup,takeup_00958,734.702723065,1
takeup,takeup_00959,1116.02203857,1
takeup,takeup_00960,1082.44568994,1
takeup,takeup_00961,1108.75060704,0
takeup,takeup_00962,1072.16995146,1
takeup,takeup_00963,1077.97513059,1
takeup,takeup_00964,890.532264575,1
takeup,takeup_00965,1064.83707088,1
takeup,takeup_00966,702.319110116,0
takeup,takeup_00967,1056.33457229,1
takeup,takeup_00968,793.455619661,1
takeup,takeup_00969,951.796302074,1
takeup,takeup_00970,942.123831286,1
takeup,takeup_00971,962.768900852,1
takeup,takeup_00972,896.831569453,1
takeup,takeup_00973,874.807083082,1
takeup,takeup_00974,606.0157973,1
takeup,takeup_00975,1093.57554161,0
takeup,takeup_00976,1076.75213818,1
takeup,takeup_00977,757.415551722,0
takeup,takeup_00978,616.294472823,1
takeup,takeup_00979,656.928919693,1
takeup,takeup_00980,704.411352045,1
takeup,takeup_00981,1174.01715831,1
takeup,takeup_00982,833.357054674,1
takeup,takeup_00983,711.876741665,1
takeup,takeup_00984,928.801043797,1
takeup,takeup_00985,520.193980734,0
takeup,takeup_00986,937.761714599,1
takeup,takeup_00987,560.902647647,1
takeup,takeup_00988,1184.8442154,1
takeup,takeup_00989,1159.31978147,1
takeup,takeup_00990,590.938415344,1
takeup,takeup_00991,672.678880154,0
takeup,takeup_00992,1020.32862389,1
takeup,takeup_00993,779.790811653,1
takeup,takeup_00994,1064.61166367,0
takeup,takeup_00995,1053.53545288,0
takeup,takeup_00996,930.501614686,0
takeup,takeup_00997,1121.05313053,1
takeup,takeup_00998,547.833825182,1
takeup,takeup_00999,999.610742028,1
takeup,takeup_01000,617.987906656,1
takeup,takeup_01001,716.838620121,1
takeup,takeup_01002,723.996628304,0
takeup,takeup_01003,708.15257087,0
takeup,takeup_01004,899.81656606,1
takeup,takeup_01005,682.065136657,1
takeup,takeup_01006,1042.87510365,1
takeup,takeup_01007,1121.66830988,1
takeup,takeup_01008,888.392924613,1
takeup,takeup_01009,824.870353052,0
takeup,takeup_01010,1038.01034514,1
takeup,takeup_01011,595.957793141,1
takeup,takeup_01012,1084.73879502,1
takeup,takeup_01013,1114.59003302,1
takeup,takeup_01014,782.286089393,1
takeup,takeup_01015,1097.13280351,1
takeup,takeup_01016,692.380274181,1
takeup,takeup_01017,581.370899616,1
takeup,takeup_01018,720.848399354,1
takeup,takeup_01019,643.596429755,1
takeup,takeup_01020,871.863301205,0
takeup,takeup_01021,937.395346299,1
takeup,takeup_01022,655.195082167,1
takeup,takeup_01023,877.052500968,1
takeup,takeup_01024,821.883268558,1
takeup,takeup_01025,1190.92618612,0
takeup,takeup_01026,554.831378251,1
takeup,takeup_01027,1006.31138378,1
takeup,takeup_01028,512.864786683,1
takeup,takeup_01029,617.273028196,0
takeup,takeup_01030,720.712095091,1
takeup,takeup_01031,641.284805503,1
takeup,takeup_01032,765.410544069,1
takeup,takeup_01033,1190.59718244,1
takeup,takeup_01034,1165.08108537,1
takeup,takeup_01035,980.753684273,1
takeup,takeup_01036,654.913062708,1
takeup,takeup_01037,840.823266306,1
takeup,takeup_01038,504.534234918,1
takeup,takeup_01039,930.258593206,1
takeup,takeup_01040,1035.87280277,1
takeup,takeup_01041,726.97605856,1
takeup,takeup_01042,783.33736836,1
takeup,takeup_01043,782.92240286,0
takeup,takeup_01044,1003.73359601,0
takeup,takeup_01045,828.175017775,1
takeup,takeup_01046,824.946165962,0
takeup,takeup_01047,1058.11731157,1
takeup,takeup_01048,1197.15982758,1
takeup,takeup_01049,919.550799338,1
takeup,takeup_01050,808.114323132,1
takeup,takeup_01051,1167.9359365,1
takeup,takeup_01052,812.288726122,1
takeup,takeup_01053,510.705757957,1
takeup,takeup_01054,987.085375144,1
takeup,takeup_01055,996.076621045,0
takeup,takeup_01056,750.238135487,1
takeup,takeup_01057,1191.83594977,1
takeup,takeup_01058,881.941528308,1
takeup,takeup_01059,1170.31117147,1
takeup,takeup_01060,875.634944755,1
takeup,takeup_01061,1046.73923837,1
takeup,takeup_01062,1132.29434962,0
takeup,takeup_01063,696.104270233,1
takeup,takeup_01064,651.075450331,0
takeup,takeup_01065,959.847192594,1
takeup,takeup_01066,766.62106071,1
takeup,takeup_01067,786.425112523,1
takeup,takeup_01068,751.972235744,0
takeup,takeup_01069,798.978555402,1
takeup,takeup_01070,612.106646564,1
takeup,takeup_01071,774.562628338,1
takeup,takeup_01072,785.009071831,1
takeup,takeup_01073,1098.19059218,1
takeup,takeup_01074,830.864907543,0
takeup,takeup_01075,647.391881791,1
takeup,takeup_01076,960.512429394,1
takeup,takeup_01077,757.597762586,1
takeup,takeup_01078,1048.1181636,1
takeup,takeup_01079,1191.91925181,1
takeup,takeup_01080,858.543879894,1
takeup,takeup_01081,976.799840059,0
takeup,takeup_01082,1179.30558133,1
takeup,takeup_01083,818.061823413,1
takeup,takeup_01084,845.068479645,1
takeup,takeup_01085,748.824065819,1
takeup,takeup_01086,859.256086265,1
takeup,takeup_01087,657.386100234,1
takeup,takeup_01088,1168.2824129,1
takeup,takeup_01089,913.046199573,1
takeup,takeup_01090,1045.88800801,1
takeup,takeup_01091,973.872260205,0
takeup,takeup_01092,1074.44872268,1
takeup,takeup_01093,1185.24496085,1
takeup,takeup_01094,910.765296048,1
takeup,takeup_01095,1136.96533426,1
takeup,takeup_01096,792.310854538,1
takeup,takeup_01097,612.3624735,1
takeup,takeup_01098,931.823610839,1
takeup,takeup_01099,898.003292219,1
takeup,takeup_01100,1117.05401383,1
takeup,takeup_01101,629.589031468,1
takeup,takeup_01102,978.92384027,1
takeup,takeup_01103,869.970115555,1
takeup,takeup_01104,983.982239163,1
takeup,takeup_01105,1120.4229583,0
takeup,takeup_01106,620.828204798,1
takeup,takeup_01107,735.455077034,1
takeup,takeup_01108,804.200098163,0
takeup,takeup_01109,1139.61284845,1
takeup,takeup_01110,1011.19612976,1
takeup,takeup_01111,1147.80863357,1
takeup,takeup_01112,895.044330119,1
takeup,takeup_01113,579.507018018,0
takeup,takeup_01114,1049.08406703,1
takeup,takeup_01115,898.195747667,1
takeup,takeup_01116,744.307977733,0
takeup,takeup_01117,857.955883647,1
takeup,takeup_01118,575.720951887,1
takeup,takeup_01119,1132.20010584,1
takeup,takeup_01120,1055.80847267,1
takeup,takeup_01121,519.537878845,1
takeup,takeup_01122,546.192601304,1
takeup,takeup_01123,598.46692072,0
takeup,takeup_01124,625.798466778,1
takeup,takeup_01125,582.741614778,1
takeup,takeup_01126,961.2547273,1
takeup,takeup_01127,872.826658809,1
takeup,takeup_01128,1011.24479249,1
takeup,takeup_01129,1123.33496158,1
takeup,takeup_01130,807.252465636,1
takeup,takeup_01131,1062.90903548,0
takeup,takeup_01132,811.896943574,1
takeup,takeup_01133,1139.00742162,1
takeup,takeup_01134,1189.75326237,0
takeup,takeup_01135,912.512456003,1
takeup,takeup_01136,698.130801504,1
takeup,takeup_01137,610.003844188,0
takeup,takeup_01138,716.145066828,1
takeup,takeup_01139,983.754399349,1
takeup,takeup_01140,841.598535405,1
takeup,takeup_01141,818.490146359,1
takeup,takeup_01142,646.250701323,1
takeup,takeup_01143,621.37064848,1
takeup,takeup_01144,838.334142698,1
takeup,takeup_01145,807.404455448,1
takeup,takeup_01146,751.504891787,1
takeup,takeup_01147,590.786673203,1
takeup,takeup_01148,611.275345722,1
takeup,takeup_01149,506.695974834,1
takeup,takeup_01150,653.284782858,0
takeup,takeup_01151,703.404661081,1
takeup,takeup_01152,995.8397686,1
takeup,takeup_01153,520.530483297,1
takeup,takeup_01154,864.478079052,1
takeup,takeup_01155,580.252091621,1
takeup,takeup_01156,587.684323332,0
takeup,takeup_01157,737.863767723,1
takeup,takeup_01158,891.420847181,1
takeup,takeup_01159,548.71979215,1
takeup,takeup_01160,713.569903647,1
takeup,takeup_01161,1185.90715317,1
takeup,takeup_01162,655.46804719,1
takeup,takeup_01163,1183.56789279,1
takeup,takeup_01164,777.472705397,1
takeup,takeup_01165,548.38267818,0
takeup,takeup_01166,608.05618659,1
takeup,takeup_01167,1167.09204201,1
takeup,takeup_01168,808.558048072,1
takeup,takeup_01169,709.414716659,1
takeup,takeup_01170,1061.14497379,1
takeup,takeup_01171,1177.47091294,1
takeup,takeup_01172,636.801767479,1
takeup,takeup_01173,562.973296788,1
takeup,takeup_01174,502.603802321,1
takeup,takeup_01175,809.110426847,1
takeup,takeup_01176,578.260679172,0
takeup,takeup_01177,920.91068439,1
takeup,takeup_01178,576.927224602,1
takeup,takeup_01179,805.703894562,1
takeup,takeup_01180,696.51544293,1
takeup,takeup_01181,630.938010877,1
takeup,takeup_01182,927.869622032,1
takeup,takeup_01183,860.989764473,1
takeup,takeup_01184,798.501568444,1
takeup,takeup_01185,662.84666667,0
takeup,takeup_01186,1049.57154079,1
takeup,takeup_01187,513.940930974,1
takeup,takeup_01188,727.258501589,0
takeup,takeup_01189,695.671042648,0
takeup,takeup_01190,915.701546608,1
takeup,takeup_01191,1010.36984445,1
takeup,takeup_01192,575.466040595,0
takeup,takeup_01193,842.72805963,1
takeup,takeup_01194,932.586688829,1
takeup,takeup_01195,1160.07888098,1
takeup,takeup_01196,562.597932961,0
takeup,takeup_01197,786.889419115,1
takeup,takeup_01198,1049.6426866,1
takeup,takeup_01199,794.704252177,1
takeup,takeup_01200,1020.17105343,1
takeup,takeup_01201,842.474475157,0
takeup,takeup_01202,1090.74692647,1
takeup,takeup_01203,643.311818038,1
takeup,takeup_01204,995.786164604,1
takeup,takeup_01205,1153.67806128,1
takeup,takeup_01206,680.494312972,1
takeup,takeup_01207,698.01250932,1
takeup,takeup_01208,971.649674505,1
takeup,takeup_01209,726.37540726,1
takeup,takeup_01210,606.481277798,1
takeup,takeup_01211,599.238258256,1
takeup,takeup_01212,591.680338817,1
takeup,takeup_01213,726.410864878,1
takeup,takeup_01214,1194.92594901,1
takeup,takeup_01215,768.427392718,1
takeup,takeup_01216,579.255746838,0
takeup,takeup_01217,542.999473625,1
takeup,takeup_01218,868.077983457,1
takeup,takeup_01219,1088.48094743,1
takeup,takeup_01220,558.104681091,1
takeup,takeup_01221,789.178816157,1
takeup,takeup_01222,1032.72814791,1
takeup,takeup_01223,1111.34793148,1
takeup,takeup_01224,979.921496288,1
takeup,takeup_01225,612.509851304,1
takeup,takeup_01226,872.945861222,0
takeup,takeup_01227,800.283194753,1
takeup,takeup_01228,1124.75204381,1
takeup,takeup_01229,879.84694587,1
takeup,takeup_01230,758.017697349,1
takeup,takeup_01231,1083.16986292,1
takeup,takeup_01232,836.998572949,1
takeup,takeup_01233,1164.99692768,0
takeup,takeup_01234,1110.29090915,1
takeup,takeup_01235,769.574732761,1
takeup,takeup_01236,537.555201642,1
takeup,takeup_01237,528.453616537,1
takeup,takeup_01238,810.050951875,0
takeup,takeup_01239,962.730598638,1
takeup,takeup_01240,513.512220405,0
takeup,takeup_01241,1027.13582701,1
takeup,takeup_01242,754.799016569,1
takeup,takeup_01243,1056.56368459,1
takeup,takeup_01244,1124.51503578,1
takeup,takeup_01245,1141.64125755,1
takeup,takeup_01246,1081.77017566,1
takeup,takeup_01247,1036.60232032,1
takeup,takeup_01248,850.166195441,1
takeup,takeup_01249,1085.41616347,1
takeup,takeup_01250,683.465253754,1
takeup,takeup_01251,691.748449381,1
takeup,takeup_01252,986.144217385,1
takeup,takeup_01253,1087.66353576,0
takeup,takeup_01254,697.926484228,1
takeup,takeup_01255,1199.93691417,1
takeup,takeup_01256,788.654871175,1
takeup,takeup_01257,1146.6222164,1
takeup,takeup_01258,629.979448231,1
takeup,takeup_01259,906.105578524,1
takeup,takeup_01260,888.943907283,1
takeup,takeup_01261,795.259278192,1
takeup,takeup_01262,800.195612457,0
takeup,takeup_01263,724.808343068,1
takeup,takeup_01264,668.750981941,0
takeup,takeup_01265,776.032052503,1
takeup,takeup_01266,734.041561257,1
takeup,takeup_01267,871.117105619,1
takeup,takeup_01268,757.243082213,1
takeup,takeup_01269,767.967137373,1
takeup,takeup_01270,529.922475317,1
takeup,takeup_01271,623.734135163,0
takeup,takeup_01272,701.841003046,1
takeup,takeup_01273,776.60688322,1
takeup,takeup_01274,1134.85766995,1
takeup,takeup_01275,1090.77609086,1
takeup,takeup_01276,745.130782596,1
takeup,takeup_01277,855.835469639,1
takeup,takeup_01278,732.612317597,0
takeup,takeup_01279,1167.15523557,1
takeup,takeup_01280,741.260056193,1
takeup,takeup_01281,921.388109244,1
takeup,takeup_01282,1053.33915156,1
takeup,takeup_01283,599.111030179,1
takeup,takeup_01284,902.574108548,1
takeup,takeup_01285,974.899671138,1
takeup,takeup_01286,687.811877773,1
takeup,takeup_01287,579.42090077,1
takeup,takeup_01288,561.639006564,1
takeup,takeup_01289,877.705719963,1
takeup,takeup_01290,1078.88020289,1
takeup,takeup_01291,1062.39659763,0
takeup,takeup_01292,1199.34395474,1
takeup,takeup_01293,609.049263148,1
takeup,takeup_01294,967.739774633,1
takeup,takeup_01295,560.746894634,1
takeup,takeup_01296,578.460009201,1
takeup,takeup_01297,588.715033288,0
takeup,takeup_01298,600.538413856,1
takeup,takeup_01299,878.169376528,1
takeup,takeup_01300,529.098120625,1
takeup,takeup_01301,664.840633141,1
takeup,takeup_01302,940.808322433,1
takeup,takeup_01303,997.83580942,1
takeup,takeup_01304,765.993172682,0
takeup,takeup_01305,863.222645509,1
takeup,takeup_01306,696.371884597,1
takeup,takeup_01307,1019.19872164,1
takeup,takeup_01308,651.137115938,0
takeup,takeup_01309,706.894189528,0
takeup,takeup_01310,776.21102893,1
takeup,takeup_01311,1161.62331016,1
takeup,takeup_01312,785.942264295,0
takeup,takeup_01313,668.331680003,1
takeup,takeup_01314,575.807917411,1
takeup,takeup_01315,854.872542028,1
takeup,takeup_01316,548.343539077,1
takeup,takeup_01317,1031.18271947,1
takeup,takeup_01318,899.11642706,1
takeup,takeup_01319,1123.56508622,1
takeup,takeup_01320,1030.22095059,1
takeup,takeup_01321,660.311318522,0
takeup,takeup_01322,1011.90042387,1
takeup,takeup_01323,965.976086004,0
takeup,takeup_01324,1160.13429539,1
takeup,takeup_01325,936.84990392,1
takeup,takeup_01326,830.22440845,1
takeup,takeup_01327,980.108130247,1
takeup,takeup_01328,595.581732912,1
takeup,takeup_01329,724.84144157,1
takeup,takeup_01330,741.475500773,1
takeup,takeup_01331,847.853611814,1
takeup,takeup_01332,1084.84112523,1
takeup,takeup_01333,752.363485913,1
takeup,takeup_01334,1132.3365408,1
takeup,takeup_01335,554.527975374,1
takeup,takeup_01336,938.258033303,1
takeup,takeup_01337,1167.3579689,1
takeup,takeup_01338,973.534285663,1
takeup,takeup_01339,944.962156567,0
takeup,takeup_01340,698.000496158,1
takeup,takeup_01341,698.044311164,0
takeup,takeup_01342,651.072135409,1
takeup,takeup_01343,756.606775728,1
takeup,takeup_01344,1032.3502986,1
takeup,takeup_01345,882.23367795,1
takeup,takeup_01346,728.232573213,1
takeup,takeup_01347,802.121677521,1
takeup,takeup_01348,777.681221817,1
takeup,takeup_01349,562.442403172,1
takeup,takeup_01350,647.945258538,1
takeup,takeup_01351,522.15192769,1
takeup,takeup_01352,956.727396576,1
takeup,takeup_01353,613.697520318,1
takeup,takeup_01354,635.15791718,1
takeup,takeup_01355,854.980369485,1
takeup,takeup_01356,534.913546729,0
takeup,takeup_01357,646.687530617,1
takeup,takeup_01358,808.732591259,0
takeup,takeup_01359,624.96739881,0
takeup,takeup_01360,528.724687316,1
takeup,takeup_01361,614.529354652,1
takeup,takeup_01362,989.891690128,1
takeup,takeup_01363,1054.8792942,1
takeup,takeup_01364,753.07876332,1
takeup,takeup_01365,855.749057083,0
takeup,takeup_01366,769.820532135,1
takeup,takeup_01367,913.629928317,1
takeup,takeup_01368,929.903153823,1
takeup,takeup_01369,700.302505519,1
takeup,takeup_01370,751.365657875,0
takeup,takeup_01371,909.247705107,1
takeup,takeup_01372,1159.78096704,1
takeup,takeup_01373,571.259391158,1
takeup,takeup_01374,628.606627452,1
takeup,takeup_01375,1109.37424878,1
takeup,takeup_01376,911.278931435,1
takeup,takeup_01377,1132.76564754,1
takeup,takeup_01378,759.467490938,1
takeup,takeup_01379,1016.81053594,1
takeup,takeup_01380,667.910762449,1
takeup,takeup_01381,916.665815087,1
takeup,takeup_01382,880.6869761,1
takeup,takeup_01383,555.562818423,1
takeup,takeup_01384,761.126214214,1
takeup,takeup_01385,958.284105797,1
takeup,takeup_01386,1103.16681783,0
takeup,takeup_01387,1166.36796348,0
takeup,takeup_01388,501.774836524,1
takeup,takeup_01389,960.090075811,1
takeup,takeup_01390,898.274563921,0
takeup,takeup_01391,1146.54692882,1
takeup,takeup_01392,755.917716447,1
takeup,takeup_01393,1128.54354763,1
takeup,takeup_01394,1120.27782618,1
takeup,takeup_01395,1045.93551371,1
takeup,takeup_01396,1177.39930426,1
takeup,takeup_01397,860.2284876,1
takeup,takeup_01398,955.294143741,1
takeup,takeup_01399,1097.01564837,0
takeup,takeup_01400,541.559529601,1
takeup,takeup_01401,659.384395859,1
takeup,takeup_01402,545.533024169,1
takeup,takeup_01403,1111.68484126,1
takeup,takeup_01404,655.532648889,1
takeup,takeup_01405,1137.16903532,1
takeup,takeup_01406,537.381203176,1
takeup,takeup_01407,826.595397484,0
takeup,takeup_01408,794.425124338,1
takeup,takeup_01409,797.955640023,1
takeup,takeup_01410,1073.23791507,1
takeup,takeup_01411,1022.0814912,1
takeup,takeup_01412,706.620242945,1
takeup,takeup_01413,913.908143162,1
takeup,takeup_01414,1056.67158774,1
takeup,takeup_01415,863.50012112,1
takeup,takeup_01416,1043.32257612,1
takeup,takeup_01417,899.570442237,1
takeup,takeup_01418,704.664457866,1
takeup,takeup_01419,967.505749928,1
takeup,takeup_01420,665.289182988,1
takeup,takeup_01421,1180.76952798,1
takeup,takeup_01422,734.534590577,1
takeup,takeup_01423,996.365495044,1
takeup,takeup_01424,559.532634503,1
takeup,takeup_01425,877.829484436,1
takeup,takeup_01426,628.344414856,1
takeup,takeup_01427,529.001036946,1
takeup,takeup_01428,1093.11577418,1
takeup,takeup_01429,1120.34701253,1
takeup,takeup_01430,875.434638335,1
takeup,takeup_01431,933.785112779,1
takeup,takeup_01432,503.944713784,1
takeup,takeup_01433,526.30684976,1
takeup,takeup_01434,514.753398712,0
takeup,takeup_01435,946.981814174,1
takeup,takeup_01436,795.464697552,1
takeup,takeup_01437,883.935913354,1
takeup,takeup_01438,510.708845799,0
takeup,takeup_01439,1180.23420167,1
takeup,takeup_01440,892.696153612,1
takeup,takeup_01441,526.137045271,1
takeup,takeup_01442,734.806210725,1
takeup,takeup_01443,814.533467954,1
takeup,takeup_01444,561.628371556,1
takeup,takeup_01445,799.710636508,0
takeup,takeup_01446,1146.87473249,1
takeup,takeup_01447,825.588899064,1
takeup,takeup_01448,866.613629498,1
takeup,takeup_01449,866.757541053,0
takeup,takeup_01450,690.765942285,1
takeup,takeup_01451,1133.20759015,1
takeup,takeup_01452,670.070934932,1
takeup,takeup_01453,934.149751436,1
takeup,takeup_01454,838.912347507,0
takeup,takeup_01455,760.35521594,1
takeup,takeup_01456,1053.39957412,1
takeup,takeup_01457,973.858884821,1
takeup,takeup_01458,569.736837427,1
takeup,takeup_01459,592.983330792,1
takeup,takeup_01460,672.990222073,0
takeup,takeup_01461,605.586384554,1
takeup,takeup_01462,651.313848421,1
takeup,takeup_01463,1039.59595851,0
takeup,takeup_01464,515.180016746,1
takeup,takeup_01465,919.74339952,1
takeup,takeup_01466,1047.67822896,1
takeup,takeup_01467,1142.22222877,1
takeup,takeup_01468,514.613424662,1
takeup,takeup_01469,1107.04552085,1
takeup,takeup_01470,563.011730344,0
takeup,takeup_01471,858.651316735,0
takeup,takeup_01472,1148.44834134,1
takeup,takeup_01473,834.891687395,0
takeup,takeup_01474,821.545531529,1
takeup,takeup_01475,705.965663749,1
takeup,takeup_01476,1176.04351129,1
takeup,takeup_01477,1063.68098187,1
takeup,takeup_01478,800.722697504,0
takeup,takeup_01479,1110.23474353,1
takeup,takeup_01480,513.166381765,1
takeup,takeup_01481,585.875526646,0
takeup,takeup_01482,521.212418474,1
takeup,takeup_01483,523.433111408,1
takeup,takeup_01484,1038.32871112,1
takeup,takeup_01485,1180.79717225,0
takeup,takeup_01486,536.466300686,1
takeup,takeup_01487,983.264853493,1
takeup,takeup_01488,686.439373481,1
takeup,takeup_01489,554.383340532,1
takeup,takeup_01490,595.809130559,1
takeup,takeup_01491,986.281327851,1
takeup,takeup_01492,792.188161424,1
takeup,takeup_01493,1150.96302821,1
takeup,takeup_01494,1028.80412637,1
takeup,takeup_01495,821.331907745,1
takeup,takeup_01496,1001.96965837,1
takeup,takeup_01497,1045.16927927,0
takeup,takeup_01498,1036.0322656,0
takeup,takeup_01499,738.256471288,1
takeup,takeup_01500,782.301722324,1
takeup,takeup_01501,1092.44114537,1
takeup,takeup_01502,743.564827779,1
takeup,takeup_01503,927.57360174,1
takeup,takeup_01504,629.062384221,0
takeup,takeup_01505,1168.84880144,0
takeup,takeup_01506,1120.11270737,1
takeup,takeup_01507,1042.38521645,0
takeup,takeup_01508,705.768161837,1
takeup,takeup_01509,788.707538742,1
takeup,takeup_01510,543.661929307,1
takeup,takeup_01511,723.320869095,0
takeup,takeup_01512,1191.09756467,1
takeup,takeup_01513,1033.73348408,1
takeup,takeup_01514,951.406398943,1
takeup,takeup_01515,859.670667607,0
takeup,takeup_01516,690.783973907,1
takeup,takeup_01517,1199.63746474,0
takeup,takeup_01518,685.426018465,1
takeup,takeup_01519,795.595751853,1
takeup,takeup_01520,844.431923701,0
takeup,takeup_01521,711.377209226,1
takeup,takeup_01522,841.347340271,1
takeup,takeup_01523,967.954874453,1
takeup,takeup_01524,668.635912942,0
takeup,takeup_01525,1170.11808338,1
takeup,takeup_01526,794.487856627,1
takeup,takeup_01527,1181.87824421,0
takeup,takeup_01528,765.610112043,1
takeup,takeup_01529,999.964510951,1
takeup,takeup_01530,571.052325076,1
takeup,takeup_01531,1065.43419494,1
takeup,takeup_01532,1007.32230173,1
takeup,takeup_01533,519.067604494,1
takeup,takeup_01534,521.426828993,1
takeup,takeup_01535,724.346905345,1
takeup,takeup_01536,735.995097182,1
takeup,takeup_01537,705.466705224,0
takeup,takeup_01538,914.676426259,1
takeup,takeup_01539,1033.12920414,1
takeup,takeup_01540,995.418792714,0
takeup,takeup_01541,923.66670997,1
takeup,takeup_01542,552.416872153,1
takeup,takeup_01543,993.013083799,0
takeup,takeup_01544,644.468472262,0
takeup,takeup_01545,898.154496493,1
takeup,takeup_01546,976.211271006,1
takeup,takeup_01547,1188.22187499,0
takeup,takeup_01548,1113.36948497,1
takeup,takeup_01549,886.087275678,1
takeup,takeup_01550,787.631053033,0
takeup,takeup_01551,1016.64282588,1
takeup,takeup_01552,586.518036148,1
takeup,takeup_01553,568.436037361,1
takeup,takeup_01554,593.577650839,1
takeup,takeup_01555,708.32568718,1
takeup,takeup_01556,789.248952573,0
takeup,takeup_01557,1067.87121095,0
takeup,takeup_01558,665.658242582,1
takeup,takeup_01559,1044.38230635,1
takeup,takeup_01560,922.784382543,1
takeup,takeup_01561,1085.89592594,1
takeup,takeup_01562,1153.37229751,0
takeup,takeup_01563,911.573255433,0
takeup,takeup_01564,1185.29996729,1
takeup,takeup_01565,601.70953522,1
takeup,takeup_01566,643.046722448,1
takeup,takeup_01567,519.433015655,1
takeup,takeup_01568,1007.39879286,1
takeup,takeup_01569,878.081739405,1
takeup,takeup_01570,681.380758823,1
takeup,takeup_01571,546.092693881,1
takeup,takeup_01572,688.353070428,1
takeup,takeup_01573,878.673138827,1
takeup,takeup_01574,1014.70636058,1
takeup,takeup_01575,521.087145774,0
takeup,takeup_01576,891.994121535,1
takeup,takeup_01577,866.069295059,1
takeup,takeup_01578,1108.10821952,1
takeup,takeup_01579,797.274691127,1
takeup,takeup_01580,909.304428912,1
takeup,takeup_01581,588.177017695,1
takeup,takeup_01582,1188.53285585,0
takeup,takeup_01583,789.088956541,0
takeup,takeup_01584,547.052645146,1
takeup,takeup_01585,676.865892832,1
takeup,takeup_01586,991.606340375,1
takeup,takeup_01587,1116.36497722,1
takeup,takeup_01588,553.435643016,0
takeup,takeup_01589,1125.98595811,1
takeup,takeup_01590,633.926322388,1
takeup,takeup_01591,741.026000642,0
takeup,takeup_01592,963.530820639,1
takeup,takeup_01593,703.681895108,1
takeup,takeup_01594,683.686892283,1
takeup,takeup_01595,638.154807583,1
takeup,takeup_01596,991.677387057,1
takeup,takeup_01597,1036.0201464,0
takeup,takeup_01598,1027.53127463,1
takeup,takeup_01599,916.336292356,0
takeup,takeup_01600,808.031931661,1
takeup,takeup_01601,1013.63464893,1
takeup,takeup_01602,1148.76191414,1
takeup,takeup_01603,1137.32406934,1
takeup,takeup_01604,952.319972547,1
takeup,takeup_01605,680.190849951,1
takeup,takeup_01606,821.751103551,1
takeup,takeup_01607,840.327644719,1
takeup,takeup_01608,760.175767284,1
takeup,takeup_01609,809.933267712,1
takeup,takeup_01610,1119.27985868,1
takeup,takeup_01611,809.14828937,1
takeup,takeup_01612,935.482809295,1
takeup,takeup_01613,1075.32645443,1
takeup,takeup_01614,738.71601033,1
takeup,takeup_01615,670.281558917,1
takeup,takeup_01616,852.664890136,1
takeup,takeup_01617,536.133819704,1
takeup,takeup_01618,993.403284183,1
takeup,takeup_01619,821.168572368,1
takeup,takeup_01620,580.87737944,0
takeup,takeup_01621,592.025676888,1
takeup,takeup_01622,901.380032653,1
takeup,takeup_01623,607.919936286,0
takeup,takeup_01624,982.999632616,1
takeup,takeup_01625,852.244518058,0
takeup,takeup_01626,867.061466249,1
takeup,takeup_01627,906.569588505,1
takeup,takeup_01628,1159.14593786,1
takeup,takeup_01629,640.759794021,0
takeup,takeup_01630,1112.05321185,1
takeup,takeup_01631,992.389565747,1
takeup,takeup_01632,1168.12664785,1
takeup,takeup_01633,1055.49190222,1
takeup,takeup_01634,581.666612505,1
takeup,takeup_01635,782.977739241,1
takeup,takeup_01636,1158.09691475,1
takeup,takeup_01637,1094.14378584,1
takeup,takeup_01638,878.847307518,0
takeup,takeup_01639,512.729019685,1
takeup,takeup_01640,1109.77890554,1
takeup,takeup_01641,1152.09338015,1
takeup,takeup_01642,762.585799589,0
takeup,takeup_01643,737.5586863,1
takeup,takeup_01644,860.257642523,1
takeup,takeup_01645,856.381233906,1
takeup,takeup_01646,915.664639975,1
takeup,takeup_01647,604.438813533,1
takeup,takeup_01648,601.518443794,1
takeup,takeup_01649,857.741556166,1
takeup,takeup_01650,850.636025129,1
takeup,takeup_01651,1090.63915653,0
takeup,takeup_01652,901.790092951,0
takeup,takeup_01653,1108.06830318,0
takeup,takeup_01654,1041.44081731,1
takeup,takeup_01655,713.916991865,1
takeup,takeup_01656,910.249284081,1
takeup,takeup_01657,543.797366334,1
takeup,takeup_01658,883.870263227,1
takeup,takeup_01659,824.885312496,1
takeup,takeup_01660,1071.01140432,1
takeup,takeup_01661,1109.43113259,1
takeup,takeup_01662,1049.45405435,1
takeup,takeup_01663,774.948460918,0
takeup,takeup_01664,876.893882185,1
takeup,takeup_01665,1177.93263819,1
takeup,takeup_01666,1017.59481561,1
takeup,takeup_01667,1138.60748589,1
takeup,takeup_01668,1146.82509046,1
takeup,takeup_01669,1099.0983131,0
takeup,takeup_01670,785.467696944,1
takeup,takeup_01671,1030.93789617,1
takeup,takeup_01672,1110.90832151,1
takeup,takeup_01673,553.74530464,0
takeup,takeup_01674,899.27008792,0
takeup,takeup_01675,647.900481905,1
takeup,takeup_01676,975.787303175,1
takeup,takeup_01677,863.126906773,0
takeup,takeup_01678,573.275264793,1
takeup,takeup_01679,835.083294526,0
takeup,takeup_01680,1145.28540859,1
takeup,takeup_01681,1101.21999846,1
takeup,takeup_01682,602.920494096,1
takeup,takeup_01683,1108.96417332,1
takeup,takeup_01684,1011.37310009,1
takeup,takeup_01685,596.086544953,0
takeup,takeup_01686,870.134918767,1
takeup,takeup_01687,597.210557192,1
takeup,takeup_01688,786.741050911,1
takeup,takeup_01689,899.78715397,1
takeup,takeup_01690,923.321195276,1
takeup,takeup_01691,993.534829366,1
takeup,takeup_01692,987.708996669,1
takeup,takeup_01693,1010.63720526,1
takeup,takeup_01694,863.136255094,1
takeup,takeup_01695,845.119277721,1
takeup,takeup_01696,1052.82239877,1
takeup,takeup_01697,1007.32080495,1
takeup,takeup_01698,1155.88521536,0
takeup,takeup_01699,1181.67199883,1
takeup,takeup_01700,789.003780872,1
takeup,takeup_01701,1180.13978046,1
takeup,takeup_01702,743.650645994,1
takeup,takeup_01703,570.819680808,1
takeup,takeup_01704,713.913964618,1
takeup,takeup_01705,1093.84432541,1
takeup,takeup_01706,595.916501216,1
takeup,takeup_01707,563.786235916,1
takeup,takeup_01708,1000.93233764,1
takeup,takeup_01709,1008.18646921,1
takeup,takeup_01710,989.518004404,1
takeup,takeup_01711,676.55023087,0
takeup,takeup_01712,807.219413464,1
takeup,takeup_01713,828.530329473,0
takeup,takeup_01714,684.344582062,1
takeup,takeup_01715,1159.94295435,1
takeup,takeup_01716,662.004923005,1
takeup,takeup_01717,841.558906484,1
takeup,takeup_01718,993.692226504,1
takeup,takeup_01719,827.579124773,1
takeup,takeup_01720,767.326745533,1
takeup,takeup_01721,1171.96458407,1
takeup,takeup_01722,1190.55106776,1
takeup,takeup_01723,995.976491247,1
takeup,takeup_01724,690.848526122,1
takeup,takeup_01725,1154.93020084,1
takeup,takeup_01726,704.132850945,1
takeup,takeup_01727,1125.79820638,1
takeup,takeup_01728,720.350045099,1
takeup,takeup_01729,1139.8774511,0
takeup,takeup_01730,838.167215797,1
takeup,takeup_01731,614.372913902,1
takeup,takeup_01732,1005.96816592,1
takeup,takeup_01733,606.562314922,0
takeup,takeup_01734,1091.81968203,1
takeup,takeup_01735,1136.51954397,1
takeup,takeup_01736,953.879056429,1
takeup,takeup_01737,704.309320189,1
takeup,takeup_01738,530.057324646,0
takeup,takeup_01739,1077.11622005,1
takeup,takeup_01740,1124.19541621,1
takeup,takeup_01741,979.417746664,1
takeup,takeup_01742,613.400011136,0
takeup,takeup_01743,885.181155932,1
takeup,takeup_01744,750.094700271,1
takeup,takeup_01745,694.873501938,0
takeup,takeup_01746,604.228719417,1
takeup,takeup_01747,951.537994017,1
takeup,takeup_01748,1142.25076376,0
takeup,takeup_01749,928.229716632,0
takeup,takeup_01750,890.189842533,1
takeup,takeup_01751,1078.96795543,1
takeup,takeup_01752,615.333898799,0
takeup,takeup_01753,612.923083981,1
takeup,takeup_01754,912.186869574,0
takeup,takeup_01755,1014.51450813,1
takeup,takeup_01756,667.599365124,0
takeup,takeup_01757,737.686717642,0
takeup,takeup_01758,796.234627988,0
takeup,takeup_01759,1144.1943029,1
takeup,takeup_01760,705.618538941,1
takeup,takeup_01761,905.290923905,1
takeup,takeup_01762,543.411393301,1
takeup,takeup_01763,876.287504162,1
takeup,takeup_01764,1122.69872154,1
takeup,takeup_01765,1161.34919095,0
takeup,takeup_01766,774.728080753,0
takeup,takeup_01767,888.388466125,1
takeup,takeup_01768,568.810015327,0
takeup,takeup_01769,746.67686705,0
takeup,takeup_01770,568.152984264,1
takeup,takeup_01771,523.017857101,1
takeup,takeup_01772,830.8958905,1
takeup,takeup_01773,617.740873208,1
takeup,takeup_01774,608.717276723,0
takeup,takeup_01775,836.533295423,0
takeup,takeup_01776,1088.5763948,1
takeup,takeup_01777,626.815535801,1
takeup,takeup_01778,673.283936403,1
takeup,takeup_01779,531.150509207,1
takeup,takeup_01780,724.241578583,1
takeup,takeup_01781,1146.17079835,1
takeup,takeup_01782,715.125944083,1
takeup,takeup_01783,993.902130761,1
takeup,takeup_01784,523.870619624,0
takeup,takeup_01785,562.169420743,0
takeup,takeup_01786,1083.99925862,1
takeup,takeup_01787,895.910362831,1
takeup,takeup_01788,1146.90043203,1
takeup,takeup_01789,1057.57213036,1
takeup,takeup_01790,989.856681386,1
takeup,takeup_01791,909.672054403,0
takeup,takeup_01792,670.566259231,1
takeup,takeup_01793,516.397127953,1
takeup,takeup_01794,1075.00121553,1
takeup,takeup_01795,583.163219713,1
takeup,takeup_01796,836.576275744,1
takeup,takeup_01797,1131.05650831,1
takeup,takeup_01798,686.815124906,1
takeup,takeup_01799,1109.66664877,1
takeup,takeup_01800,727.57637635,1
takeup,takeup_01801,1006.64575304,1
takeup,takeup_01802,878.316440806,0
takeup,takeup_01803,936.245026294,0
takeup,takeup_01804,980.729560941,1
takeup,takeup_01805,572.284915076,1
takeup,takeup_01806,745.014123371,0
takeup,takeup_01807,1079.99133658,1
takeup,takeup_01808,684.409399088,1
takeup,takeup_01809,576.792547179,1
takeup,takeup_01810,769.450373594,1
takeup,takeup_01811,624.850130329,1
takeup,takeup_01812,1126.50336864,1
takeup,takeup_01813,1016.11868268,1
takeup,takeup_01814,733.659547952,1
takeup,takeup_01815,680.22585154,1
takeup,takeup_01816,796.61383585,1
takeup,takeup_01817,1053.56491407,0
takeup,takeup_01818,571.765919009,0
takeup,takeup_01819,916.533233277,1
takeup,takeup_01820,722.342591289,1
takeup,takeup_01821,917.629462669,1
takeup,takeup_01822,562.483350211,1
takeup,takeup_01823,1116.47582822,1
takeup,takeup_01824,753.71846647,1
takeup,takeup_01825,559.44289404,1
takeup,takeup_01826,578.645546319,0
takeup,takeup_01827,553.254090272,1
takeup,takeup_01828,693.822043769,1
takeup,takeup_01829,924.985926645,1
takeup,takeup_01830,988.614887767,1
takeup,takeup_01831,891.736463899,1
takeup,takeup_01832,1111.73822329,1
takeup,takeup_01833,785.333851175,1
takeup,takeup_01834,832.755218718,0
takeup,takeup_01835,571.728946397,1
takeup,takeup_01836,916.109662903,1
takeup,takeup_01837,1055.20127134,1
takeup,takeup_01838,1064.51944518,1
takeup,takeup_01839,1188.56424501,1
takeup,takeup_01840,1067.48729781,1
takeup,takeup_01841,821.079449011,0
takeup,takeup_01842,1173.86710087,1
takeup,takeup_01843,867.034854048,1
takeup,takeup_01844,649.895842693,1
takeup,takeup_01845,757.321640045,1
takeup,takeup_01846,562.561238886,1
takeup,takeup_01847,1143.17846691,1
takeup,takeup_01848,982.163824469,1
takeup,takeup_01849,877.546736267,1
takeup,takeup_01850,734.078511452,1
takeup,takeup_01851,760.740489,0
takeup,takeup_01852,913.250724501,1
takeup,takeup_01853,852.894479288,1
takeup,takeup_01854,664.354893329,1
takeup,takeup_01855,500.678450168,1
takeup,takeup_01856,517.559174428,1
takeup,takeup_01857,1078.75584582,1
takeup,takeup_01858,810.181281731,1
takeup,takeup_01859,998.079676964,0
takeup,takeup_01860,1141.56211199,1
takeup,takeup_01861,1031.3693101,1
takeup,takeup_01862,1163.94265252,1
takeup,takeup_01863,1054.82049135,1
takeup,takeup_01864,528.184699754,1
takeup,takeup_01865,534.176621116,1
takeup,takeup_01866,511.443438537,0
takeup,takeup_01867,659.229934064,0
takeup,takeup_01868,1150.30896436,1
takeup,takeup_01869,1147.80371723,1
takeup,takeup_01870,1124.40091569,1
takeup,takeup_01871,591.708083342,1
takeup,takeup_01872,773.350193894,1
takeup,takeup_01873,527.358803508,1
takeup,takeup_01874,1099.03266035,1
takeup,takeup_01875,559.178605215,1
takeup,takeup_01876,514.12252084,1
takeup,takeup_01877,860.563958695,1
takeup,takeup_01878,745.747810507,1
takeup,takeup_01879,827.900709594,1
takeup,takeup_01880,1120.05185986,1
takeup,takeup_01881,729.065090482,1
takeup,takeup_01882,678.964657792,1
takeup,takeup_01883,834.676660966,1
takeup,takeup_01884,980.635767991,1
takeup,takeup_01885,711.840264895,1
takeup,takeup_01886,726.931446816,1
takeup,takeup_01887,1103.51390815,1
takeup,takeup_01888,1099.06341569,1
takeup,takeup_01889,714.205378362,1
takeup,takeup_01890,668.47961737,1
takeup,takeup_01891,705.942972793,0
takeup,takeup_01892,1164.64167211,1
takeup,takeup_01893,789.548409887,0
takeup,takeup_01894,1040.20066271,1
takeup,takeup_01895,973.730029795,1
takeup,takeup_01896,699.345601952,0
takeup,takeup_01897,1040.69593594,1
takeup,takeup_01898,916.08652911,1
takeup,takeup_01899,700.259693571,1
takeup,takeup_01900,757.344356355,1
takeup,takeup_01901,933.421925959,1
takeup,takeup_01902,1091.88954874,1
takeup,takeup_01903,836.687914549,0
takeup,takeup_01904,814.830200558,1
takeup,takeup_01905,700.524388738,1
takeup,takeup_01906,1010.44094599,1
takeup,takeup_01907,546.560835091,1
takeup,takeup_01908,909.738557434,1
takeup,takeup_01909,858.854562115,1
takeup,takeup_01910,808.159893834,1
takeup,takeup_01911,640.056474662,1
takeup,takeup_01912,1142.04834616,1
takeup,takeup_01913,629.379560321,1
takeup,takeup_01914,503.892201554,1
takeup,takeup_01915,1004.22109573,1
takeup,takeup_01916,1102.36762685,0
takeup,takeup_01917,1177.25962844,1
takeup,takeup_01918,601.696525437,1
takeup,takeup_01919,1044.53293962,1
takeup,takeup_01920,867.216235867,1
takeup,takeup_01921,1088.93709402,1
takeup,takeup_01922,674.773011598,0
takeup,takeup_01923,538.218358818,1
takeup,takeup_01924,567.608819031,1
takeup,takeup_01925,1052.8001092,0
takeup,takeup_01926,826.263244828,1
takeup,takeup_01927,732.22415722,1
takeup,takeup_01928,1141.28837954,1
takeup,takeup_01929,550.359217115,1
takeup,takeup_01930,1182.57071842,1
takeup,takeup_01931,898.038634287,1
takeup,takeup_01932,1193.91316119,0
takeup,takeup_01933,1178.51657241,0
takeup,takeup_01934,625.70964721,1
takeup,takeup_01935,964.407177848,1
takeup,takeup_01936,776.368442969,1
takeup,takeup_01937,958.216553868,1
takeup,takeup_01938,675.537332013,1
takeup,takeup_01939,611.012851907,1
takeup,takeup_01940,1195.85330261,1
takeup,takeup_01941,544.471833018,1
takeup,takeup_01942,965.896462203,1
takeup,takeup_01943,559.091989065,1
takeup,takeup_01944,734.362925202,1
takeup,takeup_01945,1005.17133826,1
takeup,takeup_01946,1041.72141882,1
takeup,takeup_01947,1026.39849164,1
takeup,takeup_01948,927.381582599,1
takeup,takeup_01949,997.24932858,1
takeup,takeup_01950,991.141705254,1
takeup,takeup_01951,662.803613066,1
takeup,takeup_01952,764.788116193,1
takeup,takeup_01953,577.239605551,0
takeup,takeup_01954,839.655714301,1
takeup,takeup_01955,634.142027668,1
takeup,takeup_01956,631.937422604,1
takeup,takeup_01957,704.552920905,1
takeup,takeup_01958,859.15092243,1
takeup,takeup_01959,974.348521507,1
takeup,takeup_01960,745.254148023,1
takeup,takeup_01961,1009.2196151,1
takeup,takeup_01962,667.955100078,1
takeup,takeup_01963,932.789956337,1
takeup,takeup_01964,1181.3936267,1
takeup,takeup_01965,700.541339861,1
takeup,takeup_01966,1081.56219177,1
takeup,takeup_01967,646.581561055,1
takeup,takeup_01968,537.539346792,1
takeup,takeup_01969,1195.40001225,1
takeup,takeup_01970,1056.07584779,0
takeup,takeup_01971,1111.58739037,1
takeup,takeup_01972,902.142736325,1
takeup,takeup_01973,741.204406492,1
takeup,takeup_01974,1076.88790719,1
takeup,takeup_01975,1092.00772743,1
takeup,takeup_01976,540.222517255,1
takeup,takeup_01977,789.624195803,1
takeup,takeup_01978,1109.07973777,1
takeup,takeup_01979,571.843127187,1
takeup,takeup_01980,875.878206029,1
takeup,takeup_01981,536.059410362,1
takeup,takeup_01982,710.14998086,1
takeup,takeup_01983,712.666134242,1
takeup,takeup_01984,561.479800963,0
takeup,takeup_01985,1112.03679101,1
takeup,takeup_01986,881.457268185,1
takeup,takeup_01987,909.560530746,1
takeup,takeup_01988,772.661836153,1
takeup,takeup_01989,973.794761858,1
takeup,takeup_01990,550.095804917,1
takeup,takeup_01991,1054.79665114,1
takeup,takeup_01992,606.620313054,1
takeup,takeup_01993,628.799523305,1
takeup,takeup_01994,778.756435343,0
takeup,takeup_01995,996.969665469,1
takeup,takeup_01996,1122.42774413,1
takeup,takeup_01997,615.502985768,1
takeup,takeup_01998,744.330069904,1
takeup,takeup_01999,794.941801769,0
takeup,takeup_02000,561.118755229,1
takeup,takeup_02001,830.34600849,1
takeup,takeup_02002,501.370231132,1
takeup,takeup_02003,621.565227002,1
takeup,takeup_02004,777.381765102,1
takeup,takeup_02005,637.925895841,0
takeup,takeup_02006,890.619801318,1
takeup,takeup_02007,844.21333491,1
takeup,takeup_02008,1118.74428154,1
takeup,takeup_02009,969.457505583,1
takeup,takeup_02010,635.785150732,0
takeup,takeup_02011,891.283598992,1
takeup,takeup_02012,512.306668877,1
takeup,takeup_02013,862.680341495,1
takeup,takeup_02014,500.506572114,1
takeup,takeup_02015,695.581967278,1
takeup,takeup_02016,1180.50055346,1
takeup,takeup_02017,1110.47997227,1
takeup,takeup_02018,650.745546488,1
takeup,takeup_02019,540.209195985,1
takeup,takeup_02020,741.06559914,1
takeup,takeup_02021,1194.10030471,0
takeup,takeup_02022,757.526032042,1
takeup,takeup_02023,547.487761622,1
takeup,takeup_02024,1155.94285445,0
takeup,takeup_02025,1120.15523441,1
takeup,takeup_02026,668.111898565,1
takeup,takeup_02027,528.57833678,0
takeup,takeup_02028,740.479108455,1
takeup,takeup_02029,760.157512908,1
takeup,takeup_02030,1160.11370987,1
takeup,takeup_02031,774.763822664,1
takeup,takeup_02032,945.672646492,1
takeup,takeup_02033,1021.2787253,0
takeup,takeup_02034,568.617736311,1
takeup,takeup_02035,1090.30117367,1
takeup,takeup_02036,848.715055739,1
takeup,takeup_02037,1051.85971436,1
takeup,takeup_02038,773.141075216,0
takeup,takeup_02039,728.487048904,1
takeup,takeup_02040,1057.80476196,1
takeup,takeup_02041,834.17902289,1
takeup,takeup_02042,834.806379273,0
takeup,takeup_02043,943.703345281,1
takeup,takeup_02044,725.179985297,1
takeup,takeup_02045,824.399799767,1
takeup,takeup_02046,1129.0713285,1
takeup,takeup_02047,523.410372433,1
takeup,takeup_02048,623.030901216,1
takeup,takeup_02049,929.965184283,1
takeup,takeup_02050,1028.06810678,1
takeup,takeup_02051,538.9693618,1
takeup,takeup_02052,630.138014347,1
takeup,takeup_02053,600.481425872,1
takeup,takeup_02054,1031.08037512,0
takeup,takeup_02055,876.75939512,0
takeup,takeup_02056,1161.57377679,1
takeup,takeup_02057,583.765437119,1
takeup,takeup_02058,1148.17008812,1
takeup,takeup_02059,681.995825771,1
takeup,takeup_02060,1148.0428525,1
takeup,takeup_02061,961.979188298,1
takeup,takeup_02062,686.133962241,1
takeup,takeup_02063,667.152079656,1
takeup,takeup_02064,1148.36714069,1
takeup,takeup_02065,518.370881448,1
takeup,takeup_02066,1141.72514394,1
takeup,takeup_02067,764.021434989,1
takeup,takeup_02068,650.270331901,1
takeup,takeup_02069,765.857166917,1
takeup,takeup_02070,786.571219744,1
takeup,takeup_02071,666.457775804,1
takeup,takeup_02072,848.420956092,0
takeup,takeup_02073,623.925273798,1
takeup,takeup_02074,565.211074068,1
takeup,takeup_02075,796.958228865,1
takeup,takeup_02076,992.777331412,1
takeup,takeup_02077,1061.62487749,1
takeup,takeup_02078,953.155292617,1
takeup,takeup_02079,544.827718943,0
takeup,takeup_02080,817.461637549,1
takeup,takeup_02081,839.896593103,1
takeup,takeup_02082,678.16827973,0
takeup,takeup_02083,799.692567323,1
takeup,takeup_02084,1083.7165087,1
takeup,takeup_02085,872.53552953,1
takeup,takeup_02086,601.202841246,1
takeup,takeup_02087,927.784103269,1
takeup,takeup_02088,1072.19379888,1
takeup,takeup_02089,587.956476762,1
takeup,takeup_02090,536.585837764,1
takeup,takeup_02091,920.205127428,0
takeup,takeup_02092,663.722626451,1
takeup,takeup_02093,1051.32185622,1
takeup,takeup_02094,930.152069522,1
takeup,takeup_02095,611.553298668,1
takeup,takeup_02096,835.404780056,1
takeup,takeup_02097,1079.89376833,1
takeup,takeup_02098,1189.64121603,1
takeup,takeup_02099,1164.70899716,1
takeup,takeup_02100,831.261216437,1
takeup,takeup_02101,625.180144098,0
takeup,takeup_02102,941.295241518,1
takeup,takeup_02103,755.380833786,1
takeup,takeup_02104,1132.16340342,1
takeup,takeup_02105,606.508438809,1
takeup,takeup_02106,986.828020595,1
takeup,takeup_02107,587.163958814,1
takeup,takeup_02108,716.399853262,1
takeup,takeup_02109,1108.37813839,1
takeup,takeup_02110,678.041991058,1
takeup,takeup_02111,602.188324155,1
takeup,takeup_02112,827.844966054,1
takeup,takeup_02113,605.851058301,1
takeup,takeup_02114,1100.61821337,1
takeup,takeup_02115,953.598876241,1
takeup,takeup_02116,581.743446225,0
takeup,takeup_02117,1007.27373954,1
takeup,takeup_02118,853.110287991,1
takeup,takeup_02119,677.949402423,1
takeup,takeup_02120,649.582363008,1
takeup,takeup_02121,774.42582215,1
takeup,takeup_02122,669.928989138,1
takeup,takeup_02123,976.121179921,1
takeup,takeup_02124,1092.06702397,1
takeup,takeup_02125,727.816176149,1
takeup,takeup_02126,1020.04409288,1
takeup,takeup_02127,997.067458724,1
takeup,takeup_02128,915.94605891,0
takeup,takeup_02129,1002.86488265,1
takeup,takeup_02130,1005.10712387,1
takeup,takeup_02131,1120.50969343,1
takeup,takeup_02132,1099.2429651,1
takeup,takeup_02133,826.208746372,1
takeup,takeup_02134,970.810341247,1
takeup,takeup_02135,682.439279962,0
takeup,takeup_02136,695.496530907,0
takeup,takeup_02137,1059.49454072,1
takeup,takeup_02138,1118.15440978,1
takeup,takeup_02139,1044.94061939,1
takeup,takeup_02140,836.3065076,1
takeup,takeup_02141,1009.93911877,1
takeup,takeup_02142,781.438597966,1
takeup,takeup_02143,871.819441525,1
takeup,takeup_02144,1143.03400177,1
takeup,takeup_02145,771.927111411,0
takeup,takeup_02146,567.414490043,1
takeup,takeup_02147,587.800669892,0
takeup,takeup_02148,1138.2138662,1
takeup,takeup_02149,992.13861763,1
takeup,takeup_02150,789.591401577,1
takeup,takeup_02151,806.475608471,1
takeup,takeup_02152,626.103514756,0
takeup,takeup_02153,864.666707793,1
takeup,takeup_02154,603.126307583,1
takeup,takeup_02155,553.637084369,0
takeup,takeup_02156,695.565065484,1
takeup,takeup_02157,675.136531974,1
takeup,takeup_02158,942.017177271,0
takeup,takeup_02159,556.047988757,0
takeup,takeup_02160,1023.61529627,0
takeup,takeup_02161,760.355359433,1
takeup,takeup_02162,1105.92477578,1
takeup,takeup_02163,1117.64057907,1
takeup,takeup_02164,659.980101502,1
takeup,takeup_02165,1143.75590213,1
takeup,takeup_02166,1065.08191697,1
takeup,takeup_02167,650.89864248,1
takeup,takeup_02168,1008.57446078,1
takeup,takeup_02169,1099.73770963,1
takeup,takeup_02170,732.590318128,0
takeup,takeup_02171,1156.07337953,1
takeup,takeup_02172,749.826774147,0
takeup,takeup_02173,1080.99104659,1
takeup,takeup_02174,756.569035966,1
takeup,takeup_02175,1039.74719109,1
takeup,takeup_02176,877.069760109,1
takeup,takeup_02177,954.359422361,1
takeup,takeup_02178,917.821251668,1
takeup,takeup_02179,1197.52123892,1
takeup,takeup_02180,854.680743004,1
takeup,takeup_02181,506.286589,0
takeup,takeup_02182,938.12922767,0
takeup,takeup_02183,853.477013311,1
takeup,takeup_02184,1192.95308556,1
takeup,takeup_02185,1038.59295856,1
takeup,takeup_02186,644.081312021,0
takeup,takeup_02187,797.162968216,1
takeup,takeup_02188,610.736965297,1
takeup,takeup_02189,749.645616739,1
takeup,takeup_02190,1145.07031011,1
takeup,takeup_02191,684.024029019,1
takeup,takeup_02192,973.158469263,1
takeup,takeup_02193,773.51197698,1
takeup,takeup_02194,852.004488174,1
takeup,takeup_02195,902.187473487,1
takeup,takeup_02196,951.89922091,1
takeup,takeup_02197,1189.72248155,1
takeup,takeup_02198,917.254135098,1
takeup,takeup_02199,866.756484248,1
takeup,takeup_02200,949.839752058,1
takeup,takeup_02201,939.079773,1
takeup,takeup_02202,962.958863801,1
takeup,takeup_02203,520.88521086,1
takeup,takeup_02204,1046.16084551,1
takeup,takeup_02205,663.468615202,1
takeup,takeup_02206,633.572457537,0
takeup,takeup_02207,575.874592786,1
takeup,takeup_02208,974.30951558,1
takeup,takeup_02209,676.678460378,1
takeup,takeup_02210,510.690125555,1
takeup,takeup_02211,1139.54476001,0
takeup,takeup_02212,787.406418954,1
takeup,takeup_02213,798.102788069,1
takeup,takeup_02214,1009.03376272,1
takeup,takeup_02215,989.248780112,1
takeup,takeup_02216,1092.62834998,1
takeup,takeup_02217,743.576034964,1
takeup,takeup_02218,874.835563708,1
takeup,takeup_02219,1121.7592874,1
takeup,takeup_02220,977.060378449,1
takeup,takeup_02221,1180.86463827,0
takeup,takeup_02222,1160.65418643,1
takeup,takeup_02223,1154.89060286,1
takeup,takeup_02224,548.625417323,1
takeup,takeup_02225,915.3145518,1
takeup,takeup_02226,987.918032166,1
takeup,takeup_02227,769.947928319,1
takeup,takeup_02228,1189.83825524,1
takeup,takeup_02229,682.254405169,1
takeup,takeup_02230,1145.272323,1
takeup,takeup_02231,615.511357329,1
takeup,takeup_02232,800.079126488,1
takeup,takeup_02233,679.865192848,1
takeup,takeup_02234,1106.85615762,1
takeup,takeup_02235,1181.42070109,1
takeup,takeup_02236,836.841945809,1
takeup,takeup_02237,801.688416888,1
takeup,takeup_02238,646.159470663,1
takeup,takeup_02239,680.650510816,0
takeup,takeup_02240,509.095755528,1
takeup,takeup_02241,783.022786872,0
takeup,takeup_02242,755.279738987,1
takeup,takeup_02243,1185.6317677,1
takeup,takeup_02244,885.03990476,1
takeup,takeup_02245,1003.25828417,1
takeup,takeup_02246,1037.84858989,1
takeup,takeup_02247,560.232809116,1
takeup,takeup_02248,522.406642977,0
takeup,takeup_02249,696.892809333,1
takeup,takeup_02250,1191.82881,1
takeup,takeup_02251,1067.58681181,1
takeup,takeup_02252,921.046488938,1
takeup,takeup_02253,648.089959516,1
takeup,takeup_02254,802.203772007,1
takeup,takeup_02255,1037.28148961,1
takeup,takeup_02256,574.013296989,1
takeup,takeup_02257,753.808885778,1
takeup,takeup_02258,558.327515247,1
takeup,takeup_02259,767.405267598,1
takeup,takeup_02260,1148.09821539,1
takeup,takeup_02261,1156.50128043,1
takeup,takeup_02262,1020.87845125,1
takeup,takeup_02263,725.033571645,1
takeup,takeup_02264,737.898645088,1
takeup,takeup_02265,1176.90091406,1
takeup,takeup_02266,705.474500202,1
takeup,takeup_02267,566.492191743,0
takeup,takeup_02268,981.233846639,1
takeup,takeup_02269,554.495357471,1
takeup,takeup_02270,813.201053648,0
takeup,takeup_02271,704.049674909,1
takeup,takeup_02272,603.611929466,1
takeup,takeup_02273,914.798342418,1
takeup,takeup_02274,783.189176006,1
takeup,takeup_02275,995.083074613,1
takeup,takeup_02276,864.010564542,1
takeup,takeup_02277,759.894246179,0
takeup,takeup_02278,905.440443136,1
takeup,takeup_02279,674.797798839,1
takeup,takeup_02280,792.334759604,1
takeup,takeup_02281,540.916398735,1
takeup,takeup_02282,669.957433906,1
takeup,takeup_02283,912.720971669,1
takeup,takeup_02284,1132.44416371,1
takeup,takeup_02285,1016.98362727,1
takeup,takeup_02286,883.310638903,1
takeup,takeup_02287,1145.42531205,1
takeup,takeup_02288,524.023912746,1
takeup,takeup_02289,643.921685951,1
takeup,takeup_02290,1116.21592107,1
takeup,takeup_02291,942.430520562,1
takeup,takeup_02292,999.705983581,1
takeup,takeup_02293,920.46008432,1
takeup,takeup_02294,1123.6025652,1
takeup,takeup_02295,776.531085147,0
takeup,takeup_02296,1066.96981406,1
takeup,takeup_02297,1169.20342062,1
takeup,takeup_02298,834.137095043,1
takeup,takeup_02299,551.173036528,1
takeup,takeup_02300,594.657968218,0
takeup,takeup_02301,852.712369754,1
takeup,takeup_02302,762.547214187,1
takeup,takeup_02303,820.77361242,1
takeup,takeup_02304,1167.28807758,1
takeup,takeup_02305,1194.5197976,1
takeup,takeup_02306,906.988018229,1
takeup,takeup_02307,1001.06981749,1
takeup,takeup_02308,943.642274279,1
takeup,takeup_02309,945.500247245,1
takeup,takeup_02310,983.869257334,1
takeup,takeup_02311,965.942479544,1
takeup,takeup_02312,1058.52673504,1
takeup,takeup_02313,615.667753112,1
takeup,takeup_02314,692.485630121,1
takeup,takeup_02315,568.607361156,1
takeup,takeup_02316,942.948050653,1
takeup,takeup_02317,1107.55256212,1
takeup,takeup_02318,500.048764062,1
takeup,takeup_02319,795.589132495,1
takeup,takeup_02320,1056.52815025,0
takeup,takeup_02321,673.280751505,1
takeup,takeup_02322,554.365973213,1
takeup,takeup_02323,615.269455337,1
takeup,takeup_02324,788.039822322,1
takeup,takeup_02325,885.446108642,1
takeup,takeup_02326,1052.79498285,1
takeup,takeup_02327,559.108669569,1
takeup,takeup_02328,529.628580353,1
takeup,takeup_02329,723.726744625,1
takeup,takeup_02330,753.673028513,0
takeup,takeup_02331,693.085396395,1
takeup,takeup_02332,739.754396781,1
takeup,takeup_02333,961.555313659,1
takeup,takeup_02334,646.026064021,1
takeup,takeup_02335,799.087296802,1
takeup,takeup_02336,881.694287411,1
takeup,takeup_02337,783.460343787,1
takeup,takeup_02338,529.738956891,1
takeup,takeup_02339,842.336418525,1
takeup,takeup_02340,667.683813414,0
takeup,takeup_02341,1088.46656589,1
takeup,takeup_02342,548.81562888,1
takeup,takeup_02343,845.214205857,1
takeup,takeup_02344,903.04949577,1
takeup,takeup_02345,770.838589819,1
takeup,takeup_02346,955.02392704,1
takeup,takeup_02347,1001.11989003,1
takeup,takeup_02348,917.658629304,1
takeup,takeup_02349,647.829102267,1
takeup,takeup_02350,1079.25260278,1
takeup,takeup_02351,1184.69774232,1
takeup,takeup_02352,521.500696999,0
takeup,takeup_02353,811.2383198,1
takeup,takeup_02354,889.311141084,1
takeup,takeup_02355,690.898972388,1
takeup,takeup_02356,635.651607549,1
takeup,takeup_02357,551.06797694,1
takeup,takeup_02358,913.434961724,1
takeup,takeup_02359,954.522723516,1
takeup,takeup_02360,725.959906575,1
takeup,takeup_02361,715.626963791,1
takeup,takeup_02362,727.658052169,0
takeup,takeup_02363,692.790758122,0
takeup,takeup_02364,1121.51337082,1
takeup,takeup_02365,609.371915649,0
takeup,takeup_02366,906.941775633,1
takeup,takeup_02367,674.789474659,1
takeup,takeup_02368,1107.92322009,1
takeup,takeup_02369,1165.81244681,1
takeup,takeup_02370,991.835420597,1
takeup,takeup_02371,755.697698842,1
takeup,takeup_02372,864.798584344,1
takeup,takeup_02373,1102.43625714,0
takeup,takeup_02374,531.943893419,1
takeup,takeup_02375,617.114155487,1
takeup,takeup_02376,1058.05624813,0
takeup,takeup_02377,890.04664704,1
takeup,takeup_02378,696.876009691,1
takeup,takeup_02379,973.636536602,1
takeup,takeup_02380,766.998518729,1
takeup,takeup_02381,622.335811712,1
takeup,takeup_02382,1012.85373858,0
takeup,takeup_02383,623.140298501,1
takeup,takeup_02384,1163.5458892,1
takeup,takeup_02385,990.934735007,1
takeup,takeup_02386,1084.29915723,1
takeup,takeup_02387,1090.74498793,1
takeup,takeup_02388,887.407829519,1
takeup,takeup_02389,1098.91018432,1
takeup,takeup_02390,627.406323596,1
takeup,takeup_02391,892.802659906,1
takeup,takeup_02392,890.541300221,1
takeup,takeup_02393,623.146439991,0
takeup,takeup_02394,941.250943145,1
takeup,takeup_02395,554.779746249,1
takeup,takeup_02396,917.963614154,1
takeup,takeup_02397,649.899560223,1
takeup,takeup_02398,788.151600566,1
takeup,takeup_02399,545.590199613,1
takeup,takeup_02400,957.12195107,0
takeup,takeup_02401,501.310784405,1
takeup,takeup_02402,627.063886406,1
takeup,takeup_02403,503.811166602,1
takeup,takeup_02404,616.065149586,1
takeup,takeup_02405,529.794426171,1
takeup,takeup_02406,743.149334644,1
takeup,takeup_02407,657.737657186,1
takeup,takeup_02408,907.040663415,0
takeup,takeup_02409,622.298101789,1
takeup,takeup_02410,1045.32740196,1
takeup,takeup_02411,1156.57986382,1
takeup,takeup_02412,722.334171535,1
takeup,takeup_02413,1189.39288494,1
takeup,takeup_02414,912.779433834,1
takeup,takeup_02415,753.325908086,1
takeup,takeup_02416,753.495770596,1
takeup,takeup_02417,681.396461949,1
takeup,takeup_02418,768.778073235,1
takeup,takeup_02419,610.114676158,1
takeup,takeup_02420,825.944372377,0
takeup,takeup_02421,1049.71781937,1
takeup,takeup_02422,824.413379573,1
takeup,takeup_02423,942.837764324,0
takeup,takeup_02424,775.003966605,1
takeup,takeup_02425,838.656413453,1
takeup,takeup_02426,921.271145056,1
takeup,takeup_02427,892.551260234,1
takeup,takeup_02428,984.868746322,1
takeup,takeup_02429,624.454397969,1
takeup,takeup_02430,844.133546969,1
takeup,takeup_02431,949.276825828,1
takeup,takeup_02432,537.085747492,1
takeup,takeup_02433,1006.16085965,1
takeup,takeup_02434,955.807102936,1
takeup,takeup_02435,1071.92383296,0
takeup,takeup_02436,886.083897128,1
takeup,takeup_02437,1031.98499231,1
takeup,takeup_02438,793.318055654,1
takeup,takeup_02439,703.791997468,1
takeup,takeup_02440,1063.63284817,0
takeup,takeup_02441,942.286629006,1
takeup,takeup_02442,1106.45260529,1
takeup,takeup_02443,1127.09368788,1
takeup,takeup_02444,1156.95361978,1
takeup,takeup_02445,576.736517047,0
takeup,takeup_02446,1154.34778531,0
takeup,takeup_02447,687.062776584,1
takeup,takeup_02448,1135.35176675,1
takeup,takeup_02449,1167.83262969,1
takeup,takeup_02450,745.610028903,1
takeup,takeup_02451,548.725188414,0
takeup,takeup_02452,837.292435287,1
takeup,takeup_02453,619.885880803,1
takeup,takeup_02454,543.751936282,1
takeup,takeup_02455,898.849805135,1
takeup,takeup_02456,804.11949689,1
takeup,takeup_02457,1183.29353771,1
takeup,takeup_02458,905.015971963,0
takeup,takeup_02459,1015.97006822,1
takeup,takeup_02460,653.602315753,1
takeup,takeup_02461,733.852299755,1
takeup,takeup_02462,740.527180111,1
takeup,takeup_02463,529.787077255,1
takeup,takeup_02464,679.930220885,1
takeup,takeup_02465,1064.91363836,1
takeup,takeup_02466,722.425226848,1
takeup,takeup_02467,783.181401283,0
takeup,takeup_02468,684.032311077,1
takeup,takeup_02469,1147.66610041,1
takeup,takeup_02470,653.28059552,1
takeup,takeup_02471,927.136094573,1
takeup,takeup_02472,873.067148902,1
takeup,takeup_02473,763.39953554,1
takeup,takeup_02474,968.568373988,1
takeup,takeup_02475,733.15219131,1
takeup,takeup_02476,672.037717411,1
takeup,takeup_02477,997.890553672,1
takeup,takeup_02478,640.053730732,1
takeup,takeup_02479,945.240965517,1
takeup,takeup_02480,1144.49686398,1
takeup,takeup_02481,752.319062673,1
takeup,takeup_02482,610.116372916,1
takeup,takeup_02483,667.788624927,1
takeup,takeup_02484,570.059235751,1
takeup,takeup_02485,1166.95554158,1
takeup,takeup_02486,1198.56648191,1
takeup,takeup_02487,975.022727453,0
takeup,takeup_02488,1130.83320296,1
takeup,takeup_02489,918.025044992,1
takeup,takeup_02490,584.814771351,1
takeup,takeup_02491,657.978030794,1
takeup,takeup_02492,929.673642633,0
takeup,takeup_02493,650.091201747,1
takeup,takeup_02494,784.070959206,1
takeup,takeup_02495,1172.30819283,1
takeup,takeup_02496,1051.69866843,0
takeup,takeup_02497,940.984485158,1
takeup,takeup_02498,719.568646537,1
takeup,takeup_02499,1082.96306579,1
takeup,takeup_02500,590.771478217,0
takeup,takeup_02501,753.770856583,1
takeup,takeup_02502,959.667839981,1
takeup,takeup_02503,625.439045547,1
takeup,takeup_02504,661.778631887,0
takeup,takeup_02505,1147.77427566,0
takeup,takeup_02506,843.151336478,1
takeup,takeup_02507,715.262229983,0
takeup,takeup_02508,992.048915672,1
takeup,takeup_02509,997.880700147,1
takeup,takeup_02510,657.671794888,1
takeup,takeup_02511,1104.64481287,1
takeup,takeup_02512,1012.22818201,1
takeup,takeup_02513,980.70706649,0
takeup,takeup_02514,1186.09302888,1
takeup,takeup_02515,582.792002762,1
takeup,takeup_02516,1106.76176865,1
takeup,takeup_02517,628.452339763,1
takeup,takeup_02518,1146.01081951,0
takeup,takeup_02519,710.398343802,1
takeup,takeup_02520,944.262788352,1
takeup,takeup_02521,515.721772743,1
takeup,takeup_02522,799.10826132,1
takeup,takeup_02523,952.238449626,1
takeup,takeup_02524,1003.50987411,1
takeup,takeup_02525,700.862957925,1
takeup,takeup_02526,930.237865869,1
takeup,takeup_02527,646.535631624,1
takeup,takeup_02528,1002.02721162,0
takeup,takeup_02529,958.930212201,0
takeup,takeup_02530,524.342791945,0
takeup,takeup_02531,642.363046125,1
takeup,takeup_02532,902.15529015,0
takeup,takeup_02533,714.462790549,1
takeup,takeup_02534,1142.64892646,1
takeup,takeup_02535,546.416584646,0
takeup,takeup_02536,913.129341633,1
takeup,takeup_02537,1030.41188024,1
takeup,takeup_02538,832.201125043,1
takeup,takeup_02539,934.569327562,1
takeup,takeup_02540,504.9505564,1
takeup,takeup_02541,520.666600478,0
takeup,takeup_02542,1068.42548022,1
takeup,takeup_02543,640.497875101,1
takeup,takeup_02544,638.430587147,1
takeup,takeup_02545,555.357356308,1
takeup,takeup_02546,754.382483581,1
takeup,takeup_02547,972.742823104,1
takeup,takeup_02548,1186.54434427,1
takeup,takeup_02549,527.361871664,1
takeup,takeup_02550,1132.75542765,1
takeup,takeup_02551,938.810506553,1
takeup,takeup_02552,850.780548374,1
takeup,takeup_02553,1134.69903233,0
takeup,takeup_02554,1138.25024289,1
takeup,takeup_02555,1177.96790731,0
takeup,takeup_02556,673.00504619,1
takeup,takeup_02557,777.434497638,1
takeup,takeup_02558,769.542814179,1
takeup,takeup_02559,1020.75491263,1
takeup,takeup_02560,909.587960372,1
takeup,takeup_02561,801.708361764,1
takeup,takeup_02562,509.426441375,1
takeup,takeup_02563,592.780037652,1
takeup,takeup_02564,660.637149593,1
takeup,takeup_02565,516.878734194,1
takeup,takeup_02566,610.048610038,0
takeup,takeup_02567,1199.34090747,0
takeup,takeup_02568,558.498322807,0
takeup,takeup_02569,675.75339156,1
takeup,takeup_02570,566.940703187,1
takeup,takeup_02571,693.250235886,1
takeup,takeup_02572,602.043350989,1
takeup,takeup_02573,885.578100802,0
takeup,takeup_02574,630.42059114,1
takeup,takeup_02575,757.275291709,1
takeup,takeup_02576,1174.73200942,1
takeup,takeup_02577,928.899807665,1
takeup,takeup_02578,1104.62171903,0
takeup,takeup_02579,754.157867297,0
takeup,takeup_02580,517.688409249,1
takeup,takeup_02581,1070.99548531,1
takeup,takeup_02582,678.43720661,1
takeup,takeup_02583,675.759257405,0
takeup,takeup_02584,1139.9368286,1
takeup,takeup_02585,1109.21512208,1
takeup,takeup_02586,1191.88145617,1
takeup,takeup_02587,944.435626655,1
takeup,takeup_02588,1153.96851851,1
takeup,takeup_02589,1164.5223077,1
takeup,takeup_02590,1094.36429151,1
takeup,takeup_02591,673.630655737,1
takeup,takeup_02592,723.9262909,1
takeup,takeup_02593,746.852292051,1
takeup,takeup_02594,1030.16985396,1
takeup,takeup_02595,1071.44312686,1
takeup,takeup_02596,969.531528627,1
takeup,takeup_02597,784.104572134,1
takeup,takeup_02598,704.686479433,1
takeup,takeup_02599,1091.54070903,1
takeup,takeup_02600,779.760595178,1
takeup,takeup_02601,937.825709593,1
takeup,takeup_02602,701.823926031,0
takeup,takeup_02603,867.942399501,1
takeup,takeup_02604,841.271095992,0
takeup,takeup_02605,681.951767258,1
takeup,takeup_02606,672.945905216,1
takeup,takeup_02607,1067.17095873,1
takeup,takeup_02608,620.573272778,1
takeup,takeup_02609,1002.30916308,1
takeup,takeup_02610,547.756078972,1
takeup,takeup_02611,1100.39065457,1
takeup,takeup_02612,626.528751681,0
takeup,takeup_02613,948.069586516,1
takeup,takeup_02614,1000.52688629,1
takeup,takeup_02615,1156.28788125,1
takeup,takeup_02616,783.640761292,1
takeup,takeup_02617,630.41129474,1
takeup,takeup_02618,682.405657089,1
takeup,takeup_02619,830.377202652,1
takeup,takeup_02620,1023.514905,1
takeup,takeup_02621,590.764988519,1
takeup,takeup_02622,773.35134654,1
takeup,takeup_02623,616.263703554,1
takeup,takeup_02624,1134.51358012,1
takeup,takeup_02625,1139.20395549,1
takeup,takeup_02626,812.43619713,1
takeup,takeup_02627,1007.57127251,1
takeup,takeup_02628,811.420804795,1
takeup,takeup_02629,525.141854412,1
takeup,takeup_02630,668.053111312,1
takeup,takeup_02631,861.82552293,1
takeup,takeup_02632,830.816749061,1
takeup,takeup_02633,761.426417445,1
takeup,takeup_02634,992.170878842,1
takeup,takeup_02635,665.843790628,0
takeup,takeup_02636,640.874322855,1
takeup,takeup_02637,800.562789656,1
takeup,takeup_02638,1052.26315411,1
takeup,takeup_02639,644.302821065,1
takeup,takeup_02640,575.677591381,1
takeup,takeup_02641,946.001244744,1
takeup,takeup_02642,621.819311145,1
takeup,takeup_02643,626.841762471,1
takeup,takeup_02644,747.815644049,1
takeup,takeup_02645,960.150807324,1
takeup,takeup_02646,524.574811168,1
takeup,takeup_02647,592.029863097,1
takeup,takeup_02648,1064.14166596,1
takeup,takeup_02649,917.219804995,1
takeup,takeup_02650,1159.44559167,1
takeup,takeup_02651,702.584019062,1
takeup,takeup_02652,853.065163051,1
takeup,takeup_02653,1144.22651758,1
takeup,takeup_02654,1064.63780591,1
takeup,takeup_02655,860.199266982,1
takeup,takeup_02656,821.883241774,0
takeup,takeup_02657,903.569052536,1
takeup,takeup_02658,821.73340243,1
takeup,takeup_02659,995.194507117,1
takeup,takeup_02660,998.354704173,1
takeup,takeup_02661,801.668568886,1
takeup,takeup_02662,661.187460954,1
takeup,takeup_02663,507.96352637,1
takeup,takeup_02664,1147.65428697,0
takeup,takeup_02665,656.387787222,1
takeup,takeup_02666,918.531089733,1
takeup,takeup_02667,616.85814582,1
takeup,takeup_02668,599.485740001,1
takeup,takeup_02669,1092.20056958,1
takeup,takeup_02670,1164.71213913,1
takeup,takeup_02671,1015.80465229,1
takeup,takeup_02672,781.103924309,1
takeup,takeup_02673,542.39306152,1
takeup,takeup_02674,683.275020421,1
takeup,takeup_02675,1192.62832224,1
takeup,takeup_02676,583.016006502,0
takeup,takeup_02677,938.597496409,1
takeup,takeup_02678,882.918150913,1
takeup,takeup_02679,682.918005992,1
takeup,takeup_02680,602.433250877,1
takeup,takeup_02681,1056.16716005,1
takeup,takeup_02682,1012.18036697,1
takeup,takeup_02683,1144.24337473,1
takeup,takeup_02684,537.143104824,0
takeup,takeup_02685,1070.95414199,1
takeup,takeup_02686,626.362640114,1
takeup,takeup_02687,620.885086923,1
takeup,takeup_02688,601.377897465,1
takeup,takeup_02689,771.764398578,0
takeup,takeup_02690,944.261411688,0
takeup,takeup_02691,955.616413879,1
takeup,takeup_02692,800.262668956,1
takeup,takeup_02693,737.129061381,0
takeup,takeup_02694,875.711945022,1
takeup,takeup_02695,906.411255077,1
takeup,takeup_02696,729.954036395,1
takeup,takeup_02697,999.903149057,1
takeup,takeup_02698,719.535074688,1
takeup,takeup_02699,901.008778623,1
takeup,takeup_02700,772.643207776,1
takeup,takeup_02701,899.395726041,1
takeup,takeup_02702,1148.90906132,1
takeup,takeup_02703,1146.89802525,1
takeup,takeup_02704,943.465567363,1
takeup,takeup_02705,1055.17806439,1
takeup,takeup_02706,1006.87207398,1
takeup,takeup_02707,1061.80721504,1
takeup,takeup_02708,591.791739471,1
takeup,takeup_02709,958.762465999,0
takeup,takeup_02710,1006.68591749,1
takeup,takeup_02711,949.332970356,1
takeup,takeup_02712,759.44198525,1
takeup,takeup_02713,1199.76289076,1
takeup,takeup_02714,734.838463784,0
takeup,takeup_02715,953.533628998,1
takeup,takeup_02716,598.661062283,1
takeup,takeup_02717,718.363430974,0
takeup,takeup_02718,866.094164209,1
takeup,takeup_02719,961.559239133,0
takeup,takeup_02720,1083.18350071,1
takeup,takeup_02721,1064.30049667,1
takeup,takeup_02722,567.648325644,1
takeup,takeup_02723,623.044738512,0
takeup,takeup_02724,573.738555027,1
takeup,takeup_02725,1155.29822509,0
takeup,takeup_02726,674.000614069,1
takeup,takeup_02727,936.849582379,1
takeup,takeup_02728,745.746879176,1
takeup,takeup_02729,877.579499524,1
takeup,takeup_02730,940.29308325,1
takeup,takeup_02731,1179.07693625,1
takeup,takeup_02732,1009.26631729,1
takeup,takeup_02733,542.074234876,1
takeup,takeup_02734,955.515546545,1
takeup,takeup_02735,988.245240283,0
takeup,takeup_02736,733.805280523,1
takeup,takeup_02737,1161.14026661,1
takeup,takeup_02738,679.065738009,1
takeup,takeup_02739,1148.78442908,1
takeup,takeup_02740,917.218180205,1
takeup,takeup_02741,686.462036176,1
takeup,takeup_02742,1074.13170581,0
takeup,takeup_02743,513.624201138,1
takeup,takeup_02744,791.035812515,1
takeup,takeup_02745,816.938128581,0
takeup,takeup_02746,581.02165088,1
takeup,takeup_02747,885.463349829,1
takeup,takeup_02748,1114.90036077,1
takeup,takeup_02749,1113.1999443,1
takeup,takeup_02750,1116.65482199,1
takeup,takeup_02751,914.081675818,1
takeup,takeup_02752,804.632759247,1
takeup,takeup_02753,700.230979817,1
takeup,takeup_02754,985.777069501,1
takeup,takeup_02755,800.486861664,0
takeup,takeup_02756,772.501349463,1
takeup,takeup_02757,608.554813535,0
takeup,takeup_02758,532.156696152,1
takeup,takeup_02759,838.053147208,1
takeup,takeup_02760,867.468923313,1
takeup,takeup_02761,549.608295865,1
takeup,takeup_02762,1131.029226,1
takeup,takeup_02763,608.011723857,0
takeup,takeup_02764,1122.17200154,1
takeup,takeup_02765,778.29450726,1
takeup,takeup_02766,533.631837423,1
takeup,takeup_02767,573.737420504,1
takeup,takeup_02768,748.082347796,0
takeup,takeup_02769,538.448579075,1
takeup,takeup_02770,698.63349127,1
takeup,takeup_02771,1019.63481644,0
takeup,takeup_02772,1001.28343988,1
takeup,takeup_02773,1143.01515643,1
takeup,takeup_02774,988.088127471,1
takeup,takeup_02775,813.435544311,1
takeup,takeup_02776,719.253104237,1
takeup,takeup_02777,642.696002386,1
takeup,takeup_02778,814.960246101,1
takeup,takeup_02779,561.180887652,0
takeup,takeup_02780,1002.18734899,1
takeup,takeup_02781,584.310980353,1
takeup,takeup_02782,531.082278168,1
takeup,takeup_02783,1199.46690498,1
takeup,takeup_02784,1004.18878237,1
takeup,takeup_02785,921.369874453,1
takeup,takeup_02786,942.520492362,1
takeup,takeup_02787,665.818641012,1
takeup,takeup_02788,1140.15310204,1
takeup,takeup_02789,821.859514999,1
takeup,takeup_02790,589.870348064,1
takeup,takeup_02791,803.68364128,1
takeup,takeup_02792,1093.78306991,1
takeup,takeup_02793,546.507912905,1
takeup,takeup_02794,942.238246236,1
takeup,takeup_02795,546.579721681,1
takeup,takeup_02796,1184.12755423,1
takeup,takeup_02797,742.708202802,1
takeup,takeup_02798,935.854476125,1
takeup,takeup_02799,831.330365983,1
takeup,takeup_02800,691.28989703,1
takeup,takeup_02801,1193.55691562,1
takeup,takeup_02802,910.737741526,1
takeup,takeup_02803,694.768510892,1
takeup,takeup_02804,766.983452958,1
takeup,takeup_02805,923.094835756,1
takeup,takeup_02806,886.018973826,1
takeup,takeup_02807,862.968483153,1
takeup,takeup_02808,1089.09200634,1
takeup,takeup_02809,927.350492795,1
takeup,takeup_02810,580.032781567,1
takeup,takeup_02811,723.750962914,0
takeup,takeup_02812,1187.7016406,1
takeup,takeup_02813,924.911270241,1
takeup,takeup_02814,544.400042073,0
takeup,takeup_02815,596.700302157,1
takeup,takeup_02816,1046.01024215,1
takeup,takeup_02817,1122.2915222,1
takeup,takeup_02818,1079.24774575,1
takeup,takeup_02819,1111.96919235,1
takeup,takeup_02820,1015.95870262,1
takeup,takeup_02821,732.114297353,1
takeup,takeup_02822,968.915538422,1
takeup,takeup_02823,584.942344338,1
takeup,takeup_02824,853.901444555,0
takeup,takeup_02825,602.081561436,1
takeup,takeup_02826,749.407472817,1
takeup,takeup_02827,941.707393426,1
takeup,takeup_02828,745.060889129,1
takeup,takeup_02829,898.827899472,1
takeup,takeup_02830,543.443751917,1
takeup,takeup_02831,725.561170526,1
takeup,takeup_02832,1150.45290573,1
takeup,takeup_02833,1106.29090727,1
takeup,takeup_02834,1055.07785237,1
takeup,takeup_02835,716.76986311,1
takeup,takeup_02836,1131.04194604,1
takeup,takeup_02837,512.768855972,1
takeup,takeup_02838,878.913395123,1
takeup,takeup_02839,1080.29126049,1
takeup,takeup_02840,850.041694974,1
takeup,takeup_02841,750.912440429,1
takeup,takeup_02842,982.970843438,0
takeup,takeup_02843,693.844602668,1
takeup,takeup_02844,1000.2470613,1
takeup,takeup_02845,1170.61850651,1
takeup,takeup_02846,608.482453463,0
takeup,takeup_02847,885.055065542,0
takeup,takeup_02848,1175.78030518,0
takeup,takeup_02849,1095.97924362,1
takeup,takeup_02850,556.278955415,1
takeup,takeup_02851,1027.53463428,0
takeup,takeup_02852,534.721645015,1
takeup,takeup_02853,766.638634782,0
takeup,takeup_02854,690.476837671,0
takeup,takeup_02855,894.620111498,1
takeup,takeup_02856,529.153508505,1
takeup,takeup_02857,1102.07297115,1
takeup,takeup_02858,841.555914646,1
takeup,takeup_02859,905.163266711,1
takeup,takeup_02860,669.148353867,1
takeup,takeup_02861,558.463997519,1
takeup,takeup_02862,1006.05066592,1
takeup,takeup_02863,1026.28572493,1
takeup,takeup_02864,574.495452333,1
takeup,takeup_02865,729.085328397,1
takeup,takeup_02866,525.271425339,1
takeup,takeup_02867,545.987926904,1
takeup,takeup_02868,980.595942846,1
takeup,takeup_02869,738.414679842,0
takeup,takeup_02870,667.49856614,1
takeup,takeup_02871,1062.44187326,0
takeup,takeup_02872,739.326752915,1
takeup,takeup_02873,1073.25801247,1
takeup,takeup_02874,563.108191168,0
takeup,takeup_02875,577.792226387,1
takeup,takeup_02876,845.183816326,1
takeup,takeup_02877,789.90049994,1
takeup,takeup_02878,777.939968464,0
takeup,takeup_02879,622.497404757,1
takeup,takeup_02880,653.00109941,1
takeup,takeup_02881,952.988654637,1
takeup,takeup_02882,543.392544011,1
takeup,takeup_02883,603.079492629,1
takeup,takeup_02884,663.419128767,0
takeup,takeup_02885,504.521395805,0
takeup,takeup_02886,914.145318375,0
takeup,takeup_02887,896.406904056,1
takeup,takeup_02888,1084.92858577,1
takeup,takeup_02889,982.095978423,1
takeup,takeup_02890,882.744889656,0
takeup,takeup_02891,871.97323762,1
takeup,takeup_02892,1037.95995341,0
takeup,takeup_02893,1147.1856942,1
takeup,takeup_02894,849.446591975,1
takeup,takeup_02895,788.115519892,1
takeup,takeup_02896,801.768405823,1
takeup,takeup_02897,780.561589181,0
takeup,takeup_02898,1073.05688509,1
takeup,takeup_02899,1030.67984932,0
takeup,takeup_02900,907.984855553,1
takeup,takeup_02901,983.904780467,1
takeup,takeup_02902,924.472900435,0
takeup,takeup_02903,680.573736888,1
takeup,takeup_02904,559.132497718,1
takeup,takeup_02905,510.803714851,1
takeup,takeup_02906,990.448083848,1
takeup,takeup_02907,919.196416623,0
takeup,takeup_02908,1126.10959497,0
takeup,takeup_02909,727.418749985,0
takeup,takeup_02910,712.77486156,0
takeup,takeup_02911,801.114697015,0
takeup,takeup_02912,589.127745206,1
takeup,takeup_02913,976.052126097,1
takeup,takeup_02914,802.989977548,1
takeup,takeup_02915,677.146533451,1
takeup,takeup_02916,698.025123836,1
takeup,takeup_02917,830.550665518,1
takeup,takeup_02918,951.518734078,1
takeup,takeup_02919,624.553289827,0
takeup,takeup_02920,1125.77715323,1
takeup,takeup_02921,557.130819937,1
takeup,takeup_02922,796.840111874,1
takeup,takeup_02923,891.221620328,1
takeup,takeup_02924,808.81143429,1
takeup,takeup_02925,595.445639805,0
takeup,takeup_02926,1160.91783197,0
takeup,takeup_02927,594.417264288,1
takeup,takeup_02928,581.798710738,1
takeup,takeup_02929,972.316787296,1
takeup,takeup_02930,989.404550313,0
takeup,takeup_02931,1115.44831619,1
takeup,takeup_02932,653.89728665,1
takeup,takeup_02933,529.375840312,1
takeup,takeup_02934,900.05338518,0
takeup,takeup_02935,1197.33859378,1
takeup,takeup_02936,701.949810682,0
takeup,takeup_02937,716.982389594,1
takeup,takeup_02938,868.325939703,0
takeup,takeup_02939,657.085540281,1
takeup,takeup_02940,511.30125773,1
takeup,takeup_02941,568.76878966,1
takeup,takeup_02942,514.741128379,0
takeup,takeup_02943,956.429947241,1
takeup,takeup_02944,857.76267934,1
takeup,takeup_02945,831.576733928,0
takeup,takeup_02946,892.045953854,1
takeup,takeup_02947,516.928800756,0
takeup,takeup_02948,565.824286464,1
takeup,takeup_02949,676.188259136,1
takeup,takeup_02950,620.883764969,1
takeup,takeup_02951,774.730530703,1
takeup,takeup_02952,769.101226787,1
takeup,takeup_02953,618.996991735,1
takeup,takeup_02954,778.782148411,1
takeup,takeup_02955,1038.60292405,1
takeup,takeup_02956,687.988736248,1
takeup,takeup_02957,782.301782309,1
takeup,takeup_02958,1168.31523033,1
takeup,takeup_02959,1041.6224323,1
takeup,takeup_02960,1100.86576505,1
takeup,takeup_02961,848.980066972,0
takeup,takeup_02962,566.576544212,0
takeup,takeup_02963,783.531093892,1
takeup,takeup_02964,862.385371206,1
takeup,takeup_02965,730.062396588,1
takeup,takeup_02966,992.427671629,1
takeup,takeup_02967,513.943344155,0
takeup,takeup_02968,559.226272618,1
takeup,takeup_02969,766.95739755,0
takeup,takeup_02970,633.020721108,1
takeup,takeup_02971,951.640735116,0
takeup,takeup_02972,1011.99416279,1
takeup,takeup_02973,827.591337279,1
takeup,takeup_02974,524.995794331,1
takeup,takeup_02975,878.183014797,0
takeup,takeup_02976,560.196469427,1
takeup,takeup_02977,698.182488518,1
takeup,takeup_02978,1193.21666835,1
takeup,takeup_02979,919.210850371,1
takeup,takeup_02980,595.890740515,0
takeup,takeup_02981,868.946305066,1
takeup,takeup_02982,752.519721449,1
takeup,takeup_02983,685.228970134,1
takeup,takeup_02984,847.638229614,1
takeup,takeup_02985,916.429317503,1
takeup,takeup_02986,1063.35152018,1
takeup,takeup_02987,1038.34650829,1
takeup,takeup_02988,576.886834128,1
takeup,takeup_02989,1038.45747997,1
takeup,takeup_02990,666.054058669,1
takeup,takeup_02991,1104.96851753,1
takeup,takeup_02992,721.685321881,1
takeup,takeup_02993,1005.00125141,1
takeup,takeup_02994,824.031405711,1
takeup,takeup_02995,645.467125164,1
takeup,takeup_02996,915.690923413,0
takeup,takeup_02997,970.007022597,1
takeup,takeup_02998,1012.80967074,1
takeup,takeup_02999,515.487271297,1
takeup,takeup_03000,945.006687254,0
takeup,takeup_03001,825.223257398,0
takeup,takeup_03002,870.604577908,1
takeup,takeup_03003,542.663535263,1
takeup,takeup_03004,669.623655649,0
takeup,takeup_03005,705.768102811,1
takeup,takeup_03006,970.43154688,0
takeup,takeup_03007,844.295017497,1
takeup,takeup_03008,946.636724879,0
takeup,takeup_03009,1181.92335947,1
takeup,takeup_03010,603.447418053,1
takeup,takeup_03011,733.255533549,1
takeup,takeup_03012,855.308743395,1
takeup,takeup_03013,1142.54038211,1
takeup,takeup_03014,645.576804396,1
takeup,takeup_03015,826.048556015,1
takeup,takeup_03016,677.6508789,1
takeup,takeup_03017,919.774120388,1
takeup,takeup_03018,801.794367302,1
takeup,takeup_03019,774.227810019,1
takeup,takeup_03020,710.762439111,1
takeup,takeup_03021,1180.18467211,0
takeup,takeup_03022,1054.06188308,1
takeup,takeup_03023,810.132281003,1
takeup,takeup_03024,783.455675412,0
takeup,takeup_03025,1062.01805419,1
takeup,takeup_03026,621.820812039,1
takeup,takeup_03027,528.998907235,0
takeup,takeup_03028,662.972187355,1
takeup,takeup_03029,1105.89974721,1
takeup,takeup_03030,649.938342196,1
takeup,takeup_03031,567.855428154,0
takeup,takeup_03032,585.779699992,0
takeup,takeup_03033,752.353247163,1
takeup,takeup_03034,1137.50215869,1
takeup,takeup_03035,955.733421346,1
takeup,takeup_03036,1127.95976109,1
takeup,takeup_03037,630.776547298,1
takeup,takeup_03038,1073.96070965,1
takeup,takeup_03039,791.734350832,1
takeup,takeup_03040,1173.34864133,1
takeup,takeup_03041,909.852817318,1
takeup,takeup_03042,854.255712061,1
takeup,takeup_03043,709.72001766,1
takeup,takeup_03044,1014.9966912,1
takeup,takeup_03045,887.806652902,1
takeup,takeup_03046,1010.13611799,1
takeup,takeup_03047,706.233852768,1
takeup,takeup_03048,984.420214641,1
takeup,takeup_03049,572.619569224,1
takeup,takeup_03050,741.385080394,1
takeup,takeup_03051,583.329746071,0
takeup,takeup_03052,773.953645749,1
takeup,takeup_03053,763.838692793,1
takeup,takeup_03054,554.248582816,1
takeup,takeup_03055,1047.30131066,0
takeup,takeup_03056,1080.53953331,1
takeup,takeup_03057,610.370302514,1
takeup,takeup_03058,934.135784981,1
takeup,takeup_03059,1127.17898142,1
takeup,takeup_03060,674.220965062,1
takeup,takeup_03061,588.759960112,0
takeup,takeup_03062,958.374755575,1
takeup,takeup_03063,542.107108578,1
takeup,takeup_03064,733.521073524,1
takeup,takeup_03065,845.699560367,1
takeup,takeup_03066,873.862332236,1
takeup,takeup_03067,696.071820852,1
takeup,takeup_03068,571.466195238,0
takeup,takeup_03069,671.316910045,1
takeup,takeup_03070,817.35703256,1
takeup,takeup_03071,887.855115779,1
takeup,takeup_03072,850.756070874,1
takeup,takeup_03073,1142.53142736,1
takeup,takeup_03074,935.917546307,0
takeup,takeup_03075,592.393129361,1
takeup,takeup_03076,551.269131883,1
takeup,takeup_03077,905.168184156,0
takeup,takeup_03078,1012.35803311,1
takeup,takeup_03079,531.278931465,1
takeup,takeup_03080,740.132779533,0
takeup,takeup_03081,780.102415619,1
takeup,takeup_03082,662.29125898,1
takeup,takeup_03083,1180.55492948,1
takeup,takeup_03084,524.58480432,1
takeup,takeup_03085,803.79195118,1
takeup,takeup_03086,1030.32264849,1
takeup,takeup_03087,635.32757974,1
takeup,takeup_03088,816.336951089,1
takeup,takeup_03089,901.835743241,1
takeup,takeup_03090,673.869667166,1
takeup,takeup_03091,541.311373793,1
takeup,takeup_03092,738.579913134,1
takeup,takeup_03093,973.963424188,1
takeup,takeup_03094,814.004062916,1
takeup,takeup_03095,757.363746873,0
takeup,takeup_03096,1076.63255074,1
takeup,takeup_03097,911.233438516,0
takeup,takeup_03098,731.959269901,1
takeup,takeup_03099,924.033300387,1
takeup,takeup_03100,867.388281715,1
takeup,takeup_03101,841.376025195,1
takeup,takeup_03102,1168.46560944,1
takeup,takeup_03103,926.732733825,1
takeup,takeup_03104,1013.20156087,1
takeup,takeup_03105,538.802147351,1
takeup,takeup_03106,934.065238773,1
takeup,takeup_03107,909.139167103,1
takeup,takeup_03108,763.287159146,1
takeup,takeup_03109,882.363776104,1
takeup,takeup_03110,1078.63166649,1
takeup,takeup_03111,996.886506748,1
takeup,takeup_03112,582.126644925,1
takeup,takeup_03113,522.785252099,1
takeup,takeup_03114,1105.25768549,1
takeup,takeup_03115,860.808774709,1
takeup,takeup_03116,873.899344631,1
takeup,takeup_03117,620.500359049,1
takeup,takeup_03118,744.168933267,1
takeup,takeup_03119,501.213355338,1
takeup,takeup_03120,717.541505174,1
takeup,takeup_03121,500.518090951,1
takeup,takeup_03122,1197.32271802,1
takeup,takeup_03123,929.271513116,0
takeup,takeup_03124,1093.6689821,1
takeup,takeup_03125,530.709870175,1
takeup,takeup_03126,549.571056812,1
takeup,takeup_03127,1158.80194377,1
takeup,takeup_03128,515.178260464,1
takeup,takeup_03129,864.804566081,1
takeup,takeup_03130,1081.81514476,0
takeup,takeup_03131,1132.28471136,0
takeup,takeup_03132,940.319080827,1
takeup,takeup_03133,557.339086997,0
takeup,takeup_03134,510.700189519,1
takeup,takeup_03135,1159.51794695,1
takeup,takeup_03136,690.606988657,1
takeup,takeup_03137,998.103895972,1
takeup,takeup_03138,652.745801566,0
takeup,takeup_03139,841.285810455,1
takeup,takeup_03140,1148.10629077,1
takeup,takeup_03141,672.16248369,1
takeup,takeup_03142,889.288027103,1
takeup,takeup_03143,594.44137237,1
takeup,takeup_03144,649.08680235,1
takeup,takeup_03145,673.673678891,1
takeup,takeup_03146,727.232050952,0
takeup,takeup_03147,575.081743235,1
takeup,takeup_03148,722.954682539,1
takeup,takeup_03149,873.55691683,1
takeup,takeup_03150,1057.15522956,1
takeup,takeup_03151,717.300580417,1
takeup,takeup_03152,1108.22889528,1
takeup,takeup_03153,937.976639109,1
takeup,takeup_03154,1087.42255563,0
takeup,takeup_03155,502.187180691,1
takeup,takeup_03156,508.964422592,0
takeup,takeup_03157,1109.06484975,1
takeup,takeup_03158,780.400549354,0
takeup,takeup_03159,1031.0057389,1
takeup,takeup_03160,1107.87472344,1
takeup,takeup_03161,753.612978214,1
takeup,takeup_03162,835.048980182,1
takeup,takeup_03163,974.233602917,1
takeup,takeup_03164,742.510222761,1
takeup,takeup_03165,730.125459262,1
takeup,takeup_03166,504.81455054,1
takeup,takeup_03167,706.522539997,1
takeup,takeup_03168,1083.3380843,0
takeup,takeup_03169,592.626393754,1
takeup,takeup_03170,885.384090883,1
takeup,takeup_03171,727.24029423,0
takeup,takeup_03172,987.200538957,1
takeup,takeup_03173,750.942462453,1
takeup,takeup_03174,818.179174859,1
takeup,takeup_03175,677.015449331,1
takeup,takeup_03176,700.419869314,1
takeup,takeup_03177,692.292677911,1
takeup,takeup_03178,1045.75368233,1
takeup,takeup_03179,1191.52313071,1
takeup,takeup_03180,753.818367746,1
takeup,takeup_03181,947.604936078,1
takeup,takeup_03182,1128.80652998,0
takeup,takeup_03183,968.799899943,1
takeup,takeup_03184,558.290294006,1
takeup,takeup_03185,720.951059514,1
takeup,takeup_03186,711.995469987,1
takeup,takeup_03187,1007.15379741,0
takeup,takeup_03188,1079.14012925,1
takeup,takeup_03189,1088.17978425,1
takeup,takeup_03190,734.276114485,1
takeup,takeup_03191,1027.73730965,1
takeup,takeup_03192,517.332158494,0
takeup,takeup_03193,639.267148993,1
takeup,takeup_03194,509.471291865,1
takeup,takeup_03195,722.813904758,1
takeup,takeup_03196,1137.75458512,1
takeup,takeup_03197,625.357012302,1
takeup,takeup_03198,765.537635639,1
takeup,takeup_03199,905.392483617,1
takeup,takeup_03200,1148.78590976,1
takeup,takeup_03201,1037.25821103,1
takeup,takeup_03202,854.986437186,1
takeup,takeup_03203,985.985483738,1
takeup,takeup_03204,750.745527579,1
takeup,takeup_03205,679.434087379,1
takeup,takeup_03206,737.238320399,1
takeup,takeup_03207,1193.75194544,0
takeup,takeup_03208,1193.28669968,1
takeup,takeup_03209,580.217208432,0
takeup,takeup_03210,602.405133081,1
takeup,takeup_03211,962.754627295,1
takeup,takeup_03212,1164.74456679,1
takeup,takeup_03213,1036.10709154,0
takeup,takeup_03214,627.879390821,1
takeup,takeup_03215,713.121818297,0
takeup,takeup_03216,1125.11966669,1
takeup,takeup_03217,509.025929658,1
takeup,takeup_03218,1173.37058552,1
takeup,takeup_03219,965.289445266,0
takeup,takeup_03220,573.418298147,1
takeup,takeup_03221,1046.24793357,1
takeup,takeup_03222,795.209845017,1
takeup,takeup_03223,501.511492948,1
takeup,takeup_03224,814.061691243,1
takeup,takeup_03225,817.551824484,1
takeup,takeup_03226,1117.42516431,1
takeup,takeup_03227,792.173817519,0
takeup,takeup_03228,1067.65361078,1
takeup,takeup_03229,1039.57397013,1
takeup,takeup_03230,982.909527254,1
takeup,takeup_03231,545.143925686,1
takeup,takeup_03232,778.672725431,1
takeup,takeup_03233,910.068879011,1
takeup,takeup_03234,553.132612219,1
takeup,takeup_03235,1129.60792748,1
takeup,takeup_03236,750.249506887,1
takeup,takeup_03237,592.08251051,1
takeup,takeup_03238,1022.97433144,1
takeup,takeup_03239,993.779359251,1
takeup,takeup_03240,1188.4457344,1
takeup,takeup_03241,1133.44796818,1
takeup,takeup_03242,981.004721948,1
takeup,takeup_03243,1107.46310245,1
takeup,takeup_03244,1168.23673344,1
takeup,takeup_03245,1143.63533435,1
takeup,takeup_03246,711.578668463,0
takeup,takeup_03247,1163.90352908,1
takeup,takeup_03248,1199.85711573,0
takeup,takeup_03249,981.13701482,1
takeup,takeup_03250,1071.41083471,1
takeup,takeup_03251,1067.64469223,1
takeup,takeup_03252,530.259171419,1
takeup,takeup_03253,726.831860552,1
takeup,takeup_03254,645.083506135,1
takeup,takeup_03255,729.092254477,1
takeup,takeup_03256,784.526193186,1
takeup,takeup_03257,1119.3027549,1
takeup,takeup_03258,719.043957286,0
takeup,takeup_03259,1072.81574192,1
takeup,takeup_03260,889.918920332,0
takeup,takeup_03261,922.252207825,1
takeup,takeup_03262,1156.58507354,1
takeup,takeup_03263,685.675927775,1
takeup,takeup_03264,816.594996199,1
takeup,takeup_03265,1061.98112196,1
takeup,takeup_03266,874.615897584,1
takeup,takeup_03267,753.417719069,1
takeup,takeup_03268,714.292014806,1
takeup,takeup_03269,1053.70804083,1
takeup,takeup_03270,929.150788723,0
takeup,takeup_03271,784.801196221,1
takeup,takeup_03272,850.546112266,1
takeup,takeup_03273,1049.48216655,1
takeup,takeup_03274,900.395882829,1
takeup,takeup_03275,537.410149477,0
takeup,takeup_03276,526.280657264,1
takeup,takeup_03277,995.422236138,1
takeup,takeup_03278,724.220965662,0
takeup,takeup_03279,1034.73355059,1
takeup,takeup_03280,530.001326533,1
takeup,takeup_03281,786.08077092,1
takeup,takeup_03282,726.582293773,0
takeup,takeup_03283,1102.41341205,0
takeup,takeup_03284,526.348281105,1
takeup,takeup_03285,872.526939331,1
takeup,takeup_03286,888.745681885,1
takeup,takeup_03287,875.205554567,1
takeup,takeup_03288,674.990869226,1
takeup,takeup_03289,594.570418885,1
takeup,takeup_03290,891.174660904,1
takeup,takeup_03291,807.166616857,1
takeup,takeup_03292,579.981450828,1
takeup,takeup_03293,819.244204132,1
takeup,takeup_03294,857.872952388,1
takeup,takeup_03295,570.576111807,0
takeup,takeup_03296,561.704139613,1
takeup,takeup_03297,1084.39504234,1
takeup,takeup_03298,591.191089518,1
takeup,takeup_03299,1006.39813759,1
takeup,takeup_03300,707.238935699,1
takeup,takeup_03301,1065.70788956,0
takeup,takeup_03302,514.319558079,1
takeup,takeup_03303,601.423216392,1
takeup,takeup_03304,739.227892702,1
takeup,takeup_03305,936.40933543,1
takeup,takeup_03306,850.941644687,1
takeup,takeup_03307,906.692912026,1
takeup,takeup_03308,1164.65573641,1
takeup,takeup_03309,975.156475277,1
takeup,takeup_03310,733.900943685,1
takeup,takeup_03311,919.632190508,1
takeup,takeup_03312,536.15983749,1
takeup,takeup_03313,1179.7890749,1
takeup,takeup_03314,1134.78937174,1
takeup,takeup_03315,938.041376708,1
takeup,takeup_03316,904.991348996,1
takeup,takeup_03317,950.280098733,1
takeup,takeup_03318,1016.25459029,1
takeup,takeup_03319,572.849946574,1
takeup,takeup_03320,867.256991305,1
takeup,takeup_03321,956.122468504,1
takeup,takeup_03322,503.991043554,1
takeup,takeup_03323,830.690099174,1
takeup,takeup_03324,823.174777392,1
takeup,takeup_03325,711.360760087,1
takeup,takeup_03326,652.235629509,1
takeup,takeup_03327,904.738471116,1
takeup,takeup_03328,1012.91209751,1
takeup,takeup_03329,522.735116869,1
takeup,takeup_03330,634.784614009,1
takeup,takeup_03331,607.716038537,0
takeup,takeup_03332,1064.53102795,0
takeup,takeup_03333,666.205853978,1
takeup,takeup_03334,1056.57210842,0
takeup,takeup_03335,553.810675213,1
takeup,takeup_03336,985.786668548,1
takeup,takeup_03337,884.558359533,1
takeup,takeup_03338,1138.83703966,1
takeup,takeup_03339,1124.21249385,1
takeup,takeup_03340,781.532974749,0
takeup,takeup_03341,717.137151146,1
takeup,takeup_03342,985.379479022,1
takeup,takeup_03343,842.976752128,0
takeup,takeup_03344,677.085561086,1
takeup,takeup_03345,1037.13650703,1
takeup,takeup_03346,867.622264193,0
takeup,takeup_03347,1053.04020121,1
takeup,takeup_03348,896.881031562,1
takeup,takeup_03349,638.006890532,1
takeup,takeup_03350,667.723808204,0
takeup,takeup_03351,539.57966618,1
takeup,takeup_03352,714.73549513,1
takeup,takeup_03353,985.455246097,1
takeup,takeup_03354,909.289794913,1
takeup,takeup_03355,770.779003041,1
takeup,takeup_03356,1068.31464676,1
takeup,takeup_03357,1145.70515364,1
takeup,takeup_03358,1118.90507618,1
takeup,takeup_03359,1163.79934616,1
takeup,takeup_03360,604.314154845,1
takeup,takeup_03361,597.673537928,1
takeup,takeup_03362,784.149160061,0
takeup,takeup_03363,1050.69600028,1
takeup,takeup_03364,936.871507316,1
takeup,takeup_03365,843.738425389,1
takeup,takeup_03366,1193.64970309,1
takeup,takeup_03367,1053.77394241,1
takeup,takeup_03368,736.918360328,1
takeup,takeup_03369,922.316918834,1
takeup,takeup_03370,887.37780515,1
takeup,takeup_03371,866.280249943,1
takeup,takeup_03372,858.191603596,1
takeup,takeup_03373,547.968121883,0
takeup,takeup_03374,533.61703187,1
takeup,takeup_03375,1101.89355539,1
takeup,takeup_03376,1095.45392682,1
takeup,takeup_03377,733.866398475,1
takeup,takeup_03378,832.58725314,1
takeup,takeup_03379,1121.06604046,1
takeup,takeup_03380,1122.27249889,1
takeup,takeup_03381,1169.21060702,0
takeup,takeup_03382,593.907006534,1
takeup,takeup_03383,1046.42305502,1
takeup,takeup_03384,870.289148187,1
takeup,takeup_03385,865.725206108,1
takeup,takeup_03386,562.606490811,1
takeup,takeup_03387,1176.59867984,0
takeup,takeup_03388,848.872467365,1
takeup,takeup_03389,742.299526936,1
takeup,takeup_03390,1163.59338389,1
takeup,takeup_03391,581.339703857,1
takeup,takeup_03392,799.485994985,0
takeup,takeup_03393,608.385984178,0
takeup,takeup_03394,680.164449853,0
takeup,takeup_03395,910.565796995,1
takeup,takeup_03396,557.620977035,1
takeup,takeup_03397,871.209435043,1
takeup,takeup_03398,1006.62822351,1
takeup,takeup_03399,735.273090048,1
takeup,takeup_03400,500.491119299,0
takeup,takeup_03401,852.80349067,1
takeup,takeup_03402,784.04707132,1
takeup,takeup_03403,512.513825573,1
takeup,takeup_03404,1167.02945334,0
takeup,takeup_03405,1011.42760254,1
takeup,takeup_03406,826.36154795,1
takeup,takeup_03407,557.367038822,0
takeup,takeup_03408,841.129247211,1
takeup,takeup_03409,585.955254575,1
takeup,takeup_03410,666.450423296,1
takeup,takeup_03411,1025.25854584,1
takeup,takeup_03412,1190.90641046,0
takeup,takeup_03413,1083.66215351,1
takeup,takeup_03414,794.11200024,0
takeup,takeup_03415,573.353807002,1
takeup,takeup_03416,530.848784333,1
takeup,takeup_03417,1172.35765524,1
takeup,takeup_03418,679.680464833,0
takeup,takeup_03419,517.769541448,1
takeup,takeup_03420,1185.98844368,0
takeup,takeup_03421,642.086206104,1
takeup,takeup_03422,1035.56075148,1
takeup,takeup_03423,727.013810361,1
takeup,takeup_03424,503.133474718,1
takeup,takeup_03425,876.82942053,0
takeup,takeup_03426,931.342642771,1
takeup,takeup_03427,810.400602649,1
takeup,takeup_03428,599.937275951,1
takeup,takeup_03429,611.355171243,1
takeup,takeup_03430,1194.88277776,1
takeup,takeup_03431,1158.94995907,1
takeup,takeup_03432,967.133607069,1
takeup,takeup_03433,509.869846994,1
takeup,takeup_03434,725.716079398,1
takeup,takeup_03435,955.244745095,1
takeup,takeup_03436,656.161561713,1
takeup,takeup_03437,1118.46870308,1
takeup,takeup_03438,583.908649966,1
takeup,takeup_03439,863.83672137,1
takeup,takeup_03440,1026.64335529,1
takeup,takeup_03441,1055.0411473,1
takeup,takeup_03442,784.678352503,1
takeup,takeup_03443,845.51328301,1
takeup,takeup_03444,581.702630581,1
takeup,takeup_03445,962.147855519,1
takeup,takeup_03446,748.017962839,0
takeup,takeup_03447,923.025334561,0
takeup,takeup_03448,834.216658332,1
takeup,takeup_03449,556.652716389,1
takeup,takeup_03450,548.073368547,1
takeup,takeup_03451,1198.0389081,1
takeup,takeup_03452,965.966195645,1
takeup,takeup_03453,1083.27767077,1
takeup,takeup_03454,701.135897377,1
takeup,takeup_03455,936.967127595,1
takeup,takeup_03456,1149.63809893,1
takeup,takeup_03457,862.933840925,1
takeup,takeup_03458,1050.07361869,1
takeup,takeup_03459,1126.74955505,1
takeup,takeup_03460,849.457638026,1
takeup,takeup_03461,618.351842704,0
takeup,takeup_03462,550.576863991,1
takeup,takeup_03463,874.072870073,1
takeup,takeup_03464,1191.5868346,1
takeup,takeup_03465,1173.35193042,1
takeup,takeup_03466,1047.22217198,1
takeup,takeup_03467,860.705996551,1
takeup,takeup_03468,684.166441054,1
takeup,takeup_03469,825.344879857,1
takeup,takeup_03470,1178.41106742,0
takeup,takeup_03471,846.286205589,1
takeup,takeup_03472,900.712000923,1
takeup,takeup_03473,699.068883567,1
takeup,takeup_03474,823.578354027,1
takeup,takeup_03475,508.232860896,1
takeup,takeup_03476,503.625767694,1
takeup,takeup_03477,714.869563421,1
takeup,takeup_03478,1093.10891183,1
takeup,takeup_03479,1077.41784621,1
takeup,takeup_03480,1191.47754972,1
takeup,takeup_03481,800.019997341,1
takeup,takeup_03482,1004.94533948,1
takeup,takeup_03483,973.156152496,0
takeup,takeup_03484,963.129173576,1
takeup,takeup_03485,662.785429946,1
takeup,takeup_03486,1186.88088656,1
takeup,takeup_03487,767.101015353,1
takeup,takeup_03488,1126.41525968,1
takeup,takeup_03489,937.38480175,1
takeup,takeup_03490,997.430196041,1
takeup,takeup_03491,757.303034409,1
takeup,takeup_03492,1180.77468602,1
takeup,takeup_03493,913.089668619,1
takeup,takeup_03494,924.904277038,1
takeup,takeup_03495,521.658375417,1
takeup,takeup_03496,984.028452507,1
takeup,takeup_03497,1110.74160092,0
takeup,takeup_03498,845.4438363,1
takeup,takeup_03499,1188.60822693,1
takeup,takeup_03500,761.864905004,1
takeup,takeup_03501,1059.42801301,1
takeup,takeup_03502,556.966875654,0
takeup,takeup_03503,955.740460306,1
takeup,takeup_03504,1140.22386551,1
takeup,takeup_03505,537.052834424,1
takeup,takeup_03506,885.400185861,0
takeup,takeup_03507,589.513876583,1
takeup,takeup_03508,882.140543978,1
takeup,takeup_03509,842.940646331,1
takeup,takeup_03510,1076.25378969,0
takeup,takeup_03511,991.243089748,1
takeup,takeup_03512,726.048274665,1
takeup,takeup_03513,986.128844839,1
takeup,takeup_03514,1047.05874229,1
takeup,takeup_03515,561.255771689,1
takeup,takeup_03516,1184.62968267,1
takeup,takeup_03517,1032.04428879,0
takeup,takeup_03518,688.249777981,1
takeup,takeup_03519,793.662282628,1
takeup,takeup_03520,774.403356476,1
takeup,takeup_03521,1122.74066391,1
takeup,takeup_03522,635.640382831,1
takeup,takeup_03523,779.305645381,1
takeup,takeup_03524,799.414934747,1
takeup,takeup_03525,1007.48094854,1
takeup,takeup_03526,703.347896152,0
takeup,takeup_03527,1014.77380273,1
takeup,takeup_03528,880.658092224,0
takeup,takeup_03529,592.855422791,1
takeup,takeup_03530,658.120175293,1
takeup,takeup_03531,987.692013724,1
takeup,takeup_03532,1031.87168905,1
takeup,takeup_03533,692.261439243,1
takeup,takeup_03534,1110.34497355,1
takeup,takeup_03535,774.484651069,1
takeup,takeup_03536,839.906894445,1
takeup,takeup_03537,679.56360021,1
takeup,takeup_03538,712.707210146,0
takeup,takeup_03539,1034.12233214,1
takeup,takeup_03540,834.979191224,1
takeup,takeup_03541,977.907610328,0
takeup,takeup_03542,984.109572686,1
takeup,takeup_03543,653.79013437,1
takeup,takeup_03544,532.462963672,1
takeup,takeup_03545,788.676863799,1
takeup,takeup_03546,581.647773869,1
takeup,takeup_03547,861.075637658,1
takeup,takeup_03548,573.601667083,1
takeup,takeup_03549,1139.38602401,1
takeup,takeup_03550,857.742143614,1
takeup,takeup_03551,1179.21884609,1
takeup,takeup_03552,898.93622943,1
takeup,takeup_03553,1000.19185396,1
takeup,takeup_03554,686.322356253,1
takeup,takeup_03555,573.737797435,0
takeup,takeup_03556,961.264244502,1
takeup,takeup_03557,964.725108084,1
takeup,takeup_03558,1065.73287626,1
takeup,takeup_03559,918.63243874,1
takeup,takeup_03560,812.571117551,1
takeup,takeup_03561,1036.75343633,1
takeup,takeup_03562,1073.37002801,1
takeup,takeup_03563,560.187713991,1
takeup,takeup_03564,978.53319092,1
takeup,takeup_03565,823.454258679,1
takeup,takeup_03566,683.236154638,0
takeup,takeup_03567,602.964336603,1
takeup,takeup_03568,1160.31579649,1
takeup,takeup_03569,1020.07376075,1
takeup,takeup_03570,517.501687001,1
takeup,takeup_03571,1134.0866129,1
takeup,takeup_03572,637.747664389,1
takeup,takeup_03573,571.143411833,1
takeup,takeup_03574,1046.15978101,1
takeup,takeup_03575,699.805620853,1
takeup,takeup_03576,720.180465559,0
takeup,takeup_03577,643.096833724,1
takeup,takeup_03578,959.426209947,1
takeup,takeup_03579,1108.68822126,0
takeup,takeup_03580,783.208563245,1
takeup,takeup_03581,1173.76151427,1
takeup,takeup_03582,641.324986719,1
takeup,takeup_03583,1156.44369583,1
takeup,takeup_03584,635.11293625,1
takeup,takeup_03585,947.544490222,1
takeup,takeup_03586,609.530468434,1
takeup,takeup_03587,634.158720433,1
takeup,takeup_03588,1028.73707653,1
takeup,takeup_03589,789.9361655,1
takeup,takeup_03590,810.96284931,0
takeup,takeup_03591,861.202145429,1
takeup,takeup_03592,730.583836838,1
takeup,takeup_03593,880.602530863,1
takeup,takeup_03594,748.682530695,1
takeup,takeup_03595,795.984404235,1
takeup,takeup_03596,675.208869986,1
takeup,takeup_03597,998.404745763,1
takeup,takeup_03598,690.782712315,0
takeup,takeup_03599,564.664661551,1
takeup,takeup_03600,1027.46529528,1
takeup,takeup_03601,649.528187089,0
takeup,takeup_03602,1106.88103398,1
takeup,takeup_03603,748.650550314,1
takeup,takeup_03604,1102.98087283,1
takeup,takeup_03605,827.748128457,1
takeup,takeup_03606,1188.75203014,1
takeup,takeup_03607,726.659970274,1
takeup,takeup_03608,944.286714422,1
takeup,takeup_03609,1117.25875944,1
takeup,takeup_03610,1070.06120534,0
takeup,takeup_03611,608.316530094,1
takeup,takeup_03612,979.30067071,1
takeup,takeup_03613,696.998209746,0
takeup,takeup_03614,1088.35036211,1
takeup,takeup_03615,681.235129598,0
takeup,takeup_03616,595.960283015,1
takeup,takeup_03617,828.250332668,1
takeup,takeup_03618,666.844617219,1
takeup,takeup_03619,784.545354661,1
takeup,takeup_03620,1150.74525282,1
takeup,takeup_03621,1107.65267713,1
takeup,takeup_03622,797.788414679,1
takeup,takeup_03623,970.846687022,1
takeup,takeup_03624,916.625789992,1
takeup,takeup_03625,1161.8935435,1
takeup,takeup_03626,1079.62493242,1
takeup,takeup_03627,692.35460038,1
takeup,takeup_03628,1068.68909833,1
takeup,takeup_03629,619.374309754,1
takeup,takeup_03630,502.293102066,1
takeup,takeup_03631,566.599495356,1
takeup,takeup_03632,863.252139555,1
takeup,takeup_03633,739.173808092,1
takeup,takeup_03634,785.945199187,1
takeup,takeup_03635,1126.49086501,1
takeup,takeup_03636,643.070961155,1
takeup,takeup_03637,1041.82561319,1
takeup,takeup_03638,933.086794862,1
takeup,takeup_03639,576.097708524,1
takeup,takeup_03640,576.981570254,1
takeup,takeup_03641,761.974026607,0
takeup,takeup_03642,962.062338067,0
takeup,takeup_03643,642.522085389,1
takeup,takeup_03644,556.679449447,1
takeup,takeup_03645,1032.58747156,1
takeup,takeup_03646,557.374253707,1
takeup,takeup_03647,893.834964548,1
takeup,takeup_03648,1170.40947802,1
takeup,takeup_03649,944.617952231,1
takeup,takeup_03650,793.227725373,1
takeup,takeup_03651,943.456990663,1
takeup,takeup_03652,505.609461154,1
takeup,takeup_03653,699.620882248,1
takeup,takeup_03654,1025.4771267,1
takeup,takeup_03655,901.062640424,1
takeup,takeup_03656,719.297760638,1
takeup,takeup_03657,694.000123402,1
takeup,takeup_03658,969.038351234,1
takeup,takeup_03659,1184.98654465,1
takeup,takeup_03660,596.702716475,0
takeup,takeup_03661,601.440883731,0
takeup,takeup_03662,1157.03483096,1
takeup,takeup_03663,676.870116969,0
takeup,takeup_03664,1040.76597838,1
takeup,takeup_03665,699.86825474,1
takeup,takeup_03666,1034.80511754,1
takeup,takeup_03667,670.113222019,1
takeup,takeup_03668,922.22485118,1
takeup,takeup_03669,1024.38213134,1
takeup,takeup_03670,575.435473929,1
takeup,takeup_03671,994.62182783,0
takeup,takeup_03672,593.957028482,1
takeup,takeup_03673,564.555682452,1
takeup,takeup_03674,1154.16953353,1
takeup,takeup_03675,1146.32481608,1
takeup,takeup_03676,1113.33986025,1
takeup,takeup_03677,1079.27040118,1
takeup,takeup_03678,1186.23416994,0
takeup,takeup_03679,506.567442215,1
takeup,takeup_03680,973.678971466,1
takeup,takeup_03681,1154.17954885,1
takeup,takeup_03682,1110.80882245,1
takeup,takeup_03683,904.201124555,0
takeup,takeup_03684,1094.35691968,1
takeup,takeup_03685,867.942997646,1
takeup,takeup_03686,1023.38883747,1
takeup,takeup_03687,683.09506509,1
takeup,takeup_03688,1091.57099288,1
takeup,takeup_03689,933.967018064,1
takeup,takeup_03690,802.668911387,1
takeup,takeup_03691,915.557344675,1
takeup,takeup_03692,763.610698643,1
takeup,takeup_03693,1157.53895269,1
takeup,takeup_03694,513.061963087,1
takeup,takeup_03695,597.12603694,1
takeup,takeup_03696,981.084011469,1
takeup,takeup_03697,1043.04855097,1
takeup,takeup_03698,963.904492465,1
takeup,takeup_03699,702.466439545,0
takeup,takeup_03700,636.469136909,1
takeup,takeup_03701,1135.99892917,1
takeup,takeup_03702,1105.43266179,1
takeup,takeup_03703,1085.22555134,1
takeup,takeup_03704,1076.87855842,1
takeup,takeup_03705,913.703604903,0
takeup,takeup_03706,685.845769155,1
takeup,takeup_03707,975.957869393,1
takeup,takeup_03708,938.828932591,0
takeup,takeup_03709,1053.41997846,1
takeup,takeup_03710,1031.31934862,1
takeup,takeup_03711,768.889406686,1
takeup,takeup_03712,911.167615764,0
takeup,takeup_03713,733.746549465,0
takeup,takeup_03714,651.039307277,0
takeup,takeup_03715,1155.93247981,1
takeup,takeup_03716,1105.70946181,0
takeup,takeup_03717,1139.20656699,1
takeup,takeup_03718,724.898342376,1
takeup,takeup_03719,990.231676757,1
takeup,takeup_03720,1052.87748401,1
takeup,takeup_03721,737.728260719,1
takeup,takeup_03722,762.758637395,1
takeup,takeup_03723,655.722232926,1
takeup,takeup_03724,675.783912316,1
takeup,takeup_03725,517.983243991,0
takeup,takeup_03726,502.723804705,1
takeup,takeup_03727,1169.08609147,1
takeup,takeup_03728,657.700428727,0
takeup,takeup_03729,800.511024691,1
takeup,takeup_03730,734.957405401,1
takeup,takeup_03731,930.649447402,1
takeup,takeup_03732,547.222235987,0
takeup,takeup_03733,725.753145203,0
takeup,takeup_03734,974.891146128,1
takeup,takeup_03735,1080.57440572,1
takeup,takeup_03736,894.917906252,1
takeup,takeup_03737,638.910350004,1
takeup,takeup_03738,1087.26950011,1
takeup,takeup_03739,820.760536639,1
takeup,takeup_03740,522.940451523,1
takeup,takeup_03741,1126.12821961,0
takeup,takeup_03742,1043.86234931,1
takeup,takeup_03743,779.636457752,1
takeup,takeup_03744,1175.7050529,0
takeup,takeup_03745,766.015150064,1
takeup,takeup_03746,1163.88322985,1
takeup,takeup_03747,594.831782763,1
takeup,takeup_03748,839.545201866,1
takeup,takeup_03749,973.909370305,1
takeup,takeup_03750,1027.39601826,1
takeup,takeup_03751,1029.08831428,1
takeup,takeup_03752,656.362291556,1
takeup,takeup_03753,1017.38555452,1
takeup,takeup_03754,928.441225281,1
takeup,takeup_03755,1100.31338619,1
takeup,takeup_03756,808.284111913,1
takeup,takeup_03757,1056.21360204,0
takeup,takeup_03758,730.581651064,1
takeup,takeup_03759,1004.59520982,1
takeup,takeup_03760,652.034785953,1
takeup,takeup_03761,1006.75759791,1
takeup,takeup_03762,783.639317155,1
takeup,takeup_03763,601.991292358,1
takeup,takeup_03764,559.787068782,1
takeup,takeup_03765,538.98004781,1
takeup,takeup_03766,795.735490695,1
takeup,takeup_03767,508.192875623,0
takeup,takeup_03768,880.612427939,0
takeup,takeup_03769,739.686479938,1
takeup,takeup_03770,1196.452361,0
takeup,takeup_03771,847.992921684,1
takeup,takeup_03772,695.942190808,1
takeup,takeup_03773,1045.13127819,1
takeup,takeup_03774,1089.47779168,1
takeup,takeup_03775,954.311285645,1
takeup,takeup_03776,690.886353389,1
takeup,takeup_03777,1186.43590624,1
takeup,takeup_03778,643.477802271,1
takeup,takeup_03779,770.100305177,1
takeup,takeup_03780,574.94383381,1
takeup,takeup_03781,839.130795787,1
takeup,takeup_03782,884.685547119,1
takeup,takeup_03783,1128.48280086,1
takeup,takeup_03784,1081.62810239,0
takeup,takeup_03785,868.315770119,1
takeup,takeup_03786,741.168728778,1
takeup,takeup_03787,655.94874028,0
takeup,takeup_03788,524.122576004,0
takeup,takeup_03789,610.463953022,1
takeup,takeup_03790,558.902685761,1
takeup,takeup_03791,920.040611546,1
takeup,takeup_03792,1079.62810918,1
takeup,takeup_03793,512.853869335,1
takeup,takeup_03794,886.712854042,1
takeup,takeup_03795,579.895192397,1
takeup,takeup_03796,1192.66534371,1
takeup,takeup_03797,1111.57629486,1
takeup,takeup_03798,602.818922902,1
takeup,takeup_03799,543.789084399,0
takeup,takeup_03800,910.84608863,0
takeup,takeup_03801,823.694686097,1
takeup,takeup_03802,573.143035415,1
takeup,takeup_03803,1083.11312801,1
takeup,takeup_03804,871.211346852,1
takeup,takeup_03805,1169.09264079,1
takeup,takeup_03806,880.611031158,1
takeup,takeup_03807,978.284771645,1
takeup,takeup_03808,524.401743332,0
takeup,takeup_03809,1065.131023,1
takeup,takeup_03810,580.123681798,1
takeup,takeup_03811,938.532590211,1
takeup,takeup_03812,1045.12434061,1
takeup,takeup_03813,1166.09415339,1
takeup,takeup_03814,688.676591236,1
takeup,takeup_03815,1115.91012841,1
takeup,takeup_03816,532.816947704,1
takeup,takeup_03817,1029.42696653,0
takeup,takeup_03818,684.28789984,0
takeup,takeup_03819,814.776017161,1
takeup,takeup_03820,995.074418131,1
takeup,takeup_03821,983.497041549,1
takeup,takeup_03822,707.169636277,0
takeup,takeup_03823,1151.1702575,1
takeup,takeup_03824,509.927440443,1
takeup,takeup_03825,703.019617887,1
takeup,takeup_03826,826.993277911,0
takeup,takeup_03827,646.987953658,1
takeup,takeup_03828,890.410303745,0
takeup,takeup_03829,818.027938158,1
takeup,takeup_03830,1170.91199687,1
takeup,takeup_03831,784.407674134,1
takeup,takeup_03832,1174.72229729,1
takeup,takeup_03833,669.89938913,1
takeup,takeup_03834,1186.35390988,1
takeup,takeup_03835,953.146862464,1
takeup,takeup_03836,930.4487604,0
takeup,takeup_03837,954.250751093,1
takeup,takeup_03838,642.335661635,1
takeup,takeup_03839,703.556221193,1
takeup,takeup_03840,502.025290318,0
takeup,takeup_03841,1187.64826637,1
takeup,takeup_03842,641.086599846,1
takeup,takeup_03843,570.483521607,1
takeup,takeup_03844,1121.58372981,1
takeup,takeup_03845,810.956847082,0
takeup,takeup_03846,1194.92731775,1
takeup,takeup_03847,1116.26502256,1
takeup,takeup_03848,1191.89775275,1
takeup,takeup_03849,553.70738774,1
takeup,takeup_03850,1072.03072524,1
takeup,takeup_03851,1055.59677594,1
takeup,takeup_03852,765.657092951,1
takeup,takeup_03853,1188.28967177,1
takeup,takeup_03854,1083.43000462,1
takeup,takeup_03855,632.935254242,1
takeup,takeup_03856,879.930613944,1
takeup,takeup_03857,1005.9577605,1
takeup,takeup_03858,588.290494595,1
takeup,takeup_03859,688.988554491,0
takeup,takeup_03860,781.251616098,1
takeup,takeup_03861,588.043978465,1
takeup,takeup_03862,506.45126306,1
takeup,takeup_03863,792.635018463,0
takeup,takeup_03864,645.694950365,1
takeup,takeup_03865,834.442282316,0
takeup,takeup_03866,1112.30925952,0
takeup,takeup_03867,679.341664703,1
takeup,takeup_03868,681.978844393,1
takeup,takeup_03869,982.53174436,1
takeup,takeup_03870,1160.54880412,1
takeup,takeup_03871,633.170307026,1
takeup,takeup_03872,717.098154087,0
takeup,takeup_03873,552.579028535,1
takeup,takeup_03874,800.014705474,1
takeup,takeup_03875,633.386291209,0
takeup,takeup_03876,1053.38220628,1
takeup,takeup_03877,1069.42538967,0
takeup,takeup_03878,913.617264009,1
takeup,takeup_03879,1058.15801602,1
takeup,takeup_03880,503.061029654,1
takeup,takeup_03881,1062.64927579,0
takeup,takeup_03882,1107.35186722,1
takeup,takeup_03883,930.326136005,0
takeup,takeup_03884,744.517634831,0
takeup,takeup_03885,766.789856503,1
takeup,takeup_03886,588.471919769,1
takeup,takeup_03887,645.431671492,1
takeup,takeup_03888,554.558440003,1
takeup,takeup_03889,1077.46793718,1
takeup,takeup_03890,936.7075099,1
takeup,takeup_03891,938.448123318,1
takeup,takeup_03892,1083.02878183,1
takeup,takeup_03893,588.434621118,1
takeup,takeup_03894,902.019903534,0
takeup,takeup_03895,1005.52877112,1
takeup,takeup_03896,1039.48101763,1
takeup,takeup_03897,777.34680084,1
takeup,takeup_03898,1121.19280308,1
takeup,takeup_03899,642.323223895,1
takeup,takeup_03900,655.871388461,1
takeup,takeup_03901,1044.52375977,1
takeup,takeup_03902,1147.47574049,1
takeup,takeup_03903,757.006420835,1
takeup,takeup_03904,1074.66928815,0
takeup,takeup_03905,833.983644588,1
takeup,takeup_03906,795.143544721,1
takeup,takeup_03907,767.482769496,1
takeup,takeup_03908,1193.15015436,1
takeup,takeup_03909,767.49542836,1
takeup,takeup_03910,587.957128251,1
takeup,takeup_03911,703.995504527,1
takeup,takeup_03912,728.171396716,0
takeup,takeup_03913,589.33080085,1
takeup,takeup_03914,724.026453306,1
takeup,takeup_03915,578.180170918,1
takeup,takeup_03916,628.01414292,0
takeup,takeup_03917,1189.49243073,1
takeup,takeup_03918,788.39430748,1
takeup,takeup_03919,1127.23201166,1
takeup,takeup_03920,653.610558493,1
takeup,takeup_03921,617.137398759,1
takeup,takeup_03922,1051.83882578,1
takeup,takeup_03923,1039.69951354,1
takeup,takeup_03924,610.162184243,1
takeup,takeup_03925,623.172320703,1
takeup,takeup_03926,961.899249369,1
takeup,takeup_03927,900.163835496,1
takeup,takeup_03928,771.861330466,1
takeup,takeup_03929,725.74267225,1
takeup,takeup_03930,972.521958372,0
takeup,takeup_03931,577.425935608,1
takeup,takeup_03932,1062.1165448,1
takeup,takeup_03933,507.116403505,1
takeup,takeup_03934,829.82272057,1
takeup,takeup_03935,660.076086518,1
takeup,takeup_03936,615.85283054,1
takeup,takeup_03937,606.858348772,1
takeup,takeup_03938,551.224848032,0
takeup,takeup_03939,558.539482429,1
takeup,takeup_03940,667.095647316,1
takeup,takeup_03941,501.231068878,1
takeup,takeup_03942,987.88781988,1
takeup,takeup_03943,704.719687864,1
takeup,takeup_03944,973.768854361,1
takeup,takeup_03945,583.319167739,1
takeup,takeup_03946,555.930153343,1
takeup,takeup_03947,783.812714708,1
takeup,takeup_03948,717.679782195,1
takeup,takeup_03949,1060.96412777,1
takeup,takeup_03950,577.745745489,1
takeup,takeup_03951,1130.23260782,1
takeup,takeup_03952,967.089388393,1
takeup,takeup_03953,966.701287695,1
takeup,takeup_03954,1168.33193625,1
takeup,takeup_03955,682.361854811,1
takeup,takeup_03956,643.608725083,1
takeup,takeup_03957,1109.15202979,1
takeup,takeup_03958,928.757502393,1
takeup,takeup_03959,758.625939569,1
takeup,takeup_03960,872.995734589,0
takeup,takeup_03961,1153.40358204,1
takeup,takeup_03962,1067.61596628,1
takeup,takeup_03963,1073.89480688,1
takeup,takeup_03964,1033.49324343,1
takeup,takeup_03965,614.409646337,1
takeup,takeup_03966,850.947169346,1
takeup,takeup_03967,781.058844806,1
takeup,takeup_03968,508.455211143,1
takeup,takeup_03969,1038.58685015,0
takeup,takeup_03970,1185.13183756,1
takeup,takeup_03971,972.173270992,1
takeup,takeup_03972,592.576903181,1
takeup,takeup_03973,1021.75977602,1
takeup,takeup_03974,948.311665567,1
takeup,takeup_03975,516.039936495,1
takeup,takeup_03976,969.015951641,1
takeup,takeup_03977,735.760584618,1
takeup,takeup_03978,969.373749409,1
takeup,takeup_03979,691.327793256,1
takeup,takeup_03980,1192.40776908,1
takeup,takeup_03981,617.293092943,1
takeup,takeup_03982,1173.42097538,0
takeup,takeup_03983,1067.16488972,1
takeup,takeup_03984,1007.90477406,1
takeup,takeup_03985,842.434189829,1
takeup,takeup_03986,679.10822171,1
takeup,takeup_03987,835.525850465,0
takeup,takeup_03988,763.916017594,1
takeup,takeup_03989,1054.72333978,1
takeup,takeup_03990,769.709473152,1
takeup,takeup_03991,1045.15991037,1
takeup,takeup_03992,783.974607722,1
takeup,takeup_03993,868.395594005,1
takeup,takeup_03994,798.781120945,0
takeup,takeup_03995,1005.80209328,1
takeup,takeup_03996,1199.61603001,1
takeup,takeup_03997,820.884734905,1
takeup,takeup_03998,816.14733524,1
takeup,takeup_03999,1005.27508008,1
takeup,takeup_04000,890.893187728,1
takeup,takeup_04001,760.629568095,1
takeup,takeup_04002,770.705823693,1
takeup,takeup_04003,532.815183084,1
takeup,takeup_04004,1060.89913061,0
takeup,takeup_04005,598.76491955,1
takeup,takeup_04006,902.097543493,1
takeup,takeup_04007,1193.33544485,1
takeup,takeup_04008,1132.33880431,1
takeup,takeup_04009,698.993508094,1
takeup,takeup_04010,694.841232224,0
takeup,takeup_04011,502.00843774,1
takeup,takeup_04012,1144.82836076,1
takeup,takeup_04013,850.548748842,0
takeup,takeup_04014,726.072081821,0
takeup,takeup_04015,719.088632627,1
takeup,takeup_04016,548.043711098,1
takeup,takeup_04017,939.663893645,1
takeup,takeup_04018,994.744866037,1
takeup,takeup_04019,516.065812718,1
takeup,takeup_04020,522.822945088,0
takeup,takeup_04021,1050.71102372,1
takeup,takeup_04022,779.942867848,1
takeup,takeup_04023,901.304512458,1
takeup,takeup_04024,1150.76204799,0
takeup,takeup_04025,931.794647954,1
takeup,takeup_04026,1168.95210077,0
takeup,takeup_04027,925.722699705,1
takeup,takeup_04028,973.309904072,0
takeup,takeup_04029,822.226776013,1
takeup,takeup_04030,645.466374207,1
takeup,takeup_04031,714.55366045,0
takeup,takeup_04032,1121.47863373,1
takeup,takeup_04033,564.028555881,1
takeup,takeup_04034,873.605834133,0
takeup,takeup_04035,1117.3780253,1
takeup,takeup_04036,1029.31435877,0
takeup,takeup_04037,835.062031112,1
takeup,takeup_04038,1135.55483192,1
takeup,takeup_04039,856.629793718,1
takeup,takeup_04040,1154.98101989,1
takeup,takeup_04041,1113.56424718,0
takeup,takeup_04042,719.626110117,1
takeup,takeup_04043,568.165437741,0
takeup,takeup_04044,685.970951789,1
takeup,takeup_04045,871.243867908,1
takeup,takeup_04046,566.503760527,1
takeup,takeup_04047,992.886862404,1
takeup,takeup_04048,834.771758063,1
takeup,takeup_04049,636.389695873,1
takeup,takeup_04050,720.498434301,0
takeup,takeup_04051,700.132277757,1
takeup,takeup_04052,657.436227412,1
takeup,takeup_04053,523.619587796,1
takeup,takeup_04054,720.093801112,1
takeup,takeup_04055,794.555936487,1
takeup,takeup_04056,1171.89063839,0
takeup,takeup_04057,986.019562639,1
takeup,takeup_04058,787.633602003,0
takeup,takeup_04059,806.484790945,1
takeup,takeup_04060,543.069087288,1
takeup,takeup_04061,643.538944343,1
takeup,takeup_04062,1046.46477032,1
takeup,takeup_04063,1055.89045865,1
takeup,takeup_04064,557.376141324,1
takeup,takeup_04065,765.619191503,1
takeup,takeup_04066,896.042738289,1
takeup,takeup_04067,669.387118469,1
takeup,takeup_04068,708.200933743,1
takeup,takeup_04069,1113.83480076,1
takeup,takeup_04070,715.924633547,1
takeup,takeup_04071,564.020070665,0
takeup,takeup_04072,571.629822401,1
takeup,takeup_04073,607.73463415,1
takeup,takeup_04074,551.604862653,0
takeup,takeup_04075,845.840694161,1
takeup,takeup_04076,941.403268957,1
takeup,takeup_04077,574.87231332,0
takeup,takeup_04078,618.497699016,0
takeup,takeup_04079,552.209609957,1
takeup,takeup_04080,921.049008326,1
takeup,takeup_04081,945.39343004,1
takeup,takeup_04082,1033.36793434,1
takeup,takeup_04083,1040.35322461,1
takeup,takeup_04084,776.574386774,1
takeup,takeup_04085,544.830950479,1
takeup,takeup_04086,510.27127462,1
takeup,takeup_04087,1164.58767852,1
takeup,takeup_04088,873.64560958,1
takeup,takeup_04089,1195.94973362,1
takeup,takeup_04090,833.262728,1
takeup,takeup_04091,966.138509805,0
takeup,takeup_04092,1023.19074908,1
takeup,takeup_04093,591.404786478,1
takeup,takeup_04094,1055.9424592,1
takeup,takeup_04095,939.161337372,1
takeup,takeup_04096,887.417502886,1
takeup,takeup_04097,986.391853984,1
takeup,takeup_04098,827.150790945,1
takeup,takeup_04099,904.545336523,1
takeup,takeup_04100,559.154609035,1
takeup,takeup_04101,532.407604494,1
takeup,takeup_04102,723.77338608,1
takeup,takeup_04103,668.269960077,1
takeup,takeup_04104,1096.66187408,1
takeup,takeup_04105,796.302946925,0
takeup,takeup_04106,923.177787847,0
takeup,takeup_04107,651.039337859,1
takeup,takeup_04108,704.017742856,1
takeup,takeup_04109,916.937675231,1
takeup,takeup_04110,513.673681127,0
takeup,takeup_04111,742.477033035,1
takeup,takeup_04112,597.013840686,0
takeup,takeup_04113,521.490844062,0
takeup,takeup_04114,612.639084934,1
takeup,takeup_04115,760.62395452,0
takeup,takeup_04116,969.613058139,1
takeup,takeup_04117,905.12203566,1
takeup,takeup_04118,563.029805775,0
takeup,takeup_04119,1024.00102017,1
takeup,takeup_04120,632.302571951,1
takeup,takeup_04121,884.944454512,1
takeup,takeup_04122,625.092432674,1
takeup,takeup_04123,826.466395698,1
takeup,takeup_04124,1190.09268738,1
takeup,takeup_04125,543.877131945,1
takeup,takeup_04126,727.479116334,1
takeup,takeup_04127,668.023732319,1
takeup,takeup_04128,728.83536826,1
takeup,takeup_04129,1157.00117971,1
takeup,takeup_04130,859.421994542,1
takeup,takeup_04131,584.930844334,1
takeup,takeup_04132,677.184946522,1
takeup,takeup_04133,660.4268682,1
takeup,takeup_04134,591.115008948,1
takeup,takeup_04135,1013.82165686,1
takeup,takeup_04136,524.006793425,1
takeup,takeup_04137,623.603417066,1
takeup,takeup_04138,1038.59386726,1
takeup,takeup_04139,1022.2900225,1
takeup,takeup_04140,1025.89658068,1
takeup,takeup_04141,543.115949748,1
takeup,takeup_04142,958.434065283,1
takeup,takeup_04143,1068.95674016,0
takeup,takeup_04144,1164.94329371,1
takeup,takeup_04145,679.882236753,1
takeup,takeup_04146,974.886599542,1
takeup,takeup_04147,670.299504117,1
takeup,takeup_04148,548.443088446,1
takeup,takeup_04149,607.936475842,1
takeup,takeup_04150,1003.86076918,1
takeup,takeup_04151,857.438541876,1
takeup,takeup_04152,599.328756484,1
takeup,takeup_04153,648.626655555,1
takeup,takeup_04154,566.981924531,1
takeup,takeup_04155,643.756279644,1
takeup,takeup_04156,517.834360939,1
takeup,takeup_04157,823.290697622,1
takeup,takeup_04158,895.045053886,1
takeup,takeup_04159,721.783481939,1
takeup,takeup_04160,892.803566868,1
takeup,takeup_04161,869.544542359,1
takeup,takeup_04162,1101.48449703,1
takeup,takeup_04163,998.021045496,1
takeup,takeup_04164,945.940526284,1
takeup,takeup_04165,950.395982323,1
takeup,takeup_04166,619.699172578,0
takeup,takeup_04167,1037.7995699,0
takeup,takeup_04168,1118.02119295,1
takeup,takeup_04169,1126.55211537,1
takeup,takeup_04170,1076.70032139,1
takeup,takeup_04171,998.981523322,1
takeup,takeup_04172,1078.15529915,0
takeup,takeup_04173,878.636940367,1
takeup,takeup_04174,534.569099843,1
takeup,takeup_04175,584.337143844,1
takeup,takeup_04176,1110.25485225,1
takeup,takeup_04177,939.998947189,1
takeup,takeup_04178,701.045815201,1
takeup,takeup_04179,996.780515354,1
takeup,takeup_04180,853.15945946,1
takeup,takeup_04181,828.524049067,1
takeup,takeup_04182,591.592987647,1
takeup,takeup_04183,1116.1226784,1
takeup,takeup_04184,721.308216816,1
takeup,takeup_04185,1045.05964025,1
takeup,takeup_04186,617.03689374,1
takeup,takeup_04187,782.821186645,1
takeup,takeup_04188,843.704549397,1
takeup,takeup_04189,1055.91831171,0
takeup,takeup_04190,1007.64706507,1
takeup,takeup_04191,1062.12709325,0
takeup,takeup_04192,525.424241605,1
takeup,takeup_04193,593.930008555,1
takeup,takeup_04194,822.641126168,1
takeup,takeup_04195,859.246879071,1
takeup,takeup_04196,639.145911033,1
takeup,takeup_04197,677.47750218,1
takeup,takeup_04198,1015.04725196,1
takeup,takeup_04199,824.840457306,1
takeup,takeup_04200,844.198831523,1
takeup,takeup_04201,931.622712476,1
takeup,takeup_04202,701.868571631,1
takeup,takeup_04203,527.567269053,0
takeup,takeup_04204,580.256843741,1
takeup,takeup_04205,528.514559918,1
takeup,takeup_04206,617.769561867,1
takeup,takeup_04207,685.890552243,1
takeup,takeup_04208,578.09921514,1
takeup,takeup_04209,1120.00717009,1
takeup,takeup_04210,861.152955789,1
takeup,takeup_04211,630.612874453,1
takeup,takeup_04212,809.609929335,1
takeup,takeup_04213,1033.68226987,0
takeup,takeup_04214,815.750597266,0
takeup,takeup_04215,743.931491995,0
takeup,takeup_04216,824.84327999,1
takeup,takeup_04217,716.480973888,0
takeup,takeup_04218,653.878968016,0
takeup,takeup_04219,659.558854222,1
takeup,takeup_04220,753.300004909,1
takeup,takeup_04221,562.068357923,0
takeup,takeup_04222,1124.3237811,1
takeup,takeup_04223,527.551194217,0
takeup,takeup_04224,506.372638604,1
takeup,takeup_04225,629.040818168,1
takeup,takeup_04226,944.688031215,1
takeup,takeup_04227,1158.69251483,1
takeup,takeup_04228,898.301324752,1
takeup,takeup_04229,1180.08845279,1
takeup,takeup_04230,649.887288981,1
takeup,takeup_04231,1044.84007454,1
takeup,takeup_04232,519.887941341,1
takeup,takeup_04233,1106.24245289,1
takeup,takeup_04234,739.147990794,1
takeup,takeup_04235,1013.85452693,1
takeup,takeup_04236,794.363333475,1
takeup,takeup_04237,1026.85731405,1
takeup,takeup_04238,1170.64241683,1
takeup,takeup_04239,1061.37495004,1
takeup,takeup_04240,1029.51923824,1
takeup,takeup_04241,666.868788292,1
takeup,takeup_04242,993.063075823,0
takeup,takeup_04243,833.894733593,1
takeup,takeup_04244,612.592655495,1
takeup,takeup_04245,852.254427363,1
takeup,takeup_04246,1019.18347104,1
takeup,takeup_04247,849.755276871,1
takeup,takeup_04248,830.857535346,1
takeup,takeup_04249,507.351436514,1
takeup,takeup_04250,830.095678723,1
takeup,takeup_04251,1174.08717189,0
takeup,takeup_04252,754.188856313,1
takeup,takeup_04253,563.395961433,1
takeup,takeup_04254,1010.01727266,1
takeup,takeup_04255,974.070660319,1
takeup,takeup_04256,854.230358588,1
takeup,takeup_04257,616.194333182,1
takeup,takeup_04258,547.238036672,1
takeup,takeup_04259,608.098193357,1
takeup,takeup_04260,1134.73845577,0
takeup,takeup_04261,602.326199236,1
takeup,takeup_04262,845.559305744,1
takeup,takeup_04263,1180.25788118,0
takeup,takeup_04264,678.725158808,1
takeup,takeup_04265,858.85751575,1
takeup,takeup_04266,1023.15177334,1
takeup,takeup_04267,653.397817185,0
takeup,takeup_04268,1172.00289467,1
takeup,takeup_04269,534.745057599,1
takeup,takeup_04270,1001.21761335,0
takeup,takeup_04271,616.189931261,1
takeup,takeup_04272,646.742893887,1
takeup,takeup_04273,968.772293876,1
takeup,takeup_04274,1057.81118932,1
takeup,takeup_04275,774.703508309,1
takeup,takeup_04276,775.933513485,0
takeup,takeup_04277,1164.40823436,1
takeup,takeup_04278,639.950750251,1
takeup,takeup_04279,782.15808887,1
takeup,takeup_04280,552.187881303,1
takeup,takeup_04281,682.862535499,0
takeup,takeup_04282,838.603482172,1
takeup,takeup_04283,706.680739154,0
takeup,takeup_04284,771.821108503,1
takeup,takeup_04285,1089.41272932,1
takeup,takeup_04286,555.272974841,1
takeup,takeup_04287,871.687218538,1
takeup,takeup_04288,1134.32591507,1
takeup,takeup_04289,891.278958677,1
takeup,takeup_04290,715.805084798,1
takeup,takeup_04291,953.663842461,1
takeup,takeup_04292,740.041038344,1
takeup,takeup_04293,561.133097406,1
takeup,takeup_04294,925.456303162,0
takeup,takeup_04295,571.650458734,1
takeup,takeup_04296,1139.28557063,1
takeup,takeup_04297,890.62802728,1
takeup,takeup_04298,858.735580341,1
takeup,takeup_04299,947.711822581,1
takeup,takeup_04300,507.727819304,1
takeup,takeup_04301,1002.3120137,1
takeup,takeup_04302,519.840995138,1
takeup,takeup_04303,732.345519828,1
takeup,takeup_04304,649.563203102,1
takeup,takeup_04305,504.206157571,0
takeup,takeup_04306,684.326086902,1
takeup,takeup_04307,929.208972814,1
takeup,takeup_04308,937.634819924,1
takeup,takeup_04309,1082.08265621,0
takeup,takeup_04310,602.254985145,1
takeup,takeup_04311,1156.21521862,1
takeup,takeup_04312,779.663634123,1
takeup,takeup_04313,503.40650994,1
takeup,takeup_04314,700.022100627,0
takeup,takeup_04315,704.116293695,1
takeup,takeup_04316,786.878881891,1
takeup,takeup_04317,1089.75022706,1
takeup,takeup_04318,986.835680859,1
takeup,takeup_04319,788.341614574,1
takeup,takeup_04320,872.749359353,1
takeup,takeup_04321,1046.26013181,1
takeup,takeup_04322,1119.43867664,1
takeup,takeup_04323,906.205458426,1
takeup,takeup_04324,830.161274128,1
takeup,takeup_04325,1015.93988771,1
takeup,takeup_04326,778.021993619,0
takeup,takeup_04327,962.906829933,1
takeup,takeup_04328,548.841691114,1
takeup,takeup_04329,752.829190029,1
takeup,takeup_04330,1132.7348473,0
takeup,takeup_04331,992.744177417,1
takeup,takeup_04332,1163.10680706,1
takeup,takeup_04333,580.459518085,1
takeup,takeup_04334,693.20409708,1
takeup,takeup_04335,1157.01202864,0
takeup,takeup_04336,1172.5621499,1
takeup,takeup_04337,828.533697864,1
takeup,takeup_04338,589.721264223,1
takeup,takeup_04339,574.755520108,1
takeup,takeup_04340,738.009212814,1
takeup,takeup_04341,837.847862119,1
takeup,takeup_04342,1067.20527369,1
takeup,takeup_04343,519.522678554,1
takeup,takeup_04344,774.150705125,1
takeup,takeup_04345,662.816980571,1
takeup,takeup_04346,532.021607865,1
takeup,takeup_04347,508.261379085,1
takeup,takeup_04348,1137.03270575,1
takeup,takeup_04349,607.934857996,0
takeup,takeup_04350,535.299120829,1
takeup,takeup_04351,871.65425224,1
takeup,takeup_04352,893.145365298,1
takeup,takeup_04353,1143.83739953,1
takeup,takeup_04354,1186.60169674,1
takeup,takeup_04355,1021.8621576,1
takeup,takeup_04356,1006.65756178,1
takeup,takeup_04357,630.549168997,1
takeup,takeup_04358,524.875597624,1
takeup,takeup_04359,1047.22040978,1
takeup,takeup_04360,1089.98970977,1
takeup,takeup_04361,1031.73767131,1
takeup,takeup_04362,943.950933036,1
takeup,takeup_04363,557.436834536,1
takeup,takeup_04364,633.958232395,0
takeup,takeup_04365,879.419341973,1
takeup,takeup_04366,1146.29120763,0
takeup,takeup_04367,583.007396706,1
takeup,takeup_04368,662.323392537,1
takeup,takeup_04369,513.12465187,1
takeup,takeup_04370,885.71086257,1
takeup,takeup_04371,995.326490868,1
takeup,takeup_04372,658.531238526,1
takeup,takeup_04373,730.263004969,1
takeup,takeup_04374,1022.77552349,1
takeup,takeup_04375,1045.15435415,1
takeup,takeup_04376,624.398625121,1
takeup,takeup_04377,673.510450773,0
takeup,takeup_04378,993.734645846,1
takeup,takeup_04379,923.887032201,1
takeup,takeup_04380,990.673774891,1
takeup,takeup_04381,1148.49231691,1
takeup,takeup_04382,709.015168737,1
takeup,takeup_04383,838.014338621,1
takeup,takeup_04384,1070.02305273,1
takeup,takeup_04385,1187.39553163,1
takeup,takeup_04386,674.229249634,1
takeup,takeup_04387,741.327206563,1
takeup,takeup_04388,914.649209089,1
takeup,takeup_04389,923.548309589,1
takeup,takeup_04390,562.957690415,1
takeup,takeup_04391,974.572783551,1
takeup,takeup_04392,1119.29888549,1
takeup,takeup_04393,801.829164517,1
takeup,takeup_04394,1064.74108827,1
takeup,takeup_04395,539.402337822,1
takeup,takeup_04396,524.428295028,1
takeup,takeup_04397,596.729394155,1
takeup,takeup_04398,669.199526775,1
takeup,takeup_04399,906.110119229,1
risk_basic,risk_basic_00000,500,1.3379618495
risk_basic,risk_basic_00001,850,2.66320389924
risk_basic,risk_basic_00002,1200,3.04472344991
risk_basic,risk_basic_00003,616.119712159,0.85625921419
risk_basic,risk_basic_00004,702.838513323,1.78685548792
risk_basic,risk_basic_00005,759.384249331,2.43189253005
risk_basic,risk_basic_00006,1088.25450928,3.23083230082
risk_basic,risk_basic_00007,723.810834111,2.40557727447
risk_basic,risk_basic_00008,868.68976891,2.2836116078
risk_basic,risk_basic_00009,650.476698052,2.40618285395
risk_basic,risk_basic_00010,562.875458094,2.89246027847
risk_basic,risk_basic_00011,1013.59150879,2.00609346982
risk_basic,risk_basic_00012,827.843044635,1.49613036103
risk_basic,risk_basic_00013,624.634131884,1.76989193327
risk_basic,risk_basic_00014,1194.02435904,3.75624099045
risk_basic,risk_basic_00015,520.985828495,1.47005354695
risk_basic,risk_basic_00016,936.525889486,2.0833246981
risk_basic,risk_basic_00017,930.62115943,1.52154211042
risk_basic,risk_basic_00018,1120.07346965,2.78307110654
risk_basic,risk_basic_00019,916.235644989,2.60125371793
risk_basic,risk_basic_00020,692.915676053,2.43015296582
risk_basic,risk_basic_00021,594.95146843,1.67761444356
risk_basic,risk_basic_00022,779.539120044,3.012536337
risk_basic,risk_basic_00023,1093.58364206,2.55118937376
risk_basic,risk_basic_00024,549.733945102,2.78373190956
risk_basic,risk_basic_00025,1171.91650186,1.68552960896
risk_basic,risk_basic_00026,1121.92250293,3.21274415664
risk_basic,risk_basic_00027,643.706172234,1.87908325628
risk_basic,risk_basic_00028,898.397067771,0.938743233327
risk_basic,risk_basic_00029,1191.18511567,2.47480543795
risk_basic,risk_basic_00030,888.405181653,1.96549326867
risk_basic,risk_basic_00031,820.908078833,3.01972709582
risk_basic,risk_basic_00032,564.977927987,0.672304429822
risk_basic,risk_basic_00033,933.554828517,1.36187870525
risk_basic,risk_basic_00034,1083.00671692,2.24542983683
risk_basic,risk_basic_00035,1169.62022502,3.25062350052
risk_basic,risk_basic_00036,751.61489522,1.75118216926
risk_basic,risk_basic_00037,994.540069485,1.93252650891
risk_basic,risk_basic_00038,1031.40761362,3.45008779896
risk_basic,risk_basic_00039,880.313104508,1.91929916603
risk_basic,risk_basic_00040,1068.6590133,1.92905713734
risk_basic,risk_basic_00041,1178.40147319,3.23385021383
risk_basic,risk_basic_00042,999.196074817,2.59216421798
risk_basic,risk_basic_00043,730.338621404,2.25429854863
risk_basic,risk_basic_00044,900.907075761,1.92435213926
risk_basic,risk_basic_00045,821.9182774,2.21696615374
risk_basic,risk_basic_00046,1053.81201223,3.31601614361
risk_basic,risk_basic_00047,858.688336238,1.99875889147
risk_basic,risk_basic_00048,689.580733873,1.53187177093
risk_basic,risk_basic_00049,909.216664133,2.26379473506
risk_basic,risk_basic_00050,535.333091185,2.23195183701
risk_basic,risk_basic_00051,979.217054491,2.8660980052
risk_basic,risk_basic_00052,815.446841532,2.29102483307
risk_basic,risk_basic_00053,779.176298715,1.21731273357
risk_basic,risk_basic_00054,697.491636726,1.81678510085
risk_basic,risk_basic_00055,926.090598881,2.13239896063
risk_basic,risk_basic_00056,1148.23852347,2.51421152916
risk_basic,risk_basic_00057,592.326045808,1.51198103773
risk_basic,risk_basic_00058,648.941158368,1.39285957185
risk_basic,risk_basic_00059,553.829216455,2.22455091443
risk_basic,risk_basic_00060,919.827676008,1.78819894138
risk_basic,risk_basic_00061,645.705144011,1.69921736483
risk_basic,risk_basic_00062,1084.87992784,2.26503626774
risk_basic,risk_basic_00063,1013.93099177,2.7133841522
risk_basic,risk_basic_00064,701.001926611,1.31044741214
risk_basic,risk_basic_00065,572.306802097,1.81601720938
risk_basic,risk_basic_00066,620.595952946,1.73432540027
risk_basic,risk_basic_00067,908.310892442,2.30590219608
risk_basic,risk_basic_00068,1002.99267689,1.88491014889
risk_basic,risk_basic_00069,822.606582863,1.52942054526
risk_basic,risk_basic_00070,1035.65914021,2.68215139579
risk_basic,risk_basic_00071,597.935785843,1.78840984124
risk_basic,risk_basic_00072,610.144768827,1.48943352528
risk_basic,risk_basic_00073,1150.12281349,2.49850252486
risk_basic,risk_basic_00074,574.996447913,1.52591459941
risk_basic,risk_basic_00075,619.565484572,1.78157799125
risk_basic,risk_basic_00076,627.235504996,1.49866979682
risk_basic,risk_basic_00077,932.294213746,2.76503760349
risk_basic,risk_basic_00078,585.011826217,1.6521182335
risk_basic,risk_basic_00079,692.564525456,0.851836619469
risk_basic,risk_basic_00080,865.223350464,2.41457718508
risk_basic,risk_basic_00081,533.001649712,2.58923906952
risk_basic,risk_basic_00082,1144.77498646,2.79346179943
risk_basic,risk_basic_00083,797.569023164,1.71369359511
risk_basic,risk_basic_00084,515.288037936,1.01970348122
risk_basic,risk_basic_00085,793.701938134,0.942526112085
risk_basic,risk_basic_00086,527.310844825,1.70300608554
risk_basic,risk_basic_00087,1065.16191971,2.72852577906
risk_basic,risk_basic_00088,896.550074827,1.47183316382
risk_basic,risk_basic_00089,1120.00691912,2.37850510909
risk_basic,risk_basic_00090,878.016894309,1.58802682612
risk_basic,risk_basic_00091,939.994435443,2.21976139876
risk_basic,risk_basic_00092,1006.26261664,2.31431570513
risk_basic,risk_basic_00093,519.403445149,1.64305016561
risk_basic,risk_basic_00094,586.780529723,1.86506019936
risk_basic,risk_basic_00095,715.331671577,1.35576555184
risk_basic,risk_basic_00096,1165.52380693,2.71694476414
risk_basic,risk_basic_00097,573.608531467,1.33403567974
risk_basic,risk_basic_00098,1066.07632754,2.88772211113
risk_basic,risk_basic_00099,1166.68778378,2.77995093181
risk_basic,risk_basic_00100,955.740465136,2.24360379114
risk_basic,risk_basic_00101,941.16653036,1.31927807151
risk_basic,risk_basic_00102,813.842239133,1.81303983547
risk_basic,risk_basic_00103,603.693975118,1.53731995324
risk_basic,risk_basic_00104,1055.43301105,2.69067820602
risk_basic,risk_basic_00105,1080.4483316,2.81681428746
risk_basic,risk_basic_00106,784.2447313,1.59907573088
risk_basic,risk_basic_00107,1153.29240853,2.75838456399
risk_basic,risk_basic_00108,850.974535746,2.38477290494
risk_basic,risk_basic_00109,698.311592606,1.77874868603
risk_basic,risk_basic_00110,604.511673287,2.52055668734
risk_basic,risk_basic_00111,507.569788875,1.17556663428
risk_basic,risk_basic_00112,866.120298714,1.25024843041
risk_basic,risk_basic_00113,975.344890411,2.32647366944
risk_basic,risk_basic_00114,1157.31419025,3.04515049651
risk_basic,risk_basic_00115,973.660789433,2.30451294837
risk_basic,risk_basic_00116,1080.5543678,3.16396623157
risk_basic,risk_basic_00117,741.050806023,2.1695742611
risk_basic,risk_basic_00118,607.046954939,1.51359550399
risk_basic,risk_basic_00119,1120.15752529,2.98898665351
risk_basic,risk_basic_00120,760.63344827,2.12559076031
risk_basic,risk_basic_00121,714.852987061,1.72915607612
risk_basic,risk_basic_00122,950.98814798,3.15275315534
risk_basic,risk_basic_00123,578.143203998,2.11112778077
risk_basic,risk_basic_00124,966.717497672,1.7825794159
risk_basic,risk_basic_00125,728.842176321,1.21422639676
risk_basic,risk_basic_00126,543.137896161,1.93985430033
risk_basic,risk_basic_00127,895.98958542,1.57152251463
risk_basic,risk_basic_00128,1100.61950096,2.28830850617
risk_basic,risk_basic_00129,1000.63139516,2.89121602276
risk_basic,risk_basic_00130,1198.86813443,1.91609496881
risk_basic,risk_basic_00131,917.764652951,2.85875574137
risk_basic,risk_basic_00132,774.582443034,1.84344386481
risk_basic,risk_basic_00133,1084.54482418,2.79142660881
risk_basic,risk_basic_00134,1130.1727168,2.4267734812
risk_basic,risk_basic_00135,604.234359628,1.83160973798
risk_basic,risk_basic_00136,610.462615802,2.57705763812
risk_basic,risk_basic_00137,659.209826595,2.67143895723
risk_basic,risk_basic_00138,595.002803062,1.21021790982
risk_basic,risk_basic_00139,842.938337274,2.54950464132
risk_basic,risk_basic_00140,757.070453776,2.17003589576
risk_basic,risk_basic_00141,768.697033096,2.02386512111
risk_basic,risk_basic_00142,755.76976073,2.32046070775
risk_basic,risk_basic_00143,894.210377077,1.81379063405
risk_basic,risk_basic_00144,1024.90753245,2.93212364563
risk_basic,risk_basic_00145,1062.73097476,1.76860938592
risk_basic,risk_basic_00146,933.474605858,2.24315241421
risk_basic,risk_basic_00147,860.98410316,2.40204589888
risk_basic,risk_basic_00148,604.012941731,2.07521806325
risk_basic,risk_basic_00149,672.971398356,2.36347022157
risk_basic,risk_basic_00150,574.658477229,1.3876533241
risk_basic,risk_basic_00151,798.11085177,1.70828300759
risk_basic,risk_basic_00152,1027.97444639,2.20768819619
risk_basic,risk_basic_00153,866.661907047,2.00573090876
risk_basic,risk_basic_00154,557.338134378,1.20689081119
risk_basic,risk_basic_00155,898.531063075,2.42661005972
risk_basic,risk_basic_00156,792.758296852,2.12053518102
risk_basic,risk_basic_00157,1006.91790634,3.05695297986
risk_basic,risk_basic_00158,597.61367637,2.37526116942
risk_basic,risk_basic_00159,613.433650667,1.54348500309
risk_basic,risk_basic_00160,556.556329264,2.4037719786
risk_basic,risk_basic_00161,529.243620432,1.12960433051
risk_basic,risk_basic_00162,1085.84658266,2.58601107216
risk_basic,risk_basic_00163,627.0479812,1.40924731108
risk_basic,risk_basic_00164,829.929836024,1.95402744445
risk_basic,risk_basic_00165,959.18747315,1.7868957052
risk_basic,risk_basic_00166,641.936150873,1.93046175508
risk_basic,risk_basic_00167,584.453151696,2.13395478924
risk_basic,risk_basic_00168,1131.45775038,2.68610798217
risk_basic,risk_basic_00169,1128.40338649,2.33807170082
risk_basic,risk_basic_00170,554.467718491,1.32449646193
risk_basic,risk_basic_00171,1076.51631016,2.30674353513
risk_basic,risk_basic_00172,884.295101876,3.23657895622
risk_basic,risk_basic_00173,995.692059954,2.59378856657
risk_basic,risk_basic_00174,987.762652958,2.28913045267
risk_basic,risk_basic_00175,1143.44599528,4.0211718499
risk_basic,risk_basic_00176,733.317025244,1.68490729439
risk_basic,risk_basic_00177,1099.4869197,2.24213012298
risk_basic,risk_basic_00178,972.813657635,2.38426284968
risk_basic,risk_basic_00179,1132.49997311,2.20827076727
risk_basic,risk_basic_00180,750.2406145,2.61707078604
risk_basic,risk_basic_00181,1174.58341509,2.53358182751
risk_basic,risk_basic_00182,870.070952855,2.1424579111
risk_basic,risk_basic_00183,1197.71628543,3.50019436759
risk_basic,risk_basic_00184,1052.58434511,3.34766235387
risk_basic,risk_basic_00185,976.058963813,2.54590340267
risk_basic,risk_basic_00186,1102.66315302,3.43428145315
risk_basic,risk_basic_00187,919.98421122,2.57783624266
risk_basic,risk_basic_00188,1001.57598833,1.67584677133
risk_basic,risk_basic_00189,626.058929725,2.8737078797
risk_basic,risk_basic_00190,1104.76122621,2.54784757601
risk_basic,risk_basic_00191,868.625349701,1.4857166341
risk_basic,risk_basic_00192,1143.4388049,2.28581687163
risk_basic,risk_basic_00193,824.238051384,1.6188527989
risk_basic,risk_basic_00194,569.097967933,1.6926678203
risk_basic,risk_basic_00195,745.272594095,0.975523044413
risk_basic,risk_basic_00196,639.108031799,1.98873117336
risk_basic,risk_basic_00197,599.839813817,1.76818936246
risk_basic,risk_basic_00198,896.86709146,2.19711198697
risk_basic,risk_basic_00199,632.63275067,2.55776089419
risk_basic,risk_basic_00200,658.092500851,2.01697395321
risk_basic,risk_basic_00201,852.888253588,2.44448863121
risk_basic,risk_basic_00202,801.339161756,2.33678266798
risk_basic,risk_basic_00203,1011.72056415,1.76832406847
risk_basic,risk_basic_00204,508.861654754,1.78408658111
risk_basic,risk_basic_00205,687.121953804,1.89524379324
risk_basic,risk_basic_00206,1009.48993611,2.98414935905
risk_basic,risk_basic_00207,1184.76497136,2.12257955243
risk_basic,risk_basic_00208,978.432653739,2.11693492541
risk_basic,risk_basic_00209,609.656069527,1.16895545912
risk_basic,risk_basic_00210,741.633087948,1.5732309642
risk_basic,risk_basic_00211,820.611943793,1.82882791341
risk_basic,risk_basic_00212,1142.1524422,3.16298876396
risk_basic,risk_basic_00213,704.938419373,0.732358202647
risk_basic,risk_basic_00214,539.017448589,1.77768623875
risk_basic,risk_basic_00215,889.954508222,1.47632036836
risk_basic,risk_basic_00216,1187.46807073,2.44400421426
risk_basic,risk_basic_00217,534.507114422,1.51958939523
risk_basic,risk_basic_00218,672.045501265,2.22137787262
risk_basic,risk_basic_00219,925.107425396,1.5685960285
risk_basic,risk_basic_00220,574.812041934,0.992127840956
risk_basic,risk_basic_00221,544.567876713,1.57243535011
risk_basic,risk_basic_00222,540.840233766,1.92920636864
risk_basic,risk_basic_00223,747.480707252,1.99826649665
risk_basic,risk_basic_00224,1131.42837329,2.35886417878
risk_basic,risk_basic_00225,644.08254847,0.650449048337
risk_basic,risk_basic_00226,921.816950946,1.2960988774
risk_basic,risk_basic_00227,530.757434603,1.55486319402
risk_basic,risk_basic_00228,1125.83067529,2.44163141714
risk_basic,risk_basic_00229,851.190423968,1.92475508527
risk_basic,risk_basic_00230,560.909517175,1.83402293464
risk_basic,risk_basic_00231,744.952710616,1.8607998077
risk_basic,risk_basic_00232,1184.32138216,2.63704861808
risk_basic,risk_basic_00233,694.43774379,1.36886957266
risk_basic,risk_basic_00234,1180.72399012,2.65113757263
risk_basic,risk_basic_00235,519.875987098,1.02303175441
risk_basic,risk_basic_00236,1026.48698629,1.87204750988
risk_basic,risk_basic_00237,658.398838977,1.12633054249
risk_basic,risk_basic_00238,796.27345569,1.42578519832
risk_basic,risk_basic_00239,507.049920951,1.04134149577
risk_basic,risk_basic_00240,728.010142314,2.11363023352
risk_basic,risk_basic_00241,594.646266725,1.85418349427
risk_basic,risk_basic_00242,611.879249412,1.13291416429
risk_basic,risk_basic_00243,678.833601453,1.61769103377
risk_basic,risk_basic_00244,675.91344425,1.50065986137
risk_basic,risk_basic_00245,736.381855122,2.50847982969
risk_basic,risk_basic_00246,1069.73293142,3.395787437
risk_basic,risk_basic_00247,767.370298662,1.56162611783
risk_basic,risk_basic_00248,687.92504341,1.90067763406
risk_basic,risk_basic_00249,975.015794678,1.80435503839
risk_basic,risk_basic_00250,1105.1274082,2.52915285299
risk_basic,risk_basic_00251,1056.53749586,2.03825690567
risk_basic,risk_basic_00252,1190.88035257,2.09602223055
risk_basic,risk_basic_00253,771.537304263,1.74011672437
risk_basic,risk_basic_00254,607.814974524,2.39021738503
risk_basic,risk_basic_00255,1021.50775319,2.32200404007
risk_basic,risk_basic_00256,1187.23881012,2.92959666654
risk_basic,risk_basic_00257,1063.9613622,3.22071620121
risk_basic,risk_basic_00258,901.687241956,1.79521689158
risk_basic,risk_basic_00259,1141.80485959,3.47697783954
risk_basic,risk_basic_00260,849.408564276,1.0706795013
risk_basic,risk_basic_00261,567.636052199,1.99289169204
risk_basic,risk_basic_00262,713.160626058,1.57510461247
risk_basic,risk_basic_00263,796.617510366,1.02834558962
risk_basic,risk_basic_00264,662.151203556,2.26336429587
risk_basic,risk_basic_00265,520.758246346,1.95167772637
risk_basic,risk_basic_00266,907.180933436,2.48535295121
risk_basic,risk_basic_00267,1124.00097983,2.28222703145
risk_basic,risk_basic_00268,1137.21341874,2.30244909326
risk_basic,risk_basic_00269,594.034996424,1.13802963894
risk_basic,risk_basic_00270,838.786558288,2.09044061633
risk_basic,risk_basic_00271,739.705127296,2.68692150656
risk_basic,risk_basic_00272,1079.34906824,3.63312983335
risk_basic,risk_basic_00273,818.590909207,2.12525438198
risk_basic,risk_basic_00274,941.429711047,1.75526681306
risk_basic,risk_basic_00275,1190.70918189,3.17300810864
risk_basic,risk_basic_00276,808.108054254,2.20339163131
risk_basic,risk_basic_00277,1016.35177501,1.9039448737
risk_basic,risk_basic_00278,1080.03744282,1.91197390436
risk_basic,risk_basic_00279,625.294285253,0.74558702847
risk_basic,risk_basic_00280,1068.85783059,2.51022097187
risk_basic,risk_basic_00281,1060.59599655,2.64295630781
risk_basic,risk_basic_00282,1079.4909134,2.17472455692
risk_basic,risk_basic_00283,711.435059932,1.43688912103
risk_basic,risk_basic_00284,1085.59914933,3.04245106903
risk_basic,risk_basic_00285,778.96846889,1.89406347392
risk_basic,risk_basic_00286,758.796838126,1.58526742911
risk_basic,risk_basic_00287,799.467001247,1.77539991579
risk_basic,risk_basic_00288,725.112301858,2.38281588471
risk_basic,risk_basic_00289,684.828379352,2.16704159532
risk_basic,risk_basic_00290,928.336331113,0.942866232975
risk_basic,risk_basic_00291,750.437657961,1.71329084285
risk_basic,risk_basic_00292,1027.28437718,2.15561566234
risk_basic,risk_basic_00293,1098.08752777,2.52626991566
risk_basic,risk_basic_00294,532.001709689,1.51461912122
risk_basic,risk_basic_00295,987.47802486,2.58014968508
risk_basic,risk_basic_00296,544.346392873,1.55665836509
risk_basic,risk_basic_00297,1193.49843801,1.94518505262
risk_basic,risk_basic_00298,1142.39706735,2.96092140916
risk_basic,risk_basic_00299,501.500820069,0.812565030517
risk_basic,risk_basic_00300,1142.9151901,3.75448968754
risk_basic,risk_basic_00301,880.639741134,2.16575976129
risk_basic,risk_basic_00302,564.162744958,2.41463538563
risk_basic,risk_basic_00303,513.593426483,1.81957099707
risk_basic,risk_basic_00304,922.085839352,2.0008351739
risk_basic,risk_basic_00305,1094.53953477,2.37767145327
risk_basic,risk_basic_00306,863.141666354,1.65014157994
risk_basic,risk_basic_00307,748.265250935,1.87007223052
risk_basic,risk_basic_00308,795.281071621,1.2357632456
risk_basic,risk_basic_00309,533.680091153,1.79836603124
risk_basic,risk_basic_00310,891.647023409,1.59850896677
risk_basic,risk_basic_00311,828.171205021,1.03897644283
risk_basic,risk_basic_00312,666.733796489,2.14989299225
risk_basic,risk_basic_00313,508.773622911,1.66018267176
risk_basic,risk_basic_00314,950.332372293,3.00948068699
risk_basic,risk_basic_00315,959.05609719,2.51259381219
risk_basic,risk_basic_00316,756.853420319,2.10784758108
risk_basic,risk_basic_00317,686.953176295,2.38972069599
risk_basic,risk_basic_00318,534.750519846,1.58957746603
risk_basic,risk_basic_00319,736.558885024,1.58763879228
risk_basic,risk_basic_00320,702.787187007,1.87192833211
risk_basic,risk_basic_00321,647.37881624,1.463052265
risk_basic,risk_basic_00322,684.302836451,2.48765303907
risk_basic,risk_basic_00323,546.9909128,0.909433495386
risk_basic,risk_basic_00324,1062.30594018,2.85259392026
risk_basic,risk_basic_00325,994.649894611,3.01229942989
risk_basic,risk_basic_00326,570.546737864,1.43365567018
risk_basic,risk_basic_00327,936.06457138,2.04189894034
risk_basic,risk_basic_00328,873.936183864,1.1762349183
risk_basic,risk_basic_00329,648.267189759,1.1189962453
risk_basic,risk_basic_00330,627.539477085,1.05778778929
risk_basic,risk_basic_00331,600.874228859,1.69185806479
risk_basic,risk_basic_00332,641.467364036,2.09265531726
risk_basic,risk_basic_00333,1132.0516867,2.72656018007
risk_basic,risk_basic_00334,1073.22769147,2.36293962477
risk_basic,risk_basic_00335,834.200048386,1.99312873909
risk_basic,risk_basic_00336,1085.77686394,2.06684287748
risk_basic,risk_basic_00337,1017.25368378,2.67814425595
risk_basic,risk_basic_00338,553.183961239,1.98750955667
risk_basic,risk_basic_00339,979.741540351,1.96079685356
risk_basic,risk_basic_00340,637.336534799,1.59052170073
risk_basic,risk_basic_00341,726.958862849,2.33276216453
risk_basic,risk_basic_00342,870.314406668,1.78868157572
risk_basic,risk_basic_00343,1184.14333056,2.54745509408
risk_basic,risk_basic_00344,639.260709655,1.2364686734
risk_basic,risk_basic_00345,1005.08834596,1.81438513904
risk_basic,risk_basic_00346,935.935395676,0.948780237148
risk_basic,risk_basic_00347,878.559666976,1.69791989184
risk_basic,risk_basic_00348,864.812738766,2.01125494011
risk_basic,risk_basic_00349,907.694024914,1.34708687347
risk_basic,risk_basic_00350,1179.4201042,2.57740619674
risk_basic,risk_basic_00351,677.50970387,2.04960270596
risk_basic,risk_basic_00352,861.785979769,1.49293449323
risk_basic,risk_basic_00353,841.987103248,2.3128017541
risk_basic,risk_basic_00354,614.795245875,1.9098121806
risk_basic,risk_basic_00355,551.92372736,0.694035402089
risk_basic,risk_basic_00356,1148.52017726,2.12193514824
risk_basic,risk_basic_00357,725.549583747,3.10736791014
risk_basic,risk_basic_00358,924.585806943,1.6083108671
risk_basic,risk_basic_00359,1015.23918899,2.36737067301
risk_basic,risk_basic_00360,999.387151274,2.97683081081
risk_basic,risk_basic_00361,1052.95839595,2.06873875281
risk_basic,risk_basic_00362,1162.72339377,1.84947669195
risk_basic,risk_basic_00363,1013.78188142,2.26046473926
risk_basic,risk_basic_00364,879.460151758,1.4575719109
risk_basic,risk_basic_00365,799.054704132,1.68563749697
risk_basic,risk_basic_00366,1198.55121964,2.61328871048
risk_basic,risk_basic_00367,821.11261775,2.01358885102
risk_basic,risk_basic_00368,1079.72208372,1.93250157566
risk_basic,risk_basic_00369,1149.45270427,3.346412177
risk_basic,risk_basic_00370,700.097048826,0.736857199842
risk_basic,risk_basic_00371,715.835640484,1.31028770833
risk_basic,risk_basic_00372,897.743728895,2.13737163473
risk_basic,risk_basic_00373,1103.45995982,2.76129220914
risk_basic,risk_basic_00374,816.597139291,1.63094964673
risk_basic,risk_basic_00375,663.503514312,0.507151395602
risk_basic,risk_basic_00376,568.46633649,1.83206690516
risk_basic,risk_basic_00377,1182.69478645,2.4646890541
risk_basic,risk_basic_00378,707.240735916,1.88575389877
risk_basic,risk_basic_00379,958.815299409,2.28994023444
risk_basic,risk_basic_00380,805.736999696,2.7033765178
risk_basic,risk_basic_00381,972.454706854,1.70675894825
risk_basic,risk_basic_00382,627.340474465,1.80375460491
risk_basic,risk_basic_00383,625.341344615,1.88871473204
risk_basic,risk_basic_00384,1166.60880292,3.54406490561
risk_basic,risk_basic_00385,585.034433489,2.05223881043
risk_basic,risk_basic_00386,566.938058405,1.3917035733
risk_basic,risk_basic_00387,641.819797218,1.30376575657
risk_basic,risk_basic_00388,726.475438932,1.94547179912
risk_basic,risk_basic_00389,1172.54836385,2.95376281841
risk_basic,risk_basic_00390,961.438954915,3.06100746878
risk_basic,risk_basic_00391,554.19980753,1.65848706097
risk_basic,risk_basic_00392,1169.29117936,2.79718590091
risk_basic,risk_basic_00393,1033.81469616,2.25315402505
risk_basic,risk_basic_00394,522.82019299,2.24387626129
risk_basic,risk_basic_00395,624.361233523,1.73499287659
risk_basic,risk_basic_00396,550.147367179,2.5556916662
risk_basic,risk_basic_00397,839.487419648,2.30755776761
risk_basic,risk_basic_00398,1154.33707675,2.9377610186
risk_basic,risk_basic_00399,1034.31428787,1.1839114998
risk_basic,risk_basic_00400,976.221567327,2.69428039124
risk_basic,risk_basic_00401,1115.13281482,2.60619809888
risk_basic,risk_basic_00402,796.541212981,2.20350176548
risk_basic,risk_basic_00403,526.66980913,2.46189148124
risk_basic,risk_basic_00404,593.264459947,2.1322963302
risk_basic,risk_basic_00405,968.225132166,2.56885132294
risk_basic,risk_basic_00406,993.207041995,2.80573966084
risk_basic,risk_basic_00407,696.535964227,1.35768682015
risk_basic,risk_basic_00408,665.020618425,2.4645759436
risk_basic,risk_basic_00409,769.124112564,2.18403459479
risk_basic,risk_basic_00410,610.291229759,2.01316403272
risk_basic,risk_basic_00411,590.508475939,2.64399856174
risk_basic,risk_basic_00412,1058.97393296,2.50873468285
risk_basic,risk_basic_00413,823.474226478,1.48540867915
risk_basic,risk_basic_00414,788.187145313,2.31099445351
risk_basic,risk_basic_00415,917.876509711,1.77526763341
risk_basic,risk_basic_00416,1065.96908572,2.65554186914
risk_basic,risk_basic_00417,1120.51516394,2.28682570392
risk_basic,risk_basic_00418,838.448238999,2.86222769052
risk_basic,risk_basic_00419,705.06202799,1.80660336917
risk_basic,risk_basic_00420,621.096680896,1.58689554762
risk_basic,risk_basic_00421,1179.31257995,1.85002543786
risk_basic,risk_basic_00422,1104.46959801,2.44264364313
risk_basic,risk_basic_00423,518.177649858,2.16759969019
risk_basic,risk_basic_00424,607.283347417,1.71360252985
risk_basic,risk_basic_00425,578.901549123,1.33844593409
risk_basic,risk_basic_00426,1034.33987149,2.07632880056
risk_basic,risk_basic_00427,908.280608853,2.22919714677
risk_basic,risk_basic_00428,542.045333604,1.51800164725
risk_basic,risk_basic_00429,523.833821997,1.32984916092
risk_basic,risk_basic_00430,1196.30505959,2.23472785132
risk_basic,risk_basic_00431,884.838396767,3.08144378691
risk_basic,risk_basic_00432,581.181522774,1.71937559788
risk_basic,risk_basic_00433,1177.44557536,2.89927253036
risk_basic,risk_basic_00434,981.090017073,2.08093186248
risk_basic,risk_basic_00435,797.486965686,1.50513274364
risk_basic,risk_basic_00436,1001.68621278,2.53752528936
risk_basic,risk_basic_00437,934.494743428,1.73182049148
risk_basic,risk_basic_00438,855.011763628,2.06475971215
risk_basic,risk_basic_00439,637.539499808,1.417557205
risk_basic,risk_basic_00440,643.430742788,3.06103788328
risk_basic,risk_basic_00441,1117.61323046,2.94167819972
risk_basic,risk_basic_00442,643.013315062,1.86872287458
risk_basic,risk_basic_00443,1164.87483594,2.59789900195
risk_basic,risk_basic_00444,675.375075029,1.88796253303
risk_basic,risk_basic_00445,789.40561934,1.87852049314
risk_basic,risk_basic_00446,505.923473166,1.29772270926
risk_basic,risk_basic_00447,790.739347012,2.02941314311
risk_basic,risk_basic_00448,993.741865851,2.35415400262
risk_basic,risk_basic_00449,1083.70064309,2.98857913826
risk_basic,risk_basic_00450,560.397858943,0.96547410365
risk_basic,risk_basic_00451,665.53629426,1.7568184343
risk_basic,risk_basic_00452,652.974984112,1.73008366248
risk_basic,risk_basic_00453,568.807701803,1.69071094318
risk_basic,risk_basic_00454,1192.11568102,3.30261327939
risk_basic,risk_basic_00455,835.918603988,1.86347449209
risk_basic,risk_basic_00456,835.348962855,2.20272132688
risk_basic,risk_basic_00457,626.144202377,1.60370509269
risk_basic,risk_basic_00458,730.604167178,2.17418487118
risk_basic,risk_basic_00459,740.365465793,2.47404028331
risk_basic,risk_basic_00460,508.735550219,1.82718544441
risk_basic,risk_basic_00461,655.394902749,1.73157834599
risk_basic,risk_basic_00462,665.719278985,2.17564710098
risk_basic,risk_basic_00463,1007.911114,3.03511131013
risk_basic,risk_basic_00464,794.048655375,2.12510855938
risk_basic,risk_basic_00465,599.555982162,1.96114198511
risk_basic,risk_basic_00466,891.65507533,1.609806836
risk_basic,risk_basic_00467,703.192101726,2.07131676151
risk_basic,risk_basic_00468,1048.17184279,2.9340799754
risk_basic,risk_basic_00469,940.163282541,2.46956959438
risk_basic,risk_basic_00470,576.130196209,1.53956684657
risk_basic,risk_basic_00471,879.544799884,1.70310747741
risk_basic,risk_basic_00472,614.703642635,1.67663304636
risk_basic,risk_basic_00473,586.587462506,1.85116907132
risk_basic,risk_basic_00474,605.539352278,2.21294990339
risk_basic,risk_basic_00475,526.567799415,2.09018472624
risk_basic,risk_basic_00476,637.568839069,2.37186889438
risk_basic,risk_basic_00477,657.710993442,1.36979764478
risk_basic,risk_basic_00478,1020.64369181,3.36873954047
risk_basic,risk_basic_00479,1080.48515148,2.70558086106
risk_basic,risk_basic_00480,864.441485021,1.02956513533
risk_basic,risk_basic_00481,530.258351175,1.38663780743
risk_basic,risk_basic_00482,1040.18469567,3.22182816847
risk_basic,risk_basic_00483,953.883880424,1.657819313
risk_basic,risk_basic_00484,1027.79465731,2.70821514875
risk_basic,risk_basic_00485,686.094841581,1.941604845
risk_basic,risk_basic_00486,700.39151392,0.808335128246
risk_basic,risk_basic_00487,549.084229852,0.952616102848
risk_basic,risk_basic_00488,674.933278391,1.13037173921
risk_basic,risk_basic_00489,762.87773979,1.50614416467
risk_basic,risk_basic_00490,1179.12951539,3.06206028508
risk_basic,risk_basic_00491,735.571873895,1.88972860258
risk_basic,risk_basic_00492,887.505270021,2.13015344424
risk_basic,risk_basic_00493,1026.60444328,2.90258100335
risk_basic,risk_basic_00494,1156.19004496,2.07352736375
risk_basic,risk_basic_00495,548.593321146,1.56835351269
risk_basic,risk_basic_00496,573.932372405,1.70000007445
risk_basic,risk_basic_00497,787.586461984,1.63575313896
risk_basic,risk_basic_00498,883.930638917,1.91628694316
risk_basic,risk_basic_00499,581.765249574,1.40659948718
risk_basic,risk_basic_00500,1067.44911889,3.18013510604
risk_basic,risk_basic_00501,515.885760464,2.2727784824
risk_basic,risk_basic_00502,1081.5630595,1.87849785425
risk_basic,risk_basic_00503,609.296747847,1.39537934448
risk_basic,risk_basic_00504,530.85207778,1.06847608101
risk_basic,risk_basic_00505,1140.04075119,3.22216639055
risk_basic,risk_basic_00506,801.059396441,2.09904573443
risk_basic,risk_basic_00507,1140.22932561,1.68457353727
risk_basic,risk_basic_00508,1128.8020328,2.37934176242
risk_basic,risk_basic_00509,985.825716177,2.58354386515
risk_basic,risk_basic_00510,699.053315035,2.07705731866
risk_basic,risk_basic_00511,1049.09413283,2.46196926618
risk_basic,risk_basic_00512,887.04791483,2.02171450015
risk_basic,risk_basic_00513,935.103453245,1.46156453115
risk_basic,risk_basic_00514,868.845927373,2.51232145456
risk_basic,risk_basic_00515,556.866650984,1.73241354541
risk_basic,risk_basic_00516,682.139357492,1.77657725603
risk_basic,risk_basic_00517,552.173955714,2.29259219583
risk_basic,risk_basic_00518,1191.20282275,2.65073920953
risk_basic,risk_basic_00519,592.366971088,1.70030539546
risk_basic,risk_basic_00520,1007.37508132,2.28347646264
risk_basic,risk_basic_00521,706.553336238,1.69340226059
risk_basic,risk_basic_00522,1018.23466863,1.88250444701
risk_basic,risk_basic_00523,696.060380827,1.61245028714
risk_basic,risk_basic_00524,1141.88920444,2.84821901962
risk_basic,risk_basic_00525,874.27540171,2.05391660537
risk_basic,risk_basic_00526,1133.63609723,3.01409621692
risk_basic,risk_basic_00527,1078.47067455,3.13103464259
risk_basic,risk_basic_00528,682.515943506,2.69253210546
risk_basic,risk_basic_00529,1077.09288597,3.11063447285
risk_basic,risk_basic_00530,886.860711714,1.30776941222
risk_basic,risk_basic_00531,870.061579926,1.63354625525
risk_basic,risk_basic_00532,777.803039926,1.8566238574
risk_basic,risk_basic_00533,606.619063312,2.34423735272
risk_basic,risk_basic_00534,887.105107633,1.3883732721
risk_basic,risk_basic_00535,834.74147372,2.23538380424
risk_basic,risk_basic_00536,935.202281728,1.19205334857
risk_basic,risk_basic_00537,1148.43500652,2.4837367011
risk_basic,risk_basic_00538,976.605399006,2.38848905778
risk_basic,risk_basic_00539,1011.42461369,2.41587642801
risk_basic,risk_basic_00540,507.710126649,2.40399474484
risk_basic,risk_basic_00541,518.03566905,2.07559675836
risk_basic,risk_basic_00542,558.716421762,1.5121514933
risk_basic,risk_basic_00543,804.35271366,1.63743620962
risk_basic,risk_basic_00544,609.74548786,0.720002046391
risk_basic,risk_basic_00545,855.401557924,1.70606623553
risk_basic,risk_basic_00546,1116.99878998,1.76784792997
risk_basic,risk_basic_00547,1028.77030019,2.07699186869
risk_basic,risk_basic_00548,705.65562886,1.49001314949
risk_basic,risk_basic_00549,972.695147299,2.11440643365
risk_basic,risk_basic_00550,1094.75369036,3.17434431548
risk_basic,risk_basic_00551,948.232979636,1.47812573041
risk_basic,risk_basic_00552,935.646907589,3.00846696559
risk_basic,risk_basic_00553,1139.14315095,2.7117595995
risk_basic,risk_basic_00554,664.730044529,1.16982585216
risk_basic,risk_basic_00555,954.695312794,1.2834147977
risk_basic,risk_basic_00556,614.438707622,1.98482302735
risk_basic,risk_basic_00557,651.869599377,1.96508342591
risk_basic,risk_basic_00558,832.641061635,2.16735746598
risk_basic,risk_basic_00559,989.479616602,2.94385066234
risk_basic,risk_basic_00560,823.653489954,1.36149268004
risk_basic,risk_basic_00561,1019.81426051,2.67985838914
risk_basic,risk_basic_00562,1131.47794657,1.67585740108
risk_basic,risk_basic_00563,856.744807667,1.74633781801
risk_basic,risk_basic_00564,705.82992086,1.53285673049
risk_basic,risk_basic_00565,1146.08440025,2.57488851691
risk_basic,risk_basic_00566,621.913312339,1.33247953504
risk_basic,risk_basic_00567,1136.7632821,2.36865540081
risk_basic,risk_basic_00568,847.853631136,1.38036705666
risk_basic,risk_basic_00569,1027.18660184,1.21524509291
risk_basic,risk_basic_00570,536.427498241,1.76779127309
risk_basic,risk_basic_00571,1090.32626909,3.04750457615
risk_basic,risk_basic_00572,512.102076789,0.638682445617
risk_basic,risk_basic_00573,500.956871219,2.38608182918
risk_basic,risk_basic_00574,750.241357936,1.59515831404
risk_basic,risk_basic_00575,744.708540647,2.7014476734
risk_basic,risk_basic_00576,734.157955336,1.57865893385
risk_basic,risk_basic_00577,1189.85479662,1.88905719533
risk_basic,risk_basic_00578,749.966102891,2.08967476432
risk_basic,risk_basic_00579,1067.56885128,2.94331263819
risk_basic,risk_basic_00580,1136.45723258,2.31733456644
risk_basic,risk_basic_00581,543.401524355,2.49454300933
risk_basic,risk_basic_00582,706.557965564,2.89347863633
risk_basic,risk_basic_00583,1171.3321823,3.15756538225
risk_basic,risk_basic_00584,529.110781618,1.53635917701
risk_basic,risk_basic_00585,832.59888741,2.11132872828
risk_basic,risk_basic_00586,1094.63149322,2.79523315677
risk_basic,risk_basic_00587,920.144803015,1.82108093759
risk_basic,risk_basic_00588,883.54526508,1.93937300177
risk_basic,risk_basic_00589,623.899515001,2.84106948602
risk_basic,risk_basic_00590,1115.32483366,2.10238889535
risk_basic,risk_basic_00591,567.952299693,2.20743412749
risk_basic,risk_basic_00592,656.75013191,1.91854811934
risk_basic,risk_basic_00593,985.374857234,2.75743346329
risk_basic,risk_basic_00594,1014.85839133,2.17461845708
risk_basic,risk_basic_00595,560.258517685,2.39432810786
risk_basic,risk_basic_00596,1185.79044261,3.62524751244
risk_basic,risk_basic_00597,522.24347795,1.19776996081
risk_basic,risk_basic_00598,746.193335324,1.17516840392
risk_basic,risk_basic_00599,1156.935438,3.68718439582
risk_basic,risk_basic_00600,599.765870558,1.9152877972
risk_basic,risk_basic_00601,733.178050164,1.48244645343
risk_basic,risk_basic_00602,1167.44513386,2.91501946813
risk_basic,risk_basic_00603,838.622048716,1.28162069162
risk_basic,risk_basic_00604,733.4631899,1.84180288078
risk_basic,risk_basic_00605,889.74843504,1.93538225233
risk_basic,risk_basic_00606,680.944313187,2.23768434622
risk_basic,risk_basic_00607,515.489962559,1.94262396312
risk_basic,risk_basic_00608,727.01703503,1.83664604749
risk_basic,risk_basic_00609,634.883552306,1.43940082856
risk_basic,risk_basic_00610,1012.26069887,2.24108099327
risk_basic,risk_basic_00611,1054.87669778,2.91774091329
risk_basic,risk_basic_00612,918.886249424,1.57648870188
risk_basic,risk_basic_00613,1177.59118687,3.04994295862
risk_basic,risk_basic_00614,1088.60708322,2.4037524817
risk_basic,risk_basic_00615,1057.1171136,3.01673832902
risk_basic,risk_basic_00616,887.164913846,1.27463758143
risk_basic,risk_basic_00617,1080.42576436,3.29685855902
risk_basic,risk_basic_00618,647.319381559,2.78390502383
risk_basic,risk_basic_00619,733.003502353,1.69903354767
risk_basic,risk_basic_00620,931.745465679,2.52965872958
risk_basic,risk_basic_00621,509.759716439,1.30886850714
risk_basic,risk_basic_00622,858.203628505,2.01830803918
risk_basic,risk_basic_00623,794.295677733,2.45333625905
risk_basic,risk_basic_00624,1075.95811689,2.13824071287
risk_basic,risk_basic_00625,578.781695389,1.80092337205
risk_basic,risk_basic_00626,730.120349033,0.752541040525
risk_basic,risk_basic_00627,579.452538836,2.34601386091
risk_basic,risk_basic_00628,948.174972955,2.71782566948
risk_basic,risk_basic_00629,890.381834498,2.11107851417
risk_basic,risk_basic_00630,790.4425925,2.05675372754
risk_basic,risk_basic_00631,766.033895209,1.80678933267
risk_basic,risk_basic_00632,907.470225982,1.60255820502
risk_basic,risk_basic_00633,834.148523043,2.65424159928
risk_basic,risk_basic_00634,1041.87436152,3.11263492504
risk_basic,risk_basic_00635,1049.25497769,3.38191125989
risk_basic,risk_basic_00636,595.442282646,1.38759415834
risk_basic,risk_basic_00637,984.376054871,2.58536967034
risk_basic,risk_basic_00638,501.813000784,2.18507416756
risk_basic,risk_basic_00639,1005.5753316,1.74484617071
risk_basic,risk_basic_00640,1037.79375279,1.92545045395
risk_basic,risk_basic_00641,1083.94459231,2.31234346414
risk_basic,risk_basic_00642,632.895786723,1.82995114115
risk_basic,risk_basic_00643,843.91384217,1.31567901961
risk_basic,risk_basic_00644,507.422270065,1.52821528518
risk_basic,risk_basic_00645,973.014176642,2.43599451852
risk_basic,risk_basic_00646,1118.04842705,2.77079334745
risk_basic,risk_basic_00647,592.865783109,0.94559678337
risk_basic,risk_basic_00648,816.897524208,1.56343345233
risk_basic,risk_basic_00649,759.332697824,1.49916358124
risk_basic,risk_basic_00650,996.750226484,3.0908062573
risk_basic,risk_basic_00651,603.503961426,1.89110787295
risk_basic,risk_basic_00652,621.248220082,0.667865065013
risk_basic,risk_basic_00653,693.727416392,1.33254961134
risk_basic,risk_basic_00654,900.226434198,2.78134846075
risk_basic,risk_basic_00655,628.88317292,2.1763850564
risk_basic,risk_basic_00656,1167.57249722,3.37451708446
risk_basic,risk_basic_00657,967.278835974,2.93205015161
risk_basic,risk_basic_00658,576.471935965,1.76112769605
risk_basic,risk_basic_00659,698.399185841,1.77626004591
risk_basic,risk_basic_00660,840.344137394,1.83868874569
risk_basic,risk_basic_00661,621.037188612,1.43667312988
risk_basic,risk_basic_00662,691.911597236,2.22163322842
risk_basic,risk_basic_00663,795.863526796,2.10094512348
risk_basic,risk_basic_00664,665.562214956,1.97511494891
risk_basic,risk_basic_00665,1041.91984405,2.46799342369
risk_basic,risk_basic_00666,602.550786711,1.78802710128
risk_basic,risk_basic_00667,996.44230201,2.66680316086
risk_basic,risk_basic_00668,638.954689128,2.39232618282
risk_basic,risk_basic_00669,949.945026855,1.19129915291
risk_basic,risk_basic_00670,1085.80079898,3.11137968261
risk_basic,risk_basic_00671,1157.95850493,2.18566447293
risk_basic,risk_basic_00672,821.012036762,1.60726965916
risk_basic,risk_basic_00673,615.502135489,1.75743680264
risk_basic,risk_basic_00674,678.32986651,2.01647131896
risk_basic,risk_basic_00675,502.111830983,3.12428763188
risk_basic,risk_basic_00676,692.273087248,1.60044208902
risk_basic,risk_basic_00677,837.320786976,2.99265559017
risk_basic,risk_basic_00678,606.641017082,1.74726130119
risk_basic,risk_basic_00679,830.578737932,1.37532719234
risk_basic,risk_basic_00680,1058.87819646,3.31807770825
risk_basic,risk_basic_00681,1089.48902357,2.35893865864
risk_basic,risk_basic_00682,603.920643214,2.95786016666
risk_basic,risk_basic_00683,1051.35695976,1.48965690634
risk_basic,risk_basic_00684,931.443185645,2.03593690593
risk_basic,risk_basic_00685,686.420644441,2.10932842605
risk_basic,risk_basic_00686,597.168174178,2.44362885573
risk_basic,risk_basic_00687,1000.522533,2.13051020485
risk_basic,risk_basic_00688,796.717466909,2.17108313641
risk_basic,risk_basic_00689,616.989501765,1.85725053531
risk_basic,risk_basic_00690,1063.45757183,1.72818075711
risk_basic,risk_basic_00691,1063.56919921,2.32173324423
risk_basic,risk_basic_00692,568.52020753,1.57173602367
risk_basic,risk_basic_00693,1040.15148464,3.65750716779
risk_basic,risk_basic_00694,633.653950284,1.73361562735
risk_basic,risk_basic_00695,814.754314203,1.81549216195
risk_basic,risk_basic_00696,587.233378224,1.23328605577
risk_basic,risk_basic_00697,656.019358147,1.39393060847
risk_basic,risk_basic_00698,751.988088773,1.90204655042
risk_basic,risk_basic_00699,946.533653794,2.41162047608
risk_basic,risk_basic_00700,555.568769447,1.45687174505
risk_basic,risk_basic_00701,939.350418802,2.69288495981
risk_basic,risk_basic_00702,849.988969435,1.7276739345
risk_basic,risk_basic_00703,866.402812474,2.47342323828
risk_basic,risk_basic_00704,646.831489773,1.98338161253
risk_basic,risk_basic_00705,766.508866289,2.24002277512
risk_basic,risk_basic_00706,509.242170958,1.17674681803
risk_basic,risk_basic_00707,784.999213898,2.59201240834
risk_basic,risk_basic_00708,745.516398244,1.95058097105
risk_basic,risk_basic_00709,1077.86061397,2.43172334854
risk_basic,risk_basic_00710,1019.83232018,2.22612062624
risk_basic,risk_basic_00711,509.063124062,1.61688738439
risk_basic,risk_basic_00712,859.5939763,2.28527502182
risk_basic,risk_basic_00713,883.465310959,1.30838882889
risk_basic,risk_basic_00714,610.093229498,1.29774136048
risk_basic,risk_basic_00715,626.202809164,1.73854163699
risk_basic,risk_basic_00716,784.335154809,1.56292987954
risk_basic,risk_basic_00717,997.506260112,2.37895076476
risk_basic,risk_basic_00718,551.374905966,0.654183209947
risk_basic,risk_basic_00719,950.181768403,2.79637378883
risk_basic,risk_basic_00720,934.820439487,1.92814663868
risk_basic,risk_basic_00721,596.398766145,0.344431697962
risk_basic,risk_basic_00722,1174.42816735,1.87388483062
risk_basic,risk_basic_00723,900.070426306,1.67365588061
risk_basic,risk_basic_00724,789.770886922,1.38742689996
risk_basic,risk_basic_00725,1073.09744619,2.72186348327
risk_basic,risk_basic_00726,683.675937575,1.81736356934
risk_basic,risk_basic_00727,794.624772964,0.195644147008
risk_basic,risk_basic_00728,1002.54368136,1.91938580999
risk_basic,risk_basic_00729,963.730140301,1.71244473167
risk_basic,risk_basic_00730,1074.7610359,1.56458959518
risk_basic,risk_basic_00731,649.850349885,2.15158859314
risk_basic,risk_basic_00732,779.676314537,2.29254036165
risk_basic,risk_basic_00733,972.003901949,2.29830134738
risk_basic,risk_basic_00734,580.214189948,2.06974394793
risk_basic,risk_basic_00735,835.897257994,2.80190787951
risk_basic,risk_basic_00736,677.124855623,2.84795033307
risk_basic,risk_basic_00737,802.188838498,1.66999643193
risk_basic,risk_basic_00738,867.07711707,2.75708098362
risk_basic,risk_basic_00739,693.324337637,1.72759649458
risk_basic,risk_basic_00740,1068.92300985,2.10895706413
risk_basic,risk_basic_00741,926.956800331,2.2196002213
risk_basic,risk_basic_00742,758.861837504,1.56833595734
risk_basic,risk_basic_00743,1168.57267154,3.04556245644
risk_basic,risk_basic_00744,1096.76141592,2.42968939183
risk_basic,risk_basic_00745,503.641472038,1.45400815336
risk_basic,risk_basic_00746,677.842979104,1.39851583534
risk_basic,risk_basic_00747,806.759796286,2.17392618734
risk_basic,risk_basic_00748,573.250624193,2.56396739737
risk_basic,risk_basic_00749,735.238391119,0.606668909753
risk_basic,risk_basic_00750,755.993383809,2.01450714265
risk_basic,risk_basic_00751,980.812199258,1.89843443923
risk_basic,risk_basic_00752,825.134977244,2.68200531035
risk_basic,risk_basic_00753,567.121195372,1.52939788888
risk_basic,risk_basic_00754,632.796416461,0.800816191199
risk_basic,risk_basic_00755,1049.76152539,2.26546327941
risk_basic,risk_basic_00756,726.005757997,1.21522953437
risk_basic,risk_basic_00757,1075.09927042,2.71635837731
risk_basic,risk_basic_00758,1106.03376854,2.55211620118
risk_basic,risk_basic_00759,964.10961817,2.37866475516
risk_basic,risk_basic_00760,783.336745522,1.40208945666
risk_basic,risk_basic_00761,703.415197994,2.80671735959
risk_basic,risk_basic_00762,654.629933296,0.00406338504881
risk_basic,risk_basic_00763,696.397921677,1.88057035842
risk_basic,risk_basic_00764,917.206148352,1.59655951116
risk_basic,risk_basic_00765,803.278383063,1.98161913368
risk_basic,risk_basic_00766,712.995733377,2.69038470488
risk_basic,risk_basic_00767,958.84433279,1.96277591724
risk_basic,risk_basic_00768,1029.28637628,2.25071082087
risk_basic,risk_basic_00769,795.041040635,1.92195117022
risk_basic,risk_basic_00770,1164.8875056,3.39171773945
risk_basic,risk_basic_00771,773.719325556,2.82501595459
risk_basic,risk_basic_00772,1176.55216819,2.45797715203
risk_basic,risk_basic_00773,723.533504389,1.11324329294
risk_basic,risk_basic_00774,1180.06853077,3.27334540427
risk_basic,risk_basic_00775,1142.77277133,2.35823238599
risk_basic,risk_basic_00776,923.47109563,1.31015753723
risk_basic,risk_basic_00777,1052.63920044,2.14241624926
risk_basic,risk_basic_00778,512.644779213,1.70841022527
risk_basic,risk_basic_00779,813.229729586,1.51226041387
risk_basic,risk_basic_00780,1073.05942999,3.0364671146
risk_basic,risk_basic_00781,985.147754579,2.80244616326
risk_basic,risk_basic_00782,724.259216545,3.0110378118
risk_basic,risk_basic_00783,784.047272063,2.26960379867
risk_basic,risk_basic_00784,817.71601567,1.09084620019
risk_basic,risk_basic_00785,1097.86501804,2.84362522658
risk_basic,risk_basic_00786,610.372520584,2.80334598658
risk_basic,risk_basic_00787,1156.64427968,3.14463618303
risk_basic,risk_basic_00788,842.054431083,1.43858785387
risk_basic,risk_basic_00789,648.154572035,2.2651070926
risk_basic,risk_basic_00790,587.629490813,1.78570223179
risk_basic,risk_basic_00791,1140.69266104,2.27175871768
risk_basic,risk_basic_00792,861.285038176,0.740446493356
risk_basic,risk_basic_00793,726.5764208,1.85139746266
risk_basic,risk_basic_00794,827.641761296,2.02050102309
risk_basic,risk_basic_00795,961.619143844,1.72819042834
risk_basic,risk_basic_00796,1160.70882828,2.78389746271
risk_basic,risk_basic_00797,679.631502318,1.77867000895
risk_basic,risk_basic_00798,655.261292649,2.00614491818
risk_basic,risk_basic_00799,586.446513641,1.03854509414
risk_basic,risk_basic_00800,1006.14590121,2.64390011135
risk_basic,risk_basic_00801,1075.48392969,3.08501392169
risk_basic,risk_basic_00802,1021.18549835,2.43922598003
risk_basic,risk_basic_00803,711.167734352,2.19057002749
risk_basic,risk_basic_00804,995.557953329,2.43286051286
risk_basic,risk_basic_00805,520.168716179,1.06467564997
risk_basic,risk_basic_00806,1191.98605509,2.53881818455
risk_basic,risk_basic_00807,676.538097602,1.98535964403
risk_basic,risk_basic_00808,1092.17118622,2.71078741656
risk_basic,risk_basic_00809,768.826426083,2.64529073053
risk_basic,risk_basic_00810,1008.50491388,2.343877623
risk_basic,risk_basic_00811,704.993807718,1.70638735283
risk_basic,risk_basic_00812,924.952342619,1.5627630305
risk_basic,risk_basic_00813,1130.16813853,2.49928772291
risk_basic,risk_basic_00814,642.947154892,2.26316174831
risk_basic,risk_basic_00815,1066.61910152,1.88964570808
risk_basic,risk_basic_00816,1091.54640935,2.67978926596
risk_basic,risk_basic_00817,991.297913576,2.88696709597
risk_basic,risk_basic_00818,523.537247303,2.62123255184
risk_basic,risk_basic_00819,1139.75760974,2.52710327456
risk_basic,risk_basic_00820,504.490910622,0.791125886208
risk_basic,risk_basic_00821,1118.31092062,3.26498648343
risk_basic,risk_basic_00822,716.233056648,1.75065752219
risk_basic,risk_basic_00823,1040.75676731,1.88907515163
risk_basic,risk_basic_00824,518.441380198,1.73950021334
risk_basic,risk_basic_00825,1023.73574518,2.39040682478
risk_basic,risk_basic_00826,1051.76758199,2.46254682615
risk_basic,risk_basic_00827,561.473993129,1.5009770924
risk_basic,risk_basic_00828,663.627814332,2.26991150119
risk_basic,risk_basic_00829,794.61239417,2.69704068995
risk_basic,risk_basic_00830,742.267975504,1.75171189302
risk_basic,risk_basic_00831,898.794920416,2.82337757657
risk_basic,risk_basic_00832,1131.08625657,2.74416108841
risk_basic,risk_basic_00833,549.997165462,1.54946276201
risk_basic,risk_basic_00834,660.639350546,1.97181780887
risk_basic,risk_basic_00835,1013.96387241,2.21648041426
risk_basic,risk_basic_00836,774.421609933,2.2253830211
risk_basic,risk_basic_00837,1006.07500013,2.29801170467
risk_basic,risk_basic_00838,968.490156999,2.60536103684
risk_basic,risk_basic_00839,1188.65853163,3.32841052537
risk_basic,risk_basic_00840,1149.41713267,2.29186851753
risk_basic,risk_basic_00841,1094.14853657,2.36550429916
risk_basic,risk_basic_00842,725.602458851,1.85187524113
risk_basic,risk_basic_00843,647.393967027,1.59472668377
risk_basic,risk_basic_00844,808.710997661,1.3455303786
risk_basic,risk_basic_00845,622.99229286,1.832547104
risk_basic,risk_basic_00846,1059.81548458,3.08556304287
risk_basic,risk_basic_00847,694.965015446,2.30002614592
risk_basic,risk_basic_00848,1064.14114543,2.55788770715
risk_basic,risk_basic_00849,1007.53463118,2.84341437049
risk_basic,risk_basic_00850,789.328679679,2.68777710499
risk_basic,risk_basic_00851,668.539090523,1.75435026476
risk_basic,risk_basic_00852,784.258505545,2.15171135403
risk_basic,risk_basic_00853,1145.74928796,2.99895985761
risk_basic,risk_basic_00854,569.384034335,1.54249046864
risk_basic,risk_basic_00855,975.676397039,2.89917954872
risk_basic,risk_basic_00856,814.213638827,1.71309253187
risk_basic,risk_basic_00857,518.837982698,1.31381230927
risk_basic,risk_basic_00858,767.201001375,1.77909542852
risk_basic,risk_basic_00859,852.984877697,1.87361156792
risk_basic,risk_basic_00860,1112.9636103,3.20195678459
risk_basic,risk_basic_00861,983.037408288,1.69744598854
risk_basic,risk_basic_00862,953.959499651,2.3576145854
risk_basic,risk_basic_00863,656.135605593,1.92935177127
risk_basic,risk_basic_00864,518.651425807,1.1134060892
risk_basic,risk_basic_00865,745.671912845,2.27305151438
risk_basic,risk_basic_00866,738.955138372,1.49839546167
risk_basic,risk_basic_00867,1191.86845342,2.73843522234
risk_basic,risk_basic_00868,1052.40183805,1.47536702579
risk_basic,risk_basic_00869,563.729069978,1.84201965264
risk_basic,risk_basic_00870,789.182873651,1.93664491247
risk_basic,risk_basic_00871,1059.36199769,2.36337649925
risk_basic,risk_basic_00872,509.484505965,1.77739584027
risk_basic,risk_basic_00873,846.721571757,2.5569882397
risk_basic,risk_basic_00874,868.278267471,1.5278256418
risk_basic,risk_basic_00875,699.231388436,2.06704988336
risk_basic,risk_basic_00876,814.174891511,1.1940394084
risk_basic,risk_basic_00877,868.266368992,1.9878823794
risk_basic,risk_basic_00878,829.59284174,1.60763198749
risk_basic,risk_basic_00879,1004.52296831,2.64980597613
risk_basic,risk_basic_00880,571.551615133,1.71240100565
risk_basic,risk_basic_00881,905.999125356,1.97153076025
risk_basic,risk_basic_00882,1176.64557398,4.1171740061
risk_basic,risk_basic_00883,1100.31941161,2.56018707756
risk_basic,risk_basic_00884,920.877299361,2.1821651375
risk_basic,risk_basic_00885,1078.10147204,2.69592563365
risk_basic,risk_basic_00886,1122.86887388,2.39532870957
risk_basic,risk_basic_00887,600.826679706,1.64344884837
risk_basic,risk_basic_00888,1101.42516341,3.51114925578
risk_basic,risk_basic_00889,584.821243918,1.61129253344
risk_basic,risk_basic_00890,586.887793013,1.50337769944
risk_basic,risk_basic_00891,840.374700108,1.94303889408
risk_basic,risk_basic_00892,653.560327738,1.34665064364
risk_basic,risk_basic_00893,1058.81715824,1.97610234957
risk_basic,risk_basic_00894,653.896467826,1.47042952475
risk_basic,risk_basic_00895,596.744897739,1.5014671141
risk_basic,risk_basic_00896,1049.11717137,2.99132970207
risk_basic,risk_basic_00897,774.897793342,2.17934839801
risk_basic,risk_basic_00898,1039.57692402,2.19897742853
risk_basic,risk_basic_00899,726.966480059,1.34926762904
risk_basic,risk_basic_00900,1062.87603352,2.91329212889
risk_basic,risk_basic_00901,1041.69083123,3.39965984397
risk_basic,risk_basic_00902,938.943158074,2.81844204362
risk_basic,risk_basic_00903,1090.83122568,2.06700851301
risk_basic,risk_basic_00904,1101.68886001,2.09061085876
risk_basic,risk_basic_00905,936.171370712,2.93949789587
risk_basic,risk_basic_00906,548.383176333,1.8618114884
risk_basic,risk_basic_00907,714.774110128,1.59118591957
risk_basic,risk_basic_00908,1020.28504851,2.51412004969
risk_basic,risk_basic_00909,891.92335163,1.20532188687
risk_basic,risk_basic_00910,869.500082944,1.56535927814
risk_basic,risk_basic_00911,858.577334895,1.75964999598
risk_basic,risk_basic_00912,777.870387777,2.10465158831
risk_basic,risk_basic_00913,928.438898239,2.38753067216
risk_basic,risk_basic_00914,740.34555242,1.45415894808
risk_basic,risk_basic_00915,674.197709598,1.63371344022
risk_basic,risk_basic_00916,785.754429152,1.85560385189
risk_basic,risk_basic_00917,1113.72785074,2.51448741441
risk_basic,risk_basic_00918,694.015854274,1.45732443425
risk_basic,risk_basic_00919,1029.18435527,2.06457071749
risk_basic,risk_basic_00920,1135.28085391,2.16460566461
risk_basic,risk_basic_00921,564.567462968,1.73925784529
risk_basic,risk_basic_00922,1188.31675364,3.10206311002
risk_basic,risk_basic_00923,781.061513427,2.63301772388
risk_basic,risk_basic_00924,651.630779289,1.46235015964
risk_basic,risk_basic_00925,651.216786356,1.8966971742
risk_basic,risk_basic_00926,568.4513507,2.2556695541
risk_basic,risk_basic_00927,913.835296131,2.05326217107
risk_basic,risk_basic_00928,873.099702897,1.97960587578
risk_basic,risk_basic_00929,821.929791477,1.28267849106
risk_basic,risk_basic_00930,517.902296823,1.64086645865
risk_basic,risk_basic_00931,1145.41610056,2.62382303319
risk_basic,risk_basic_00932,896.387312278,1.31734257807
risk_basic,risk_basic_00933,542.331753034,1.96017151487
risk_basic,risk_basic_00934,530.334016206,1.94215277365
risk_basic,risk_basic_00935,646.768027077,1.34063549375
risk_basic,risk_basic_00936,936.873228799,2.14791415389
risk_basic,risk_basic_00937,929.619842021,1.87374846528
risk_basic,risk_basic_00938,660.128676091,1.62090829545
risk_basic,risk_basic_00939,631.201383058,1.61439370604
risk_basic,risk_basic_00940,901.604896442,2.5229975872
risk_basic,risk_basic_00941,1157.31174389,2.04809604907
risk_basic,risk_basic_00942,747.818431229,1.63147353449
risk_basic,risk_basic_00943,961.928918992,2.48389799636
risk_basic,risk_basic_00944,872.06731215,1.46784207708
risk_basic,risk_basic_00945,1106.33115067,2.46559688361
risk_basic,risk_basic_00946,1181.46948625,3.11689373427
risk_basic,risk_basic_00947,898.701177421,1.355102659
risk_basic,risk_basic_00948,675.272090685,0.932067012345
risk_basic,risk_basic_00949,605.550473413,1.88211942666
risk_basic,risk_basic_00950,886.540568113,1.94474481518
risk_basic,risk_basic_00951,1157.24886279,2.86137132699
risk_basic,risk_basic_00952,539.842274863,1.70600373798
risk_basic,risk_basic_00953,519.956493222,1.67678996058
risk_basic,risk_basic_00954,1021.95120957,2.22799954556
risk_basic,risk_basic_00955,1174.43451839,3.63302023281
risk_basic,risk_basic_00956,1156.98230643,2.79432956952
risk_basic,risk_basic_00957,643.369443482,1.98296275451
risk_basic,risk_basic_00958,875.223726806,2.12192192765
risk_basic,risk_basic_00959,1097.73755662,1.81201409969
risk_basic,risk_basic_00960,795.078146389,1.21599814801
risk_basic,risk_basic_00961,1026.84157501,2.81477458891
risk_basic,risk_basic_00962,1042.94511048,1.66086193946
risk_basic,risk_basic_00963,906.487329979,2.92061002536
risk_basic,risk_basic_00964,969.163095617,1.50794235449
risk_basic,risk_basic_00965,510.410126677,1.42832894363
risk_basic,risk_basic_00966,565.556126529,2.19934290721
risk_basic,risk_basic_00967,924.131362481,1.83552385202
risk_basic,risk_basic_00968,568.794129613,2.80729905531
risk_basic,risk_basic_00969,1085.6625476,2.46376711951
risk_basic,risk_basic_00970,1096.39392364,2.43434997767
risk_basic,risk_basic_00971,922.202725133,2.57922160029
risk_basic,risk_basic_00972,706.369125513,2.17491243863
risk_basic,risk_basic_00973,697.913452623,3.02972237987
risk_basic,risk_basic_00974,1015.96153478,2.42597673145
risk_basic,risk_basic_00975,555.154623917,1.58567108939
risk_basic,risk_basic_00976,1069.02886935,2.98601071862
risk_basic,risk_basic_00977,716.439313874,1.72096666313
risk_basic,risk_basic_00978,628.002561343,1.42333637725
risk_basic,risk_basic_00979,670.131797624,1.99994388426
risk_basic,risk_basic_00980,985.374011822,2.69783514584
risk_basic,risk_basic_00981,834.47080765,1.72561489026
risk_basic,risk_basic_00982,726.846544362,1.29925876313
risk_basic,risk_basic_00983,674.165244436,0.720381277346
risk_basic,risk_basic_00984,1188.35681972,3.41849793934
risk_basic,risk_basic_00985,1046.19521569,2.54466731174
risk_basic,risk_basic_00986,552.531372738,1.38650637669
risk_basic,risk_basic_00987,837.280185361,1.59493757049
risk_basic,risk_basic_00988,1002.41825504,2.21909690202
risk_basic,risk_basic_00989,776.835677602,1.161812996
risk_basic,risk_basic_00990,627.466693913,1.21359793118
risk_basic,risk_basic_00991,976.961201083,2.17014554382
risk_basic,risk_basic_00992,839.831734031,1.67637999022
risk_basic,risk_basic_00993,973.663594362,1.29708007271
risk_basic,risk_basic_00994,988.988411054,2.22349921643
risk_basic,risk_basic_00995,598.319853415,2.04679520384
risk_basic,risk_basic_00996,551.421252145,1.02370095518
risk_basic,risk_basic_00997,779.208681412,1.4912734774
risk_basic,risk_basic_00998,1055.18641719,2.89683459062
risk_basic,risk_basic_00999,577.094432944,1.94386095181
risk_basic,risk_basic_01000,1089.59683071,2.72574460654
risk_basic,risk_basic_01001,1116.17351974,3.2101640152
risk_basic,risk_basic_01002,1142.71672963,2.75253915183
risk_basic,risk_basic_01003,647.564205172,1.79677691387
risk_basic,risk_basic_01004,1091.74158348,1.92218283147
risk_basic,risk_basic_01005,686.04003062,1.24120846641
risk_basic,risk_basic_01006,1176.37353915,3.2919491626
risk_basic,risk_basic_01007,1121.07910036,2.12739426813
risk_basic,risk_basic_01008,501.186947047,2.18206878326
risk_basic,risk_basic_01009,568.799524495,1.58315211394
risk_basic,risk_basic_01010,604.175957484,0.636291571032
risk_basic,risk_basic_01011,643.082522322,1.45614535348
risk_basic,risk_basic_01012,1185.78139873,2.9573513041
risk_basic,risk_basic_01013,952.58486045,2.98094201871
risk_basic,risk_basic_01014,1173.49835176,2.92536922552
risk_basic,risk_basic_01015,931.54635159,1.30953727284
risk_basic,risk_basic_01016,560.845617576,1.95178108395
risk_basic,risk_basic_01017,750.753543574,1.77974295875
risk_basic,risk_basic_01018,774.163073513,2.06288498243
risk_basic,risk_basic_01019,544.408859206,1.71079758298
risk_basic,risk_basic_01020,538.675880338,1.14501621667
risk_basic,risk_basic_01021,1143.79110974,2.08456420271
risk_basic,risk_basic_01022,698.472403145,2.28349488515
risk_basic,risk_basic_01023,1011.85114255,2.18850704888
risk_basic,risk_basic_01024,693.261809349,1.16656807499
risk_basic,risk_basic_01025,876.436747082,1.69690055804
risk_basic,risk_basic_01026,946.127336089,2.64877617237
risk_basic,risk_basic_01027,916.636727663,1.45710180032
risk_basic,risk_basic_01028,1149.49395739,3.61296183809
risk_basic,risk_basic_01029,1159.73288214,2.50064763716
risk_basic,risk_basic_01030,1110.72693686,3.32670586437
risk_basic,risk_basic_01031,764.799825217,1.98091950928
risk_basic,risk_basic_01032,1014.05480719,2.10278709487
risk_basic,risk_basic_01033,901.494621381,2.21519807969
risk_basic,risk_basic_01034,1090.37573983,2.04195680402
risk_basic,risk_basic_01035,692.709687003,1.5829105626
risk_basic,risk_basic_01036,1008.32195804,2.45615466931
risk_basic,risk_basic_01037,570.840684204,1.83836289811
risk_basic,risk_basic_01038,629.070486024,1.97267453119
risk_basic,risk_basic_01039,914.475758365,2.18260627573
risk_basic,risk_basic_01040,1039.12470039,2.57337046625
risk_basic,risk_basic_01041,1110.79273234,2.08105817792
risk_basic,risk_basic_01042,1169.58143312,2.74714233267
risk_basic,risk_basic_01043,1021.70792703,2.19900750911
risk_basic,risk_basic_01044,783.963189501,1.50158508075
risk_basic,risk_basic_01045,973.188449105,2.61210118721
risk_basic,risk_basic_01046,687.570944378,0.780401211796
risk_basic,risk_basic_01047,629.703261693,1.38573033749
risk_basic,risk_basic_01048,1111.28454492,1.59757746503
risk_basic,risk_basic_01049,1061.6296836,2.75954423114
risk_basic,risk_basic_01050,608.481618393,0.962540784478
risk_basic,risk_basic_01051,672.172160563,1.34241881516
risk_basic,risk_basic_01052,869.850202159,2.48059230795
risk_basic,risk_basic_01053,635.588669806,1.9210800826
risk_basic,risk_basic_01054,1037.25417893,2.39903380756
risk_basic,risk_basic_01055,1114.93720857,2.43406178979
risk_basic,risk_basic_01056,1117.66068808,2.58246505658
risk_basic,risk_basic_01057,1040.23887883,2.10251000943
risk_basic,risk_basic_01058,1146.33885021,2.07950436849
risk_basic,risk_basic_01059,995.896742874,2.79626468022
risk_basic,risk_basic_01060,966.735366334,2.69368303683
risk_basic,risk_basic_01061,994.661366186,2.83212344177
risk_basic,risk_basic_01062,508.391392966,1.20852808813
risk_basic,risk_basic_01063,1062.97500792,2.21157665056
risk_basic,risk_basic_01064,667.429211564,0.961064466207
risk_basic,risk_basic_01065,862.665853389,1.59476920934
risk_basic,risk_basic_01066,873.276285337,2.02342240617
risk_basic,risk_basic_01067,521.421346188,2.46775216316
risk_basic,risk_basic_01068,996.064899687,2.21398987104
risk_basic,risk_basic_01069,777.22801234,2.25133716183
risk_basic,risk_basic_01070,788.569932011,1.98077630234
risk_basic,risk_basic_01071,1145.97221502,2.08909710406
risk_basic,risk_basic_01072,1122.11608896,2.92146952063
risk_basic,risk_basic_01073,944.892604311,2.59859249163
risk_basic,risk_basic_01074,1170.76779695,3.2989097343
risk_basic,risk_basic_01075,1063.60105249,1.9268888444
risk_basic,risk_basic_01076,1035.63963649,2.56779384878
risk_basic,risk_basic_01077,799.850726257,1.25989369525
risk_basic,risk_basic_01078,542.711322446,1.38214586603
risk_basic,risk_basic_01079,765.452655125,1.32196214414
risk_basic,risk_basic_01080,647.348219853,1.83903318364
risk_basic,risk_basic_01081,862.630192015,1.16627182582
risk_basic,risk_basic_01082,856.176525814,2.43584704748
risk_basic,risk_basic_01083,929.561922643,1.38624331638
risk_basic,risk_basic_01084,1138.17371347,2.86843753837
risk_basic,risk_basic_01085,1005.79388531,2.4803277353
risk_basic,risk_basic_01086,862.978478983,2.36189206468
risk_basic,risk_basic_01087,884.555670644,2.23490312538
risk_basic,risk_basic_01088,1151.62658298,2.5513090911
risk_basic,risk_basic_01089,1183.97418824,2.69049739141
risk_basic,risk_basic_01090,1022.30795985,2.36788066623
risk_basic,risk_basic_01091,701.236118707,1.7330707005
risk_basic,risk_basic_01092,947.430171706,1.73823778232
risk_basic,risk_basic_01093,840.437573112,2.0698570947
risk_basic,risk_basic_01094,531.24706068,1.48654848379
risk_basic,risk_basic_01095,668.313354956,2.68063750057
risk_basic,risk_basic_01096,1189.22401422,3.03693553534
risk_basic,risk_basic_01097,993.250511088,3.00218715569
risk_basic,risk_basic_01098,966.61473005,2.45248007963
risk_basic,risk_basic_01099,537.466870598,1.04591617038
risk_basic,risk_basic_01100,827.034926699,1.69200867756
risk_basic,risk_basic_01101,814.975535957,2.84057745936
risk_basic,risk_basic_01102,947.114740553,1.75332680478
risk_basic,risk_basic_01103,509.030451341,1.88490733938
risk_basic,risk_basic_01104,562.559034134,1.90950703986
risk_basic,risk_basic_01105,609.566269507,2.60607062584
risk_basic,risk_basic_01106,747.059424407,0.988824602557
risk_basic,risk_basic_01107,1160.03129089,2.80025994881
risk_basic,risk_basic_01108,602.252322027,1.87436656721
risk_basic,risk_basic_01109,523.831367316,1.91322968688
risk_basic,risk_basic_01110,622.979251698,2.56598495231
risk_basic,risk_basic_01111,657.452570782,1.82192944208
risk_basic,risk_basic_01112,1006.5859242,2.31660876612
risk_basic,risk_basic_01113,989.63929179,1.58778358664
risk_basic,risk_basic_01114,875.985109766,1.66244732061
risk_basic,risk_basic_01115,651.626946333,2.09963696494
risk_basic,risk_basic_01116,540.368640899,1.28555546048
risk_basic,risk_basic_01117,1054.69510519,1.97536161359
risk_basic,risk_basic_01118,787.409740182,2.78168240681
risk_basic,risk_basic_01119,1131.60712461,2.35239285004
risk_basic,risk_basic_01120,769.563607272,1.45608402796
risk_basic,risk_basic_01121,502.700654084,2.15379887433
risk_basic,risk_basic_01122,804.246668627,1.82120696658
risk_basic,risk_basic_01123,710.654871388,1.78266950646
risk_basic,risk_basic_01124,614.268989562,1.87184201562
risk_basic,risk_basic_01125,715.827743048,1.65381524096
risk_basic,risk_basic_01126,600.351526453,1.28118062198
risk_basic,risk_basic_01127,1029.70540487,1.66134838582
risk_basic,risk_basic_01128,1084.17144817,2.87273524861
risk_basic,risk_basic_01129,857.069561394,1.28614616063
risk_basic,risk_basic_01130,957.923501119,2.36778298505
risk_basic,risk_basic_01131,632.255891621,1.28571970717
risk_basic,risk_basic_01132,583.486624348,1.25012262712
risk_basic,risk_basic_01133,847.234850439,1.27440558032
risk_basic,risk_basic_01134,712.936482304,2.53827743983
risk_basic,risk_basic_01135,945.800638208,1.96722104268
risk_basic,risk_basic_01136,864.110409037,2.10863229873
risk_basic,risk_basic_01137,603.65027555,1.16840597102
risk_basic,risk_basic_01138,846.018027742,1.94048093717
risk_basic,risk_basic_01139,1086.59754605,2.55380975042
risk_basic,risk_basic_01140,701.497321237,1.69999079355
risk_basic,risk_basic_01141,552.728904985,2.38542720316
risk_basic,risk_basic_01142,846.992525998,1.89596155677
risk_basic,risk_basic_01143,740.652576302,1.90993240221
risk_basic,risk_basic_01144,1070.71875166,2.57703308756
risk_basic,risk_basic_01145,933.703870917,1.82584515678
risk_basic,risk_basic_01146,1061.23890003,2.82175409338
risk_basic,risk_basic_01147,842.123770358,3.29894887147
risk_basic,risk_basic_01148,1029.72515756,1.92911447309
risk_basic,risk_basic_01149,681.402633976,2.30651887933
risk_basic,risk_basic_01150,1081.32665036,2.01081325862
risk_basic,risk_basic_01151,629.623369291,1.553119036
risk_basic,risk_basic_01152,1001.95883037,2.76899253378
risk_basic,risk_basic_01153,1039.84041706,2.27622424618
risk_basic,risk_basic_01154,771.91415134,1.42775215155
risk_basic,risk_basic_01155,949.27990054,2.1416697811
risk_basic,risk_basic_01156,1015.45420528,2.07779120581
risk_basic,risk_basic_01157,1048.91699834,3.46309707017
risk_basic,risk_basic_01158,557.418590024,2.42579479344
risk_basic,risk_basic_01159,761.54150421,1.54465974962
risk_basic,risk_basic_01160,840.090007744,1.33843257495
risk_basic,risk_basic_01161,680.831125267,2.59307619934
risk_basic,risk_basic_01162,653.500872076,1.75759238912
risk_basic,risk_basic_01163,1024.22244183,2.20322944001
risk_basic,risk_basic_01164,661.944332805,1.58121828406
risk_basic,risk_basic_01165,1057.10529683,2.35583548579
risk_basic,risk_basic_01166,808.158975745,2.13356588427
risk_basic,risk_basic_01167,749.548922587,1.93363024224
risk_basic,risk_basic_01168,695.063804683,1.83633162344
risk_basic,risk_basic_01169,624.998629332,1.02617931843
risk_basic,risk_basic_01170,500.990083822,1.87256402696
risk_basic,risk_basic_01171,1080.17371775,2.55925310847
risk_basic,risk_basic_01172,1134.07187921,3.17926313287
risk_basic,risk_basic_01173,820.023807052,1.71207529883
risk_basic,risk_basic_01174,646.937387316,1.6872191165
risk_basic,risk_basic_01175,661.461047706,2.36994011316
risk_basic,risk_basic_01176,872.130885038,2.69219278709
risk_basic,risk_basic_01177,604.187405762,1.33904821911
risk_basic,risk_basic_01178,1012.09172899,2.15117789009
risk_basic,risk_basic_01179,593.093199842,0.884395983981
risk_basic,risk_basic_01180,960.026502731,2.54384679311
risk_basic,risk_basic_01181,586.711626437,2.19609198238
risk_basic,risk_basic_01182,971.828777073,3.17195369206
risk_basic,risk_basic_01183,518.200605199,2.065923472
risk_basic,risk_basic_01184,1034.40752735,2.62533127058
risk_basic,risk_basic_01185,673.48778071,1.0859899432
risk_basic,risk_basic_01186,1176.8363187,3.79575496012
risk_basic,risk_basic_01187,679.210529738,1.88705050582
risk_basic,risk_basic_01188,653.993061668,1.10663709982
risk_basic,risk_basic_01189,582.096061253,0.585765774887
risk_basic,risk_basic_01190,804.211007247,1.57128667364
risk_basic,risk_basic_01191,671.577988417,1.48457520896
risk_basic,risk_basic_01192,948.857121712,2.6811897946
risk_basic,risk_basic_01193,1018.75832583,2.29180423019
risk_basic,risk_basic_01194,1122.13838187,3.2001926619
risk_basic,risk_basic_01195,751.805716969,2.33577574917
risk_basic,risk_basic_01196,589.123000748,2.41557191757
risk_basic,risk_basic_01197,551.298432596,1.11343665981
risk_basic,risk_basic_01198,1176.09164911,2.21843667755
risk_basic,risk_basic_01199,926.245844578,1.96069346822
risk_basic,risk_basic_01200,586.830597977,1.63669652895
risk_basic,risk_basic_01201,863.144337459,2.56746387993
risk_basic,risk_basic_01202,566.770612855,1.55489019421
risk_basic,risk_basic_01203,635.760576219,1.53063855023
risk_basic,risk_basic_01204,1017.44695133,2.93617259799
risk_basic,risk_basic_01205,890.60473215,1.22019894481
risk_basic,risk_basic_01206,528.442448364,2.12862944794
risk_basic,risk_basic_01207,1022.99790643,2.48880043289
risk_basic,risk_basic_01208,846.66207777,1.63643157054
risk_basic,risk_basic_01209,966.057501072,2.50717278325
risk_basic,risk_basic_01210,690.980562448,1.5714301676
risk_basic,risk_basic_01211,557.564768301,1.92934590741
risk_basic,risk_basic_01212,943.166273281,2.41760354294
risk_basic,risk_basic_01213,706.979644017,2.09078915322
risk_basic,risk_basic_01214,922.712817026,1.91090857023
risk_basic,risk_basic_01215,1102.35487133,2.60097979923
risk_basic,risk_basic_01216,547.173014504,1.51617484006
risk_basic,risk_basic_01217,1052.50454077,2.01361762834
risk_basic,risk_basic_01218,923.796530137,1.25010067065
risk_basic,risk_basic_01219,838.822469364,2.7277341809
risk_basic,risk_basic_01220,782.481585345,2.08814861337
risk_basic,risk_basic_01221,1183.70337311,2.73592045284
risk_basic,risk_basic_01222,1159.52669405,2.20526061083
risk_basic,risk_basic_01223,568.934793083,2.69601941711
risk_basic,risk_basic_01224,968.546720191,2.37365399502
risk_basic,risk_basic_01225,873.305673963,2.19295008746
risk_basic,risk_basic_01226,981.397495566,2.04679446991
risk_basic,risk_basic_01227,694.443604677,2.08914469222
risk_basic,risk_basic_01228,722.506432717,2.20451872591
risk_basic,risk_basic_01229,774.683501586,2.82845294196
risk_basic,risk_basic_01230,980.108696602,2.67717450672
risk_basic,risk_basic_01231,715.30339692,1.81820724066
risk_basic,risk_basic_01232,1148.01952125,2.71740675705
risk_basic,risk_basic_01233,580.140003339,2.62006713205
risk_basic,risk_basic_01234,753.679526813,1.76868465012
risk_basic,risk_basic_01235,532.528219805,1.02380418469
risk_basic,risk_basic_01236,672.169445669,2.47002188851
risk_basic,risk_basic_01237,741.205355366,1.80551132641
risk_basic,risk_basic_01238,750.58838264,0.845870563496
risk_basic,risk_basic_01239,655.872032037,1.87863822942
risk_basic,risk_basic_01240,997.078284481,2.3652071751
risk_basic,risk_basic_01241,666.989723928,1.96922867064
risk_basic,risk_basic_01242,778.209054518,1.10129039724
risk_basic,risk_basic_01243,931.658795051,2.30613849414
risk_basic,risk_basic_01244,1053.68584428,2.4236384465
risk_basic,risk_basic_01245,1086.20808429,2.66832833616
risk_basic,risk_basic_01246,691.524968151,2.18710888141
risk_basic,risk_basic_01247,569.181512286,1.30203354311
risk_basic,risk_basic_01248,890.530443146,2.41087965647
risk_basic,risk_basic_01249,1189.88922248,3.14357259775
risk_basic,risk_basic_01250,674.681176937,2.02550077071
risk_basic,risk_basic_01251,637.802336266,1.43934209815
risk_basic,risk_basic_01252,722.277484839,1.87061948611
risk_basic,risk_basic_01253,692.619948848,1.83013983529
risk_basic,risk_basic_01254,952.163363436,1.79377261577
risk_basic,risk_basic_01255,601.529814894,1.68423085766
risk_basic,risk_basic_01256,919.870457649,1.98467212886
risk_basic,risk_basic_01257,1049.35620936,2.31368180117
risk_basic,risk_basic_01258,845.055658749,2.38444063332
risk_basic,risk_basic_01259,789.771128193,2.25063378236
risk_basic,risk_basic_01260,949.177365497,1.80961135274
risk_basic,risk_basic_01261,1092.55656504,2.47588875144
risk_basic,risk_basic_01262,593.697470696,1.37663144066
risk_basic,risk_basic_01263,631.988474937,1.13392935487
risk_basic,risk_basic_01264,530.488212206,1.08898194429
risk_basic,risk_basic_01265,525.951403921,1.9000333588
risk_basic,risk_basic_01266,1161.89208353,3.28756062315
risk_basic,risk_basic_01267,886.414616747,1.71405086758
risk_basic,risk_basic_01268,991.901780124,2.25618026212
risk_basic,risk_basic_01269,714.548633038,2.07461916002
risk_basic,risk_basic_01270,1062.34681414,2.33256050178
risk_basic,risk_basic_01271,1174.33940624,2.85515884289
risk_basic,risk_basic_01272,830.604107782,2.34061128506
risk_basic,risk_basic_01273,944.520975652,2.60107002402
risk_basic,risk_basic_01274,763.504117076,1.75819390187
risk_basic,risk_basic_01275,1151.35853135,2.61852719704
risk_basic,risk_basic_01276,672.318217819,2.2724133248
risk_basic,risk_basic_01277,1124.48682589,1.95541984404
risk_basic,risk_basic_01278,657.168399088,1.64663643383
risk_basic,risk_basic_01279,587.384742475,1.49207785636
risk_basic,risk_basic_01280,638.591185456,2.43194961916
risk_basic,risk_basic_01281,905.87799155,2.74174192234
risk_basic,risk_basic_01282,650.351133422,1.87990652701
risk_basic,risk_basic_01283,1191.06507593,2.89518550797
risk_basic,risk_basic_01284,945.752961767,3.00556486145
risk_basic,risk_basic_01285,963.407258881,2.71447246412
risk_basic,risk_basic_01286,529.883943153,1.07704438073
risk_basic,risk_basic_01287,607.444632064,2.01439264431
risk_basic,risk_basic_01288,743.007290122,2.1530244842
risk_basic,risk_basic_01289,1036.61712778,1.97796150325
risk_basic,risk_basic_01290,1034.75803777,2.22536870516
risk_basic,risk_basic_01291,633.744266316,1.56920360843
risk_basic,risk_basic_01292,867.712484628,2.64646589062
risk_basic,risk_basic_01293,1186.31192228,2.28426466318
risk_basic,risk_basic_01294,1195.22074078,2.94890889763
risk_basic,risk_basic_01295,1025.90288197,2.49235784363
risk_basic,risk_basic_01296,529.58358484,1.70760265854
risk_basic,risk_basic_01297,788.149725125,1.97401377478
risk_basic,risk_basic_01298,1163.85674506,2.5515930204
risk_basic,risk_basic_01299,659.737442851,1.83299001624
risk_basic,risk_basic_01300,825.661959222,2.09529256502
risk_basic,risk_basic_01301,602.337184381,1.97639781493
risk_basic,risk_basic_01302,664.257618323,1.71903006078
risk_basic,risk_basic_01303,516.408817408,2.4378218887
risk_basic,risk_basic_01304,1181.32310851,2.31539976458
risk_basic,risk_basic_01305,762.599294519,2.42373832365
risk_basic,risk_basic_01306,855.452389678,1.26684162549
risk_basic,risk_basic_01307,985.466108309,2.68445909324
risk_basic,risk_basic_01308,1198.14484077,2.3865039327
risk_basic,risk_basic_01309,818.506902847,1.93727554074
risk_basic,risk_basic_01310,807.691313411,1.5160271052
risk_basic,risk_basic_01311,546.836978182,2.54208345399
risk_basic,risk_basic_01312,606.55018658,1.43409241683
risk_basic,risk_basic_01313,936.711657018,2.19113808308
risk_basic,risk_basic_01314,556.727059003,2.01846910381
risk_basic,risk_basic_01315,765.98797351,2.74230516626
risk_basic,risk_basic_01316,776.824905936,1.41787525152
risk_basic,risk_basic_01317,800.096962405,1.40609874384
risk_basic,risk_basic_01318,842.8396785,1.12004878766
risk_basic,risk_basic_01319,859.30593762,1.534294286
risk_basic,risk_basic_01320,1058.22803112,3.09708333107
risk_basic,risk_basic_01321,877.432279211,2.23546581436
risk_basic,risk_basic_01322,944.764662389,1.60985663641
risk_basic,risk_basic_01323,792.371474192,1.36779940399
risk_basic,risk_basic_01324,834.824747822,1.56327624183
risk_basic,risk_basic_01325,1160.90700057,2.41186493044
risk_basic,risk_basic_01326,1155.02359839,3.12917375608
risk_basic,risk_basic_01327,992.513178653,2.17767652839
risk_basic,risk_basic_01328,509.024961651,2.3516935483
risk_basic,risk_basic_01329,756.842056027,2.17555195029
risk_basic,risk_basic_01330,897.468143357,2.22534113771
risk_basic,risk_basic_01331,1052.82461449,2.72980095687
risk_basic,risk_basic_01332,842.962676821,1.79407600448
risk_basic,risk_basic_01333,1112.11864895,2.84754083784
risk_basic,risk_basic_01334,869.969471313,1.71336355946
risk_basic,risk_basic_01335,1039.65079934,1.92479077286
risk_basic,risk_basic_01336,550.709783712,2.66523339985
risk_basic,risk_basic_01337,947.612252104,1.57402120565
risk_basic,risk_basic_01338,974.428512602,2.11123281932
risk_basic,risk_basic_01339,535.228500239,2.65485878084
risk_basic,risk_basic_01340,1073.04058965,3.19233545802
risk_basic,risk_basic_01341,760.746104703,1.46981758687
risk_basic,risk_basic_01342,648.038726434,2.48479674093
risk_basic,risk_basic_01343,1199.16643974,2.69004675469
risk_basic,risk_basic_01344,1123.98022905,2.12222668195
risk_basic,risk_basic_01345,680.246277803,1.21373434718
risk_basic,risk_basic_01346,800.534315142,0.918573241556
risk_basic,risk_basic_01347,853.10873183,1.56238366498
risk_basic,risk_basic_01348,780.840568589,1.84870449569
risk_basic,risk_basic_01349,1134.56973965,2.44066153484
risk_basic,risk_basic_01350,873.181223259,1.98739493605
risk_basic,risk_basic_01351,1052.81919979,3.10339298732
risk_basic,risk_basic_01352,718.829717695,1.44393111394
risk_basic,risk_basic_01353,1163.67699089,3.24780831731
risk_basic,risk_basic_01354,1142.67505678,2.73424421812
risk_basic,risk_basic_01355,535.037882557,0.934925985295
risk_basic,risk_basic_01356,881.886605371,1.36492346255
risk_basic,risk_basic_01357,1170.47301563,1.95223968772
risk_basic,risk_basic_01358,985.235460849,2.56460567494
risk_basic,risk_basic_01359,896.516506388,1.59658326093
risk_basic,risk_basic_01360,836.915497159,1.67404090958
risk_basic,risk_basic_01361,900.059059732,2.16883302619
risk_basic,risk_basic_01362,737.466145053,2.10031728065
risk_basic,risk_basic_01363,1032.98775986,2.57670879666
risk_basic,risk_basic_01364,936.119435578,2.72395049903
risk_basic,risk_basic_01365,518.484577897,1.30648627722
risk_basic,risk_basic_01366,1091.34182517,3.734106491
risk_basic,risk_basic_01367,758.061518203,1.31337474457
risk_basic,risk_basic_01368,703.226300795,1.90524233883
risk_basic,risk_basic_01369,565.30399381,1.70665858066
risk_basic,risk_basic_01370,1112.21303158,2.3895708289
risk_basic,risk_basic_01371,1174.05881164,2.83716889972
risk_basic,risk_basic_01372,529.715059722,1.64106605625
risk_basic,risk_basic_01373,620.430781351,0.812526602167
risk_basic,risk_basic_01374,915.885581309,2.12989297795
risk_basic,risk_basic_01375,699.643791388,2.44169667116
risk_basic,risk_basic_01376,537.856712789,1.55143415937
risk_basic,risk_basic_01377,1029.15613756,2.76869396901
risk_basic,risk_basic_01378,943.288204656,2.18325975043
risk_basic,risk_basic_01379,947.356624298,2.30160495381
risk_basic,risk_basic_01380,811.670645586,2.5061281299
risk_basic,risk_basic_01381,616.995356335,1.76467565482
risk_basic,risk_basic_01382,803.576759119,2.49791528119
risk_basic,risk_basic_01383,1116.99196531,2.54634453727
risk_basic,risk_basic_01384,558.244121715,2.37549606622
risk_basic,risk_basic_01385,594.122079891,1.0695882762
risk_basic,risk_basic_01386,525.837976637,2.09501529399
risk_basic,risk_basic_01387,1083.58490326,1.54099329221
risk_basic,risk_basic_01388,665.318965319,1.42151515823
risk_basic,risk_basic_01389,621.407101612,2.11657233807
risk_basic,risk_basic_01390,678.418454745,2.44988541311
risk_basic,risk_basic_01391,957.589912289,2.29302890342
risk_basic,risk_basic_01392,662.685977588,1.57566575673
risk_basic,risk_basic_01393,756.85974842,3.74289995352
risk_basic,risk_basic_01394,1177.34371751,3.0732257012
risk_basic,risk_basic_01395,553.225501846,0.748495254435
risk_basic,risk_basic_01396,881.350032892,2.3773958989
risk_basic,risk_basic_01397,954.639363537,2.57256897052
risk_basic,risk_basic_01398,860.654858532,2.08525323013
risk_basic,risk_basic_01399,1064.85178905,2.29075187425
risk_basic,risk_basic_01400,1135.74105996,2.91952809889
risk_basic,risk_basic_01401,1103.91098859,2.29899836841
risk_basic,risk_basic_01402,524.071191061,0.97373611989
risk_basic,risk_basic_01403,904.433452821,2.7356673758
risk_basic,risk_basic_01404,1165.88456158,3.16237848022
risk_basic,risk_basic_01405,742.111452902,1.9436356077
risk_basic,risk_basic_01406,986.779848984,2.31169309152
risk_basic,risk_basic_01407,532.625734344,1.92442773392
risk_basic,risk_basic_01408,688.356930579,1.43059426391
risk_basic,risk_basic_01409,949.600392466,2.12960543597
risk_basic,risk_basic_01410,660.407526325,2.08622870491
risk_basic,risk_basic_01411,633.437945811,2.3372278899
risk_basic,risk_basic_01412,1134.54069461,2.31526870023
risk_basic,risk_basic_01413,770.626431458,1.97441789873
risk_basic,risk_basic_01414,1168.04469348,2.15971174048
risk_basic,risk_basic_01415,649.089181047,1.8570621843
risk_basic,risk_basic_01416,759.447423639,2.07087944756
risk_basic,risk_basic_01417,567.459729434,1.77345282832
risk_basic,risk_basic_01418,737.03327557,1.74092558327
risk_basic,risk_basic_01419,997.489225961,1.82927469475
risk_basic,risk_basic_01420,548.382630035,1.7960962062
risk_basic,risk_basic_01421,1073.25300743,3.42624871733
risk_basic,risk_basic_01422,1076.31457205,2.14465954943
risk_basic,risk_basic_01423,821.304670274,1.29417931732
risk_basic,risk_basic_01424,860.719284321,2.86962077137
risk_basic,risk_basic_01425,686.066584017,1.6121978137
risk_basic,risk_basic_01426,673.843835205,2.01729836894
risk_basic,risk_basic_01427,914.727108895,1.8796299392
risk_basic,risk_basic_01428,1113.82887372,2.24863697948
risk_basic,risk_basic_01429,542.401780574,1.17197416563
risk_basic,risk_basic_01430,1172.47921359,3.14872045167
risk_basic,risk_basic_01431,760.85043296,2.84388555196
risk_basic,risk_basic_01432,1113.0530686,1.54107157236
risk_basic,risk_basic_01433,1160.66135475,2.57002507923
risk_basic,risk_basic_01434,1123.0455421,2.2155205813
risk_basic,risk_basic_01435,945.820105267,2.07518770993
risk_basic,risk_basic_01436,539.80339863,1.78328027029
risk_basic,risk_basic_01437,640.561542907,2.5021478902
risk_basic,risk_basic_01438,1114.80861015,2.39388588314
risk_basic,risk_basic_01439,956.303154232,3.35127219707
risk_basic,risk_basic_01440,600.074517389,1.36393179526
risk_basic,risk_basic_01441,736.752755774,2.2914773414
risk_basic,risk_basic_01442,700.132701881,1.5922901372
risk_basic,risk_basic_01443,705.549358649,2.1043243122
risk_basic,risk_basic_01444,503.147588101,2.05258303716
risk_basic,risk_basic_01445,893.486260439,1.59738417967
risk_basic,risk_basic_01446,595.223281269,1.7645504018
risk_basic,risk_basic_01447,1024.25249545,2.8413141673
risk_basic,risk_basic_01448,624.044672766,2.19647087618
risk_basic,risk_basic_01449,931.737091909,2.93652577533
risk_basic,risk_basic_01450,861.435129104,1.86499199094
risk_basic,risk_basic_01451,693.805820796,1.35975279666
risk_basic,risk_basic_01452,996.258368546,1.99978461068
risk_basic,risk_basic_01453,768.419254777,1.86241972414
risk_basic,risk_basic_01454,841.771839235,1.59745524634
risk_basic,risk_basic_01455,1130.77474413,1.66963181246
risk_basic,risk_basic_01456,720.014093635,1.2474288291
risk_basic,risk_basic_01457,1026.66174828,1.83740820478
risk_basic,risk_basic_01458,916.538425107,2.23203015372
risk_basic,risk_basic_01459,1187.81123674,2.37674998106
risk_basic,risk_basic_01460,984.279073759,2.0727142637
risk_basic,risk_basic_01461,1155.62680588,2.61069303378
risk_basic,risk_basic_01462,872.033555561,2.01436676706
risk_basic,risk_basic_01463,944.821945997,1.96223984508
risk_basic,risk_basic_01464,1192.27299306,3.0502390249
risk_basic,risk_basic_01465,947.507982356,1.04826751298
risk_basic,risk_basic_01466,549.887979612,1.85438335409
risk_basic,risk_basic_01467,1061.87779745,2.35760493784
risk_basic,risk_basic_01468,1143.67544253,2.59832979149
risk_basic,risk_basic_01469,1193.78370153,2.99511938019
risk_basic,risk_basic_01470,840.043606641,2.56658209663
risk_basic,risk_basic_01471,585.199709893,1.6743672846
risk_basic,risk_basic_01472,831.461886321,1.22012792147
risk_basic,risk_basic_01473,597.731549368,2.10049641693
risk_basic,risk_basic_01474,839.072575133,2.22260532742
risk_basic,risk_basic_01475,926.801804672,1.3349676349
risk_basic,risk_basic_01476,697.620908094,1.21392140882
risk_basic,risk_basic_01477,672.821594886,1.62874569904
risk_basic,risk_basic_01478,812.888340157,1.78627582009
risk_basic,risk_basic_01479,1078.34517339,2.5531952177
risk_basic,risk_basic_01480,632.660261818,2.24536457835
risk_basic,risk_basic_01481,874.454566524,2.41823980045
risk_basic,risk_basic_01482,1161.57355347,2.56435949315
risk_basic,risk_basic_01483,988.434481067,2.36774289233
risk_basic,risk_basic_01484,1061.36596366,3.59631258477
risk_basic,risk_basic_01485,688.043234868,1.67990086747
risk_basic,risk_basic_01486,981.796633192,3.11936782885
risk_basic,risk_basic_01487,814.810314968,1.98574956018
risk_basic,risk_basic_01488,501.184308111,1.92600304734
risk_basic,risk_basic_01489,884.472517872,2.56819609568
risk_basic,risk_basic_01490,603.500781864,1.15201909918
risk_basic,risk_basic_01491,985.898412626,1.97949888139
risk_basic,risk_basic_01492,1169.21070468,2.36992635556
risk_basic,risk_basic_01493,840.764222602,0.916018798794
risk_basic,risk_basic_01494,876.251204191,2.67571510146
risk_basic,risk_basic_01495,796.038817522,1.93408218165
risk_basic,risk_basic_01496,975.999992206,1.59649228229
risk_basic,risk_basic_01497,665.407549229,1.71273923771
risk_basic,risk_basic_01498,1063.07169237,2.65985274009
risk_basic,risk_basic_01499,1025.3142752,2.15065371758
risk_basic,risk_basic_01500,935.399625909,1.66201007601
risk_basic,risk_basic_01501,996.144419486,2.62609713046
risk_basic,risk_basic_01502,1008.21521761,1.61229670565
risk_basic,risk_basic_01503,706.706754856,2.32072202841
risk_basic,risk_basic_01504,1133.43820645,2.2331356808
risk_basic,risk_basic_01505,570.21393829,0.844360194348
risk_basic,risk_basic_01506,601.92080319,2.17286101509
risk_basic,risk_basic_01507,994.268093176,2.14071312534
risk_basic,risk_basic_01508,560.784849175,1.82571382331
risk_basic,risk_basic_01509,1192.67261952,3.04715222267
risk_basic,risk_basic_01510,737.298167826,1.85105410888
risk_basic,risk_basic_01511,751.452978496,1.81050805891
risk_basic,risk_basic_01512,591.945481422,0.679699615396
risk_basic,risk_basic_01513,1138.47704978,3.46838644381
risk_basic,risk_basic_01514,809.693247271,1.84477770018
risk_basic,risk_basic_01515,541.381744309,2.54109349036
risk_basic,risk_basic_01516,1010.25814727,2.67238437513
risk_basic,risk_basic_01517,1117.835547,2.68055213163
risk_basic,risk_basic_01518,757.915535357,0.247422715842
risk_basic,risk_basic_01519,524.608964602,2.05503060866
risk_basic,risk_basic_01520,762.812283747,1.91607709478
risk_basic,risk_basic_01521,630.683741688,1.87515385785
risk_basic,risk_basic_01522,613.531947969,2.1247267252
risk_basic,risk_basic_01523,668.380433203,1.30471256621
risk_basic,risk_basic_01524,739.683832492,2.48022110242
risk_basic,risk_basic_01525,1107.95507108,2.36250745875
risk_basic,risk_basic_01526,1126.36884451,3.25676610458
risk_basic,risk_basic_01527,559.174538709,0.590703499045
risk_basic,risk_basic_01528,1030.69079567,2.75760394249
risk_basic,risk_basic_01529,1075.84505749,3.20956210063
risk_basic,risk_basic_01530,901.724958899,1.5138312148
risk_basic,risk_basic_01531,994.70729507,2.03094713303
risk_basic,risk_basic_01532,1082.83944005,1.6004417917
risk_basic,risk_basic_01533,707.958915349,2.13571593198
risk_basic,risk_basic_01534,619.598976635,2.11533281818
risk_basic,risk_basic_01535,507.791336368,2.54864309359
risk_basic,risk_basic_01536,755.643649668,1.95829254838
risk_basic,risk_basic_01537,883.286073536,2.46333393145
risk_basic,risk_basic_01538,673.794149151,2.2068336492
risk_basic,risk_basic_01539,599.508145943,1.58871472514
risk_basic,risk_basic_01540,531.410823663,1.83747681377
risk_basic,risk_basic_01541,1018.21752348,2.31662903656
risk_basic,risk_basic_01542,823.316569711,1.50437541249
risk_basic,risk_basic_01543,614.47407918,2.07043011958
risk_basic,risk_basic_01544,1052.62981993,1.89961634819
risk_basic,risk_basic_01545,1062.67141949,3.14983306543
risk_basic,risk_basic_01546,1074.89731558,2.62018389423
risk_basic,risk_basic_01547,748.770744273,2.31500432326
risk_basic,risk_basic_01548,738.267720246,1.57264899659
risk_basic,risk_basic_01549,1111.61610895,2.27449463795
risk_basic,risk_basic_01550,550.219462878,1.79907767451
risk_basic,risk_basic_01551,856.486641563,1.49298309652
risk_basic,risk_basic_01552,980.782394912,2.67578547769
risk_basic,risk_basic_01553,1127.7646775,3.28865478442
risk_basic,risk_basic_01554,585.990263895,2.34354257906
risk_basic,risk_basic_01555,846.835359579,1.96761109067
risk_basic,risk_basic_01556,710.302524984,1.9979247452
risk_basic,risk_basic_01557,944.300339301,2.39824923509
risk_basic,risk_basic_01558,884.340706795,1.92304066079
risk_basic,risk_basic_01559,502.11774892,2.28195152609
risk_basic,risk_basic_01560,873.864154041,2.27880422101
risk_basic,risk_basic_01561,690.952204562,1.34564424781
risk_basic,risk_basic_01562,1065.78867923,1.52789648446
risk_basic,risk_basic_01563,1144.96520691,1.25683734144
risk_basic,risk_basic_01564,995.780369077,2.32871200021
risk_basic,risk_basic_01565,698.13938516,1.80683375511
risk_basic,risk_basic_01566,1085.81795033,1.84417341395
risk_basic,risk_basic_01567,775.698087576,2.05459096541
risk_basic,risk_basic_01568,1104.64796393,2.01900072096
risk_basic,risk_basic_01569,855.7893464,1.87840908437
risk_basic,risk_basic_01570,1107.56568765,2.02863705367
risk_basic,risk_basic_01571,1193.00340884,2.38717727277
risk_basic,risk_basic_01572,750.098425425,2.32236982301
risk_basic,risk_basic_01573,722.828892836,0.811028808809
risk_basic,risk_basic_01574,909.726062347,2.10559123755
risk_basic,risk_basic_01575,605.854541883,1.64592203648
risk_basic,risk_basic_01576,585.539323477,2.65679739434
risk_basic,risk_basic_01577,653.789627215,1.02496682907
risk_basic,risk_basic_01578,564.557661762,1.46731679283
risk_basic,risk_basic_01579,827.922526071,1.35680529919
risk_basic,risk_basic_01580,582.452083743,1.93727392463
risk_basic,risk_basic_01581,931.628356784,2.70962783476
risk_basic,risk_basic_01582,521.697750015,2.2010731034
risk_basic,risk_basic_01583,778.987534594,1.51268261205
risk_basic,risk_basic_01584,1012.6516128,2.87997391081
risk_basic,risk_basic_01585,1130.71903856,1.7510422628
risk_basic,risk_basic_01586,1034.48985356,1.65812448031
risk_basic,risk_basic_01587,971.568123209,2.45076409288
risk_basic,risk_basic_01588,667.858801347,0.956702419836
risk_basic,risk_basic_01589,1035.85795818,1.81537937897
risk_basic,risk_basic_01590,1058.32602286,2.49859153959
risk_basic,risk_basic_01591,1015.91201246,2.39883794894
risk_basic,risk_basic_01592,613.182632696,1.94661091914
risk_basic,risk_basic_01593,854.960342772,2.672808501
risk_basic,risk_basic_01594,737.621583639,2.30421220085
risk_basic,risk_basic_01595,701.58922173,2.45360262483
risk_basic,risk_basic_01596,666.665728956,1.29956224358
risk_basic,risk_basic_01597,836.076366853,1.30147996388
risk_basic,risk_basic_01598,625.829621274,0.828734429642
risk_basic,risk_basic_01599,1135.72108207,2.27853843273
risk_basic,risk_basic_01600,701.703988215,2.03087848356
risk_basic,risk_basic_01601,797.973072788,1.90190433852
risk_basic,risk_basic_01602,1032.70619583,2.88253481633
risk_basic,risk_basic_01603,708.416086998,1.47225675646
risk_basic,risk_basic_01604,1191.16922191,3.72795264933
risk_basic,risk_basic_01605,646.141419876,1.96986232394
risk_basic,risk_basic_01606,606.378168949,2.33197391831
risk_basic,risk_basic_01607,554.585405941,0.690732142619
risk_basic,risk_basic_01608,769.251801583,1.58000903163
risk_basic,risk_basic_01609,540.026426817,2.20470460495
risk_basic,risk_basic_01610,864.136860196,1.52042583527
risk_basic,risk_basic_01611,858.054290164,2.18550501536
risk_basic,risk_basic_01612,893.853231957,2.73164808364
risk_basic,risk_basic_01613,1084.32178689,2.12381782163
risk_basic,risk_basic_01614,826.991750326,2.06763270679
risk_basic,risk_basic_01615,546.399048353,2.04015311685
risk_basic,risk_basic_01616,592.03619308,1.71461065784
risk_basic,risk_basic_01617,698.872429647,2.28012394566
risk_basic,risk_basic_01618,616.336789083,1.62613781086
risk_basic,risk_basic_01619,885.20038586,1.18490821682
risk_basic,risk_basic_01620,858.290918067,1.84038918514
risk_basic,risk_basic_01621,901.082929959,2.03002142885
risk_basic,risk_basic_01622,670.56626775,1.94469714329
risk_basic,risk_basic_01623,1189.66544645,3.10396330025
risk_basic,risk_basic_01624,1158.29681762,3.50855083793
risk_basic,risk_basic_01625,715.004967389,0.900783485893
risk_basic,risk_basic_01626,741.901931006,1.54788027217
risk_basic,risk_basic_01627,578.311481774,2.04240551033
risk_basic,risk_basic_01628,634.703484034,1.95295540628
risk_basic,risk_basic_01629,1178.90644315,2.30558117142
risk_basic,risk_basic_01630,615.076304164,0.922987777074
risk_basic,risk_basic_01631,776.342750883,1.9826569382
risk_basic,risk_basic_01632,697.207097148,2.19310070027
risk_basic,risk_basic_01633,1170.76105991,3.67635116733
risk_basic,risk_basic_01634,737.855624087,1.63516510619
risk_basic,risk_basic_01635,1144.45530663,3.34328969455
risk_basic,risk_basic_01636,1173.19483426,2.46757673306
risk_basic,risk_basic_01637,710.629263191,1.620507169
risk_basic,risk_basic_01638,1018.93516649,2.06609810664
risk_basic,risk_basic_01639,686.789591774,2.7621368611
risk_basic,risk_basic_01640,815.552096774,0.728765600199
risk_basic,risk_basic_01641,1198.81012473,3.13818391444
risk_basic,risk_basic_01642,1197.04240233,2.23108903187
risk_basic,risk_basic_01643,1172.58522274,2.50132955541
risk_basic,risk_basic_01644,701.617363051,2.08820451615
risk_basic,risk_basic_01645,711.61023293,2.78414384089
risk_basic,risk_basic_01646,817.454788654,0.788785373602
risk_basic,risk_basic_01647,734.612603193,1.81156049401
risk_basic,risk_basic_01648,1143.65918304,2.85473777924
risk_basic,risk_basic_01649,991.328878647,0.974609957803
risk_basic,risk_basic_01650,1103.48453295,2.97292279502
risk_basic,risk_basic_01651,1048.97024327,2.01438655862
risk_basic,risk_basic_01652,1193.02860806,2.09033117872
risk_basic,risk_basic_01653,936.192047373,2.66909183753
risk_basic,risk_basic_01654,997.378039463,2.09811616846
risk_basic,risk_basic_01655,684.150438186,2.65482309274
risk_basic,risk_basic_01656,649.085684912,1.63601196966
risk_basic,risk_basic_01657,677.96256824,1.24502171342
risk_basic,risk_basic_01658,955.242442964,1.95210730316
risk_basic,risk_basic_01659,753.808537734,0.559855252317
risk_basic,risk_basic_01660,1077.93665007,2.73851954095
risk_basic,risk_basic_01661,685.410263238,1.80080296928
risk_basic,risk_basic_01662,884.939902386,2.71532188131
risk_basic,risk_basic_01663,523.441889798,1.258109624
risk_basic,risk_basic_01664,675.594172364,1.23369508824
risk_basic,risk_basic_01665,1183.37113573,2.69717906326
risk_basic,risk_basic_01666,906.274434334,2.18606696184
risk_basic,risk_basic_01667,727.729327536,1.89146433987
risk_basic,risk_basic_01668,954.419803933,1.73666230891
risk_basic,risk_basic_01669,753.354069305,2.12531357756
risk_basic,risk_basic_01670,1191.17337934,3.25862569385
risk_basic,risk_basic_01671,1031.50171439,2.36321119436
risk_basic,risk_basic_01672,1112.60904065,2.94741233391
risk_basic,risk_basic_01673,501.289807142,1.5960526519
risk_basic,risk_basic_01674,955.85283558,2.0006732535
risk_basic,risk_basic_01675,516.396119086,2.25545790807
risk_basic,risk_basic_01676,672.798862757,1.18054462507
risk_basic,risk_basic_01677,599.667880729,1.17013394915
risk_basic,risk_basic_01678,1185.3006421,2.41107016695
risk_basic,risk_basic_01679,853.005001073,1.90057636714
risk_basic,risk_basic_01680,732.377701995,2.25977177939
risk_basic,risk_basic_01681,906.044423498,1.41311801016
risk_basic,risk_basic_01682,748.945204609,2.06405744004
risk_basic,risk_basic_01683,619.677739939,2.37866978527
risk_basic,risk_basic_01684,917.711577497,2.31735875334
risk_basic,risk_basic_01685,637.975629603,1.18834334598
risk_basic,risk_basic_01686,735.089478887,2.13211684442
risk_basic,risk_basic_01687,888.242486852,2.15770500976
risk_basic,risk_basic_01688,1027.48500782,2.14569494776
risk_basic,risk_basic_01689,1031.9549666,2.45007600955
risk_basic,risk_basic_01690,770.61888878,2.01075834367
risk_basic,risk_basic_01691,972.35144197,1.49306095166
risk_basic,risk_basic_01692,743.250649369,3.17099532442
risk_basic,risk_basic_01693,1005.95027264,1.71415328162
risk_basic,risk_basic_01694,784.695291731,2.11911344577
risk_basic,risk_basic_01695,789.124340813,2.34857130334
risk_basic,risk_basic_01696,717.718544374,2.01722889308
risk_basic,risk_basic_01697,650.988616889,1.56974925063
risk_basic,risk_basic_01698,894.452631792,2.01308643379
risk_basic,risk_basic_01699,993.280275324,1.96569200302
risk_basic,risk_basic_01700,538.581922337,0.978396058822
risk_basic,risk_basic_01701,896.071734843,2.20551751894
risk_basic,risk_basic_01702,567.836634836,1.52167540193
risk_basic,risk_basic_01703,509.749083281,1.65203276283
risk_basic,risk_basic_01704,763.177023166,2.75130204915
risk_basic,risk_basic_01705,1049.81726197,2.82312948008
risk_basic,risk_basic_01706,868.559440547,2.54599325601
risk_basic,risk_basic_01707,893.882773686,2.05357796206
risk_basic,risk_basic_01708,869.762459259,2.50264504281
risk_basic,risk_basic_01709,1023.39026417,2.32908067347
risk_basic,risk_basic_01710,569.11887342,1.25149070448
risk_basic,risk_basic_01711,1177.0751007,2.67170901099
risk_basic,risk_basic_01712,1105.7657116,3.46769303427
risk_basic,risk_basic_01713,705.955167342,1.63532476145
risk_basic,risk_basic_01714,1014.5576553,2.70495894469
risk_basic,risk_basic_01715,857.944979492,1.75687170791
risk_basic,risk_basic_01716,874.3208595,1.09136364116
risk_basic,risk_basic_01717,710.652302312,2.33207520986
risk_basic,risk_basic_01718,918.674232639,1.87980342135
risk_basic,risk_basic_01719,886.780066785,1.82747539795
risk_basic,risk_basic_01720,595.309098995,2.66520608251
risk_basic,risk_basic_01721,515.794189203,1.430896618
risk_basic,risk_basic_01722,1019.9253981,2.65427196694
risk_basic,risk_basic_01723,984.331805037,2.19013486484
risk_basic,risk_basic_01724,1136.98064045,3.0020869909
risk_basic,risk_basic_01725,783.316295618,1.70692805022
risk_basic,risk_basic_01726,1165.98930337,3.00252028361
risk_basic,risk_basic_01727,1153.43520908,1.87593243072
risk_basic,risk_basic_01728,971.304265392,2.0911738967
risk_basic,risk_basic_01729,696.642716175,2.68423438322
risk_basic,risk_basic_01730,602.806375322,1.50649203938
risk_basic,risk_basic_01731,1120.99438434,1.92344375611
risk_basic,risk_basic_01732,1027.83995159,2.05366025115
risk_basic,risk_basic_01733,1129.25732699,1.99320034691
risk_basic,risk_basic_01734,871.201542088,2.23662642692
risk_basic,risk_basic_01735,727.445095297,2.09287115247
risk_basic,risk_basic_01736,932.551042509,0.906768039496
risk_basic,risk_basic_01737,785.550275034,1.73792330173
risk_basic,risk_basic_01738,1015.79133365,2.79616670369
risk_basic,risk_basic_01739,844.120212707,1.26389519171
risk_basic,risk_basic_01740,596.609728992,2.26580816309
risk_basic,risk_basic_01741,596.30872721,1.76031967396
risk_basic,risk_basic_01742,921.570496013,2.861272011
risk_basic,risk_basic_01743,536.275794128,1.89375206657
risk_basic,risk_basic_01744,619.882422072,1.4528319903
risk_basic,risk_basic_01745,795.32058742,1.53603167144
risk_basic,risk_basic_01746,1113.48100492,2.92170175142
risk_basic,risk_basic_01747,1162.15383828,3.31696569576
risk_basic,risk_basic_01748,1012.92413673,2.72422959416
risk_basic,risk_basic_01749,798.374182189,1.98624737097
risk_basic,risk_basic_01750,967.165522616,2.4074170082
risk_basic,risk_basic_01751,681.362239858,0.621111907331
risk_basic,risk_basic_01752,892.094430238,3.31218900682
risk_basic,risk_basic_01753,575.678998687,1.30430749492
risk_basic,risk_basic_01754,644.732994052,1.76103014289
risk_basic,risk_basic_01755,869.691165013,2.83165033476
risk_basic,risk_basic_01756,1149.74371021,3.2607903283
risk_basic,risk_basic_01757,882.230569379,1.98254175901
risk_basic,risk_basic_01758,928.448618297,1.93389247884
risk_basic,risk_basic_01759,900.953475301,1.70245979192
risk_basic,risk_basic_01760,1003.65471448,2.57163979863
risk_basic,risk_basic_01761,967.73074526,2.54574118963
risk_basic,risk_basic_01762,610.112034946,1.84860535609
risk_basic,risk_basic_01763,781.968411384,1.19306949543
risk_basic,risk_basic_01764,520.436335236,2.17168050036
risk_basic,risk_basic_01765,617.916700735,1.43770940072
risk_basic,risk_basic_01766,1141.96747973,2.25328540383
risk_basic,risk_basic_01767,743.710208017,1.83566146248
risk_basic,risk_basic_01768,907.464971697,2.64967913024
risk_basic,risk_basic_01769,672.491127406,2.91927774515
risk_basic,risk_basic_01770,630.319298065,3.30806619082
risk_basic,risk_basic_01771,849.896019176,2.80780490402
risk_basic,risk_basic_01772,1104.03853533,1.95473271758
risk_basic,risk_basic_01773,729.698162582,1.82471324734
risk_basic,risk_basic_01774,607.301268026,2.19659889036
risk_basic,risk_basic_01775,759.731306197,1.64610513705
risk_basic,risk_basic_01776,978.43211355,1.6342293261
risk_basic,risk_basic_01777,1181.95601003,2.12506559972
risk_basic,risk_basic_01778,906.299510942,2.96811404103
risk_basic,risk_basic_01779,1169.18491891,2.53928631278
risk_basic,risk_basic_01780,775.403631039,1.99244343333
risk_basic,risk_basic_01781,1000.28122615,2.92070086477
risk_basic,risk_basic_01782,992.454910118,1.82404164705
risk_basic,risk_basic_01783,845.970380363,1.30640415542
risk_basic,risk_basic_01784,961.875529771,1.79872298186
risk_basic,risk_basic_01785,959.662698541,2.45728492099
risk_basic,risk_basic_01786,791.355601798,1.56797640374
risk_basic,risk_basic_01787,1069.18950336,2.860939085
risk_basic,risk_basic_01788,989.648793444,1.96884578278
risk_basic,risk_basic_01789,946.086385267,1.63850132132
risk_basic,risk_basic_01790,978.591565269,1.52313719793
risk_basic,risk_basic_01791,1102.15099545,2.97973180568
risk_basic,risk_basic_01792,608.623659745,2.57573068422
risk_basic,risk_basic_01793,542.300545859,2.44833595138
risk_basic,risk_basic_01794,594.56616837,2.33708413822
risk_basic,risk_basic_01795,1077.15907345,1.68693646414
risk_basic,risk_basic_01796,1117.41592641,2.19219513538
risk_basic,risk_basic_01797,546.19067347,1.1751708995
risk_basic,risk_basic_01798,518.933906698,1.81952845834
risk_basic,risk_basic_01799,545.727522378,1.19481128198
risk_basic,risk_basic_01800,809.252205495,2.73087135282
risk_basic,risk_basic_01801,818.284915909,1.121148648
risk_basic,risk_basic_01802,549.597121974,1.66611797136
risk_basic,risk_basic_01803,1110.89262965,2.06854342754
risk_basic,risk_basic_01804,1180.59569515,2.29773032202
risk_basic,risk_basic_01805,504.583644245,0.965780301607
risk_basic,risk_basic_01806,1113.97602747,3.22937908335
risk_basic,risk_basic_01807,861.600135481,1.43940768745
risk_basic,risk_basic_01808,967.966452186,2.07990150888
risk_basic,risk_basic_01809,1097.0775043,3.26528044077
risk_basic,risk_basic_01810,550.448312989,1.62163543965
risk_basic,risk_basic_01811,769.382325897,1.34131153701
risk_basic,risk_basic_01812,922.658764916,2.39661677856
risk_basic,risk_basic_01813,1031.1770825,2.67065773628
risk_basic,risk_basic_01814,1006.12998595,2.66667125429
risk_basic,risk_basic_01815,784.470548913,0.857560459399
risk_basic,risk_basic_01816,1190.1953741,2.36778452196
risk_basic,risk_basic_01817,1099.6298037,3.00183575652
risk_basic,risk_basic_01818,567.722307053,2.11241549849
risk_basic,risk_basic_01819,617.087945054,1.79218080063
risk_basic,risk_basic_01820,615.573435721,1.65939553543
risk_basic,risk_basic_01821,1020.39780795,1.63896366529
risk_basic,risk_basic_01822,525.333788018,2.14401419495
risk_basic,risk_basic_01823,603.370801327,1.87711315231
risk_basic,risk_basic_01824,840.627066975,2.0273329862
risk_basic,risk_basic_01825,750.098824083,0.845000384577
risk_basic,risk_basic_01826,722.470697488,1.33391784594
risk_basic,risk_basic_01827,951.734729363,1.54302172181
risk_basic,risk_basic_01828,1089.33109975,2.81043503113
risk_basic,risk_basic_01829,771.537509507,1.3925583272
risk_basic,risk_basic_01830,544.177631242,1.63282850151
risk_basic,risk_basic_01831,843.291316828,2.74210562964
risk_basic,risk_basic_01832,1152.79142416,2.83151159877
risk_basic,risk_basic_01833,1179.15808451,2.58693434071
risk_basic,risk_basic_01834,544.920580579,1.5885385999
risk_basic,risk_basic_01835,503.993354872,2.18802704747
risk_basic,risk_basic_01836,1118.40310596,3.68562672555
risk_basic,risk_basic_01837,749.059203866,0.256007302388
risk_basic,risk_basic_01838,987.769968954,2.85909245215
risk_basic,risk_basic_01839,1066.78955934,2.28075256924
risk_basic,risk_basic_01840,846.934227696,1.19818119778
risk_basic,risk_basic_01841,807.564841799,1.99528075394
risk_basic,risk_basic_01842,649.917323975,1.23281568077
risk_basic,risk_basic_01843,1158.47170878,3.33093174856
risk_basic,risk_basic_01844,1088.95511454,2.24592223408
risk_basic,risk_basic_01845,518.397824824,1.23695035591
risk_basic,risk_basic_01846,823.660763518,2.10002959469
risk_basic,risk_basic_01847,854.309231352,2.38354121663
risk_basic,risk_basic_01848,662.336086261,2.39351765281
risk_basic,risk_basic_01849,606.097770139,1.91302435039
risk_basic,risk_basic_01850,506.753530977,1.39378846221
risk_basic,risk_basic_01851,790.844471066,1.64582509445
risk_basic,risk_basic_01852,964.658250079,1.78135371207
risk_basic,risk_basic_01853,986.260158237,2.31434200573
risk_basic,risk_basic_01854,912.62141279,1.37103484923
risk_basic,risk_basic_01855,1071.64661475,2.35550209105
risk_basic,risk_basic_01856,1066.79087354,2.33978085405
risk_basic,risk_basic_01857,1013.70066168,1.98801384364
risk_basic,risk_basic_01858,1155.90126414,2.80424498165
risk_basic,risk_basic_01859,1072.80763794,2.87049443492
risk_basic,risk_basic_01860,976.032208845,1.27167023188
risk_basic,risk_basic_01861,513.379742048,1.81552639216
risk_basic,risk_basic_01862,577.194291567,1.60288442261
risk_basic,risk_basic_01863,575.800817773,1.7483961157
risk_basic,risk_basic_01864,670.975952677,1.66806232546
risk_basic,risk_basic_01865,802.336524784,2.35358416591
risk_basic,risk_basic_01866,1067.00466242,2.66314487673
risk_basic,risk_basic_01867,1147.92478364,2.88978585997
risk_basic,risk_basic_01868,718.394133298,2.0343016638
risk_basic,risk_basic_01869,793.178154635,2.27710960702
risk_basic,risk_basic_01870,546.93292281,1.51787151582
risk_basic,risk_basic_01871,964.583087097,2.08031936382
risk_basic,risk_basic_01872,716.322531824,2.17838473418
risk_basic,risk_basic_01873,913.336665026,1.7128623957
risk_basic,risk_basic_01874,882.06194734,1.85631222728
risk_basic,risk_basic_01875,546.038868546,1.83542319334
risk_basic,risk_basic_01876,826.501822473,2.80900489287
risk_basic,risk_basic_01877,857.740543641,0.904270770946
risk_basic,risk_basic_01878,1177.30358154,3.16496721918
risk_basic,risk_basic_01879,766.818783263,1.92200950306
risk_basic,risk_basic_01880,809.232974526,1.92883713895
risk_basic,risk_basic_01881,908.763957894,1.99347594161
risk_basic,risk_basic_01882,1087.02090732,1.79195810098
risk_basic,risk_basic_01883,606.943340068,2.28472235655
risk_basic,risk_basic_01884,1199.31292628,2.83688301063
risk_basic,risk_basic_01885,683.459086983,1.20866494955
risk_basic,risk_basic_01886,845.81834447,2.19814465197
risk_basic,risk_basic_01887,1156.82309234,3.67758330734
risk_basic,risk_basic_01888,826.429674744,2.05422286406
risk_basic,risk_basic_01889,1068.39307202,2.82182629872
risk_basic,risk_basic_01890,634.75558022,1.92943306746
risk_basic,risk_basic_01891,552.619130135,1.95606914388
risk_basic,risk_basic_01892,618.221495841,2.22172379846
risk_basic,risk_basic_01893,604.793164953,2.14963595794
risk_basic,risk_basic_01894,1112.00991119,2.40882764376
risk_basic,risk_basic_01895,766.958963301,1.27449198153
risk_basic,risk_basic_01896,1007.6729183,1.89706908226
risk_basic,risk_basic_01897,565.863305426,1.42490785629
risk_basic,risk_basic_01898,970.942905805,1.73769165221
risk_basic,risk_basic_01899,1067.81431933,1.98877739342
risk_basic,risk_basic_01900,990.895046575,2.44545042181
risk_basic,risk_basic_01901,564.849426204,1.4435367083
risk_basic,risk_basic_01902,831.992651531,1.60017284478
risk_basic,risk_basic_01903,991.189388965,1.32160859003
risk_basic,risk_basic_01904,672.496826846,0.778718671771
risk_basic,risk_basic_01905,543.048211069,0.827123196396
risk_basic,risk_basic_01906,924.115890934,2.36849492187
risk_basic,risk_basic_01907,926.188664952,1.93817610742
risk_basic,risk_basic_01908,686.744721559,1.52684989401
risk_basic,risk_basic_01909,687.928702626,2.65662265557
risk_basic,risk_basic_01910,1064.19696897,2.87114573061
risk_basic,risk_basic_01911,932.387510158,2.11962750647
risk_basic,risk_basic_01912,567.984953515,2.44620852869
risk_basic,risk_basic_01913,951.042654319,2.35357927445
risk_basic,risk_basic_01914,900.887330942,2.75576673564
risk_basic,risk_basic_01915,694.555721784,2.50296328357
risk_basic,risk_basic_01916,897.642949833,3.08158714037
risk_basic,risk_basic_01917,603.963422705,2.33727048135
risk_basic,risk_basic_01918,507.174813509,2.00132194808
risk_basic,risk_basic_01919,1137.43538277,2.69729912631
risk_basic,risk_basic_01920,655.336759624,1.88733819307
risk_basic,risk_basic_01921,1001.84004395,2.0063132618
risk_basic,risk_basic_01922,992.914020546,2.51134525136
risk_basic,risk_basic_01923,810.528743914,1.88886145024
risk_basic,risk_basic_01924,573.667130012,1.4196197332
risk_basic,risk_basic_01925,956.008665996,1.94970478877
risk_basic,risk_basic_01926,947.714912185,2.19419865035
risk_basic,risk_basic_01927,1121.8414334,1.99464171883
risk_basic,risk_basic_01928,507.861528766,1.60695894595
risk_basic,risk_basic_01929,749.672282107,2.22639754774
risk_basic,risk_basic_01930,1167.8582314,3.13475470885
risk_basic,risk_basic_01931,934.936683523,2.15196680035
risk_basic,risk_basic_01932,870.368587789,2.00794284231
risk_basic,risk_basic_01933,606.244446733,1.54156601734
risk_basic,risk_basic_01934,916.812076485,2.1773283146
risk_basic,risk_basic_01935,928.87607676,1.52989949363
risk_basic,risk_basic_01936,568.820079931,1.87855976487
risk_basic,risk_basic_01937,1159.27444061,3.06327653098
risk_basic,risk_basic_01938,911.295715029,1.84055149837
risk_basic,risk_basic_01939,612.579755953,1.51174485915
risk_basic,risk_basic_01940,1119.22556767,2.70910129968
risk_basic,risk_basic_01941,708.015087082,2.38517414192
risk_basic,risk_basic_01942,1081.06241172,1.85928903008
risk_basic,risk_basic_01943,605.129824545,2.03093321852
risk_basic,risk_basic_01944,553.221007625,1.06416933466
risk_basic,risk_basic_01945,689.307807749,2.12951985669
risk_basic,risk_basic_01946,921.664494762,2.07721304947
risk_basic,risk_basic_01947,911.140399002,2.61748558462
risk_basic,risk_basic_01948,887.329115427,2.59842221334
risk_basic,risk_basic_01949,662.627243928,2.42359287322
risk_basic,risk_basic_01950,571.165021893,2.95300961459
risk_basic,risk_basic_01951,1023.70476662,2.66321158579
risk_basic,risk_basic_01952,915.486559314,1.36209868859
risk_basic,risk_basic_01953,971.599833037,1.7340226122
risk_basic,risk_basic_01954,996.357451985,2.16935544201
risk_basic,risk_basic_01955,1098.71208042,2.51641663404
risk_basic,risk_basic_01956,621.285076848,2.44982335777
risk_basic,risk_basic_01957,739.715959851,2.09948933231
risk_basic,risk_basic_01958,758.848993433,2.22771161683
risk_basic,risk_basic_01959,861.985845474,1.25217523803
risk_basic,risk_basic_01960,500.782698809,1.53543401218
risk_basic,risk_basic_01961,581.747248802,0.691746621966
risk_basic,risk_basic_01962,542.919960647,2.1648004677
risk_basic,risk_basic_01963,589.151738391,0.455723416043
risk_basic,risk_basic_01964,687.983784434,1.87362711159
risk_basic,risk_basic_01965,568.109276352,1.74277639393
risk_basic,risk_basic_01966,623.877510559,3.04173865865
risk_basic,risk_basic_01967,936.749652418,2.26163776112
risk_basic,risk_basic_01968,1119.6110565,2.26148165884
risk_basic,risk_basic_01969,840.712856983,1.98222041967
risk_basic,risk_basic_01970,864.223654795,1.16406525292
risk_basic,risk_basic_01971,1172.38923884,2.4672320672
risk_basic,risk_basic_01972,1085.47559595,1.8379336646
risk_basic,risk_basic_01973,1051.33170171,2.90319807831
risk_basic,risk_basic_01974,1120.65751261,2.94635261993
risk_basic,risk_basic_01975,682.261381303,1.43310805568
risk_basic,risk_basic_01976,857.124146065,1.79219016617
risk_basic,risk_basic_01977,967.539257707,2.50859869412
risk_basic,risk_basic_01978,954.407040373,2.24688831886
risk_basic,risk_basic_01979,795.504218082,2.21947998528
risk_basic,risk_basic_01980,672.667297565,1.60066394036
risk_basic,risk_basic_01981,1149.00201678,2.6705747233
risk_basic,risk_basic_01982,1102.28837193,2.42138637052
risk_basic,risk_basic_01983,787.029790555,1.30707825401
risk_basic,risk_basic_01984,1076.3171293,3.28471257405
risk_basic,risk_basic_01985,1187.18153212,2.37739809362
risk_basic,risk_basic_01986,580.52659043,1.75552204424
risk_basic,risk_basic_01987,884.636586056,1.48559954496
risk_basic,risk_basic_01988,527.705066748,1.29766010956
risk_basic,risk_basic_01989,959.736469784,2.29229273905
risk_basic,risk_basic_01990,798.460503511,1.387385475
risk_basic,risk_basic_01991,753.990229987,1.87065986859
risk_basic,risk_basic_01992,575.974453621,1.75572504811
risk_basic,risk_basic_01993,730.44433809,1.11649813046
risk_basic,risk_basic_01994,761.676338898,1.60589929796
risk_basic,risk_basic_01995,1046.97528468,2.30172400899
risk_basic,risk_basic_01996,825.991901161,1.85898254965
risk_basic,risk_basic_01997,717.274756228,1.36690597253
risk_basic,risk_basic_01998,1116.90564322,2.47885230468
risk_basic,risk_basic_01999,920.678722609,1.90051278622
risk_basic,risk_basic_02000,537.655345738,1.80311711138
risk_basic,risk_basic_02001,805.307269186,1.63784924239
risk_basic,risk_basic_02002,919.215517427,1.76245216296
risk_basic,risk_basic_02003,1080.67409354,3.04231015186
risk_basic,risk_basic_02004,642.271932607,1.59960928965
risk_basic,risk_basic_02005,814.76895471,1.62737957325
risk_basic,risk_basic_02006,873.653922586,1.68362879206
risk_basic,risk_basic_02007,806.61231106,1.70944806781
risk_basic,risk_basic_02008,517.62034018,1.97343547234
risk_basic,risk_basic_02009,856.723438634,1.46282071285
risk_basic,risk_basic_02010,820.923988717,1.75902663963
risk_basic,risk_basic_02011,836.303836132,2.39627059044
risk_basic,risk_basic_02012,870.513999457,1.31643657482
risk_basic,risk_basic_02013,1011.12069726,2.04958663017
risk_basic,risk_basic_02014,978.054617934,2.41643578917
risk_basic,risk_basic_02015,920.270939417,2.7349191402
risk_basic,risk_basic_02016,858.745262695,1.77543472236
risk_basic,risk_basic_02017,606.052531265,1.44471010205
risk_basic,risk_basic_02018,547.328817979,1.24377143109
risk_basic,risk_basic_02019,666.500566291,1.68166138908
risk_basic,risk_basic_02020,617.167666223,1.82147482292
risk_basic,risk_basic_02021,816.567268894,1.97554211622
risk_basic,risk_basic_02022,1125.8823586,2.02348678643
risk_basic,risk_basic_02023,531.534936757,2.44296256109
risk_basic,risk_basic_02024,1016.52643237,0.962601733808
risk_basic,risk_basic_02025,941.850261021,2.54847355379
risk_basic,risk_basic_02026,1136.71890888,2.4816464903
risk_basic,risk_basic_02027,582.374491211,1.66037474776
risk_basic,risk_basic_02028,825.633235878,2.06018093602
risk_basic,risk_basic_02029,735.022311592,0.961658395933
risk_basic,risk_basic_02030,1155.96623744,3.10148578753
risk_basic,risk_basic_02031,872.845194594,2.38786672702
risk_basic,risk_basic_02032,1079.15531839,1.92609499993
risk_basic,risk_basic_02033,965.142748019,1.56682226712
risk_basic,risk_basic_02034,665.113858443,1.22575254647
risk_basic,risk_basic_02035,821.395411806,1.61413414701
risk_basic,risk_basic_02036,945.71758054,2.52676380963
risk_basic,risk_basic_02037,939.17565765,2.07088689717
risk_basic,risk_basic_02038,1029.81399225,2.49662029157
risk_basic,risk_basic_02039,520.011123942,1.8711914201
risk_basic,risk_basic_02040,825.349741265,1.4448083133
risk_basic,risk_basic_02041,601.344954135,2.58577051765
risk_basic,risk_basic_02042,1069.94153236,2.51154194567
risk_basic,risk_basic_02043,990.428733444,2.24313001038
risk_basic,risk_basic_02044,1127.73150261,2.95955189448
risk_basic,risk_basic_02045,1087.43839369,2.39692303218
risk_basic,risk_basic_02046,801.875415563,1.97778871852
risk_basic,risk_basic_02047,629.772699084,1.60450561405
risk_basic,risk_basic_02048,540.382097119,1.30487212441
risk_basic,risk_basic_02049,608.765062773,2.21200553016
risk_basic,risk_basic_02050,964.291502183,2.31147108341
risk_basic,risk_basic_02051,1103.13647265,2.97495735871
risk_basic,risk_basic_02052,978.603851037,1.5204147029
risk_basic,risk_basic_02053,903.772501484,2.98482843281
risk_basic,risk_basic_02054,642.558767611,1.97175443462
risk_basic,risk_basic_02055,532.341453579,1.98458394069
risk_basic,risk_basic_02056,885.897157641,1.93394216279
risk_basic,risk_basic_02057,823.182926597,1.98566264204
risk_basic,risk_basic_02058,744.32259836,3.09073382301
risk_basic,risk_basic_02059,880.199065291,1.74907318099
risk_basic,risk_basic_02060,781.391433318,1.73425033177
risk_basic,risk_basic_02061,876.317170435,2.48471269657
risk_basic,risk_basic_02062,757.385742905,1.3122023526
risk_basic,risk_basic_02063,788.425700524,1.62575560934
risk_basic,risk_basic_02064,1126.79359821,2.80237924951
risk_basic,risk_basic_02065,788.266868532,2.29523529519
risk_basic,risk_basic_02066,549.336738935,2.76210885604
risk_basic,risk_basic_02067,635.738070123,2.87054801698
risk_basic,risk_basic_02068,1038.05208778,2.3676444832
risk_basic,risk_basic_02069,507.311721135,1.65044941218
risk_basic,risk_basic_02070,696.958955698,0.740561971383
risk_basic,risk_basic_02071,882.794632385,1.74415230953
risk_basic,risk_basic_02072,996.880715942,1.91449827331
risk_basic,risk_basic_02073,1091.22663747,1.85185977811
risk_basic,risk_basic_02074,1056.33671669,2.24399143664
risk_basic,risk_basic_02075,1061.08860329,2.87140324478
risk_basic,risk_basic_02076,985.419148526,2.62390552439
risk_basic,risk_basic_02077,559.403186986,1.9244222131
risk_basic,risk_basic_02078,555.194591546,1.2005168687
risk_basic,risk_basic_02079,1112.04448984,3.0877039846
risk_basic,risk_basic_02080,680.390386414,1.57596308414
risk_basic,risk_basic_02081,532.678770475,2.01886500916
risk_basic,risk_basic_02082,979.681269374,2.29787791324
risk_basic,risk_basic_02083,757.070410272,2.07169320331
risk_basic,risk_basic_02084,715.685213548,2.32583729523
risk_basic,risk_basic_02085,650.799129056,0.859331285104
risk_basic,risk_basic_02086,724.296559651,1.49319126883
risk_basic,risk_basic_02087,549.646424796,2.24649243209
risk_basic,risk_basic_02088,1033.37157813,1.51297171766
risk_basic,risk_basic_02089,518.118716132,1.6931043371
risk_basic,risk_basic_02090,998.136514252,2.16299292396
risk_basic,risk_basic_02091,515.420441412,2.04891760066
risk_basic,risk_basic_02092,953.382588648,2.35685845846
risk_basic,risk_basic_02093,783.283115857,3.18929039254
risk_basic,risk_basic_02094,704.93402053,1.42726462163
risk_basic,risk_basic_02095,564.111021391,0.773080825632
risk_basic,risk_basic_02096,728.726116007,1.67683194541
risk_basic,risk_basic_02097,563.985963286,1.95971625772
risk_basic,risk_basic_02098,928.069298467,2.70080411389
risk_basic,risk_basic_02099,760.571444992,1.67201248032
risk_basic,risk_basic_02100,629.100267424,2.23616524294
risk_basic,risk_basic_02101,699.964577901,2.14119108106
risk_basic,risk_basic_02102,1135.35315244,2.3307579627
risk_basic,risk_basic_02103,1197.66355001,2.93858348235
risk_basic,risk_basic_02104,731.140531743,1.75514358205
risk_basic,risk_basic_02105,707.593256228,1.87435831007
risk_basic,risk_basic_02106,658.43019609,1.49990260818
risk_basic,risk_basic_02107,1149.95794674,2.87635254215
risk_basic,risk_basic_02108,882.935735793,1.61220776033
risk_basic,risk_basic_02109,958.160889945,2.56382988171
risk_basic,risk_basic_02110,1147.76336262,3.20974623582
risk_basic,risk_basic_02111,1031.24422791,2.08366271095
risk_basic,risk_basic_02112,750.539746125,1.95193107663
risk_basic,risk_basic_02113,793.698799331,1.31667966129
risk_basic,risk_basic_02114,1146.31958121,2.12002273554
risk_basic,risk_basic_02115,1175.56353825,2.10326809502
risk_basic,risk_basic_02116,1093.68933642,3.23433905709
risk_basic,risk_basic_02117,1150.17492632,2.42460565127
risk_basic,risk_basic_02118,1074.51525177,2.31916902542
risk_basic,risk_basic_02119,890.688704988,1.76175973637
risk_basic,risk_basic_02120,996.032416985,3.46505126734
risk_basic,risk_basic_02121,817.499412158,2.57104360673
risk_basic,risk_basic_02122,836.749934973,1.908402296
risk_basic,risk_basic_02123,704.211900206,1.88954050403
risk_basic,risk_basic_02124,795.870560376,0.839849547752
risk_basic,risk_basic_02125,1121.83226477,2.80784818496
risk_basic,risk_basic_02126,886.216293037,1.74691522437
risk_basic,risk_basic_02127,640.67358534,1.69424777292
risk_basic,risk_basic_02128,737.732209685,1.12004667174
risk_basic,risk_basic_02129,592.666166645,0.956282628311
risk_basic,risk_basic_02130,795.303064269,1.9480215847
risk_basic,risk_basic_02131,753.09429078,2.08253419607
risk_basic,risk_basic_02132,629.241321736,3.17715324678
risk_basic,risk_basic_02133,576.045900069,2.2251749613
risk_basic,risk_basic_02134,754.871925299,1.46701677517
risk_basic,risk_basic_02135,764.898134443,2.15557115869
risk_basic,risk_basic_02136,662.207873086,2.18686573913
risk_basic,risk_basic_02137,849.618085162,1.91376344124
risk_basic,risk_basic_02138,866.333073763,2.5064196767
risk_basic,risk_basic_02139,818.926867464,2.40287479864
risk_basic,risk_basic_02140,571.584115433,1.40353874931
risk_basic,risk_basic_02141,620.639920821,2.31623874627
risk_basic,risk_basic_02142,1035.41744672,2.90068167463
risk_basic,risk_basic_02143,744.826463443,2.52003849998
risk_basic,risk_basic_02144,936.061608709,2.32711834538
risk_basic,risk_basic_02145,825.673994258,1.87072164808
risk_basic,risk_basic_02146,1064.98251425,2.82665953894
risk_basic,risk_basic_02147,841.8683844,2.10783907797
risk_basic,risk_basic_02148,1197.03982547,3.13653132532
risk_basic,risk_basic_02149,906.134009971,1.97581566962
risk_basic,risk_basic_02150,868.775129925,1.75028582921
risk_basic,risk_basic_02151,782.17383543,2.15693412961
risk_basic,risk_basic_02152,689.197025322,2.33699980953
risk_basic,risk_basic_02153,656.790895948,2.80347802732
risk_basic,risk_basic_02154,1091.8219714,3.05001644944
risk_basic,risk_basic_02155,1113.57365514,3.15702724765
risk_basic,risk_basic_02156,1112.04897992,2.38266782616
risk_basic,risk_basic_02157,996.864993149,2.26469669607
risk_basic,risk_basic_02158,1024.07488959,2.92063922754
risk_basic,risk_basic_02159,667.288527158,1.79918891584
risk_basic,risk_basic_02160,632.935347726,2.58927171996
risk_basic,risk_basic_02161,792.695374308,1.19980007046
risk_basic,risk_basic_02162,1136.95124164,2.92721516307
risk_basic,risk_basic_02163,714.101062931,1.40163012697
risk_basic,risk_basic_02164,956.368156922,2.43458610829
risk_basic,risk_basic_02165,508.998673745,1.63335612397
risk_basic,risk_basic_02166,643.103776013,1.80394951158
risk_basic,risk_basic_02167,1121.98279932,2.41844371097
risk_basic,risk_basic_02168,1152.78579335,2.24536616882
risk_basic,risk_basic_02169,933.063715114,1.93509919568
risk_basic,risk_basic_02170,885.951415545,2.12720044554
risk_basic,risk_basic_02171,592.413150468,1.72005115579
risk_basic,risk_basic_02172,638.346674348,1.34833051086
risk_basic,risk_basic_02173,621.258813607,1.73765760865
risk_basic,risk_basic_02174,1116.15359103,3.00511637569
risk_basic,risk_basic_02175,1146.43759053,2.16977732199
risk_basic,risk_basic_02176,569.775149239,1.7353279847
risk_basic,risk_basic_02177,619.471434419,0.84329074053
risk_basic,risk_basic_02178,816.581002241,0.921030074037
risk_basic,risk_basic_02179,1003.64307116,2.40672955725
risk_basic,risk_basic_02180,634.502939815,1.75459965211
risk_basic,risk_basic_02181,798.402417076,0.898147901977
risk_basic,risk_basic_02182,892.828777112,0.868603735601
risk_basic,risk_basic_02183,904.091860977,2.31166933846
risk_basic,risk_basic_02184,664.374312513,1.90521321647
risk_basic,risk_basic_02185,825.5799985,2.31899839262
risk_basic,risk_basic_02186,806.751439593,2.63566489667
risk_basic,risk_basic_02187,1124.62393092,2.70948741437
risk_basic,risk_basic_02188,582.513636635,1.69835755934
risk_basic,risk_basic_02189,1194.816548,3.06718950496
risk_basic,risk_basic_02190,928.922932861,2.13651681604
risk_basic,risk_basic_02191,843.086354114,1.15874595962
risk_basic,risk_basic_02192,606.05935058,2.11945515824
risk_basic,risk_basic_02193,633.569880308,2.39895119945
risk_basic,risk_basic_02194,1001.32998251,3.08884169343
risk_basic,risk_basic_02195,1149.57011917,2.26792189491
risk_basic,risk_basic_02196,1077.90977608,3.18844296604
risk_basic,risk_basic_02197,568.787914049,1.65017533289
risk_basic,risk_basic_02198,720.905606311,2.06445676896
risk_basic,risk_basic_02199,572.641166263,1.53332551295
risk_basic,risk_basic_02200,1065.68114689,2.70536704627
risk_basic,risk_basic_02201,541.056070755,2.0211686892
risk_basic,risk_basic_02202,1091.87075507,2.47936300689
risk_basic,risk_basic_02203,512.439764915,0.451866564964
risk_basic,risk_basic_02204,680.613762819,1.57444576611
risk_basic,risk_basic_02205,962.197037293,2.42316019024
risk_basic,risk_basic_02206,1138.25602552,2.57348176644
risk_basic,risk_basic_02207,706.487623695,1.06921821321
risk_basic,risk_basic_02208,1180.59353056,2.83262459044
risk_basic,risk_basic_02209,1052.10641519,3.0315722596
risk_basic,risk_basic_02210,914.175442222,0.997249521277
risk_basic,risk_basic_02211,663.448449384,2.02723210822
risk_basic,risk_basic_02212,604.682693349,1.94140191594
risk_basic,risk_basic_02213,535.478858095,0.999829706287
risk_basic,risk_basic_02214,630.637038876,1.65725541662
risk_basic,risk_basic_02215,1149.07022655,2.64916987853
risk_basic,risk_basic_02216,1198.36318901,2.98433381383
risk_basic,risk_basic_02217,619.171198115,0.840935887684
risk_basic,risk_basic_02218,630.942675071,1.69874239174
risk_basic,risk_basic_02219,600.004695431,2.85858843291
risk_basic,risk_basic_02220,563.913413623,1.68059876617
risk_basic,risk_basic_02221,1108.67561717,2.71689655076
risk_basic,risk_basic_02222,526.224637945,2.34554938739
risk_basic,risk_basic_02223,616.60858418,2.18335355872
risk_basic,risk_basic_02224,889.579908571,1.95077025398
risk_basic,risk_basic_02225,866.651724335,2.61597378405
risk_basic,risk_basic_02226,1104.99822795,2.56488924466
risk_basic,risk_basic_02227,1166.42948762,3.77332508423
risk_basic,risk_basic_02228,634.420465812,1.25093665588
risk_basic,risk_basic_02229,724.632296324,1.92531958375
risk_basic,risk_basic_02230,769.103241486,1.6957913604
risk_basic,risk_basic_02231,1137.83549481,2.75314500235
risk_basic,risk_basic_02232,899.182490147,2.36803997057
risk_basic,risk_basic_02233,1106.96306637,3.00169723715
risk_basic,risk_basic_02234,1198.57135379,2.69351898129
risk_basic,risk_basic_02235,1037.9329468,3.12359933057
risk_basic,risk_basic_02236,1132.0951089,3.15762732812
risk_basic,risk_basic_02237,1198.88642438,3.07173531183
risk_basic,risk_basic_02238,702.200908707,1.39013780677
risk_basic,risk_basic_02239,1108.4060069,2.68341407165
risk_basic,risk_basic_02240,888.011340486,1.74775106605
risk_basic,risk_basic_02241,931.111165418,2.61429188944
risk_basic,risk_basic_02242,1050.7926735,2.14244059645
risk_basic,risk_basic_02243,1160.513279,2.90902669911
risk_basic,risk_basic_02244,1198.37203233,3.07933239044
risk_basic,risk_basic_02245,662.83309105,2.52543363772
risk_basic,risk_basic_02246,1006.71694382,2.75263632177
risk_basic,risk_basic_02247,669.672044187,0.988700911289
risk_basic,risk_basic_02248,1052.65360053,2.49621042987
risk_basic,risk_basic_02249,611.023771592,1.37577185719
risk_basic,risk_basic_02250,725.183946166,2.89429832741
risk_basic,risk_basic_02251,604.435481732,1.94489653858
risk_basic,risk_basic_02252,531.796293066,1.7040806932
risk_basic,risk_basic_02253,650.993507896,1.61601490391
risk_basic,risk_basic_02254,1159.64988931,2.60585907067
risk_basic,risk_basic_02255,577.00074096,1.76347298367
risk_basic,risk_basic_02256,1176.35017406,3.45729952791
risk_basic,risk_basic_02257,1191.39524581,3.55497528581
risk_basic,risk_basic_02258,963.201955322,2.5032354848
risk_basic,risk_basic_02259,959.314731277,3.14060086964
risk_basic,risk_basic_02260,1066.57023825,2.55229266452
risk_basic,risk_basic_02261,1089.53501108,2.52670683441
risk_basic,risk_basic_02262,593.106543733,0.775541296083
risk_basic,risk_basic_02263,815.571911167,1.56803558416
risk_basic,risk_basic_02264,640.916303524,2.16402222487
risk_basic,risk_basic_02265,1074.87307841,1.258647365
risk_basic,risk_basic_02266,766.741785207,1.91727199214
risk_basic,risk_basic_02267,1101.43401351,3.38354464496
risk_basic,risk_basic_02268,604.792831211,2.9103318837
risk_basic,risk_basic_02269,694.606008812,1.01493220872
risk_basic,risk_basic_02270,1096.15037928,1.66277446531
risk_basic,risk_basic_02271,1134.23527197,1.72591598627
risk_basic,risk_basic_02272,1148.1822614,3.08979810914
risk_basic,risk_basic_02273,866.418630711,2.31596919627
risk_basic,risk_basic_02274,580.427387148,1.83869162026
risk_basic,risk_basic_02275,1064.01987321,2.94249704112
risk_basic,risk_basic_02276,984.409493727,2.50487299444
risk_basic,risk_basic_02277,729.761960648,2.67590703138
risk_basic,risk_basic_02278,614.605066588,1.26577389876
risk_basic,risk_basic_02279,755.558765712,0.986652347312
risk_basic,risk_basic_02280,686.859963746,1.45897227511
risk_basic,risk_basic_02281,888.373769034,2.31827732625
risk_basic,risk_basic_02282,1121.98414189,2.63587885747
risk_basic,risk_basic_02283,976.108838908,2.24454581781
risk_basic,risk_basic_02284,1110.70948521,2.98258254189
risk_basic,risk_basic_02285,988.254213215,2.50504401037
risk_basic,risk_basic_02286,683.598325574,1.45473686581
risk_basic,risk_basic_02287,650.782326023,1.86768150709
risk_basic,risk_basic_02288,564.31810687,1.54094345709
risk_basic,risk_basic_02289,1136.59331995,2.0832552798
risk_basic,risk_basic_02290,507.724580652,1.96887610984
risk_basic,risk_basic_02291,699.507181934,2.09191848609
risk_basic,risk_basic_02292,961.842613024,1.81245629656
risk_basic,risk_basic_02293,1151.8504281,2.51902532357
risk_basic,risk_basic_02294,849.935468166,1.34543931623
risk_basic,risk_basic_02295,879.573265112,2.3815124696
risk_basic,risk_basic_02296,810.573402953,2.28586661139
risk_basic,risk_basic_02297,1032.28205761,2.06520283366
risk_basic,risk_basic_02298,1124.1232961,3.24068478845
risk_basic,risk_basic_02299,1128.14139887,2.23844475343
risk_basic,risk_basic_02300,519.133778477,1.96758126286
risk_basic,risk_basic_02301,1031.17336796,3.27897409187
risk_basic,risk_basic_02302,698.567376227,1.52388489737
risk_basic,risk_basic_02303,864.20242981,1.82697929888
risk_basic,risk_basic_02304,605.490493325,2.12208030407
risk_basic,risk_basic_02305,511.705835256,1.37868585938
risk_basic,risk_basic_02306,988.498683872,2.58115175735
risk_basic,risk_basic_02307,1022.69590986,2.69835817639
risk_basic,risk_basic_02308,758.769443011,1.53119843825
risk_basic,risk_basic_02309,608.172731121,1.42867547469
risk_basic,risk_basic_02310,743.655108393,2.05182063485
risk_basic,risk_basic_02311,834.014045376,1.65062341536
risk_basic,risk_basic_02312,1175.39905368,2.68310209938
risk_basic,risk_basic_02313,529.057207495,2.01591704554
risk_basic,risk_basic_02314,995.136634338,3.51756481862
risk_basic,risk_basic_02315,883.391914397,2.61624617925
risk_basic,risk_basic_02316,728.153330401,1.10554110108
risk_basic,risk_basic_02317,596.704248648,1.32437361003
risk_basic,risk_basic_02318,614.85166865,1.14583095674
risk_basic,risk_basic_02319,563.09322705,1.13540552872
risk_basic,risk_basic_02320,966.949361745,2.54687691884
risk_basic,risk_basic_02321,740.463403865,2.37591434643
risk_basic,risk_basic_02322,518.876027103,1.35725531636
risk_basic,risk_basic_02323,965.401792735,1.78947552746
risk_basic,risk_basic_02324,897.394116322,2.58952442396
risk_basic,risk_basic_02325,1018.14118014,1.95756920848
risk_basic,risk_basic_02326,668.827699101,1.92147117814
risk_basic,risk_basic_02327,584.520220508,1.89668537881
risk_basic,risk_basic_02328,1143.15074735,3.2133577988
risk_basic,risk_basic_02329,1173.78262399,1.51476613439
risk_basic,risk_basic_02330,661.722874683,2.18946152015
risk_basic,risk_basic_02331,1199.89796936,3.90825033486
risk_basic,risk_basic_02332,874.783235155,2.59469986346
risk_basic,risk_basic_02333,812.801174317,2.42085998377
risk_basic,risk_basic_02334,554.662207943,1.9076824641
risk_basic,risk_basic_02335,1094.02022562,2.38714088855
risk_basic,risk_basic_02336,886.48073744,2.30334797318
risk_basic,risk_basic_02337,1171.16038443,2.84272564553
risk_basic,risk_basic_02338,854.389680243,3.2994266563
risk_basic,risk_basic_02339,1058.23632638,2.04686118893
risk_basic,risk_basic_02340,1115.11594589,3.26253513886
risk_basic,risk_basic_02341,1164.39840157,1.96427068337
risk_basic,risk_basic_02342,631.575159639,1.39908534647
risk_basic,risk_basic_02343,715.671810752,2.18750443856
risk_basic,risk_basic_02344,886.723284114,1.86071382043
risk_basic,risk_basic_02345,652.549267014,2.33425556645
risk_basic,risk_basic_02346,1000.74137188,2.08979680993
risk_basic,risk_basic_02347,1108.04677423,2.88581677653
risk_basic,risk_basic_02348,1113.60523808,2.74781407972
risk_basic,risk_basic_02349,813.057226049,2.24491943229
risk_basic,risk_basic_02350,597.637213699,2.67197901388
risk_basic,risk_basic_02351,646.255190055,1.82913221485
risk_basic,risk_basic_02352,864.699025454,2.43448184326
risk_basic,risk_basic_02353,824.705069766,2.62683319981
risk_basic,risk_basic_02354,895.283956171,1.72168755882
risk_basic,risk_basic_02355,706.59696434,1.33259185372
risk_basic,risk_basic_02356,936.205982596,2.65751530586
risk_basic,risk_basic_02357,1021.81958375,2.40453447878
risk_basic,risk_basic_02358,660.619130634,2.59171559906
risk_basic,risk_basic_02359,580.135368294,1.4703080484
risk_basic,risk_basic_02360,955.391907971,1.50147564528
risk_basic,risk_basic_02361,673.723603025,1.25796508551
risk_basic,risk_basic_02362,748.726718568,1.66986256618
risk_basic,risk_basic_02363,1141.45323655,2.91398241511
risk_basic,risk_basic_02364,631.147544811,2.62757924473
risk_basic,risk_basic_02365,1152.40067502,2.16756231071
risk_basic,risk_basic_02366,668.469203957,2.45745716901
risk_basic,risk_basic_02367,995.27575041,1.79729113963
risk_basic,risk_basic_02368,934.287860639,2.26389767752
risk_basic,risk_basic_02369,821.623572294,2.24420323386
risk_basic,risk_basic_02370,653.071486484,2.37606741925
risk_basic,risk_basic_02371,539.061386977,2.30249887838
risk_basic,risk_basic_02372,760.202116684,1.34805151795
risk_basic,risk_basic_02373,967.709633562,1.62246631825
risk_basic,risk_basic_02374,500.802727947,2.41133775417
risk_basic,risk_basic_02375,762.18141713,2.0856343782
risk_basic,risk_basic_02376,677.723477118,1.01678711866
risk_basic,risk_basic_02377,776.471630329,1.9055148068
risk_basic,risk_basic_02378,719.224891829,2.04706644313
risk_basic,risk_basic_02379,731.283252021,2.18408471101
risk_basic,risk_basic_02380,506.702395152,1.64256662049
risk_basic,risk_basic_02381,927.552597847,2.64827301784
risk_basic,risk_basic_02382,952.982506128,2.29094461658
risk_basic,risk_basic_02383,1080.78022152,2.28723703184
risk_basic,risk_basic_02384,532.743005888,1.92229124765
risk_basic,risk_basic_02385,993.643677596,2.47479061484
risk_basic,risk_basic_02386,650.933176322,2.649512961
risk_basic,risk_basic_02387,994.863078652,2.03393102757
risk_basic,risk_basic_02388,999.698198715,2.63534024219
risk_basic,risk_basic_02389,888.305249261,2.26104054416
risk_basic,risk_basic_02390,993.463409802,2.27887601317
risk_basic,risk_basic_02391,814.864371748,2.44423010321
risk_basic,risk_basic_02392,785.190672847,2.01828178825
risk_basic,risk_basic_02393,553.55055812,1.37007549021
risk_basic,risk_basic_02394,782.598646302,1.78476394332
risk_basic,risk_basic_02395,502.980747603,1.97698376722
risk_basic,risk_basic_02396,784.883529969,1.5595564229
risk_basic,risk_basic_02397,520.934517735,0.964562327936
risk_basic,risk_basic_02398,518.927062,1.73055692116
risk_basic,risk_basic_02399,976.881716411,2.59336389814
risk_basic,risk_basic_02400,591.433005373,2.00692465663
risk_basic,risk_basic_02401,866.304300717,2.04060960673
risk_basic,risk_basic_02402,875.715604241,2.48895682849
risk_basic,risk_basic_02403,1092.76047786,2.17957897242
risk_basic,risk_basic_02404,1195.46501472,2.32605614545
risk_basic,risk_basic_02405,1051.22761658,1.84235163233
risk_basic,risk_basic_02406,1057.19719764,1.80148592173
risk_basic,risk_basic_02407,921.211903264,2.01448592983
risk_basic,risk_basic_02408,960.393898533,1.47401621668
risk_basic,risk_basic_02409,1068.92999835,2.54577529857
risk_basic,risk_basic_02410,1165.84835348,2.82974725726
risk_basic,risk_basic_02411,543.085093228,2.25850716208
risk_basic,risk_basic_02412,666.758071992,2.48938785619
risk_basic,risk_basic_02413,730.877456856,1.54563090735
risk_basic,risk_basic_02414,566.852746291,1.71279387378
risk_basic,risk_basic_02415,556.413022077,1.16757265742
risk_basic,risk_basic_02416,641.112812419,1.59709283565
risk_basic,risk_basic_02417,1026.84288019,1.98795891105
risk_basic,risk_basic_02418,578.026600096,3.13102704335
risk_basic,risk_basic_02419,842.487409566,1.29744590457
risk_basic,risk_basic_02420,593.907300993,1.52976700954
risk_basic,risk_basic_02421,1019.19278465,2.80176334447
risk_basic,risk_basic_02422,504.185297573,1.90943856371
risk_basic,risk_basic_02423,568.573671326,1.78968892173
risk_basic,risk_basic_02424,883.815264798,2.9572089807
risk_basic,risk_basic_02425,509.259928014,2.33271118696
risk_basic,risk_basic_02426,800.036412796,1.80800001865
risk_basic,risk_basic_02427,1198.6631289,3.41479632049
risk_basic,risk_basic_02428,746.169997348,2.42747838657
risk_basic,risk_basic_02429,889.690803664,2.35537408266
risk_basic,risk_basic_02430,870.398560451,2.05866795005
risk_basic,risk_basic_02431,1175.42396969,2.9879164644
risk_basic,risk_basic_02432,1023.72761412,1.77049380602
risk_basic,risk_basic_02433,1165.90026951,2.90610867645
risk_basic,risk_basic_02434,904.917054533,1.69552311406
risk_basic,risk_basic_02435,599.554024164,2.61480771999
risk_basic,risk_basic_02436,728.750499262,1.27747811053
risk_basic,risk_basic_02437,1152.41764342,2.64010378988
risk_basic,risk_basic_02438,1109.73927524,2.20133338569
risk_basic,risk_basic_02439,1190.21677061,2.08010293423
risk_basic,risk_basic_02440,885.236642577,1.70927555953
risk_basic,risk_basic_02441,968.185675145,2.43385138026
risk_basic,risk_basic_02442,780.495599586,1.332986414
risk_basic,risk_basic_02443,1099.85613758,3.87441110568
risk_basic,risk_basic_02444,847.552242218,2.47357011152
risk_basic,risk_basic_02445,708.479858319,2.01975822411
risk_basic,risk_basic_02446,803.197147108,1.98916219687
risk_basic,risk_basic_02447,1145.93253933,3.66137971571
risk_basic,risk_basic_02448,798.929255943,1.86525684254
risk_basic,risk_basic_02449,751.377376236,2.3659537042
risk_basic,risk_basic_02450,680.618894926,1.46777747646
risk_basic,risk_basic_02451,797.103890429,1.12919054193
risk_basic,risk_basic_02452,1181.27152161,2.08975907428
risk_basic,risk_basic_02453,1087.2318775,2.79384597036
risk_basic,risk_basic_02454,959.227680808,2.11963769402
risk_basic,risk_basic_02455,652.475366287,1.974960545
risk_basic,risk_basic_02456,888.096209221,1.5057732142
risk_basic,risk_basic_02457,535.133047289,1.09178193331
risk_basic,risk_basic_02458,551.135830155,2.26957499339
risk_basic,risk_basic_02459,1049.00543446,2.64201889928
risk_basic,risk_basic_02460,712.848555601,1.69954345138
risk_basic,risk_basic_02461,572.533430908,1.09039935825
risk_basic,risk_basic_02462,1084.88668411,2.60791292507
risk_basic,risk_basic_02463,755.869523564,2.5634434946
risk_basic,risk_basic_02464,982.976460171,2.97077330259
risk_basic,risk_basic_02465,1019.50362272,2.57129811886
risk_basic,risk_basic_02466,900.521618206,1.65388864895
risk_basic,risk_basic_02467,950.101047052,2.11792669453
risk_basic,risk_basic_02468,551.507988656,2.64820910863
risk_basic,risk_basic_02469,517.233999587,1.87445022413
risk_basic,risk_basic_02470,1074.61273642,1.79795068955
risk_basic,risk_basic_02471,991.179212567,2.5611248274
risk_basic,risk_basic_02472,857.396884789,1.04890464946
risk_basic,risk_basic_02473,779.591993394,2.34272417666
risk_basic,risk_basic_02474,1054.28367629,3.10323367873
risk_basic,risk_basic_02475,532.451516549,1.45116394822
risk_basic,risk_basic_02476,1105.00907588,2.35843138364
risk_basic,risk_basic_02477,543.12712355,1.68646515981
risk_basic,risk_basic_02478,734.374547331,0.905885125334
risk_basic,risk_basic_02479,1035.79195589,2.56017542486
risk_basic,risk_basic_02480,986.539837217,2.38976252484
risk_basic,risk_basic_02481,1091.87132541,2.23766479832
risk_basic,risk_basic_02482,1085.7895804,2.57810410685
risk_basic,risk_basic_02483,940.532956928,2.29954893361
risk_basic,risk_basic_02484,1083.32502363,2.83094867403
risk_basic,risk_basic_02485,837.286584645,2.92082505579
risk_basic,risk_basic_02486,951.244309815,2.00755008708
risk_basic,risk_basic_02487,570.823151767,2.08222614218
risk_basic,risk_basic_02488,681.440976861,1.05350803748
risk_basic,risk_basic_02489,533.163445724,1.5190097462
risk_basic,risk_basic_02490,1073.68169222,2.63564148377
risk_basic,risk_basic_02491,1055.58807441,1.67263130503
risk_basic,risk_basic_02492,524.288072274,1.61126347652
risk_basic,risk_basic_02493,1098.13231957,1.92796836063
risk_basic,risk_basic_02494,965.165590846,2.35602191675
risk_basic,risk_basic_02495,1062.10987299,3.16989708988
risk_basic,risk_basic_02496,557.214296198,2.0215513539
risk_basic,risk_basic_02497,1111.76331742,2.68948155544
risk_basic,risk_basic_02498,1148.03980047,2.83183327807
risk_basic,risk_basic_02499,995.849818758,2.47416545774
risk_basic,risk_basic_02500,1145.75797046,2.56122885037
risk_basic,risk_basic_02501,675.223157039,1.65362614779
risk_basic,risk_basic_02502,1173.21240936,2.93514797796
risk_basic,risk_basic_02503,1002.37286358,2.28860501795
risk_basic,risk_basic_02504,985.829380455,1.89626151036
risk_basic,risk_basic_02505,1115.07105832,1.90063674383
risk_basic,risk_basic_02506,692.245267071,0.921214944752
risk_basic,risk_basic_02507,585.714569152,1.5755457797
risk_basic,risk_basic_02508,660.630831063,0.936410616546
risk_basic,risk_basic_02509,768.199586733,2.37894508191
risk_basic,risk_basic_02510,881.278348206,2.55115773842
risk_basic,risk_basic_02511,741.732049503,1.67216121775
risk_basic,risk_basic_02512,603.869698709,1.29995443414
risk_basic,risk_basic_02513,678.151045195,1.84659356485
risk_basic,risk_basic_02514,1126.83309743,3.08039606058
risk_basic,risk_basic_02515,1047.18154402,1.83259328279
risk_basic,risk_basic_02516,884.615635279,2.30886822451
risk_basic,risk_basic_02517,609.614139846,2.04381231057
risk_basic,risk_basic_02518,702.655497304,0.723236965828
risk_basic,risk_basic_02519,762.006026987,1.90055165141
risk_basic,risk_basic_02520,761.013737038,2.28625669544
risk_basic,risk_basic_02521,508.912206141,1.0973284015
risk_basic,risk_basic_02522,525.359475298,1.7114357249
risk_basic,risk_basic_02523,665.544273843,1.46517718782
risk_basic,risk_basic_02524,946.370115701,2.0652469241
risk_basic,risk_basic_02525,787.351157524,1.85329324927
risk_basic,risk_basic_02526,1051.41696803,2.19724268195
risk_basic,risk_basic_02527,1084.06410195,1.97907947547
risk_basic,risk_basic_02528,612.297319475,2.38788479532
risk_basic,risk_basic_02529,944.247490778,2.04468539816
risk_basic,risk_basic_02530,837.821317168,2.03932121827
risk_basic,risk_basic_02531,966.427795026,2.12306197353
risk_basic,risk_basic_02532,516.519377731,1.74264868341
risk_basic,risk_basic_02533,1046.47098171,2.13474276885
risk_basic,risk_basic_02534,542.966931325,1.74211914125
risk_basic,risk_basic_02535,671.021508441,1.60141508224
risk_basic,risk_basic_02536,871.365200792,2.01208892434
risk_basic,risk_basic_02537,1096.34340532,2.45932384956
risk_basic,risk_basic_02538,962.183859768,1.93962468442
risk_basic,risk_basic_02539,1178.96618567,2.23641443718
risk_basic,risk_basic_02540,981.206975677,1.25258792926
risk_basic,risk_basic_02541,772.632565122,0.519663207608
risk_basic,risk_basic_02542,1112.29214313,2.39183912929
risk_basic,risk_basic_02543,1043.05809665,3.114814416
risk_basic,risk_basic_02544,649.775738304,1.55766078431
risk_basic,risk_basic_02545,691.727859729,1.33248574924
risk_basic,risk_basic_02546,1086.16224787,2.28010128832
risk_basic,risk_basic_02547,695.958532495,1.64814690826
risk_basic,risk_basic_02548,902.934072529,1.93714658473
risk_basic,risk_basic_02549,735.025617931,2.057372798
risk_basic,risk_basic_02550,1101.06302456,2.93321998068
risk_basic,risk_basic_02551,608.080972582,2.04471742884
risk_basic,risk_basic_02552,572.710765556,1.95507692562
risk_basic,risk_basic_02553,895.304753646,2.42874670168
risk_basic,risk_basic_02554,779.104195764,1.39836007613
risk_basic,risk_basic_02555,890.360849534,2.76167245807
risk_basic,risk_basic_02556,740.776720391,2.7908401194
risk_basic,risk_basic_02557,1169.9311059,2.77663024444
risk_basic,risk_basic_02558,985.312453973,2.58616556452
risk_basic,risk_basic_02559,775.690765436,2.25821242638
risk_basic,risk_basic_02560,1056.02200465,1.87571506251
risk_basic,risk_basic_02561,1083.90673708,2.85249656297
risk_basic,risk_basic_02562,1111.32710182,2.49587975897
risk_basic,risk_basic_02563,734.574222928,1.85166645436
risk_basic,risk_basic_02564,1136.65357101,2.40396690841
risk_basic,risk_basic_02565,672.473327216,1.84354051563
risk_basic,risk_basic_02566,1195.23970866,2.73939676187
risk_basic,risk_basic_02567,1183.17484074,2.54008697034
risk_basic,risk_basic_02568,780.781030451,1.3760784758
risk_basic,risk_basic_02569,858.041615605,1.85401336075
risk_basic,risk_basic_02570,713.554926784,1.54825204109
risk_basic,risk_basic_02571,1078.72015724,1.75540824826
risk_basic,risk_basic_02572,1071.18507249,2.24320780427
risk_basic,risk_basic_02573,781.549547005,2.03321366509
risk_basic,risk_basic_02574,941.907646146,1.32081312229
risk_basic,risk_basic_02575,1182.73145151,1.9820785233
risk_basic,risk_basic_02576,902.320797808,1.86750062088
risk_basic,risk_basic_02577,615.851648579,1.82693433655
risk_basic,risk_basic_02578,1179.05943349,2.78435439864
risk_basic,risk_basic_02579,1083.37508982,1.83393040682
risk_basic,risk_basic_02580,1069.91477455,1.43852462306
risk_basic,risk_basic_02581,855.435852209,1.44085975047
risk_basic,risk_basic_02582,1119.153449,2.85813240751
risk_basic,risk_basic_02583,620.862881764,1.79300790753
risk_basic,risk_basic_02584,867.956258329,1.78323746815
risk_basic,risk_basic_02585,936.522264136,4.03263492576
risk_basic,risk_basic_02586,986.492674783,2.18329011334
risk_basic,risk_basic_02587,796.258309756,1.58369801633
risk_basic,risk_basic_02588,1186.42473135,2.40040093474
risk_basic,risk_basic_02589,883.442115826,2.02667796102
risk_basic,risk_basic_02590,716.329324578,1.76917741363
risk_basic,risk_basic_02591,910.669657441,2.61701916474
risk_basic,risk_basic_02592,1113.25596492,2.60628030575
risk_basic,risk_basic_02593,1096.7271355,2.67559967884
risk_basic,risk_basic_02594,1106.04757847,2.53143803979
risk_basic,risk_basic_02595,690.93952497,2.43810832126
risk_basic,risk_basic_02596,799.400587564,1.94858345645
risk_basic,risk_basic_02597,874.328270399,1.82435281226
risk_basic,risk_basic_02598,583.699622857,1.48802188967
risk_basic,risk_basic_02599,1022.45083854,2.11851753249
risk_basic,risk_basic_02600,860.208233549,2.24929006394
risk_basic,risk_basic_02601,669.800683391,2.17368145
risk_basic,risk_basic_02602,528.933572621,1.19980449832
risk_basic,risk_basic_02603,669.148449652,2.143219434
risk_basic,risk_basic_02604,744.59192962,1.44179107247
risk_basic,risk_basic_02605,1094.4562415,0.926395700269
risk_basic,risk_basic_02606,974.5068137,1.53715404786
risk_basic,risk_basic_02607,1159.90774986,2.81044271058
risk_basic,risk_basic_02608,763.367678127,1.6729087999
risk_basic,risk_basic_02609,682.064836489,2.56157162458
risk_basic,risk_basic_02610,978.475360953,2.36853725633
risk_basic,risk_basic_02611,985.546488163,2.67766185403
risk_basic,risk_basic_02612,1121.66776055,3.48951656166
risk_basic,risk_basic_02613,926.040910835,2.73982499124
risk_basic,risk_basic_02614,568.840229629,1.35635331774
risk_basic,risk_basic_02615,1136.19756004,2.96895786213
risk_basic,risk_basic_02616,725.745072187,1.91761370566
risk_basic,risk_basic_02617,977.447650976,1.5768461733
risk_basic,risk_basic_02618,962.078473913,2.69184675646
risk_basic,risk_basic_02619,1178.18531132,2.96262776178
risk_basic,risk_basic_02620,577.754473884,1.63483490115
risk_basic,risk_basic_02621,909.155728773,1.11842757285
risk_basic,risk_basic_02622,835.667566755,1.32168030456
risk_basic,risk_basic_02623,1145.00708381,2.83654223033
risk_basic,risk_basic_02624,617.435376886,1.16956725203
risk_basic,risk_basic_02625,824.506948008,1.15770710468
risk_basic,risk_basic_02626,568.902023597,1.70905256541
risk_basic,risk_basic_02627,1175.76838036,1.96786682124
risk_basic,risk_basic_02628,890.710534128,2.5185571476
risk_basic,risk_basic_02629,822.249783898,3.16129906413
risk_basic,risk_basic_02630,996.262263028,2.58437178554
risk_basic,risk_basic_02631,1030.22610217,2.37801945826
risk_basic,risk_basic_02632,629.202707523,1.88130843129
risk_basic,risk_basic_02633,837.520273074,2.05929842797
risk_basic,risk_basic_02634,1076.55973367,2.88944828138
risk_basic,risk_basic_02635,605.958866773,2.28132772837
risk_basic,risk_basic_02636,592.21184465,1.42354982017
risk_basic,risk_basic_02637,788.836610311,2.4581998747
risk_basic,risk_basic_02638,1089.47726896,2.52675374609
risk_basic,risk_basic_02639,1123.73040733,2.63820325883
risk_basic,risk_basic_02640,561.284118501,0.71485672199
risk_basic,risk_basic_02641,816.082606625,0.607403341734
risk_basic,risk_basic_02642,987.486815875,2.02976929569
risk_basic,risk_basic_02643,1024.33131457,2.25792318164
risk_basic,risk_basic_02644,720.279007453,2.15680955299
risk_basic,risk_basic_02645,1172.48200188,2.23099119754
risk_basic,risk_basic_02646,562.759552419,1.28018489029
risk_basic,risk_basic_02647,1038.9215744,2.57991428739
risk_basic,risk_basic_02648,1070.80727613,2.4060997916
risk_basic,risk_basic_02649,866.856707921,1.77294786897
risk_basic,risk_basic_02650,853.002664124,1.0183291396
risk_basic,risk_basic_02651,532.80056895,1.74164480612
risk_basic,risk_basic_02652,943.240819236,2.06384142558
risk_basic,risk_basic_02653,1076.19304344,2.87871992951
risk_basic,risk_basic_02654,552.459244719,1.72134550714
risk_basic,risk_basic_02655,1021.50863272,2.24679998124
risk_basic,risk_basic_02656,605.759781224,1.4320427591
risk_basic,risk_basic_02657,607.57292444,1.1263631855
risk_basic,risk_basic_02658,987.40414008,2.5254777686
risk_basic,risk_basic_02659,1013.46023602,1.92501761079
risk_basic,risk_basic_02660,1115.56283481,2.90910534058
risk_basic,risk_basic_02661,740.540098577,2.84461630296
risk_basic,risk_basic_02662,1059.53941719,2.83098196785
risk_basic,risk_basic_02663,1149.56295287,2.82517758801
risk_basic,risk_basic_02664,876.952651046,1.91940674767
risk_basic,risk_basic_02665,577.508644291,1.97021621096
risk_basic,risk_basic_02666,593.350515141,2.62816573839
risk_basic,risk_basic_02667,764.367781881,1.85449499065
risk_basic,risk_basic_02668,632.209530518,1.6646523935
risk_basic,risk_basic_02669,823.935172773,1.45455638778
risk_basic,risk_basic_02670,879.467334042,2.37188778931
risk_basic,risk_basic_02671,986.820023157,1.9153745954
risk_basic,risk_basic_02672,655.618982518,0.90064741315
risk_basic,risk_basic_02673,926.126725138,2.1722387885
risk_basic,risk_basic_02674,938.406953103,2.86205288905
risk_basic,risk_basic_02675,706.434400512,1.46646892746
risk_basic,risk_basic_02676,1149.61908983,2.35309138741
risk_basic,risk_basic_02677,1167.68448955,2.81208520966
risk_basic,risk_basic_02678,1120.76629234,2.66510111031
risk_basic,risk_basic_02679,549.84293501,2.66502457743
risk_basic,risk_basic_02680,928.435472894,2.81042455836
risk_basic,risk_basic_02681,1113.77517063,2.81686848137
risk_basic,risk_basic_02682,509.998950496,2.20029850553
risk_basic,risk_basic_02683,942.49486546,2.56304622168
risk_basic,risk_basic_02684,670.648641539,1.87958264456
risk_basic,risk_basic_02685,1028.37878917,3.13277328013
risk_basic,risk_basic_02686,829.482809072,1.96197575487
risk_basic,risk_basic_02687,829.727272733,2.12109372955
risk_basic,risk_basic_02688,593.878626977,1.23215389012
risk_basic,risk_basic_02689,719.970976951,1.66499688143
risk_basic,risk_basic_02690,816.162702737,2.33339153149
risk_basic,risk_basic_02691,869.858451009,2.13376324898
risk_basic,risk_basic_02692,575.915934078,2.30199876109
risk_basic,risk_basic_02693,739.075864803,1.15599638537
risk_basic,risk_basic_02694,824.210658987,2.35270979958
risk_basic,risk_basic_02695,747.850814139,1.1499918419
risk_basic,risk_basic_02696,807.134408517,2.2853978165
risk_basic,risk_basic_02697,1042.67003688,2.57794546656
risk_basic,risk_basic_02698,573.263583738,2.21449810031
risk_basic,risk_basic_02699,1012.35530528,2.46194375873
risk_basic,risk_basic_02700,1105.65864519,1.71977410158
risk_basic,risk_basic_02701,634.237302893,1.11420434174
risk_basic,risk_basic_02702,1103.81027092,2.68036899968
risk_basic,risk_basic_02703,1118.26654461,3.4745688518
risk_basic,risk_basic_02704,1142.12467961,2.65668308691
risk_basic,risk_basic_02705,501.328932559,1.4942613372
risk_basic,risk_basic_02706,1096.03039951,2.66386670376
risk_basic,risk_basic_02707,1069.45515824,2.80356787335
risk_basic,risk_basic_02708,1191.92062474,1.84672770456
risk_basic,risk_basic_02709,585.114980863,1.08482523011
risk_basic,risk_basic_02710,888.273399326,1.50869224355
risk_basic,risk_basic_02711,890.748026184,1.59116714946
risk_basic,risk_basic_02712,935.227230543,1.91098297617
risk_basic,risk_basic_02713,676.03514207,2.13306769678
risk_basic,risk_basic_02714,910.634297055,1.82576852083
risk_basic,risk_basic_02715,825.144198616,0.964014970422
risk_basic,risk_basic_02716,1145.58921655,3.98565139743
risk_basic,risk_basic_02717,540.395744584,1.55678802589
risk_basic,risk_basic_02718,578.534287519,1.92757284507
risk_basic,risk_basic_02719,776.880340053,1.18571482377
risk_basic,risk_basic_02720,1062.95889371,2.28513710806
risk_basic,risk_basic_02721,655.941534001,2.24850236148
risk_basic,risk_basic_02722,829.663763187,2.81106753959
risk_basic,risk_basic_02723,1192.82152655,3.81524293191
risk_basic,risk_basic_02724,1047.41105216,2.75006856336
risk_basic,risk_basic_02725,589.724136291,2.13761588804
risk_basic,risk_basic_02726,1062.64629132,1.72273467071
risk_basic,risk_basic_02727,945.724614275,2.75564927199
risk_basic,risk_basic_02728,753.962224702,2.16984309816
risk_basic,risk_basic_02729,864.292850942,1.8673802572
risk_basic,risk_basic_02730,612.531337197,2.2619384409
risk_basic,risk_basic_02731,920.26079898,1.57158187873
risk_basic,risk_basic_02732,1185.11763222,3.89812966687
risk_basic,risk_basic_02733,619.862808901,2.12998379409
risk_basic,risk_basic_02734,864.947240252,2.14775788382
risk_basic,risk_basic_02735,1066.37893889,2.12170769616
risk_basic,risk_basic_02736,798.408593286,1.17011256307
risk_basic,risk_basic_02737,570.694417117,1.764923495
risk_basic,risk_basic_02738,541.44844449,2.76564255352
risk_basic,risk_basic_02739,555.554726801,2.02687872913
risk_basic,risk_basic_02740,1087.98241723,2.06527634139
risk_basic,risk_basic_02741,772.214181356,1.66782538311
risk_basic,risk_basic_02742,716.472113453,1.54624392916
risk_basic,risk_basic_02743,915.443361192,1.90549456055
risk_basic,risk_basic_02744,1145.44706433,2.35786199804
risk_basic,risk_basic_02745,523.746061763,2.04956848139
risk_basic,risk_basic_02746,1018.63102294,2.0876019569
risk_basic,risk_basic_02747,983.140565304,2.12212338784
risk_basic,risk_basic_02748,607.693608384,1.24647353155
risk_basic,risk_basic_02749,935.656178927,2.22748460224
risk_basic,risk_basic_02750,574.020022848,1.89273264418
risk_basic,risk_basic_02751,993.059435312,3.33149449154
risk_basic,risk_basic_02752,508.0876103,2.12547512917
risk_basic,risk_basic_02753,624.129324377,1.33752396618
risk_basic,risk_basic_02754,761.95586664,0.4661127559
risk_basic,risk_basic_02755,829.019689041,1.68957592498
risk_basic,risk_basic_02756,1156.1293726,3.23138082032
risk_basic,risk_basic_02757,1000.58942108,2.08651211581
risk_basic,risk_basic_02758,571.006984513,1.43866318617
risk_basic,risk_basic_02759,657.842666782,2.32142923402
risk_basic,risk_basic_02760,968.014188579,1.62561076603
risk_basic,risk_basic_02761,944.636715015,1.7757683096
risk_basic,risk_basic_02762,649.871675385,1.43362185747
risk_basic,risk_basic_02763,562.230231974,0.67307560345
risk_basic,risk_basic_02764,929.891175637,1.69988955795
risk_basic,risk_basic_02765,675.870381353,2.09605428219
risk_basic,risk_basic_02766,613.309795079,1.71278407581
risk_basic,risk_basic_02767,702.55517996,1.88725294961
risk_basic,risk_basic_02768,1026.18032145,2.99547157695
risk_basic,risk_basic_02769,1046.94499229,1.71762836355
risk_basic,risk_basic_02770,1125.21538087,3.2812264005
risk_basic,risk_basic_02771,1125.00701456,2.09591054985
risk_basic,risk_basic_02772,515.011736579,2.3542647686
risk_basic,risk_basic_02773,842.457315777,0.870757412246
risk_basic,risk_basic_02774,501.436733956,2.51484028982
risk_basic,risk_basic_02775,1036.48588214,1.67692361408
risk_basic,risk_basic_02776,788.103118682,1.60765394939
risk_basic,risk_basic_02777,884.960431312,1.04189917319
risk_basic,risk_basic_02778,595.81991037,1.83693530769
risk_basic,risk_basic_02779,1189.22816295,2.52210695665
risk_basic,risk_basic_02780,739.7474862,0.835534645238
risk_basic,risk_basic_02781,1189.15668792,3.24646843936
risk_basic,risk_basic_02782,981.511617446,2.50888730862
risk_basic,risk_basic_02783,1131.53533755,3.23231196716
risk_basic,risk_basic_02784,1054.91518662,2.68724671966
risk_basic,risk_basic_02785,1171.10645647,3.16429431662
risk_basic,risk_basic_02786,1144.1335384,2.44873859609
risk_basic,risk_basic_02787,558.49166041,0.975448355099
risk_basic,risk_basic_02788,857.329445906,2.39070750395
risk_basic,risk_basic_02789,1033.34422117,2.90808838556
risk_basic,risk_basic_02790,796.247465322,1.73667237118
risk_basic,risk_basic_02791,938.682253214,1.97353457737
risk_basic,risk_basic_02792,1183.31785028,2.14243854157
risk_basic,risk_basic_02793,608.241966984,2.47865137732
risk_basic,risk_basic_02794,716.459440938,1.55549902224
risk_basic,risk_basic_02795,980.060027878,1.2652823763
risk_basic,risk_basic_02796,831.184046081,3.04689463929
risk_basic,risk_basic_02797,606.518913771,1.538273782
risk_basic,risk_basic_02798,1009.45511204,2.61847374097
risk_basic,risk_basic_02799,1177.65774261,2.75968521404
risk_basic,risk_basic_02800,1098.97680029,1.90642593438
risk_basic,risk_basic_02801,911.260453731,2.64770675207
risk_basic,risk_basic_02802,829.186596541,2.31534669055
risk_basic,risk_basic_02803,634.950509556,2.30697283489
risk_basic,risk_basic_02804,617.465531704,2.19548862975
risk_basic,risk_basic_02805,720.753683419,0.991346912146
risk_basic,risk_basic_02806,996.959581207,2.7960121539
risk_basic,risk_basic_02807,992.882968895,2.63977714193
risk_basic,risk_basic_02808,850.040197454,0.98001628788
risk_basic,risk_basic_02809,536.788202712,1.45025930286
risk_basic,risk_basic_02810,557.965993553,2.08704418392
risk_basic,risk_basic_02811,1033.94908682,2.75585758644
risk_basic,risk_basic_02812,1038.8322639,2.66369452481
risk_basic,risk_basic_02813,961.098778732,2.10763947453
risk_basic,risk_basic_02814,885.714945557,2.56785954819
risk_basic,risk_basic_02815,1070.80722329,2.63434161305
risk_basic,risk_basic_02816,766.092886278,2.1523180799
risk_basic,risk_basic_02817,995.387149253,1.65411521448
risk_basic,risk_basic_02818,1066.46395491,2.98992241707
risk_basic,risk_basic_02819,689.697521248,2.27046121735
risk_basic,risk_basic_02820,507.835664549,1.66491717299
risk_basic,risk_basic_02821,907.480553992,1.10319465893
risk_basic,risk_basic_02822,629.082968966,1.15446530109
risk_basic,risk_basic_02823,604.051133497,0.830802959561
risk_basic,risk_basic_02824,657.234004243,1.89905729725
risk_basic,risk_basic_02825,1102.38074932,2.29932672568
risk_basic,risk_basic_02826,834.390096649,2.04314558348
risk_basic,risk_basic_02827,1193.31037563,1.7019557013
risk_basic,risk_basic_02828,1034.9230753,2.64072896006
risk_basic,risk_basic_02829,802.670637638,2.56887760982
risk_basic,risk_basic_02830,1091.82026663,2.04519903698
risk_basic,risk_basic_02831,763.314508435,1.38323209303
risk_basic,risk_basic_02832,734.657470956,2.06701748344
risk_basic,risk_basic_02833,756.615448712,1.26233479846
risk_basic,risk_basic_02834,1060.45460428,3.41787932268
risk_basic,risk_basic_02835,1067.84266526,2.21017824965
risk_basic,risk_basic_02836,927.875250048,2.7753039192
risk_basic,risk_basic_02837,521.000654034,1.31830369161
risk_basic,risk_basic_02838,604.077051205,3.31624211508
risk_basic,risk_basic_02839,1114.1961102,2.87609275643
risk_basic,risk_basic_02840,1182.49672093,3.00989983807
risk_basic,risk_basic_02841,1033.75986678,0.979341894069
risk_basic,risk_basic_02842,917.938348846,2.13462750444
risk_basic,risk_basic_02843,823.105099306,1.41020932626
risk_basic,risk_basic_02844,911.802042492,1.74739445204
risk_basic,risk_basic_02845,652.537853543,2.19099251153
risk_basic,risk_basic_02846,803.673571417,1.94992156091
risk_basic,risk_basic_02847,793.636883416,2.31296637611
risk_basic,risk_basic_02848,569.867157136,1.54069159121
risk_basic,risk_basic_02849,1059.95237692,3.05350897125
risk_basic,risk_basic_02850,879.464889491,2.33732253011
risk_basic,risk_basic_02851,986.604372805,1.71675146189
risk_basic,risk_basic_02852,697.556152631,1.56612224784
risk_basic,risk_basic_02853,642.513249735,1.83581057641
risk_basic,risk_basic_02854,1174.29406826,3.18394623048
risk_basic,risk_basic_02855,767.197887002,1.47131307498
risk_basic,risk_basic_02856,1029.01706721,2.90317505434
risk_basic,risk_basic_02857,992.885512176,2.51138529936
risk_basic,risk_basic_02858,1046.70668652,2.21731117773
risk_basic,risk_basic_02859,839.167887783,1.80615328726
risk_basic,risk_basic_02860,655.319203907,2.04434517909
risk_basic,risk_basic_02861,501.669839867,2.47830292436
risk_basic,risk_basic_02862,1013.62666009,2.28382104022
risk_basic,risk_basic_02863,621.035822728,2.52775787256
risk_basic,risk_basic_02864,540.32657371,1.70715660513
risk_basic,risk_basic_02865,683.464231208,0.700801313957
risk_basic,risk_basic_02866,572.057559992,2.12239360164
risk_basic,risk_basic_02867,959.197177409,1.54332402227
risk_basic,risk_basic_02868,848.843684557,1.11926320852
risk_basic,risk_basic_02869,971.339020797,1.98943650623
risk_basic,risk_basic_02870,515.472034111,1.32927066118
risk_basic,risk_basic_02871,1021.05650125,2.74591120807
risk_basic,risk_basic_02872,1162.73105916,2.43907783246
risk_basic,risk_basic_02873,801.855813128,0.775602484873
risk_basic,risk_basic_02874,998.361542115,2.28046310636
risk_basic,risk_basic_02875,727.217841375,2.42644451979
risk_basic,risk_basic_02876,537.768884912,2.59604001376
risk_basic,risk_basic_02877,527.841811008,1.47471456145
risk_basic,risk_basic_02878,857.520074632,2.20282645937
risk_basic,risk_basic_02879,1190.80853177,2.87279150332
risk_basic,risk_basic_02880,677.213233371,1.56661043416
risk_basic,risk_basic_02881,818.777397067,2.70356397882
risk_basic,risk_basic_02882,1183.48465592,2.54002107624
risk_basic,risk_basic_02883,785.930451709,1.49804269782
risk_basic,risk_basic_02884,685.966626935,1.78072261713
risk_basic,risk_basic_02885,1088.32788773,1.26824004487
risk_basic,risk_basic_02886,650.378445686,1.23776881288
risk_basic,risk_basic_02887,871.814848993,2.30062280834
risk_basic,risk_basic_02888,802.665743296,1.30098101249
risk_basic,risk_basic_02889,956.93449152,2.1131563327
risk_basic,risk_basic_02890,925.953733214,1.98740349724
risk_basic,risk_basic_02891,648.26285296,2.61825916665
risk_basic,risk_basic_02892,776.839891624,0.821548918453
risk_basic,risk_basic_02893,512.554230158,2.29132639113
risk_basic,risk_basic_02894,1036.16915801,2.28056148966
risk_basic,risk_basic_02895,1093.21709279,2.05071689904
risk_basic,risk_basic_02896,517.486538826,1.72053673379
risk_basic,risk_basic_02897,548.76518174,1.86913789842
risk_basic,risk_basic_02898,633.214004472,1.56294551195
risk_basic,risk_basic_02899,820.532668748,1.87918886398
risk_basic,risk_basic_02900,1186.96956758,3.39767105605
risk_basic,risk_basic_02901,943.117828207,3.0681995179
risk_basic,risk_basic_02902,1046.31351038,1.2661426894
risk_basic,risk_basic_02903,533.953951253,1.73930693313
risk_basic,risk_basic_02904,1102.68502027,3.14797663403
risk_basic,risk_basic_02905,671.15250239,2.57180406862
risk_basic,risk_basic_02906,808.963290275,1.66693771555
risk_basic,risk_basic_02907,772.168579714,1.93346361989
risk_basic,risk_basic_02908,1097.38189044,2.19748625724
risk_basic,risk_basic_02909,1078.33341207,2.68466157576
risk_basic,risk_basic_02910,916.406746981,1.79933542542
risk_basic,risk_basic_02911,660.728538572,1.39786677241
risk_basic,risk_basic_02912,875.662328938,2.5559678914
risk_basic,risk_basic_02913,1133.70496496,2.35433076151
risk_basic,risk_basic_02914,515.439127979,1.61440700239
risk_basic,risk_basic_02915,945.038958038,3.24658234441
risk_basic,risk_basic_02916,823.539809641,1.77944906938
risk_basic,risk_basic_02917,721.280213929,1.83063602566
risk_basic,risk_basic_02918,1192.39762347,2.99245341702
risk_basic,risk_basic_02919,1109.33081453,2.76463604932
risk_basic,risk_basic_02920,933.308027861,2.94093188962
risk_basic,risk_basic_02921,899.755181519,2.48078447799
risk_basic,risk_basic_02922,1094.36188636,3.14514668047
risk_basic,risk_basic_02923,802.986053497,1.63273125849
risk_basic,risk_basic_02924,1109.92469477,3.16990546189
risk_basic,risk_basic_02925,628.440315452,2.1678925763
risk_basic,risk_basic_02926,994.866515832,2.88944750105
risk_basic,risk_basic_02927,947.169753212,2.05314140549
risk_basic,risk_basic_02928,998.490436706,1.10632199196
risk_basic,risk_basic_02929,780.465503094,2.04739280344
risk_basic,risk_basic_02930,784.791234611,1.47249670263
risk_basic,risk_basic_02931,797.250504159,2.08401307622
risk_basic,risk_basic_02932,529.956136409,1.46058506648
risk_basic,risk_basic_02933,816.244640081,2.36514754419
risk_basic,risk_basic_02934,1087.05631337,3.75305286326
risk_basic,risk_basic_02935,772.560026,1.43718500818
risk_basic,risk_basic_02936,700.772856398,1.3891318947
risk_basic,risk_basic_02937,755.894571001,1.61997120476
risk_basic,risk_basic_02938,507.294078397,1.25536438944
risk_basic,risk_basic_02939,1031.86958305,3.19587978965
risk_basic,risk_basic_02940,805.934137908,1.28578995587
risk_basic,risk_basic_02941,870.044567038,2.43139764192
risk_basic,risk_basic_02942,1020.0872323,2.11368220961
risk_basic,risk_basic_02943,574.851024813,1.76568695345
risk_basic,risk_basic_02944,733.484998029,2.01177054965
risk_basic,risk_basic_02945,1132.10339507,2.78077304995
risk_basic,risk_basic_02946,1192.28755779,2.5154058976
risk_basic,risk_basic_02947,676.835281168,2.8628267971
risk_basic,risk_basic_02948,954.294597879,2.20133512017
risk_basic,risk_basic_02949,737.317927488,1.5748401321
risk_basic,risk_basic_02950,528.090806455,0.82700038478
risk_basic,risk_basic_02951,702.841601715,1.67723661706
risk_basic,risk_basic_02952,711.817046744,2.3472874382
risk_basic,risk_basic_02953,555.087738223,1.77164055407
risk_basic,risk_basic_02954,538.802503428,1.78394513973
risk_basic,risk_basic_02955,1033.60219964,3.17618201028
risk_basic,risk_basic_02956,826.638055204,2.10255040029
risk_basic,risk_basic_02957,654.667931276,1.70234704481
risk_basic,risk_basic_02958,881.170270591,2.07064996857
risk_basic,risk_basic_02959,657.677583829,2.56097622241
risk_basic,risk_basic_02960,995.936183318,2.74935360955
risk_basic,risk_basic_02961,674.270266887,0.933549030471
risk_basic,risk_basic_02962,540.645096871,1.66076600425
risk_basic,risk_basic_02963,804.266051106,2.09074345208
risk_basic,risk_basic_02964,879.852101847,2.85796979043
risk_basic,risk_basic_02965,772.265015851,3.33646878973
risk_basic,risk_basic_02966,814.889321194,1.22636221783
risk_basic,risk_basic_02967,525.237609674,0.715135531212
risk_basic,risk_basic_02968,925.530233213,2.16228027776
risk_basic,risk_basic_02969,1044.12369802,2.55037979153
risk_basic,risk_basic_02970,826.019942815,2.72382025161
risk_basic,risk_basic_02971,704.709708994,2.36440321535
risk_basic,risk_basic_02972,1066.91689339,3.11731616623
risk_basic,risk_basic_02973,873.703469306,1.88427812383
risk_basic,risk_basic_02974,588.095029794,2.23419035716
risk_basic,risk_basic_02975,686.126420341,2.8753902613
risk_basic,risk_basic_02976,789.473888307,2.03330187999
risk_basic,risk_basic_02977,786.350596278,1.76788477149
risk_basic,risk_basic_02978,896.319168509,2.5119575511
risk_basic,risk_basic_02979,956.657802677,2.73657314199
risk_basic,risk_basic_02980,517.100184122,2.22353398039
risk_basic,risk_basic_02981,770.892704275,1.64953851377
risk_basic,risk_basic_02982,880.101811554,1.3347602637
risk_basic,risk_basic_02983,592.379111572,1.30321937072
risk_basic,risk_basic_02984,683.636237923,2.05846555908
risk_basic,risk_basic_02985,951.134629009,2.89679692034
risk_basic,risk_basic_02986,657.08081495,1.92744970767
risk_basic,risk_basic_02987,513.685910234,2.40215494042
risk_basic,risk_basic_02988,948.3384515,2.015000302
risk_basic,risk_basic_02989,743.203122123,1.52437195327
risk_basic,risk_basic_02990,1083.36687647,2.48447200786
risk_basic,risk_basic_02991,725.107114544,2.26358460938
risk_basic,risk_basic_02992,545.312016208,2.24187281227
risk_basic,risk_basic_02993,863.428010563,1.41432302364
risk_basic,risk_basic_02994,690.03134953,1.69062120291
risk_basic,risk_basic_02995,1196.97254879,4.20003962371
risk_basic,risk_basic_02996,1002.4485566,2.61149044624
risk_basic,risk_basic_02997,921.04553204,1.88754740213
risk_basic,risk_basic_02998,584.828067025,2.0668362983
risk_basic,risk_basic_02999,758.403148982,1.53826577396
risk_basic,risk_basic_03000,668.968571475,1.33944395822
risk_basic,risk_basic_03001,593.889544079,1.54377206393
risk_basic,risk_basic_03002,597.429020993,1.18944763058
risk_basic,risk_basic_03003,731.572950298,1.3357101314
risk_basic,risk_basic_03004,757.158329447,1.69094666909
risk_basic,risk_basic_03005,602.950200091,1.7223219766
risk_basic,risk_basic_03006,687.38208595,1.2185905655
risk_basic,risk_basic_03007,545.667869426,1.28582039205
risk_basic,risk_basic_03008,825.821840885,1.36652997758
risk_basic,risk_basic_03009,898.028471251,2.52044021413
risk_basic,risk_basic_03010,523.197298161,1.40079999123
risk_basic,risk_basic_03011,799.951782025,2.14874617667
risk_basic,risk_basic_03012,1105.10040053,2.58114039195
risk_basic,risk_basic_03013,589.06795248,1.90709475158
risk_basic,risk_basic_03014,966.926871749,2.78481132958
risk_basic,risk_basic_03015,1119.5290472,2.41216918733
risk_basic,risk_basic_03016,835.922549543,1.59949267191
risk_basic,risk_basic_03017,786.105572057,1.03245554509
risk_basic,risk_basic_03018,696.527409114,1.42563385045
risk_basic,risk_basic_03019,549.35863953,0.998608769875
risk_basic,risk_basic_03020,1076.8656168,2.97857845312
risk_basic,risk_basic_03021,536.97356487,2.02725745165
risk_basic,risk_basic_03022,887.220404097,1.93971284239
risk_basic,risk_basic_03023,927.677931065,1.88110770857
risk_basic,risk_basic_03024,685.780675127,1.31313083216
risk_basic,risk_basic_03025,1113.57120702,2.79677268668
risk_basic,risk_basic_03026,901.692854638,1.34778856257
risk_basic,risk_basic_03027,501.940910045,2.50818993956
risk_basic,risk_basic_03028,1024.41331446,2.25337576065
risk_basic,risk_basic_03029,919.060425388,2.72451278649
risk_basic,risk_basic_03030,1100.35347457,1.99275599472
risk_basic,risk_basic_03031,1197.99927796,3.14564415893
risk_basic,risk_basic_03032,992.280559451,1.67371790607
risk_basic,risk_basic_03033,531.651672655,2.32885656106
risk_basic,risk_basic_03034,831.12458697,1.05936389579
risk_basic,risk_basic_03035,660.227557925,0.994364781561
risk_basic,risk_basic_03036,1188.35087322,2.01891057142
risk_basic,risk_basic_03037,1112.74361218,1.93765875784
risk_basic,risk_basic_03038,1121.1942713,2.65683190099
risk_basic,risk_basic_03039,542.661308508,2.29384831556
risk_basic,risk_basic_03040,874.529043319,2.91455839475
risk_basic,risk_basic_03041,919.047517255,2.2200522045
risk_basic,risk_basic_03042,520.487876248,1.87491281579
risk_basic,risk_basic_03043,748.328884725,1.58540269943
risk_basic,risk_basic_03044,556.718068986,1.95993913514
risk_basic,risk_basic_03045,1078.19845688,2.37669966783
risk_basic,risk_basic_03046,839.589469571,1.18946064638
risk_basic,risk_basic_03047,621.235154403,2.07199501646
risk_basic,risk_basic_03048,854.169349973,1.49177776614
risk_basic,risk_basic_03049,887.421344219,1.85450864571
risk_basic,risk_basic_03050,1057.67178773,2.64525819642
risk_basic,risk_basic_03051,1021.03111014,2.447438504
risk_basic,risk_basic_03052,676.186284071,2.03244793454
risk_basic,risk_basic_03053,893.258839327,2.53078772614
risk_basic,risk_basic_03054,1170.03571575,2.58085102169
risk_basic,risk_basic_03055,1033.63387847,1.45028575402
risk_basic,risk_basic_03056,1031.0782726,2.33271857832
risk_basic,risk_basic_03057,688.913065755,2.23275624816
risk_basic,risk_basic_03058,1149.72545028,2.53435104717
risk_basic,risk_basic_03059,776.246029509,1.74331649868
risk_basic,risk_basic_03060,1035.11056165,2.88018500419
risk_basic,risk_basic_03061,1088.11151549,2.62457481344
risk_basic,risk_basic_03062,910.234989604,2.75151578871
risk_basic,risk_basic_03063,545.778171922,1.95839705865
risk_basic,risk_basic_03064,1194.93923398,2.91219508395
risk_basic,risk_basic_03065,542.880582331,1.36662508062
risk_basic,risk_basic_03066,895.486123633,1.36348338513
risk_basic,risk_basic_03067,1128.7010488,2.43179601397
risk_basic,risk_basic_03068,1186.48872933,3.06286620504
risk_basic,risk_basic_03069,757.656352061,1.39686556343
risk_basic,risk_basic_03070,1159.05956313,2.75548447599
risk_basic,risk_basic_03071,600.879426722,1.29376575764
risk_basic,risk_basic_03072,605.225673342,1.71079742926
risk_basic,risk_basic_03073,1125.63054287,3.17102723636
risk_basic,risk_basic_03074,793.605621681,1.87310257309
risk_basic,risk_basic_03075,572.696864158,1.95397664788
risk_basic,risk_basic_03076,744.332021355,0.767839763556
risk_basic,risk_basic_03077,593.126916555,1.23225869119
risk_basic,risk_basic_03078,1001.16134997,2.42944628731
risk_basic,risk_basic_03079,768.119571273,2.07483473226
risk_basic,risk_basic_03080,1142.27840387,2.37189787019
risk_basic,risk_basic_03081,1037.34342486,2.42568408478
risk_basic,risk_basic_03082,1038.22533162,1.84946863597
risk_basic,risk_basic_03083,1199.28303871,2.51899525112
risk_basic,risk_basic_03084,973.159809058,2.0853981356
risk_basic,risk_basic_03085,977.643226566,2.16629266333
risk_basic,risk_basic_03086,667.189114087,1.64033847673
risk_basic,risk_basic_03087,898.576200212,1.71355444429
risk_basic,risk_basic_03088,541.245128855,2.17879516222
risk_basic,risk_basic_03089,881.549831547,2.48702664121
risk_basic,risk_basic_03090,679.98850497,1.50402949055
risk_basic,risk_basic_03091,1043.16514864,2.48140086195
risk_basic,risk_basic_03092,1005.35037402,2.32945407795
risk_basic,risk_basic_03093,1033.406255,2.39643291935
risk_basic,risk_basic_03094,765.307635104,1.22891725127
risk_basic,risk_basic_03095,723.781220281,1.64730932907
risk_basic,risk_basic_03096,516.886966793,1.8622934053
risk_basic,risk_basic_03097,649.762321941,1.93519967951
risk_basic,risk_basic_03098,778.236922942,2.94085517263
risk_basic,risk_basic_03099,1157.62208551,2.83566017168
risk_basic,risk_basic_03100,809.27835795,2.028765692
risk_basic,risk_basic_03101,650.511645448,2.6679059451
risk_basic,risk_basic_03102,749.027406892,1.69254344516
risk_basic,risk_basic_03103,1167.45268428,1.75682827254
risk_basic,risk_basic_03104,508.024439582,1.45428990012
risk_basic,risk_basic_03105,1065.97240559,2.81566912871
risk_basic,risk_basic_03106,1132.61806293,2.38763838063
risk_basic,risk_basic_03107,908.754787918,2.16706984932
risk_basic,risk_basic_03108,669.311568668,1.75565055777
risk_basic,risk_basic_03109,693.760456318,1.96971847563
risk_basic,risk_basic_03110,725.369873603,1.70997747876
risk_basic,risk_basic_03111,1112.43211833,2.96609744912
risk_basic,risk_basic_03112,945.126014515,2.54394229292
risk_basic,risk_basic_03113,1146.77139548,2.73002438789
risk_basic,risk_basic_03114,896.919947951,1.8455195379
risk_basic,risk_basic_03115,875.054069567,2.34247059102
risk_basic,risk_basic_03116,1183.16861545,2.9058542014
risk_basic,risk_basic_03117,1036.80903608,3.11243359973
risk_basic,risk_basic_03118,1002.52123236,2.02091878961
risk_basic,risk_basic_03119,922.054301254,3.106938968
risk_basic,risk_basic_03120,987.772289001,2.67879328875
risk_basic,risk_basic_03121,1027.26473619,2.38278014052
risk_basic,risk_basic_03122,750.349287514,1.24148177767
risk_basic,risk_basic_03123,1154.10586857,2.46243386469
risk_basic,risk_basic_03124,911.59845485,1.20912634647
risk_basic,risk_basic_03125,778.8921227,1.76913170063
risk_basic,risk_basic_03126,745.386824302,1.32859497611
risk_basic,risk_basic_03127,565.105286557,1.57687309845
risk_basic,risk_basic_03128,884.594458285,1.66184570191
risk_basic,risk_basic_03129,1027.99257221,2.04836359407
risk_basic,risk_basic_03130,552.195295347,2.12286251239
risk_basic,risk_basic_03131,868.622210501,2.39045529797
risk_basic,risk_basic_03132,727.286189467,1.19814616429
risk_basic,risk_basic_03133,882.479850061,1.29621121211
risk_basic,risk_basic_03134,516.091145278,2.02435412696
risk_basic,risk_basic_03135,507.540714009,2.00072074773
risk_basic,risk_basic_03136,1002.34345039,1.99485246676
risk_basic,risk_basic_03137,1109.55604424,2.18375084104
risk_basic,risk_basic_03138,957.663637845,2.45234525547
risk_basic,risk_basic_03139,537.318677218,2.31831201341
risk_basic,risk_basic_03140,686.167332018,2.22984823278
risk_basic,risk_basic_03141,890.055922576,2.92115072822
risk_basic,risk_basic_03142,822.97273973,1.38257608845
risk_basic,risk_basic_03143,690.086798893,1.78455899428
risk_basic,risk_basic_03144,622.58238639,1.67277222301
risk_basic,risk_basic_03145,676.020035029,1.68855917069
risk_basic,risk_basic_03146,817.62215719,2.20413431294
risk_basic,risk_basic_03147,874.96563569,1.36512485446
risk_basic,risk_basic_03148,717.503501357,1.2092147283
risk_basic,risk_basic_03149,813.302359723,1.44933128061
risk_basic,risk_basic_03150,869.720005891,2.31329878478
risk_basic,risk_basic_03151,718.21483428,1.60546670891
risk_basic,risk_basic_03152,894.495544062,1.99526717982
risk_basic,risk_basic_03153,642.020375286,1.97161627094
risk_basic,risk_basic_03154,836.780048465,2.12821455453
risk_basic,risk_basic_03155,923.037600688,1.04880696143
risk_basic,risk_basic_03156,500.501932899,2.55031580516
risk_basic,risk_basic_03157,1037.87467326,2.47410669904
risk_basic,risk_basic_03158,849.685282496,2.61043688503
risk_basic,risk_basic_03159,579.914977288,1.05370017086
risk_basic,risk_basic_03160,771.610330077,1.95943372303
risk_basic,risk_basic_03161,990.965735263,2.11865495038
risk_basic,risk_basic_03162,765.530566813,2.34898147313
risk_basic,risk_basic_03163,910.968930322,1.56426049686
risk_basic,risk_basic_03164,559.308084727,1.6677320227
risk_basic,risk_basic_03165,911.861696126,0.982304435812
risk_basic,risk_basic_03166,960.644661613,1.79417742614
risk_basic,risk_basic_03167,938.775790741,1.59769947235
risk_basic,risk_basic_03168,1054.53832367,1.54668788092
risk_basic,risk_basic_03169,623.928092871,0.985056152021
risk_basic,risk_basic_03170,866.277552961,1.83218653781
risk_basic,risk_basic_03171,1073.36063003,2.91143611706
risk_basic,risk_basic_03172,772.950654323,1.74210925585
risk_basic,risk_basic_03173,735.38285527,2.1849708321
risk_basic,risk_basic_03174,1012.4697357,3.59833432983
risk_basic,risk_basic_03175,1043.6620604,2.86175250318
risk_basic,risk_basic_03176,1089.86903864,3.1150916524
risk_basic,risk_basic_03177,736.800549649,1.39402541869
risk_basic,risk_basic_03178,674.41917236,1.733502393
risk_basic,risk_basic_03179,1157.79285507,2.04604567325
risk_basic,risk_basic_03180,571.531544131,1.12258661903
risk_basic,risk_basic_03181,925.330740257,1.57090693744
risk_basic,risk_basic_03182,692.222282891,1.32586130835
risk_basic,risk_basic_03183,790.138610234,2.70666201481
risk_basic,risk_basic_03184,679.572776886,1.40985436073
risk_basic,risk_basic_03185,959.060004101,1.82149513199
risk_basic,risk_basic_03186,628.895976875,1.40695337104
risk_basic,risk_basic_03187,716.271239993,0.9808244315
risk_basic,risk_basic_03188,875.945132299,1.72799304222
risk_basic,risk_basic_03189,873.627652474,2.67619563477
risk_basic,risk_basic_03190,662.846099731,2.65701206221
risk_basic,risk_basic_03191,587.702521358,2.3047687653
risk_basic,risk_basic_03192,1153.04661733,3.1119968674
risk_basic,risk_basic_03193,870.738898869,1.7200156533
risk_basic,risk_basic_03194,797.262038021,1.39740385949
risk_basic,risk_basic_03195,513.522461044,1.6953025957
risk_basic,risk_basic_03196,1040.47021871,2.32871256943
risk_basic,risk_basic_03197,517.542795285,1.46813887708
risk_basic,risk_basic_03198,1089.58172886,2.96599881617
risk_basic,risk_basic_03199,580.255352756,1.70697904539
risk_basic,risk_basic_03200,1128.17271185,3.82436369448
risk_basic,risk_basic_03201,952.09307429,1.9542321256
risk_basic,risk_basic_03202,942.024742676,1.48561206847
risk_basic,risk_basic_03203,1182.05553477,2.89434646528
risk_basic,risk_basic_03204,723.682402623,1.89033449789
risk_basic,risk_basic_03205,711.924927974,2.49570220125
risk_basic,risk_basic_03206,1095.67767204,2.56675557357
risk_basic,risk_basic_03207,1108.8972338,2.45005874428
risk_basic,risk_basic_03208,543.257839837,0.97668822889
risk_basic,risk_basic_03209,642.649849817,1.2683116806
risk_basic,risk_basic_03210,796.518498424,2.6978336059
risk_basic,risk_basic_03211,547.772553544,1.98358075097
risk_basic,risk_basic_03212,550.269917899,1.74900061781
risk_basic,risk_basic_03213,796.047077929,1.07497473723
risk_basic,risk_basic_03214,1141.53227687,2.20691122965
risk_basic,risk_basic_03215,911.896564148,2.31246117351
risk_basic,risk_basic_03216,702.881291483,1.53710072246
risk_basic,risk_basic_03217,779.228423469,1.55920364525
risk_basic,risk_basic_03218,515.830521407,2.33541140828
risk_basic,risk_basic_03219,964.521804787,2.46497558949
risk_basic,risk_basic_03220,1121.31070113,2.63562414163
risk_basic,risk_basic_03221,1115.95412073,2.39462921756
risk_basic,risk_basic_03222,819.897908122,1.43343303998
risk_basic,risk_basic_03223,1151.76514614,1.62656758958
risk_basic,risk_basic_03224,521.429929633,2.04181463225
risk_basic,risk_basic_03225,662.214666936,2.03977379322
risk_basic,risk_basic_03226,1032.85148376,1.8431811891
risk_basic,risk_basic_03227,1121.79888087,3.50316075843
risk_basic,risk_basic_03228,1123.86313817,2.1618612261
risk_basic,risk_basic_03229,679.93147588,2.25189499073
risk_basic,risk_basic_03230,868.152279682,1.48945014334
risk_basic,risk_basic_03231,836.076209069,1.54633279169
risk_basic,risk_basic_03232,612.85903647,1.73937173711
risk_basic,risk_basic_03233,588.966721975,1.91746101436
risk_basic,risk_basic_03234,894.210658364,2.54898801748
risk_basic,risk_basic_03235,1161.71278512,3.3306681503
risk_basic,risk_basic_03236,718.672118456,1.83543137274
risk_basic,risk_basic_03237,897.289984854,0.919350550889
risk_basic,risk_basic_03238,1017.79661769,1.82664231477
risk_basic,risk_basic_03239,926.969709613,1.89888577333
risk_basic,risk_basic_03240,534.454085498,1.88243142402
risk_basic,risk_basic_03241,736.409310925,1.33384133485
risk_basic,risk_basic_03242,771.153588937,1.7770780644
risk_basic,risk_basic_03243,579.246699546,1.60874299388
risk_basic,risk_basic_03244,895.177108858,1.16578364779
risk_basic,risk_basic_03245,1040.48336681,2.07940377693
risk_basic,risk_basic_03246,938.848606966,2.01129953052
risk_basic,risk_basic_03247,806.087588478,1.48803419423
risk_basic,risk_basic_03248,769.364727762,2.19546965894
risk_basic,risk_basic_03249,1101.17759385,3.81947571881
risk_basic,risk_basic_03250,1189.67837082,3.01441956001
risk_basic,risk_basic_03251,520.134440075,2.10073985823
risk_basic,risk_basic_03252,1071.11651954,2.37078338111
risk_basic,risk_basic_03253,834.649934252,1.71703406419
risk_basic,risk_basic_03254,744.583046171,1.7624304276
risk_basic,risk_basic_03255,682.666751471,2.46979176195
risk_basic,risk_basic_03256,842.053193291,2.43783419567
risk_basic,risk_basic_03257,674.033306495,1.45724222941
risk_basic,risk_basic_03258,1125.58274735,3.08829768953
risk_basic,risk_basic_03259,1051.45619797,1.86283173007
risk_basic,risk_basic_03260,558.590247464,1.68930164505
risk_basic,risk_basic_03261,589.181613651,1.77489885613
risk_basic,risk_basic_03262,1090.35657675,3.25825567374
risk_basic,risk_basic_03263,820.764653718,2.44890459021
risk_basic,risk_basic_03264,901.470672332,2.14673322104
risk_basic,risk_basic_03265,737.224696013,2.17163266049
risk_basic,risk_basic_03266,806.483785755,1.32956622042
risk_basic,risk_basic_03267,608.813424,1.71139100271
risk_basic,risk_basic_03268,968.671331957,2.01096067977
risk_basic,risk_basic_03269,1049.91673826,2.91672271471
risk_basic,risk_basic_03270,546.012894559,1.44846297317
risk_basic,risk_basic_03271,668.677287134,2.23332814254
risk_basic,risk_basic_03272,643.62051841,1.8476967466
risk_basic,risk_basic_03273,760.464771494,1.67022902016
risk_basic,risk_basic_03274,673.186745679,2.26703609486
risk_basic,risk_basic_03275,855.286336335,1.43656785099
risk_basic,risk_basic_03276,774.870082234,1.81631483251
risk_basic,risk_basic_03277,1091.19477889,2.24176297088
risk_basic,risk_basic_03278,1024.9423947,2.51684445273
risk_basic,risk_basic_03279,1092.27365225,2.23058468273
risk_basic,risk_basic_03280,812.37044964,0.841952429531
risk_basic,risk_basic_03281,697.586726251,0.608517371352
risk_basic,risk_basic_03282,641.630216951,1.91325238341
risk_basic,risk_basic_03283,661.302649385,1.30165556821
risk_basic,risk_basic_03284,743.200454418,1.7614755175
risk_basic,risk_basic_03285,989.171927909,2.29994204084
risk_basic,risk_basic_03286,1084.93909857,2.77559613911
risk_basic,risk_basic_03287,1151.00126828,3.1467726105
risk_basic,risk_basic_03288,829.36948861,2.35718488845
risk_basic,risk_basic_03289,693.545383712,1.6931098045
risk_basic,risk_basic_03290,949.705821139,2.43653168142
risk_basic,risk_basic_03291,668.392587059,2.28901464853
risk_basic,risk_basic_03292,889.096876644,1.91014785026
risk_basic,risk_basic_03293,919.480265045,2.27419806492
risk_basic,risk_basic_03294,668.457731405,1.15091614113
risk_basic,risk_basic_03295,986.678734455,1.40217513742
risk_basic,risk_basic_03296,1148.3224453,2.91841034035
risk_basic,risk_basic_03297,664.587482726,1.70937761042
risk_basic,risk_basic_03298,1097.21651582,2.72138044711
risk_basic,risk_basic_03299,502.566695432,2.20645034152
risk_basic,risk_basic_03300,1124.88672267,2.05821739597
risk_basic,risk_basic_03301,791.402686062,1.66088846889
risk_basic,risk_basic_03302,527.227043387,2.17918522023
risk_basic,risk_basic_03303,994.940089153,1.10000992546
risk_basic,risk_basic_03304,646.09637695,2.02623033486
risk_basic,risk_basic_03305,939.698211778,2.80530093673
risk_basic,risk_basic_03306,1103.30768834,3.11181416178
risk_basic,risk_basic_03307,740.980077755,2.67716389098
risk_basic,risk_basic_03308,1151.95474495,2.44086965635
risk_basic,risk_basic_03309,572.683634617,2.22776337198
risk_basic,risk_basic_03310,932.030913034,2.55928491829
risk_basic,risk_basic_03311,613.817600486,2.08224178717
risk_basic,risk_basic_03312,704.818050715,2.19580621661
risk_basic,risk_basic_03313,644.944130312,1.4252737027
risk_basic,risk_basic_03314,733.029925525,1.38744168268
risk_basic,risk_basic_03315,559.053536118,1.8710226844
risk_basic,risk_basic_03316,1124.5702613,2.67767793756
risk_basic,risk_basic_03317,641.692487171,1.98673790857
risk_basic,risk_basic_03318,582.935986039,1.36683189068
risk_basic,risk_basic_03319,571.408810836,2.0323745027
risk_basic,risk_basic_03320,1148.73996801,3.38849636626
risk_basic,risk_basic_03321,579.256555488,2.19847638709
risk_basic,risk_basic_03322,763.000814332,2.4745272358
risk_basic,risk_basic_03323,841.500205258,0.979334957561
risk_basic,risk_basic_03324,535.135863072,1.66288797505
risk_basic,risk_basic_03325,905.161831914,1.98697925839
risk_basic,risk_basic_03326,855.824207342,1.78733512327
risk_basic,risk_basic_03327,925.872518731,1.5984070534
risk_basic,risk_basic_03328,1051.70498744,2.47212015582
risk_basic,risk_basic_03329,1044.19073692,2.52576282718
risk_basic,risk_basic_03330,501.576557854,2.17940852285
risk_basic,risk_basic_03331,773.347766994,1.5111736418
risk_basic,risk_basic_03332,660.383009733,2.2828002373
risk_basic,risk_basic_03333,697.714876669,2.66253052341
risk_basic,risk_basic_03334,997.10992398,2.71564746433
risk_basic,risk_basic_03335,1169.61529207,3.14799480401
risk_basic,risk_basic_03336,705.079791573,1.49711011933
risk_basic,risk_basic_03337,682.551955411,2.45688819551
risk_basic,risk_basic_03338,1036.80550761,1.98114993076
risk_basic,risk_basic_03339,934.443259534,1.86078044638
risk_basic,risk_basic_03340,1148.12837176,1.70840440107
risk_basic,risk_basic_03341,832.830727102,2.22362584511
risk_basic,risk_basic_03342,922.478068274,1.67487992817
risk_basic,risk_basic_03343,964.038285068,1.99370275113
risk_basic,risk_basic_03344,1031.69007826,3.2633643278
risk_basic,risk_basic_03345,933.828943879,2.71558298848
risk_basic,risk_basic_03346,745.587790081,1.49940676352
risk_basic,risk_basic_03347,758.593526614,2.05406327573
risk_basic,risk_basic_03348,615.203584457,2.28953200867
risk_basic,risk_basic_03349,1197.19517607,2.32641094318
risk_basic,risk_basic_03350,829.657994535,2.31545679892
risk_basic,risk_basic_03351,844.384427972,2.25986981329
risk_basic,risk_basic_03352,1136.99870405,2.69683598693
risk_basic,risk_basic_03353,700.011715009,1.22869837861
risk_basic,risk_basic_03354,899.354749465,2.39496704613
risk_basic,risk_basic_03355,1098.59673644,3.57499702865
risk_basic,risk_basic_03356,979.54640156,2.53991921961
risk_basic,risk_basic_03357,574.062098845,1.26944140546
risk_basic,risk_basic_03358,563.518858828,2.47985192774
risk_basic,risk_basic_03359,584.690222418,1.98173543466
risk_basic,risk_basic_03360,666.598795115,2.17316893581
risk_basic,risk_basic_03361,1089.54137512,2.24067417175
risk_basic,risk_basic_03362,643.226775444,2.1132657464
risk_basic,risk_basic_03363,979.049833447,1.32067845255
risk_basic,risk_basic_03364,759.247715739,1.51064555382
risk_basic,risk_basic_03365,1171.18856694,3.50041290742
risk_basic,risk_basic_03366,712.196994593,1.66089561322
risk_basic,risk_basic_03367,757.194612628,1.22148961758
risk_basic,risk_basic_03368,1115.55460761,2.35543897077
risk_basic,risk_basic_03369,1176.77759811,2.43078163086
risk_basic,risk_basic_03370,688.818542545,2.43538494507
risk_basic,risk_basic_03371,929.385236334,2.26006629645
risk_basic,risk_basic_03372,785.569396998,2.3947089967
risk_basic,risk_basic_03373,1105.79060763,2.27059288163
risk_basic,risk_basic_03374,1144.40017396,2.79504071684
risk_basic,risk_basic_03375,1058.28683164,2.49436793917
risk_basic,risk_basic_03376,736.048114688,2.14758127837
risk_basic,risk_basic_03377,728.497708819,1.24836265437
risk_basic,risk_basic_03378,632.008851774,0.656513298504
risk_basic,risk_basic_03379,1001.35033522,2.18354429935
risk_basic,risk_basic_03380,807.41079718,1.85781965316
risk_basic,risk_basic_03381,1062.15353863,2.22900282129
risk_basic,risk_basic_03382,1049.47219417,2.96658331752
risk_basic,risk_basic_03383,971.949418732,1.26721885172
risk_basic,risk_basic_03384,671.082852534,2.09642647168
risk_basic,risk_basic_03385,658.833275093,2.47399330279
risk_basic,risk_basic_03386,944.134861081,1.93288682485
risk_basic,risk_basic_03387,541.995609504,0.677022211172
risk_basic,risk_basic_03388,1081.6723893,2.61211169051
risk_basic,risk_basic_03389,1095.43148648,2.72978057168
risk_basic,risk_basic_03390,534.939337297,2.37696217049
risk_basic,risk_basic_03391,901.645770026,1.95675556521
risk_basic,risk_basic_03392,611.366533136,2.45445054751
risk_basic,risk_basic_03393,731.077679141,2.49807663704
risk_basic,risk_basic_03394,931.954755713,2.19545278415
risk_basic,risk_basic_03395,958.518043301,3.02735700724
risk_basic,risk_basic_03396,983.634829052,2.75169676234
risk_basic,risk_basic_03397,869.959778076,3.12684643824
risk_basic,risk_basic_03398,970.998454859,1.94922610973
risk_basic,risk_basic_03399,733.740187638,1.31879153218
risk_basic,risk_basic_03400,1042.44671614,2.26406499177
risk_basic,risk_basic_03401,1194.16093083,2.26384170785
risk_basic,risk_basic_03402,538.804689698,1.59359497579
risk_basic,risk_basic_03403,736.653429517,1.91576738611
risk_basic,risk_basic_03404,601.898175282,2.26308658884
risk_basic,risk_basic_03405,1127.52850358,2.8383477264
risk_basic,risk_basic_03406,933.44401324,1.99747674291
risk_basic,risk_basic_03407,782.829123745,1.74405118311
risk_basic,risk_basic_03408,600.476609593,2.23796400603
risk_basic,risk_basic_03409,687.131296758,0.988586658133
risk_basic,risk_basic_03410,905.772493343,2.95826568286
risk_basic,risk_basic_03411,921.310628919,2.45192338235
risk_basic,risk_basic_03412,869.652408521,1.5008349654
risk_basic,risk_basic_03413,540.939286338,1.52832590176
risk_basic,risk_basic_03414,746.715337419,1.64350096436
risk_basic,risk_basic_03415,762.348743816,2.64469169258
risk_basic,risk_basic_03416,622.29474145,0.909119761671
risk_basic,risk_basic_03417,1134.45761021,2.19975290174
risk_basic,risk_basic_03418,936.066727039,2.13241044732
risk_basic,risk_basic_03419,788.999440381,2.38097603881
risk_basic,risk_basic_03420,750.269531341,1.94485682803
risk_basic,risk_basic_03421,833.567942964,1.21657260122
risk_basic,risk_basic_03422,659.058722489,1.94126142943
risk_basic,risk_basic_03423,983.270887038,2.96202016631
risk_basic,risk_basic_03424,886.942130473,1.76356098838
risk_basic,risk_basic_03425,753.174332645,1.49419292057
risk_basic,risk_basic_03426,865.170119569,2.16054768141
risk_basic,risk_basic_03427,978.515449834,2.89809362272
risk_basic,risk_basic_03428,574.86811233,1.17022796352
risk_basic,risk_basic_03429,947.878447436,2.67345436249
risk_basic,risk_basic_03430,713.921731042,1.51501865562
risk_basic,risk_basic_03431,829.064330383,0.967852695059
risk_basic,risk_basic_03432,754.563653035,2.46394064483
risk_basic,risk_basic_03433,743.938265198,1.95974915267
risk_basic,risk_basic_03434,919.945169066,2.59499249617
risk_basic,risk_basic_03435,740.743702697,1.99350551911
risk_basic,risk_basic_03436,1023.99379529,1.77720325889
risk_basic,risk_basic_03437,510.461662902,2.49032325931
risk_basic,risk_basic_03438,615.526848436,1.70225420325
risk_basic,risk_basic_03439,825.681214761,2.18468600927
risk_basic,risk_basic_03440,685.687049487,0.360326738753
risk_basic,risk_basic_03441,831.564904073,1.77410402638
risk_basic,risk_basic_03442,1051.73816938,2.14808862849
risk_basic,risk_basic_03443,898.225321877,2.2929910747
risk_basic,risk_basic_03444,886.957033552,2.1545437329
risk_basic,risk_basic_03445,948.54855744,2.00818868401
risk_basic,risk_basic_03446,919.706442286,1.73937803886
risk_basic,risk_basic_03447,867.009824871,1.60481867244
risk_basic,risk_basic_03448,608.053465145,1.0629943207
risk_basic,risk_basic_03449,729.762984079,1.59225712266
risk_basic,risk_basic_03450,615.189335481,2.19713678896
risk_basic,risk_basic_03451,795.070869076,1.47115832645
risk_basic,risk_basic_03452,517.311264683,1.87962081166
risk_basic,risk_basic_03453,711.564007461,1.4774965686
risk_basic,risk_basic_03454,1182.15434321,3.48135252132
risk_basic,risk_basic_03455,735.09540378,2.59109434362
risk_basic,risk_basic_03456,639.932149452,1.69926006794
risk_basic,risk_basic_03457,716.925032381,0.968479872208
risk_basic,risk_basic_03458,522.318278559,1.88284887382
risk_basic,risk_basic_03459,644.085509265,1.53267591497
risk_basic,risk_basic_03460,1169.02597109,3.27300311907
risk_basic,risk_basic_03461,571.766627916,2.7765785849
risk_basic,risk_basic_03462,878.375924909,1.61315577769
risk_basic,risk_basic_03463,844.797006249,1.24848733431
risk_basic,risk_basic_03464,716.107925101,2.25891551929
risk_basic,risk_basic_03465,596.065219217,1.18236326065
risk_basic,risk_basic_03466,528.201239145,1.0863379341
risk_basic,risk_basic_03467,1092.0435063,2.50109720867
risk_basic,risk_basic_03468,1155.62929473,1.94733430734
risk_basic,risk_basic_03469,1093.08058399,2.46598525634
risk_basic,risk_basic_03470,844.453912,2.26238107125
risk_basic,risk_basic_03471,849.310826223,2.54656131697
risk_basic,risk_basic_03472,875.52624366,1.86351104371
risk_basic,risk_basic_03473,1099.2826031,2.85494784172
risk_basic,risk_basic_03474,1041.09814992,2.59774349955
risk_basic,risk_basic_03475,1113.23383764,2.16508174634
risk_basic,risk_basic_03476,1005.92276539,2.04875181749
risk_basic,risk_basic_03477,926.293297277,3.14514084159
risk_basic,risk_basic_03478,944.769456171,2.04181412157
risk_basic,risk_basic_03479,857.504880945,2.36887226893
risk_basic,risk_basic_03480,626.582049918,1.06825231503
risk_basic,risk_basic_03481,996.939524906,2.37785638092
risk_basic,risk_basic_03482,1107.8266979,2.92973591191
risk_basic,risk_basic_03483,995.89141507,1.59135051175
risk_basic,risk_basic_03484,1033.92965588,2.8055626291
risk_basic,risk_basic_03485,819.126039493,1.54853343726
risk_basic,risk_basic_03486,1148.89131711,3.363485894
risk_basic,risk_basic_03487,1046.42687533,2.09754670954
risk_basic,risk_basic_03488,583.791557595,1.75307825413
risk_basic,risk_basic_03489,766.517553131,1.75608508366
risk_basic,risk_basic_03490,727.167898542,1.67022567062
risk_basic,risk_basic_03491,931.631762017,1.53306571142
risk_basic,risk_basic_03492,794.784833661,1.2876251857
risk_basic,risk_basic_03493,758.717131234,1.66585111234
risk_basic,risk_basic_03494,747.691786727,1.96542375536
risk_basic,risk_basic_03495,662.610050225,2.4492832649
risk_basic,risk_basic_03496,859.67316193,1.98261180301
risk_basic,risk_basic_03497,879.193282652,2.49984654851
risk_basic,risk_basic_03498,561.53366421,2.68957845082
risk_basic,risk_basic_03499,1141.82730594,3.36855027734
risk_basic,risk_basic_03500,1084.42078982,3.07230797735
risk_basic,risk_basic_03501,884.037917628,1.68728410989
risk_basic,risk_basic_03502,667.616415559,2.7168497504
risk_basic,risk_basic_03503,820.158835716,1.02273338139
risk_basic,risk_basic_03504,865.01685688,2.04112655324
risk_basic,risk_basic_03505,690.679837595,2.17735941176
risk_basic,risk_basic_03506,1100.40154786,3.17184900819
risk_basic,risk_basic_03507,1106.08697698,2.68361071257
risk_basic,risk_basic_03508,697.071710159,2.42334705481
risk_basic,risk_basic_03509,1052.64817112,1.74837431325
risk_basic,risk_basic_03510,536.362978326,1.46110889223
risk_basic,risk_basic_03511,533.476596077,1.5977082583
risk_basic,risk_basic_03512,1115.27755971,2.29398961493
risk_basic,risk_basic_03513,1016.60895352,2.03832695677
risk_basic,risk_basic_03514,640.227540632,1.96848928579
risk_basic,risk_basic_03515,1113.679053,2.7911622958
risk_basic,risk_basic_03516,855.579906684,2.89963248226
risk_basic,risk_basic_03517,984.643606735,2.53330524888
risk_basic,risk_basic_03518,845.145962174,1.18477364966
risk_basic,risk_basic_03519,708.559595466,1.17636579586
risk_basic,risk_basic_03520,643.067625234,1.41559873331
risk_basic,risk_basic_03521,1121.13389554,2.84780907239
risk_basic,risk_basic_03522,712.477894579,2.33177430683
risk_basic,risk_basic_03523,849.194290409,1.4632660113
risk_basic,risk_basic_03524,546.097103764,1.64189744415
risk_basic,risk_basic_03525,1043.97111076,2.48765095584
risk_basic,risk_basic_03526,986.207543567,2.22571878729
risk_basic,risk_basic_03527,769.685015343,1.44316712667
risk_basic,risk_basic_03528,1128.59714356,2.34433057041
risk_basic,risk_basic_03529,915.641598088,2.38729654952
risk_basic,risk_basic_03530,1058.92603262,2.99993261778
risk_basic,risk_basic_03531,570.713814685,1.10650538258
risk_basic,risk_basic_03532,1020.1854745,2.42003048819
risk_basic,risk_basic_03533,694.227970408,1.65515122124
risk_basic,risk_basic_03534,656.156726014,1.56502359957
risk_basic,risk_basic_03535,1102.53544944,2.1685786363
risk_basic,risk_basic_03536,785.984031207,1.97511153327
risk_basic,risk_basic_03537,1183.79181718,3.13752166082
risk_basic,risk_basic_03538,892.033169639,1.36261663021
risk_basic,risk_basic_03539,863.884147043,1.29745619825
risk_basic,risk_basic_03540,1085.5545698,2.69113598977
risk_basic,risk_basic_03541,854.420234831,2.67833463575
risk_basic,risk_basic_03542,758.676090512,1.54348445582
risk_basic,risk_basic_03543,954.324177098,2.82799457126
risk_basic,risk_basic_03544,1029.19205747,1.93950116374
risk_basic,risk_basic_03545,815.293035968,1.10384471499
risk_basic,risk_basic_03546,873.26476062,1.39413566499
risk_basic,risk_basic_03547,868.220967366,1.02804699089
risk_basic,risk_basic_03548,743.142530629,1.3544101443
risk_basic,risk_basic_03549,935.727941574,2.09877257626
risk_basic,risk_basic_03550,532.444758792,0.977368214946
risk_basic,risk_basic_03551,588.518568952,2.32577911458
risk_basic,risk_basic_03552,1089.64137386,2.6464593317
risk_basic,risk_basic_03553,990.447991125,3.36907320125
risk_basic,risk_basic_03554,576.493936512,2.03033434733
risk_basic,risk_basic_03555,1036.96192374,2.78606177061
risk_basic,risk_basic_03556,1031.95512503,1.77004696035
risk_basic,risk_basic_03557,1181.28259248,1.38198785453
risk_basic,risk_basic_03558,601.099144396,2.51407508811
risk_basic,risk_basic_03559,966.177124951,1.85247042899
risk_basic,risk_basic_03560,739.504624995,1.55054879497
risk_basic,risk_basic_03561,734.19855147,2.03743114059
risk_basic,risk_basic_03562,1074.43439448,2.34633891495
risk_basic,risk_basic_03563,723.078391894,1.48145486821
risk_basic,risk_basic_03564,701.549485088,2.05498129553
risk_basic,risk_basic_03565,1012.4551794,2.83272833067
risk_basic,risk_basic_03566,642.29131066,1.754292634
risk_basic,risk_basic_03567,766.065188081,1.74673434016
risk_basic,risk_basic_03568,530.135965669,1.1592728224
risk_basic,risk_basic_03569,770.492589927,1.01174349376
risk_basic,risk_basic_03570,943.996422533,1.75772566366
risk_basic,risk_basic_03571,640.74013469,2.35509023587
risk_basic,risk_basic_03572,883.5349417,2.5071490218
risk_basic,risk_basic_03573,743.339362341,2.15130147232
risk_basic,risk_basic_03574,1077.44084585,2.98307050114
risk_basic,risk_basic_03575,576.543444534,0.964502933048
risk_basic,risk_basic_03576,1195.51236569,2.77213981264
risk_basic,risk_basic_03577,1041.65893465,1.83727677058
risk_basic,risk_basic_03578,861.747317555,1.97412880768
risk_basic,risk_basic_03579,785.070734039,1.4937241998
risk_basic,risk_basic_03580,769.47970183,1.48536497124
risk_basic,risk_basic_03581,1000.52869322,2.43693920015
risk_basic,risk_basic_03582,1157.64767616,2.29568099643
risk_basic,risk_basic_03583,1149.96295289,3.1973046106
risk_basic,risk_basic_03584,815.064360732,1.66211613939
risk_basic,risk_basic_03585,1171.2925256,1.86425298712
risk_basic,risk_basic_03586,625.74990813,2.04024593051
risk_basic,risk_basic_03587,1123.93986599,2.90932247053
risk_basic,risk_basic_03588,820.779587171,1.48431840886
risk_basic,risk_basic_03589,536.201183159,2.58989182494
risk_basic,risk_basic_03590,713.548635579,1.4030805732
risk_basic,risk_basic_03591,580.636111657,0.903156833892
risk_basic,risk_basic_03592,795.016298355,1.56550000183
risk_basic,risk_basic_03593,663.370377267,1.59147535279
risk_basic,risk_basic_03594,982.434344595,1.58857624362
risk_basic,risk_basic_03595,772.480552931,0.943523326726
risk_basic,risk_basic_03596,1019.37845366,2.44418704834
risk_basic,risk_basic_03597,967.691059203,1.84598429819
risk_basic,risk_basic_03598,1063.38965059,3.45332968788
risk_basic,risk_basic_03599,874.130468838,2.20605552511
risk_basic,risk_basic_03600,802.736421295,1.0940353473
risk_basic,risk_basic_03601,994.772455372,3.68819451481
risk_basic,risk_basic_03602,739.995717486,1.84380756168
risk_basic,risk_basic_03603,1192.42420307,3.0780074982
risk_basic,risk_basic_03604,890.236485954,2.29832850479
risk_basic,risk_basic_03605,1170.32978072,3.28037595695
risk_basic,risk_basic_03606,1069.11166986,2.80372237991
risk_basic,risk_basic_03607,708.928178949,1.44057732353
risk_basic,risk_basic_03608,573.074598544,2.43185826748
risk_basic,risk_basic_03609,604.568647423,2.41972201996
risk_basic,risk_basic_03610,780.32292839,1.49839560081
risk_basic,risk_basic_03611,729.785972939,1.87761306565
risk_basic,risk_basic_03612,884.806331728,2.65329107711
risk_basic,risk_basic_03613,740.496187,1.45022560584
risk_basic,risk_basic_03614,751.696128761,1.51352062723
risk_basic,risk_basic_03615,956.233905196,2.66167280798
risk_basic,risk_basic_03616,694.830027535,1.25007370707
risk_basic,risk_basic_03617,1051.75932784,2.31768942211
risk_basic,risk_basic_03618,925.103968038,2.34483241833
risk_basic,risk_basic_03619,692.968151579,1.9209309163
risk_basic,risk_basic_03620,583.196664275,1.92034764181
risk_basic,risk_basic_03621,874.477549689,2.43803460805
risk_basic,risk_basic_03622,555.477656482,0.210629240261
risk_basic,risk_basic_03623,1157.2096127,2.51986336084
risk_basic,risk_basic_03624,959.912087355,2.33051528823
risk_basic,risk_basic_03625,789.070648883,1.7672824566
risk_basic,risk_basic_03626,1167.90766488,2.73265754633
risk_basic,risk_basic_03627,623.638700845,2.24241589571
risk_basic,risk_basic_03628,1183.69754224,3.39185217802
risk_basic,risk_basic_03629,929.332162237,1.90759891281
risk_basic,risk_basic_03630,777.072033463,1.94853368255
risk_basic,risk_basic_03631,764.96583843,1.56134011063
risk_basic,risk_basic_03632,516.904821371,1.44748239411
risk_basic,risk_basic_03633,1076.64280159,2.74485493757
risk_basic,risk_basic_03634,1131.67370394,2.1498421825
risk_basic,risk_basic_03635,726.209316547,1.60148718786
risk_basic,risk_basic_03636,999.14568893,2.24665093521
risk_basic,risk_basic_03637,511.931042717,2.39969425035
risk_basic,risk_basic_03638,656.719599676,2.55670842596
risk_basic,risk_basic_03639,1141.21941378,1.89101762445
risk_basic,risk_basic_03640,749.16362635,2.38053582995
risk_basic,risk_basic_03641,1103.27071566,3.45999672763
risk_basic,risk_basic_03642,1071.72792529,3.24286062297
risk_basic,risk_basic_03643,953.704407511,1.76197786488
risk_basic,risk_basic_03644,629.012533806,1.68465640314
risk_basic,risk_basic_03645,680.772623941,1.47975362355
risk_basic,risk_basic_03646,1188.7440713,2.97283317856
risk_basic,risk_basic_03647,639.886244163,1.65332935196
risk_basic,risk_basic_03648,675.198210967,1.62406598201
risk_basic,risk_basic_03649,556.666553186,1.31165426998
risk_basic,risk_basic_03650,535.008574797,1.95352694408
risk_basic,risk_basic_03651,624.739906566,1.93810588218
risk_basic,risk_basic_03652,859.286614776,1.89464065404
risk_basic,risk_basic_03653,828.386862463,0.705009874037
risk_basic,risk_basic_03654,549.756488971,1.5035408612
risk_basic,risk_basic_03655,643.826480558,2.32155170386
risk_basic,risk_basic_03656,743.871294814,1.8223900646
risk_basic,risk_basic_03657,574.272841846,2.20350792452
risk_basic,risk_basic_03658,1152.42346233,2.82704624198
risk_basic,risk_basic_03659,1066.67039475,3.16078219773
risk_basic,risk_basic_03660,1013.19873454,1.63178004958
risk_basic,risk_basic_03661,543.43959105,2.14627228031
risk_basic,risk_basic_03662,810.959554037,1.43218809963
risk_basic,risk_basic_03663,821.056337385,1.70403661424
risk_basic,risk_basic_03664,983.931424727,2.43424938127
risk_basic,risk_basic_03665,602.670007717,1.3342127986
risk_basic,risk_basic_03666,678.690040572,2.04231742924
risk_basic,risk_basic_03667,895.897106718,1.94800977738
risk_basic,risk_basic_03668,522.730689525,2.18063316459
risk_basic,risk_basic_03669,840.761654138,1.6739640635
risk_basic,risk_basic_03670,979.587213951,2.36071590764
risk_basic,risk_basic_03671,1068.23926088,2.15865629115
risk_basic,risk_basic_03672,1018.21487247,2.1079751902
risk_basic,risk_basic_03673,661.813257908,1.22778128668
risk_basic,risk_basic_03674,934.709799426,3.05302314468
risk_basic,risk_basic_03675,942.962410403,2.40213374762
risk_basic,risk_basic_03676,709.828416434,0.931145075799
risk_basic,risk_basic_03677,924.768995227,2.17849935034
risk_basic,risk_basic_03678,514.406529429,1.61823322925
risk_basic,risk_basic_03679,1046.49991388,2.27824739349
risk_basic,risk_basic_03680,773.394946437,1.17775412865
risk_basic,risk_basic_03681,777.526836867,1.46295109634
risk_basic,risk_basic_03682,514.703279688,1.5650854063
risk_basic,risk_basic_03683,502.326047027,1.74582891524
risk_basic,risk_basic_03684,1112.42466515,2.43611338578
risk_basic,risk_basic_03685,940.893807312,2.46852501521
risk_basic,risk_basic_03686,671.266365284,2.04625930741
risk_basic,risk_basic_03687,730.641670404,2.39384854052
risk_basic,risk_basic_03688,1007.71649176,2.43869484171
risk_basic,risk_basic_03689,930.604185309,2.71195829998
risk_basic,risk_basic_03690,769.199318674,1.25149242388
risk_basic,risk_basic_03691,791.380704834,1.21329486975
risk_basic,risk_basic_03692,850.755240991,2.21810429283
risk_basic,risk_basic_03693,964.762773722,2.42740280071
risk_basic,risk_basic_03694,992.829724041,1.50036208996
risk_basic,risk_basic_03695,1011.76999122,2.30918206153
risk_basic,risk_basic_03696,1189.89053236,2.42046769157
risk_basic,risk_basic_03697,678.453490841,1.96004127823
risk_basic,risk_basic_03698,1097.835456,2.54649940025
risk_basic,risk_basic_03699,901.495585625,2.25989669193
risk_basic,risk_basic_03700,1111.22655873,2.40560430751
risk_basic,risk_basic_03701,1168.72698013,2.07642267124
risk_basic,risk_basic_03702,556.066008166,1.03565323334
risk_basic,risk_basic_03703,906.155054379,2.88300777367
risk_basic,risk_basic_03704,975.407170369,2.83469146108
risk_basic,risk_basic_03705,562.26273669,2.06103508567
risk_basic,risk_basic_03706,535.351252493,1.33191045723
risk_basic,risk_basic_03707,1161.90197011,2.63240475949
risk_basic,risk_basic_03708,736.773277796,2.22937534002
risk_basic,risk_basic_03709,670.52901441,1.62897722574
risk_basic,risk_basic_03710,1084.98621922,2.46525436971
risk_basic,risk_basic_03711,1126.02660925,2.3339777455
risk_basic,risk_basic_03712,1114.6212672,2.89914148472
risk_basic,risk_basic_03713,1094.04580202,2.55495143002
risk_basic,risk_basic_03714,1065.69511346,2.30936394466
risk_basic,risk_basic_03715,513.752794137,2.2729418656
risk_basic,risk_basic_03716,1115.386906,3.27696982558
risk_basic,risk_basic_03717,1114.61123683,2.08964487737
risk_basic,risk_basic_03718,969.044135871,1.88423146404
risk_basic,risk_basic_03719,901.487334764,1.61955736998
risk_basic,risk_basic_03720,884.290370414,1.88869889042
risk_basic,risk_basic_03721,953.021532556,1.61835142277
risk_basic,risk_basic_03722,524.63548901,2.7086825711
risk_basic,risk_basic_03723,591.464305528,1.97316819508
risk_basic,risk_basic_03724,1166.81849765,2.24465096425
risk_basic,risk_basic_03725,857.107462712,2.23425981384
risk_basic,risk_basic_03726,960.421369613,1.5814014189
risk_basic,risk_basic_03727,651.198577489,1.80311728084
risk_basic,risk_basic_03728,920.689824117,2.115334084
risk_basic,risk_basic_03729,749.642495578,2.3850945358
risk_basic,risk_basic_03730,615.018272053,1.60171338355
risk_basic,risk_basic_03731,687.762430312,0.578464288277
risk_basic,risk_basic_03732,1107.12256899,2.72963890065
risk_basic,risk_basic_03733,1109.39719179,2.62157374632
risk_basic,risk_basic_03734,1154.31622554,2.56634210558
risk_basic,risk_basic_03735,1018.81079703,2.89855441187
risk_basic,risk_basic_03736,538.242215323,2.40073768007
risk_basic,risk_basic_03737,1195.36671426,2.71321404067
risk_basic,risk_basic_03738,854.198060173,2.66351768087
risk_basic,risk_basic_03739,800.06844612,2.83606538573
risk_basic,risk_basic_03740,518.235898785,1.52206513062
risk_basic,risk_basic_03741,597.29953102,2.53947683436
risk_basic,risk_basic_03742,983.537335875,2.06841553304
risk_basic,risk_basic_03743,1023.63789894,2.71144127361
risk_basic,risk_basic_03744,569.877012112,1.4671363044
risk_basic,risk_basic_03745,1089.58917439,2.69788539338
risk_basic,risk_basic_03746,950.1956592,2.25332728894
risk_basic,risk_basic_03747,1091.91033426,2.7739631691
risk_basic,risk_basic_03748,695.216258422,1.00723869568
risk_basic,risk_basic_03749,917.633489486,2.43371772994
risk_basic,risk_basic_03750,1108.63326085,2.25758749511
risk_basic,risk_basic_03751,577.536205227,0.920680451746
risk_basic,risk_basic_03752,895.16911092,2.51624374899
risk_basic,risk_basic_03753,1171.45234502,2.51214996801
risk_basic,risk_basic_03754,571.182689948,1.65493174112
risk_basic,risk_basic_03755,1155.96677196,2.85654062784
risk_basic,risk_basic_03756,1179.38684116,3.23550583489
risk_basic,risk_basic_03757,1146.84495922,2.08361266144
risk_basic,risk_basic_03758,566.082965198,2.45597321925
risk_basic,risk_basic_03759,782.77549443,2.03903501239
risk_basic,risk_basic_03760,650.574127056,2.45801345467
risk_basic,risk_basic_03761,1012.8758176,3.04429886166
risk_basic,risk_basic_03762,519.163042076,2.44157358686
risk_basic,risk_basic_03763,1125.99625222,1.99390015511
risk_basic,risk_basic_03764,844.676662375,1.93777406825
risk_basic,risk_basic_03765,1102.12652208,2.85932506754
risk_basic,risk_basic_03766,1163.92033902,3.21450584242
risk_basic,risk_basic_03767,563.939646707,1.5040431373
risk_basic,risk_basic_03768,1172.63219136,3.62954228367
risk_basic,risk_basic_03769,660.828892066,1.3212423374
risk_basic,risk_basic_03770,994.04791976,2.68012116569
risk_basic,risk_basic_03771,815.923313308,2.03304703934
risk_basic,risk_basic_03772,1065.90089312,2.67082168198
risk_basic,risk_basic_03773,722.515404167,2.0122061556
risk_basic,risk_basic_03774,1114.22666273,1.76274483397
risk_basic,risk_basic_03775,603.913416226,1.03334157438
risk_basic,risk_basic_03776,1127.52003059,1.96495463327
risk_basic,risk_basic_03777,646.983561742,1.99219020597
risk_basic,risk_basic_03778,526.435310087,2.34212349061
risk_basic,risk_basic_03779,1140.80930025,2.41380480571
risk_basic,risk_basic_03780,557.087628525,1.81266331331
risk_basic,risk_basic_03781,824.380099401,1.05177567023
risk_basic,risk_basic_03782,552.20434284,2.03875310854
risk_basic,risk_basic_03783,794.172829025,1.69512373001
risk_basic,risk_basic_03784,574.56711693,2.86311781948
risk_basic,risk_basic_03785,613.447208001,1.59231567933
risk_basic,risk_basic_03786,929.185849623,1.87738027524
risk_basic,risk_basic_03787,963.99712845,2.61514169545
risk_basic,risk_basic_03788,1115.76530865,2.20493374216
risk_basic,risk_basic_03789,1073.03176045,2.68717282901
risk_basic,risk_basic_03790,634.45238357,2.26638177799
risk_basic,risk_basic_03791,702.695689951,1.69482972247
risk_basic,risk_basic_03792,554.143457374,1.79377760178
risk_basic,risk_basic_03793,789.79466947,1.64572166536
risk_basic,risk_basic_03794,1069.85443568,1.64002576812
risk_basic,risk_basic_03795,816.286819954,1.7916122334
risk_basic,risk_basic_03796,610.581450235,1.43522111985
risk_basic,risk_basic_03797,888.253027891,1.52712944726
risk_basic,risk_basic_03798,774.829070122,1.93544787842
risk_basic,risk_basic_03799,544.159924645,1.31177138564
risk_basic,risk_basic_03800,1139.33351415,2.22470868149
risk_basic,risk_basic_03801,1118.36676849,1.89074932934
risk_basic,risk_basic_03802,627.768568737,1.46051099195
risk_basic,risk_basic_03803,776.026705696,1.73564957429
risk_basic,risk_basic_03804,794.780155207,2.07232698483
risk_basic,risk_basic_03805,588.019558261,1.98436767906
risk_basic,risk_basic_03806,528.06561267,1.25433419951
risk_basic,risk_basic_03807,632.519869445,1.98741430352
risk_basic,risk_basic_03808,858.983011167,1.59326526136
risk_basic,risk_basic_03809,1153.87169295,2.06305621282
risk_basic,risk_basic_03810,939.472420836,1.26235185519
risk_basic,risk_basic_03811,541.245476169,2.02565915875
risk_basic,risk_basic_03812,994.981009024,3.02574237218
risk_basic,risk_basic_03813,841.75360197,2.16699526844
risk_basic,risk_basic_03814,771.502775722,1.20082988178
risk_basic,risk_basic_03815,1055.27529174,2.54114336671
risk_basic,risk_basic_03816,766.07942522,1.36855968612
risk_basic,risk_basic_03817,710.187249193,1.35819427899
risk_basic,risk_basic_03818,686.021156695,1.06721840563
risk_basic,risk_basic_03819,745.219132356,1.87179993662
risk_basic,risk_basic_03820,1194.7536456,2.31281577628
risk_basic,risk_basic_03821,1145.70369493,2.44520626667
risk_basic,risk_basic_03822,1091.86994058,3.1161222608
risk_basic,risk_basic_03823,1069.46758401,2.48939439892
risk_basic,risk_basic_03824,979.007817765,2.42358367704
risk_basic,risk_basic_03825,681.198338924,1.67253506791
risk_basic,risk_basic_03826,1068.47314465,1.74316819043
risk_basic,risk_basic_03827,1089.91506068,1.72130781943
risk_basic,risk_basic_03828,727.413539948,1.92286960764
risk_basic,risk_basic_03829,1170.02263572,2.12183764228
risk_basic,risk_basic_03830,587.479398901,1.88977335334
risk_basic,risk_basic_03831,710.168298475,1.6064935468
risk_basic,risk_basic_03832,1173.32579891,1.90699248483
risk_basic,risk_basic_03833,763.257937558,1.52654832356
risk_basic,risk_basic_03834,971.830343229,1.96874191007
risk_basic,risk_basic_03835,539.989269609,2.43618136002
risk_basic,risk_basic_03836,517.807458815,1.42545662379
risk_basic,risk_basic_03837,1037.31465039,2.73311222739
risk_basic,risk_basic_03838,904.332420713,2.13306399927
risk_basic,risk_basic_03839,1044.56179263,2.30460752822
risk_basic,risk_basic_03840,945.515850958,2.86095856963
risk_basic,risk_basic_03841,991.500103243,2.57780941937
risk_basic,risk_basic_03842,510.532080309,1.78081870112
risk_basic,risk_basic_03843,550.635615738,2.05910061552
risk_basic,risk_basic_03844,872.543803692,2.17810854968
risk_basic,risk_basic_03845,1094.59803597,2.72765960451
risk_basic,risk_basic_03846,1166.71853176,1.83957250757
risk_basic,risk_basic_03847,885.826887203,2.00330995589
risk_basic,risk_basic_03848,767.328666272,2.01750103491
risk_basic,risk_basic_03849,663.726044981,2.4241265272
risk_basic,risk_basic_03850,874.346381055,1.92561509804
risk_basic,risk_basic_03851,515.746463745,2.13806392918
risk_basic,risk_basic_03852,670.783264474,1.74621603167
risk_basic,risk_basic_03853,800.512615572,1.77473613183
risk_basic,risk_basic_03854,800.78614456,1.56012095232
risk_basic,risk_basic_03855,864.638593824,1.39617079394
risk_basic,risk_basic_03856,637.665162515,1.65760976441
risk_basic,risk_basic_03857,791.937548581,2.20138117899
risk_basic,risk_basic_03858,706.949761994,1.43352930534
risk_basic,risk_basic_03859,796.039137234,1.96212128364
risk_basic,risk_basic_03860,790.352046479,1.94793718458
risk_basic,risk_basic_03861,950.05714711,1.99937519738
risk_basic,risk_basic_03862,822.577038754,2.28456208818
risk_basic,risk_basic_03863,728.873096576,1.72296284827
risk_basic,risk_basic_03864,602.621004813,1.08534444951
risk_basic,risk_basic_03865,653.642974693,1.49373846342
risk_basic,risk_basic_03866,882.25302431,2.355974493
risk_basic,risk_basic_03867,1113.66638675,2.73645399893
risk_basic,risk_basic_03868,681.324420365,1.37327203352
risk_basic,risk_basic_03869,747.254155805,2.30830038585
risk_basic,risk_basic_03870,654.861911231,1.59580987663
risk_basic,risk_basic_03871,763.219664996,2.9051307116
risk_basic,risk_basic_03872,613.243709976,2.25537722131
risk_basic,risk_basic_03873,904.366922711,1.07091811768
risk_basic,risk_basic_03874,1056.49219925,1.73617657082
risk_basic,risk_basic_03875,754.327481688,1.45083965879
risk_basic,risk_basic_03876,519.664285205,1.65736560798
risk_basic,risk_basic_03877,831.090379571,1.62079375674
risk_basic,risk_basic_03878,754.635680504,1.80942185042
risk_basic,risk_basic_03879,767.677033879,1.79136967803
risk_basic,risk_basic_03880,641.28097019,0.783100984228
risk_basic,risk_basic_03881,820.277065078,1.36699139024
risk_basic,risk_basic_03882,1138.47805789,2.47784718788
risk_basic,risk_basic_03883,572.701771588,2.43299534314
risk_basic,risk_basic_03884,1096.95172726,3.19758173797
risk_basic,risk_basic_03885,902.864596007,1.61642628187
risk_basic,risk_basic_03886,609.258774214,1.62053674015
risk_basic,risk_basic_03887,834.579781869,2.84882196566
risk_basic,risk_basic_03888,846.534276521,1.43570988983
risk_basic,risk_basic_03889,761.124951613,1.39212051428
risk_basic,risk_basic_03890,1014.99648766,3.56847879277
risk_basic,risk_basic_03891,1104.57421875,2.26399011336
risk_basic,risk_basic_03892,1066.16607333,1.7844233529
risk_basic,risk_basic_03893,580.279012437,2.49958697531
risk_basic,risk_basic_03894,634.683668485,2.33931859386
risk_basic,risk_basic_03895,1176.80205905,3.42520639637
risk_basic,risk_basic_03896,1180.37649099,2.5167977732
risk_basic,risk_basic_03897,810.152027451,1.87203969815
risk_basic,risk_basic_03898,1000.56886702,2.63465738419
risk_basic,risk_basic_03899,692.624289255,1.66232221244
risk_basic,risk_basic_03900,570.752282737,2.1866775368
risk_basic,risk_basic_03901,1087.86051255,3.20354902618
risk_basic,risk_basic_03902,694.657006824,1.71042188162
risk_basic,risk_basic_03903,880.22428491,1.9022472399
risk_basic,risk_basic_03904,999.512892856,1.96414681099
risk_basic,risk_basic_03905,1019.21996681,2.2643298524
risk_basic,risk_basic_03906,947.323174087,1.51890849127
risk_basic,risk_basic_03907,501.376871616,1.79280502891
risk_basic,risk_basic_03908,794.354712867,1.92926514109
risk_basic,risk_basic_03909,829.621385798,1.20263253938
risk_basic,risk_basic_03910,697.262845867,2.72343815066
risk_basic,risk_basic_03911,1072.77712332,2.90457799287
risk_basic,risk_basic_03912,1150.77018466,2.37336950644
risk_basic,risk_basic_03913,1169.98873746,2.47738605527
risk_basic,risk_basic_03914,667.665567322,1.62340977949
risk_basic,risk_basic_03915,788.294522752,2.76664470746
risk_basic,risk_basic_03916,951.280443063,2.48572966368
risk_basic,risk_basic_03917,1051.05643992,1.68955566154
risk_basic,risk_basic_03918,1111.41232299,2.8273406446
risk_basic,risk_basic_03919,1147.82739092,1.9964382832
risk_basic,risk_basic_03920,818.829265852,1.56170622632
risk_basic,risk_basic_03921,1168.6289278,3.26504257731
risk_basic,risk_basic_03922,1119.77081358,3.006189763
risk_basic,risk_basic_03923,972.025915669,1.64916017634
risk_basic,risk_basic_03924,908.062066097,2.36146699593
risk_basic,risk_basic_03925,1176.32659438,2.4608434618
risk_basic,risk_basic_03926,1164.27207668,3.27014391063
risk_basic,risk_basic_03927,877.031664105,2.07846038476
risk_basic,risk_basic_03928,681.570341583,1.16668631363
risk_basic,risk_basic_03929,534.470471102,1.14549615865
risk_basic,risk_basic_03930,512.239057837,2.13495857263
risk_basic,risk_basic_03931,676.862193117,1.67176813636
risk_basic,risk_basic_03932,535.09572499,1.21646573255
risk_basic,risk_basic_03933,1186.83126751,2.2181991426
risk_basic,risk_basic_03934,1191.55302049,2.68659296512
risk_basic,risk_basic_03935,1136.91798526,2.84370470452
risk_basic,risk_basic_03936,655.66689997,1.7664956086
risk_basic,risk_basic_03937,604.377883054,1.86506975696
risk_basic,risk_basic_03938,1188.78140729,2.98213932686
risk_basic,risk_basic_03939,857.363835967,1.93040975323
risk_basic,risk_basic_03940,716.217991046,2.31380111619
risk_basic,risk_basic_03941,855.556871483,1.93573142712
risk_basic,risk_basic_03942,643.376644457,1.61696186087
risk_basic,risk_basic_03943,1141.41977342,2.49625878825
risk_basic,risk_basic_03944,793.434531805,2.33216999699
risk_basic,risk_basic_03945,868.01351333,2.39921269298
risk_basic,risk_basic_03946,725.208899349,1.27175237234
risk_basic,risk_basic_03947,673.936768078,2.33203187438
risk_basic,risk_basic_03948,623.17811775,2.02323877652
risk_basic,risk_basic_03949,922.388313137,2.63890754527
risk_basic,risk_basic_03950,825.560566176,2.16402469365
risk_basic,risk_basic_03951,691.367701644,1.72339483085
risk_basic,risk_basic_03952,1032.17846947,2.01154079397
risk_basic,risk_basic_03953,594.346256483,1.99921258316
risk_basic,risk_basic_03954,1003.66483081,2.63352226539
risk_basic,risk_basic_03955,1036.03031607,2.68385867431
risk_basic,risk_basic_03956,654.813987202,1.57849569656
risk_basic,risk_basic_03957,1182.40597444,3.45853907725
risk_basic,risk_basic_03958,612.189055441,1.11178319537
risk_basic,risk_basic_03959,930.872288604,2.32817337067
risk_basic,risk_basic_03960,1138.49487666,3.42002039916
risk_basic,risk_basic_03961,1085.18342631,2.19459917512
risk_basic,risk_basic_03962,630.522687356,1.17290101504
risk_basic,risk_basic_03963,923.301747489,1.68197341752
risk_basic,risk_basic_03964,724.205711893,2.82303439063
risk_basic,risk_basic_03965,577.502399969,1.62065998009
risk_basic,risk_basic_03966,761.997548815,0.986630810507
risk_basic,risk_basic_03967,642.722158795,2.02058349673
risk_basic,risk_basic_03968,532.636910679,1.75850522605
risk_basic,risk_basic_03969,1134.05023803,2.94061862804
risk_basic,risk_basic_03970,1070.05195526,2.48930375493
risk_basic,risk_basic_03971,1085.46438698,2.27831004173
risk_basic,risk_basic_03972,992.015916754,1.33105734288
risk_basic,risk_basic_03973,585.826935579,1.51473652938
risk_basic,risk_basic_03974,715.653730371,1.8632476827
risk_basic,risk_basic_03975,930.133613661,1.45019050731
risk_basic,risk_basic_03976,1020.51579102,2.15811047976
risk_basic,risk_basic_03977,998.920943392,1.43655266438
risk_basic,risk_basic_03978,888.218988978,2.217337074
risk_basic,risk_basic_03979,605.501122396,2.16241127752
risk_basic,risk_basic_03980,796.75659977,1.550417255
risk_basic,risk_basic_03981,891.079658746,1.96828288576
risk_basic,risk_basic_03982,528.750934569,1.9175303244
risk_basic,risk_basic_03983,623.93932604,1.69993276176
risk_basic,risk_basic_03984,573.761516489,1.982617565
risk_basic,risk_basic_03985,1075.2627884,2.2577623516
risk_basic,risk_basic_03986,840.495484589,1.64202475915
risk_basic,risk_basic_03987,903.138879543,2.06298143666
risk_basic,risk_basic_03988,894.001417091,2.51595203993
risk_basic,risk_basic_03989,1089.84805669,2.45177516289
risk_basic,risk_basic_03990,647.695080686,1.00663940018
risk_basic,risk_basic_03991,1121.01678188,2.31998286151
risk_basic,risk_basic_03992,709.840669636,1.35382681523
risk_basic,risk_basic_03993,1042.26561578,3.11189455353
risk_basic,risk_basic_03994,1163.7210426,2.76499650966
risk_basic,risk_basic_03995,879.203963372,0.959725659811
risk_basic,risk_basic_03996,501.270552749,1.14804627149
risk_basic,risk_basic_03997,1173.66852726,3.5516288008
risk_basic,risk_basic_03998,1025.44219298,2.04525934334
risk_basic,risk_basic_03999,729.097980078,1.42441011752
risk_basic,risk_basic_04000,1023.57920501,2.38954023939
risk_basic,risk_basic_04001,995.720514171,2.75282847679
risk_basic,risk_basic_04002,1055.47011038,1.32450374085
risk_basic,risk_basic_04003,947.077744028,2.597808413
risk_basic,risk_basic_04004,988.542590332,2.00510271327
risk_basic,risk_basic_04005,834.756270958,1.65794408361
risk_basic,risk_basic_04006,678.343010929,1.99929773473
risk_basic,risk_basic_04007,1181.65976735,2.98759037992
risk_basic,risk_basic_04008,552.051208581,1.27718951834
risk_basic,risk_basic_04009,1032.50427066,1.63437143966
risk_basic,risk_basic_04010,774.042036626,1.472817457
risk_basic,risk_basic_04011,541.115695215,1.78410515661
risk_basic,risk_basic_04012,561.500416327,1.89226293125
risk_basic,risk_basic_04013,1023.68760004,2.36285161244
risk_basic,risk_basic_04014,638.092166716,1.07541149304
risk_basic,risk_basic_04015,512.962525786,2.17852768993
risk_basic,risk_basic_04016,500.866098657,2.49555184406
risk_basic,risk_basic_04017,1109.40245444,2.62673045359
risk_basic,risk_basic_04018,733.360627423,1.90149449024
risk_basic,risk_basic_04019,1068.15977891,3.06267374119
risk_basic,risk_basic_04020,811.590592212,2.31064363769
risk_basic,risk_basic_04021,731.106800521,1.98295735533
risk_basic,risk_basic_04022,870.58669455,1.68859654877
risk_basic,risk_basic_04023,1182.18916588,3.14971134911
risk_basic,risk_basic_04024,674.789179181,2.31281841778
risk_basic,risk_basic_04025,857.381818115,2.21454304003
risk_basic,risk_basic_04026,806.664176491,1.58551384803
risk_basic,risk_basic_04027,903.579594859,1.92451182194
risk_basic,risk_basic_04028,838.584561119,1.55801468192
risk_basic,risk_basic_04029,876.472255141,2.02543223378
risk_basic,risk_basic_04030,634.010936512,2.2650709061
risk_basic,risk_basic_04031,852.630577738,2.11227839669
risk_basic,risk_basic_04032,930.087755554,2.45179394171
risk_basic,risk_basic_04033,983.800863224,2.59253799969
risk_basic,risk_basic_04034,1186.12037295,2.1446179738
risk_basic,risk_basic_04035,921.43127175,1.8031982799
risk_basic,risk_basic_04036,837.523655057,2.27778249585
risk_basic,risk_basic_04037,686.429909834,1.66641007666
risk_basic,risk_basic_04038,692.55032987,1.67179971755
risk_basic,risk_basic_04039,764.021361673,2.43770989181
risk_basic,risk_basic_04040,1024.66906232,2.6391702658
risk_basic,risk_basic_04041,1054.8869126,2.00713957517
risk_basic,risk_basic_04042,1157.30372777,2.21506297701
risk_basic,risk_basic_04043,740.960644881,2.32794344767
risk_basic,risk_basic_04044,834.176728436,2.71126953292
risk_basic,risk_basic_04045,654.516084955,1.91508799054
risk_basic,risk_basic_04046,861.70515726,1.15579808914
risk_basic,risk_basic_04047,749.932618514,2.41513153474
risk_basic,risk_basic_04048,530.653376949,2.08802736488
risk_basic,risk_basic_04049,611.415591613,1.28217730929
risk_basic,risk_basic_04050,779.061245555,2.53044678469
risk_basic,risk_basic_04051,938.326740369,2.64920699349
risk_basic,risk_basic_04052,969.065632022,2.60395901517
risk_basic,risk_basic_04053,1023.07375316,2.03434832262
risk_basic,risk_basic_04054,736.413682693,1.80851831025
risk_basic,risk_basic_04055,869.840972058,2.02258166728
risk_basic,risk_basic_04056,883.502223469,1.43899655571
risk_basic,risk_basic_04057,566.589861495,2.00934197094
risk_basic,risk_basic_04058,1041.60499314,2.62386747752
risk_basic,risk_basic_04059,594.043160669,1.14561369056
risk_basic,risk_basic_04060,772.410809868,2.14044981426
risk_basic,risk_basic_04061,977.519324582,1.44471200888
risk_basic,risk_basic_04062,967.419942642,1.48733146351
risk_basic,risk_basic_04063,1174.5928893,2.57303302144
risk_basic,risk_basic_04064,1003.09718042,2.82705494857
risk_basic,risk_basic_04065,920.335442729,2.66154307442
risk_basic,risk_basic_04066,808.165632047,1.93478598405
risk_basic,risk_basic_04067,749.065999556,1.15402232084
risk_basic,risk_basic_04068,838.019305157,1.61367121093
risk_basic,risk_basic_04069,1107.41956933,2.133070317
risk_basic,risk_basic_04070,627.383118251,1.47767361202
risk_basic,risk_basic_04071,569.691950225,1.91375267769
risk_basic,risk_basic_04072,803.778994582,1.92268335721
risk_basic,risk_basic_04073,824.061118978,1.42637866358
risk_basic,risk_basic_04074,1035.76788569,2.4341806455
risk_basic,risk_basic_04075,645.662110177,1.15400327091
risk_basic,risk_basic_04076,863.927546522,1.47235115457
risk_basic,risk_basic_04077,1064.24331364,2.00102706198
risk_basic,risk_basic_04078,983.006225815,2.52623888857
risk_basic,risk_basic_04079,618.681374253,1.0696463353
risk_basic,risk_basic_04080,1129.02294722,2.12490350724
risk_basic,risk_basic_04081,919.682830314,2.35914385882
risk_basic,risk_basic_04082,587.256232402,2.9192825468
risk_basic,risk_basic_04083,807.713178694,2.0599656206
risk_basic,risk_basic_04084,1167.19598259,2.39818007173
risk_basic,risk_basic_04085,819.340489472,1.23979381113
risk_basic,risk_basic_04086,1024.19396008,2.11973847401
risk_basic,risk_basic_04087,779.52778213,2.33903589738
risk_basic,risk_basic_04088,1018.25853082,2.70867017711
risk_basic,risk_basic_04089,611.504010214,1.41599646149
risk_basic,risk_basic_04090,936.220082162,2.05915096246
risk_basic,risk_basic_04091,1078.90804184,2.63633969146
risk_basic,risk_basic_04092,1121.82384369,1.59734536891
risk_basic,risk_basic_04093,848.703044259,1.80318709205
risk_basic,risk_basic_04094,595.140049456,2.9979025747
risk_basic,risk_basic_04095,944.696873843,2.5843490447
risk_basic,risk_basic_04096,549.416704343,1.25791512812
risk_basic,risk_basic_04097,687.155396861,1.90740691008
risk_basic,risk_basic_04098,576.163868058,2.02697501878
risk_basic,risk_basic_04099,1045.50280263,1.60032450007
risk_basic,risk_basic_04100,566.441703511,1.72682213816
risk_basic,risk_basic_04101,582.021199554,1.13821246953
risk_basic,risk_basic_04102,552.813084246,0.809082589603
risk_basic,risk_basic_04103,876.94350441,2.16518816647
risk_basic,risk_basic_04104,1116.37212895,3.07194402247
risk_basic,risk_basic_04105,759.572378499,1.70594827818
risk_basic,risk_basic_04106,980.364369217,1.68056742318
risk_basic,risk_basic_04107,868.451610141,1.01890590171
risk_basic,risk_basic_04108,555.619643746,1.71066684174
risk_basic,risk_basic_04109,997.30906781,2.31804390905
risk_basic,risk_basic_04110,654.603245164,2.49345916798
risk_basic,risk_basic_04111,752.128689504,1.42076231743
risk_basic,risk_basic_04112,1037.18954069,2.08995314083
risk_basic,risk_basic_04113,854.032573385,2.36867351345
risk_basic,risk_basic_04114,1037.02705338,2.09508647611
risk_basic,risk_basic_04115,1177.3782319,3.29391092189
risk_basic,risk_basic_04116,1142.58476999,2.76329989941
risk_basic,risk_basic_04117,676.211849481,1.31141064319
risk_basic,risk_basic_04118,733.416571637,2.33992354905
risk_basic,risk_basic_04119,1015.16277481,1.71312936446
risk_basic,risk_basic_04120,552.136563645,1.41578214773
risk_basic,risk_basic_04121,861.485769748,2.22132564941
risk_basic,risk_basic_04122,848.318856617,1.58340798893
risk_basic,risk_basic_04123,836.022405765,1.57423922944
risk_basic,risk_basic_04124,1024.66249648,1.72050389275
risk_basic,risk_basic_04125,801.880281221,2.08905227876
risk_basic,risk_basic_04126,837.375156515,1.77427531276
risk_basic,risk_basic_04127,625.783281857,2.29238267946
risk_basic,risk_basic_04128,606.872573184,1.04221642081
risk_basic,risk_basic_04129,1083.71172574,3.04060498479
risk_basic,risk_basic_04130,876.170348738,1.81770334651
risk_basic,risk_basic_04131,1104.98082965,1.65646990704
risk_basic,risk_basic_04132,723.688679648,2.00504504459
risk_basic,risk_basic_04133,572.582097106,2.03578471823
risk_basic,risk_basic_04134,982.63905234,1.91112507025
risk_basic,risk_basic_04135,1028.88121739,2.04939087288
risk_basic,risk_basic_04136,517.186676363,2.53052391757
risk_basic,risk_basic_04137,911.721128259,1.56968429908
risk_basic,risk_basic_04138,840.069291627,1.47601783648
risk_basic,risk_basic_04139,990.161638456,2.29944666924
risk_basic,risk_basic_04140,862.414056916,2.14911208991
risk_basic,risk_basic_04141,1091.41571967,2.43461299843
risk_basic,risk_basic_04142,1154.13344209,1.86672199625
risk_basic,risk_basic_04143,1169.23061192,2.46816650963
risk_basic,risk_basic_04144,938.104697949,2.07004046939
risk_basic,risk_basic_04145,646.897297935,1.30430949013
risk_basic,risk_basic_04146,965.869457641,2.78879634484
risk_basic,risk_basic_04147,1101.2981781,2.14049260701
risk_basic,risk_basic_04148,1160.596385,3.13049199548
risk_basic,risk_basic_04149,1127.76620403,2.51249102777
risk_basic,risk_basic_04150,900.07351158,1.53504904814
risk_basic,risk_basic_04151,782.989480688,1.36742332756
risk_basic,risk_basic_04152,868.441226467,1.79660952844
risk_basic,risk_basic_04153,790.556487895,2.34690812962
risk_basic,risk_basic_04154,733.059034933,2.24074386995
risk_basic,risk_basic_04155,1018.86326662,3.95751837786
risk_basic,risk_basic_04156,935.28974512,1.17633221651
risk_basic,risk_basic_04157,946.463109839,1.15988135688
risk_basic,risk_basic_04158,955.207516788,2.28020585232
risk_basic,risk_basic_04159,740.313040098,2.41688996109
risk_basic,risk_basic_04160,846.146678616,1.40124753757
risk_basic,risk_basic_04161,994.794759146,3.17489415825
risk_basic,risk_basic_04162,1031.09845922,2.89229330158
risk_basic,risk_basic_04163,1106.16366703,2.31073331923
risk_basic,risk_basic_04164,900.383097826,2.70096825263
risk_basic,risk_basic_04165,695.517924067,2.48504375467
risk_basic,risk_basic_04166,973.75254497,1.74099650668
risk_basic,risk_basic_04167,1117.72137546,2.62889347743
risk_basic,risk_basic_04168,1045.42629525,2.41350937364
risk_basic,risk_basic_04169,985.010900567,2.21861963613
risk_basic,risk_basic_04170,1079.07486287,2.72192389107
risk_basic,risk_basic_04171,569.688404783,2.36793535837
risk_basic,risk_basic_04172,1079.78180512,2.20890050314
risk_basic,risk_basic_04173,627.618687834,1.84602861668
risk_basic,risk_basic_04174,1053.36336525,1.66195462813
risk_basic,risk_basic_04175,959.87524193,2.4727225199
risk_basic,risk_basic_04176,580.579925989,1.06613368227
risk_basic,risk_basic_04177,560.957935174,1.6215327151
risk_basic,risk_basic_04178,1007.34132269,3.17685254974
risk_basic,risk_basic_04179,856.812796489,2.63118131335
risk_basic,risk_basic_04180,885.417154386,1.99171118332
risk_basic,risk_basic_04181,1167.44786824,1.97937795052
risk_basic,risk_basic_04182,939.748933582,2.28874018108
risk_basic,risk_basic_04183,709.400987946,2.25960952982
risk_basic,risk_basic_04184,1154.45645963,4.05476711263
risk_basic,risk_basic_04185,1183.45152027,2.43105331358
risk_basic,risk_basic_04186,626.72447527,1.48849624133
risk_basic,risk_basic_04187,603.532557365,2.37187320853
risk_basic,risk_basic_04188,925.916870607,1.76397295742
risk_basic,risk_basic_04189,720.202996186,2.23738030125
risk_basic,risk_basic_04190,868.648616928,2.04714670485
risk_basic,risk_basic_04191,838.193802064,1.67368303866
risk_basic,risk_basic_04192,1059.23134851,2.51154959794
risk_basic,risk_basic_04193,753.761987948,1.29399752807
risk_basic,risk_basic_04194,1076.92780365,3.3209267723
risk_basic,risk_basic_04195,852.199223725,0.872266327535
risk_basic,risk_basic_04196,794.058829355,2.04331048373
risk_basic,risk_basic_04197,1132.07729033,2.44673829438
risk_basic,risk_basic_04198,545.704472997,1.03085293237
risk_basic,risk_basic_04199,952.426112553,1.58321285275
risk_basic,risk_basic_04200,592.246753243,2.15892520781
risk_basic,risk_basic_04201,1039.76887609,3.12238909941
risk_basic,risk_basic_04202,1082.30069366,3.05862636277
risk_basic,risk_basic_04203,977.858952692,2.21337784593
risk_basic,risk_basic_04204,541.601964064,2.04698673198
risk_basic,risk_basic_04205,1110.7794511,2.00197190963
risk_basic,risk_basic_04206,569.775175752,0.695640945652
risk_basic,risk_basic_04207,821.721818847,2.11684647454
risk_basic,risk_basic_04208,672.039796748,1.93583405534
risk_basic,risk_basic_04209,772.592652462,1.00925616696
risk_basic,risk_basic_04210,595.827486498,1.40471278241
risk_basic,risk_basic_04211,709.409226317,1.26623574514
risk_basic,risk_basic_04212,1194.39452266,3.416601239
risk_basic,risk_basic_04213,876.919121542,1.75286783739
risk_basic,risk_basic_04214,796.307197355,2.30408869477
risk_basic,risk_basic_04215,533.225929397,1.82093255782
risk_basic,risk_basic_04216,749.365559319,1.95128886942
risk_basic,risk_basic_04217,890.310984458,3.00053852743
risk_basic,risk_basic_04218,568.574877781,1.91771306917
risk_basic,risk_basic_04219,1147.4499121,2.41060471884
risk_basic,risk_basic_04220,691.81563899,1.65938073629
risk_basic,risk_basic_04221,864.978686307,1.2788829591
risk_basic,risk_basic_04222,869.665911295,2.8940231806
risk_basic,risk_basic_04223,1054.35541989,1.88267410627
risk_basic,risk_basic_04224,994.782317731,2.75938705986
risk_basic,risk_basic_04225,580.514550221,1.69245592069
risk_basic,risk_basic_04226,738.429989351,1.14421514765
risk_basic,risk_basic_04227,574.257885673,1.60851021563
risk_basic,risk_basic_04228,770.233286701,1.65796715522
risk_basic,risk_basic_04229,1028.15262707,3.15657440244
risk_basic,risk_basic_04230,1134.06471207,3.13019374674
risk_basic,risk_basic_04231,619.479139854,2.40399919289
risk_basic,risk_basic_04232,742.675657339,1.98189191604
risk_basic,risk_basic_04233,985.697022751,1.83498243046
risk_basic,risk_basic_04234,618.144222055,1.34676532686
risk_basic,risk_basic_04235,606.610738589,2.34964154977
risk_basic,risk_basic_04236,881.015620207,1.55580874282
risk_basic,risk_basic_04237,1198.6265714,3.32091202319
risk_basic,risk_basic_04238,555.165100979,1.04411527656
risk_basic,risk_basic_04239,873.099437771,2.77646736841
risk_basic,risk_basic_04240,584.110204397,2.15751677062
risk_basic,risk_basic_04241,1114.07172929,3.16350823654
risk_basic,risk_basic_04242,1184.75150381,3.34169981066
risk_basic,risk_basic_04243,1047.98596969,1.87705394581
risk_basic,risk_basic_04244,1160.97453691,3.48603882648
risk_basic,risk_basic_04245,813.188128352,2.44432279268
risk_basic,risk_basic_04246,645.108823676,1.51928678635
risk_basic,risk_basic_04247,759.431453231,1.63288076134
risk_basic,risk_basic_04248,1093.89581036,1.9216623629
risk_basic,risk_basic_04249,579.469236466,1.63653501006
risk_basic,risk_basic_04250,715.450187691,1.24030692851
risk_basic,risk_basic_04251,954.582646817,1.88243192865
risk_basic,risk_basic_04252,580.487117303,1.98138807546
risk_basic,risk_basic_04253,816.179774732,1.43525051531
risk_basic,risk_basic_04254,514.669318687,1.96447315098
risk_basic,risk_basic_04255,1119.69877099,2.65463228782
risk_basic,risk_basic_04256,543.172121273,1.97445661886
risk_basic,risk_basic_04257,544.445241124,1.79945857504
risk_basic,risk_basic_04258,1192.95037854,1.99231450527
risk_basic,risk_basic_04259,873.162043567,2.50501919088
risk_basic,risk_basic_04260,540.061801434,2.2082539645
risk_basic,risk_basic_04261,591.588791617,2.56079744909
risk_basic,risk_basic_04262,717.367505497,0.703021930364
risk_basic,risk_basic_04263,886.911797608,1.58762692349
risk_basic,risk_basic_04264,886.403800975,2.23895200892
risk_basic,risk_basic_04265,1078.06672904,2.79029899892
risk_basic,risk_basic_04266,1155.47814804,2.55574169318
risk_basic,risk_basic_04267,1181.79465453,1.85999977032
risk_basic,risk_basic_04268,890.080824571,1.44808286436
risk_basic,risk_basic_04269,1072.91556565,2.82574028451
risk_basic,risk_basic_04270,698.667851039,2.58143709349
risk_basic,risk_basic_04271,921.787993208,1.82031478462
risk_basic,risk_basic_04272,1168.23733588,3.02916704485
risk_basic,risk_basic_04273,950.525104359,1.66363074738
risk_basic,risk_basic_04274,662.983342484,1.60365533693
risk_basic,risk_basic_04275,515.737383319,1.14099694054
risk_basic,risk_basic_04276,943.550714544,2.7603052803
risk_basic,risk_basic_04277,815.105901265,2.11964741021
risk_basic,risk_basic_04278,941.346106512,1.68253164698
risk_basic,risk_basic_04279,739.205240212,1.71215447193
risk_basic,risk_basic_04280,861.714210234,2.18312885063
risk_basic,risk_basic_04281,999.61142889,2.51074809155
risk_basic,risk_basic_04282,873.595442966,2.79511640704
risk_basic,risk_basic_04283,726.79400573,1.74625767817
risk_basic,risk_basic_04284,663.505950636,1.21976005481
risk_basic,risk_basic_04285,1028.80584942,1.90678288616
risk_basic,risk_basic_04286,692.51377293,1.5437995109
risk_basic,risk_basic_04287,615.618016285,0.776606063789
risk_basic,risk_basic_04288,1118.6600357,3.24822648334
risk_basic,risk_basic_04289,689.333559206,2.53219752261
risk_basic,risk_basic_04290,595.00435754,1.97562415934
risk_basic,risk_basic_04291,795.832980366,1.28346995932
risk_basic,risk_basic_04292,1166.09668732,1.76496021465
risk_basic,risk_basic_04293,981.050149414,1.60473170944
risk_basic,risk_basic_04294,1006.65616974,2.32621936638
risk_basic,risk_basic_04295,917.836828981,2.23251651572
risk_basic,risk_basic_04296,783.027953342,1.83824221546
risk_basic,risk_basic_04297,568.467325766,2.03510622689
risk_basic,risk_basic_04298,987.596943107,1.30060889029
risk_basic,risk_basic_04299,881.522678095,1.92528055865
risk_basic,risk_basic_04300,500.611163987,1.28232140466
risk_basic,risk_basic_04301,792.732924795,1.68036577607
risk_basic,risk_basic_04302,579.395025783,1.94996182966
risk_basic,risk_basic_04303,675.766219159,1.54768002084
risk_basic,risk_basic_04304,1070.55544223,2.45558865523
risk_basic,risk_basic_04305,1106.47512631,2.22078953028
risk_basic,risk_basic_04306,1094.39930666,1.98160380482
risk_basic,risk_basic_04307,963.484415726,1.90137648718
risk_basic,risk_basic_04308,1089.65854054,2.22839370471
risk_basic,risk_basic_04309,911.091725175,2.0050244113
risk_basic,risk_basic_04310,862.127755421,2.22106771732
risk_basic,risk_basic_04311,839.446895398,1.98110656028
risk_basic,risk_basic_04312,915.20620107,2.24807485728
risk_basic,risk_basic_04313,698.953428786,1.68597106109
risk_basic,risk_basic_04314,871.013450976,2.03474908795
risk_basic,risk_basic_04315,1000.9109764,2.32040488189
risk_basic,risk_basic_04316,996.925011185,2.3170500076
risk_basic,risk_basic_04317,748.216655576,2.41086635691
risk_basic,risk_basic_04318,625.301481621,1.76873411302
risk_basic,risk_basic_04319,1187.7242077,2.40697416297
risk_basic,risk_basic_04320,681.973564755,2.16296155423
risk_basic,risk_basic_04321,629.594463488,2.22973302699
risk_basic,risk_basic_04322,1101.49269604,3.32728954639
risk_basic,risk_basic_04323,657.941577305,1.44359109417
risk_basic,risk_basic_04324,610.654829287,1.67922574573
risk_basic,risk_basic_04325,654.395386279,1.69876152525
risk_basic,risk_basic_04326,1126.43100665,2.7887148279
risk_basic,risk_basic_04327,763.941027326,2.15317362091
risk_basic,risk_basic_04328,938.786234963,2.28182727582
risk_basic,risk_basic_04329,1085.99996432,2.44306597675
risk_basic,risk_basic_04330,852.010773987,1.3375436879
risk_basic,risk_basic_04331,526.169016925,0.700388654641
risk_basic,risk_basic_04332,505.498603391,2.38141494324
risk_basic,risk_basic_04333,770.73273556,2.13692450581
risk_basic,risk_basic_04334,1127.88135255,2.57984059122
risk_basic,risk_basic_04335,1146.32885624,2.29380997556
risk_basic,risk_basic_04336,1027.05067,2.83431882533
risk_basic,risk_basic_04337,905.87475718,1.80169032448
risk_basic,risk_basic_04338,1182.01866146,2.52116366926
risk_basic,risk_basic_04339,1130.15187981,2.68172560432
risk_basic,risk_basic_04340,861.88791514,2.11818014909
risk_basic,risk_basic_04341,1104.14457556,2.0459504011
risk_basic,risk_basic_04342,604.702532709,1.71724210933
risk_basic,risk_basic_04343,1038.93457137,2.04664249889
risk_basic,risk_basic_04344,678.733259771,2.33860768077
risk_basic,risk_basic_04345,606.117296945,2.20076586006
risk_basic,risk_basic_04346,620.113144679,1.52905038892
risk_basic,risk_basic_04347,938.956408169,1.29169867049
risk_basic,risk_basic_04348,525.005285225,1.77899381749
risk_basic,risk_basic_04349,1006.76382461,1.92914673909
risk_basic,risk_basic_04350,522.198683271,0.840903828336
risk_basic,risk_basic_04351,1075.56918605,2.96391075675
risk_basic,risk_basic_04352,1091.39289551,2.73854031972
risk_basic,risk_basic_04353,1045.01856677,2.0768585006
risk_basic,risk_basic_04354,564.680007291,1.25729008156
risk_basic,risk_basic_04355,758.152298142,1.61440035222
risk_basic,risk_basic_04356,801.238481387,1.9701245299
risk_basic,risk_basic_04357,830.50795367,2.47505652822
risk_basic,risk_basic_04358,1186.29082983,2.52650052088
risk_basic,risk_basic_04359,1051.20274989,2.16431962469
risk_basic,risk_basic_04360,623.919132743,2.20363396202
risk_basic,risk_basic_04361,950.178254617,1.85623495535
risk_basic,risk_basic_04362,1060.31737437,2.66355136361
risk_basic,risk_basic_04363,559.867040246,2.52561773122
risk_basic,risk_basic_04364,1198.1463335,2.44956272232
risk_basic,risk_basic_04365,530.020044406,2.0455866374
risk_basic,risk_basic_04366,1046.64859774,2.01945258311
risk_basic,risk_basic_04367,1042.04500947,1.89930751953
risk_basic,risk_basic_04368,900.389149078,2.25993034719
risk_basic,risk_basic_04369,1089.71151093,2.64796075813
risk_basic,risk_basic_04370,1199.80598942,2.7284944992
risk_basic,risk_basic_04371,503.444710508,1.91473987659
risk_basic,risk_basic_04372,870.145630684,1.1117971151
risk_basic,risk_basic_04373,989.317859322,2.18001760961
risk_basic,risk_basic_04374,515.132821155,1.97258670728
risk_basic,risk_basic_04375,610.685016781,1.63238566721
risk_basic,risk_basic_04376,521.102597114,1.32346371085
risk_basic,risk_basic_04377,1018.15471748,2.36643536187
risk_basic,risk_basic_04378,1062.57895767,2.38326411388
risk_basic,risk_basic_04379,656.586387914,1.44089970953
risk_basic,risk_basic_04380,1185.63664804,2.39699714667
risk_basic,risk_basic_04381,978.885523003,2.46126202602
risk_basic,risk_basic_04382,881.578091866,1.43695485339
risk_basic,risk_basic_04383,599.794733921,1.45415550096
risk_basic,risk_basic_04384,1086.71867944,2.50374904537
risk_basic,risk_basic_04385,553.144910125,1.34483009989
risk_basic,risk_basic_04386,865.956058053,1.57524275464
risk_basic,risk_basic_04387,681.357142019,0.77593112568
risk_basic,risk_basic_04388,525.447150494,1.41355769161
risk_basic,risk_basic_04389,1146.60125472,3.2989599346
risk_basic,risk_basic_04390,921.161152378,1.08784700925
risk_basic,risk_basic_04391,828.839473528,1.60292191564
risk_basic,risk_basic_04392,988.707410367,2.00823770116
risk_basic,risk_basic_04393,1135.73077145,2.06350707591
risk_basic,risk_basic_04394,639.967025649,0.291573833181
risk_basic,risk_basic_04395,790.786027656,1.92228242146
risk_basic,risk_basic_04396,846.223425483,2.15103940839
risk_basic,risk_basic_04397,550.970204465,1.99566456472
risk_basic,risk_basic_04398,728.105717403,1.08797634103
risk_basic,risk_basic_04399,868.157771859,1.56509522215
risk_comprehensive,risk_comprehensive_00000,500,8.21126561772
risk_comprehensive,risk_comprehensive_00001,850,8.74650277935
risk_comprehensive,risk_comprehensive_00002,1200,9.23612212071
risk_comprehensive,risk_comprehensive_00003,611.578297585,8.08567250994
risk_comprehensive,risk_comprehensive_00004,922.22378998,9.76390550584
risk_comprehensive,risk_comprehensive_00005,626.754990246,9.32547945972
risk_comprehensive,risk_comprehensive_00006,501.074496177,8.32038700334
risk_comprehensive,risk_comprehensive_00007,1026.73777701,9.90185201504
risk_comprehensive,risk_comprehensive_00008,844.755340016,7.96238436189
risk_comprehensive,risk_comprehensive_00009,999.877597586,9.87870555484
risk_comprehensive,risk_comprehensive_00010,834.187526067,9.05129503621
risk_comprehensive,risk_comprehensive_00011,1048.2125007,10.0135247557
risk_comprehensive,risk_comprehensive_00012,686.255158734,9.13543246828
risk_comprehensive,risk_comprehensive_00013,751.15983852,9.5044654322
risk_comprehensive,risk_comprehensive_00014,1191.23944748,10.1413526221
risk_comprehensive,risk_comprehensive_00015,676.291924917,9.74807377624
risk_comprehensive,risk_comprehensive_00016,560.867151487,8.54307982988
risk_comprehensive,risk_comprehensive_00017,1064.18559251,9.0539879508
risk_comprehensive,risk_comprehensive_00018,1081.18399503,10.0315563479
risk_comprehensive,risk_comprehensive_00019,737.752958037,9.40165914924
risk_comprehensive,risk_comprehensive_00020,846.570897915,8.98771834162
risk_comprehensive,risk_comprehensive_00021,1126.58228311,9.61414370865
risk_comprehensive,risk_comprehensive_00022,858.410778067,7.84388912644
risk_comprehensive,risk_comprehensive_00023,946.954577317,9.77076157327
risk_comprehensive,risk_comprehensive_00024,754.247417143,8.79517223828
risk_comprehensive,risk_comprehensive_00025,537.919146334,8.08371808876
risk_comprehensive,risk_comprehensive_00026,965.678538086,8.84118714223
risk_comprehensive,risk_comprehensive_00027,1132.69394981,9.30243247666
risk_comprehensive,risk_comprehensive_00028,1102.99125602,8.87361538514
risk_comprehensive,risk_comprehensive_00029,879.205770075,8.45164431975
risk_comprehensive,risk_comprehensive_00030,775.007683786,9.18807081254
risk_comprehensive,risk_comprehensive_00031,606.227314659,9.24804799713
risk_comprehensive,risk_comprehensive_00032,1009.5588019,9.4324287456
risk_comprehensive,risk_comprehensive_00033,827.341109781,8.16916064348
risk_comprehensive,risk_comprehensive_00034,1127.78194465,10.5839236158
risk_comprehensive,risk_comprehensive_00035,558.85238928,8.33502845266
risk_comprehensive,risk_comprehensive_00036,937.710936641,10.0634188561
risk_comprehensive,risk_comprehensive_00037,1155.40641074,9.67524854287
risk_comprehensive,risk_comprehensive_00038,639.710614781,9.12856344529
risk_comprehensive,risk_comprehensive_00039,875.423714185,8.93415596897
risk_comprehensive,risk_comprehensive_00040,1162.08837735,10.4204650497
risk_comprehensive,risk_comprehensive_00041,737.357647233,8.71792618722
risk_comprehensive,risk_comprehensive_00042,1050.30775567,9.9508010289
risk_comprehensive,risk_comprehensive_00043,708.519360471,8.67207332301
risk_comprehensive,risk_comprehensive_00044,808.721066097,8.83567327637
risk_comprehensive,risk_comprehensive_00045,1000.26990194,9.21513446232
risk_comprehensive,risk_comprehensive_00046,1059.07708833,9.78494271229
risk_comprehensive,risk_comprehensive_00047,1142.55323724,8.70783502579
risk_comprehensive,risk_comprehensive_00048,560.77482474,10.1051761377
risk_comprehensive,risk_comprehensive_00049,647.165288518,8.7046849787
risk_comprehensive,risk_comprehensive_00050,834.461370054,8.43285755501
risk_comprehensive,risk_comprehensive_00051,1144.5056493,9.80824524935
risk_comprehensive,risk_comprehensive_00052,713.185345331,9.41796892973
risk_comprehensive,risk_comprehensive_00053,902.082043356,9.88983349165
risk_comprehensive,risk_comprehensive_00054,1003.18550722,9.66361803647
risk_comprehensive,risk_comprehensive_00055,1018.58694099,9.19480101126
risk_comprehensive,risk_comprehensive_00056,965.514492797,8.79708481894
risk_comprehensive,risk_comprehensive_00057,803.056530091,9.05585052197
risk_comprehensive,risk_comprehensive_00058,553.643636808,8.84507778758
risk_comprehensive,risk_comprehensive_00059,941.243587228,8.81813557128
risk_comprehensive,risk_comprehensive_00060,540.88500293,9.02295021727
risk_comprehensive,risk_comprehensive_00061,990.40786261,9.58789151964
risk_comprehensive,risk_comprehensive_00062,986.684969956,9.40878877206
risk_comprehensive,risk_comprehensive_00063,681.997890073,8.38230772796
risk_comprehensive,risk_comprehensive_00064,637.92317515,8.85482569015
risk_comprehensive,risk_comprehensive_00065,881.406693847,8.33794663886
risk_comprehensive,risk_comprehensive_00066,1014.22487537,9.6164190461
risk_comprehensive,risk_comprehensive_00067,604.221436756,9.51557843001
risk_comprehensive,risk_comprehensive_00068,751.630648896,8.80758200786
risk_comprehensive,risk_comprehensive_00069,1138.15240473,9.46532601413
risk_comprehensive,risk_comprehensive_00070,737.158578718,9.52132589066
risk_comprehensive,risk_comprehensive_00071,835.341813693,9.15884196151
risk_comprehensive,risk_comprehensive_00072,564.772687865,8.80215147079
risk_comprehensive,risk_comprehensive_00073,1129.46211987,9.07242129568
risk_comprehensive,risk_comprehensive_00074,1037.67202783,9.53369929634
risk_comprehensive,risk_comprehensive_00075,1087.70776534,10.4439887255
risk_comprehensive,risk_comprehensive_00076,827.054717337,8.48570949482
risk_comprehensive,risk_comprehensive_00077,1053.85959604,9.15409454552
risk_comprehensive,risk_comprehensive_00078,1103.27080911,8.69026846151
risk_comprehensive,risk_comprehensive_00079,800.168326738,9.80779533161
risk_comprehensive,risk_comprehensive_00080,688.614490596,9.09016304991
risk_comprehensive,risk_comprehensive_00081,676.201994866,7.74685261986
risk_comprehensive,risk_comprehensive_00082,899.646671304,8.59415425804
risk_comprehensive,risk_comprehensive_00083,938.197412989,9.89437237538
risk_comprehensive,risk_comprehensive_00084,952.65492287,9.48220373864
risk_comprehensive,risk_comprehensive_00085,1028.6522545,9.1228940547
risk_comprehensive,risk_comprehensive_00086,1176.39321187,9.14423451232
risk_comprehensive,risk_comprehensive_00087,1118.62820317,10.3380851075
risk_comprehensive,risk_comprehensive_00088,1027.55225638,9.65698180603
risk_comprehensive,risk_comprehensive_00089,1126.26882274,9.60861183111
risk_comprehensive,risk_comprehensive_00090,912.577628513,9.67794308354
risk_comprehensive,risk_comprehensive_00091,518.175060569,8.74862592651
risk_comprehensive,risk_comprehensive_00092,722.990434711,8.1544571533
risk_comprehensive,risk_comprehensive_00093,701.692542913,9.2440208527
risk_comprehensive,risk_comprehensive_00094,1101.5615616,9.14276571127
risk_comprehensive,risk_comprehensive_00095,625.445332222,9.81604224037
risk_comprehensive,risk_comprehensive_00096,664.082057386,8.80133044663
risk_comprehensive,risk_comprehensive_00097,575.553458587,9.42153625424
risk_comprehensive,risk_comprehensive_00098,595.286918579,10.2149698182
risk_comprehensive,risk_comprehensive_00099,765.921317608,7.47443911763
risk_comprehensive,risk_comprehensive_00100,804.30269636,8.90942399645
risk_comprehensive,risk_comprehensive_00101,509.912514801,8.54589189292
risk_comprehensive,risk_comprehensive_00102,1061.25877481,10.1181976769
risk_comprehensive,risk_comprehensive_00103,1125.36483495,9.46809418554
risk_comprehensive,risk_comprehensive_00104,720.134746237,9.26241116486
risk_comprehensive,risk_comprehensive_00105,539.11944023,8.85124363981
risk_comprehensive,risk_comprehensive_00106,925.85991718,8.88162979416
risk_comprehensive,risk_comprehensive_00107,1065.52548585,9.16279613919
risk_comprehensive,risk_comprehensive_00108,682.726201083,7.75258417795
risk_comprehensive,risk_comprehensive_00109,1107.35547825,9.50291355582
risk_comprehensive,risk_comprehensive_00110,527.197620236,8.73828472699
risk_comprehensive,risk_comprehensive_00111,670.899182333,8.81344689621
risk_comprehensive,risk_comprehensive_00112,1141.33999816,9.8450816419
risk_comprehensive,risk_comprehensive_00113,875.360145621,9.02341138752
risk_comprehensive,risk_comprehensive_00114,782.195127898,8.224761295
risk_comprehensive,risk_comprehensive_00115,981.307340025,9.39391160612
risk_comprehensive,risk_comprehensive_00116,528.886724792,8.89353349163
risk_comprehensive,risk_comprehensive_00117,1048.59821683,9.28589550457
risk_comprehensive,risk_comprehensive_00118,758.094935997,7.78085579574
risk_comprehensive,risk_comprehensive_00119,988.056761039,8.30972902905
risk_comprehensive,risk_comprehensive_00120,1031.44575323,7.43109517608
risk_comprehensive,risk_comprehensive_00121,755.991633633,9.11586482593
risk_comprehensive,risk_comprehensive_00122,536.008879961,8.05338101174
risk_comprehensive,risk_comprehensive_00123,973.032037375,9.6013445645
risk_comprehensive,risk_comprehensive_00124,1059.97513334,10.0314427226
risk_comprehensive,risk_comprehensive_00125,570.368229692,8.9815586576
risk_comprehensive,risk_comprehensive_00126,583.336450626,9.00899575456
risk_comprehensive,risk_comprehensive_00127,1121.30763624,10.0599426027
risk_comprehensive,risk_comprehensive_00128,734.021447295,8.20623917035
risk_comprehensive,risk_comprehensive_00129,780.788931169,9.2669810636
risk_comprehensive,risk_comprehensive_00130,823.271233231,8.71774548011
risk_comprehensive,risk_comprehensive_00131,609.171691509,9.28572205746
risk_comprehensive,risk_comprehensive_00132,748.881326634,8.73224885687
risk_comprehensive,risk_comprehensive_00133,983.096823794,9.59341593714
risk_comprehensive,risk_comprehensive_00134,926.934587817,8.48237742562
risk_comprehensive,risk_comprehensive_00135,1129.59852585,9.16878243306
risk_comprehensive,risk_comprehensive_00136,1050.66749866,9.25099057553
risk_comprehensive,risk_comprehensive_00137,847.748706118,7.78494093586
risk_comprehensive,risk_comprehensive_00138,998.844152624,8.61887223408
risk_comprehensive,risk_comprehensive_00139,815.302627421,9.64735533431
risk_comprehensive,risk_comprehensive_00140,739.814164137,8.56946713869
risk_comprehensive,risk_comprehensive_00141,782.678974868,7.46155065921
risk_comprehensive,risk_comprehensive_00142,621.590752323,8.57788010624
risk_comprehensive,risk_comprehensive_00143,833.573059512,9.14911212701
risk_comprehensive,risk_comprehensive_00144,1185.83755026,9.0438577374
risk_comprehensive,risk_comprehensive_00145,1071.27052637,9.20391749315
risk_comprehensive,risk_comprehensive_00146,627.467280848,8.01996537692
risk_comprehensive,risk_comprehensive_00147,1060.18633863,9.95145228363
risk_comprehensive,risk_comprehensive_00148,615.42166525,8.78554840696
risk_comprehensive,risk_comprehensive_00149,768.402172609,8.12230949253
risk_comprehensive,risk_comprehensive_00150,532.469549333,9.38631273119
risk_comprehensive,risk_comprehensive_00151,931.575622063,8.3865401424
risk_comprehensive,risk_comprehensive_00152,755.845129501,8.45606908985
risk_comprehensive,risk_comprehensive_00153,575.100646706,8.52529783262
risk_comprehensive,risk_comprehensive_00154,521.460215138,9.21722995281
risk_comprehensive,risk_comprehensive_00155,1078.59386855,9.28598391153
risk_comprehensive,risk_comprehensive_00156,1084.74274754,9.10267818906
risk_comprehensive,risk_comprehensive_00157,984.22744531,9.91658134803
risk_comprehensive,risk_comprehensive_00158,1148.21818582,10.2288287988
risk_comprehensive,risk_comprehensive_00159,1174.69087623,9.430281631
risk_comprehensive,risk_comprehensive_00160,948.023372007,8.20656662743
risk_comprehensive,risk_comprehensive_00161,528.401837594,8.32208758469
risk_comprehensive,risk_comprehensive_00162,532.582034015,8.35805098177
risk_comprehensive,risk_comprehensive_00163,837.629656888,8.5405563262
risk_comprehensive,risk_comprehensive_00164,821.595628801,7.61745755333
risk_comprehensive,risk_comprehensive_00165,1092.06716263,9.79222113066
risk_comprehensive,risk_comprehensive_00166,805.634919104,8.60039928821
risk_comprehensive,risk_comprehensive_00167,871.846788617,9.49280330188
risk_comprehensive,risk_comprehensive_00168,1051.28656738,9.78374629622
risk_comprehensive,risk_comprehensive_00169,507.442357527,9.67215255349
risk_comprehensive,risk_comprehensive_00170,611.015648081,8.0525091002
risk_comprehensive,risk_comprehensive_00171,516.57053597,8.60453598124
risk_comprehensive,risk_comprehensive_00172,850.435216508,8.46684297267
risk_comprehensive,risk_comprehensive_00173,1077.57341529,9.71522944838
risk_comprehensive,risk_comprehensive_00174,966.754015655,9.12466246779
risk_comprehensive,risk_comprehensive_00175,859.233247996,8.79828505205
risk_comprehensive,risk_comprehensive_00176,1023.63892832,8.72078652305
risk_comprehensive,risk_comprehensive_00177,641.831879949,8.00434124043
risk_comprehensive,risk_comprehensive_00178,902.753128854,9.42895461222
risk_comprehensive,risk_comprehensive_00179,657.22638423,8.86529037325
risk_comprehensive,risk_comprehensive_00180,760.232491882,8.72916315149
risk_comprehensive,risk_comprehensive_00181,633.992685182,9.39515735699
risk_comprehensive,risk_comprehensive_00182,982.243378351,9.28971277565
risk_comprehensive,risk_comprehensive_00183,927.960783533,8.4035647147
risk_comprehensive,risk_comprehensive_00184,1136.46437711,10.2791622546
risk_comprehensive,risk_comprehensive_00185,597.160219257,9.35635538353
risk_comprehensive,risk_comprehensive_00186,964.290973552,9.47304093627
risk_comprehensive,risk_comprehensive_00187,1012.84461887,10.0134522615
risk_comprehensive,risk_comprehensive_00188,765.028509543,9.06870890978
risk_comprehensive,risk_comprehensive_00189,940.020853968,8.51971170241
risk_comprehensive,risk_comprehensive_00190,738.455805663,8.41719456361
risk_comprehensive,risk_comprehensive_00191,1044.07061046,8.89621656311
risk_comprehensive,risk_comprehensive_00192,763.135081021,9.49854835898
risk_comprehensive,risk_comprehensive_00193,1063.86714649,8.92203910023
risk_comprehensive,risk_comprehensive_00194,1031.34987022,9.81998542787
risk_comprehensive,risk_comprehensive_00195,947.033788147,9.30274907644
risk_comprehensive,risk_comprehensive_00196,632.372236402,8.15853195693
risk_comprehensive,risk_comprehensive_00197,838.288936471,8.82380101024
risk_comprehensive,risk_comprehensive_00198,561.967073948,8.91901832261
risk_comprehensive,risk_comprehensive_00199,717.296682633,8.60101682607
risk_comprehensive,risk_comprehensive_00200,593.393079149,8.80655062414
risk_comprehensive,risk_comprehensive_00201,1008.27630679,10.0405146711
risk_comprehensive,risk_comprehensive_00202,1048.23241097,8.9620022531
risk_comprehensive,risk_comprehensive_00203,734.585986652,9.77911451078
risk_comprehensive,risk_comprehensive_00204,863.609696276,8.64121230208
risk_comprehensive,risk_comprehensive_00205,990.245564973,9.48922096028
risk_comprehensive,risk_comprehensive_00206,862.528863934,9.03305159164
risk_comprehensive,risk_comprehensive_00207,647.677334144,8.58181804933
risk_comprehensive,risk_comprehensive_00208,945.263524547,8.64241080217
risk_comprehensive,risk_comprehensive_00209,647.348597572,8.63441903756
risk_comprehensive,risk_comprehensive_00210,647.846055128,8.5831081731
risk_comprehensive,risk_comprehensive_00211,766.100851116,9.33656535273
risk_comprehensive,risk_comprehensive_00212,938.853164051,8.33214538754
risk_comprehensive,risk_comprehensive_00213,727.811355684,9.02880015674
risk_comprehensive,risk_comprehensive_00214,769.588427678,8.76673135355
risk_comprehensive,risk_comprehensive_00215,870.067995432,9.34292119487
risk_comprehensive,risk_comprehensive_00216,667.709878709,8.02137882128
risk_comprehensive,risk_comprehensive_00217,1119.26778541,9.59173070014
risk_comprehensive,risk_comprehensive_00218,1007.47461681,8.54786189727
risk_comprehensive,risk_comprehensive_00219,541.743185118,8.30920245412
risk_comprehensive,risk_comprehensive_00220,606.839376074,8.84705278344
risk_comprehensive,risk_comprehensive_00221,561.670209279,8.82533644189
risk_comprehensive,risk_comprehensive_00222,971.960666993,9.94612954612
risk_comprehensive,risk_comprehensive_00223,830.56109209,8.8765233637
risk_comprehensive,risk_comprehensive_00224,1041.79003611,10.0955781512
risk_comprehensive,risk_comprehensive_00225,1186.52231208,9.94739605583
risk_comprehensive,risk_comprehensive_00226,872.730383513,9.85301260123
risk_comprehensive,risk_comprehensive_00227,829.053751491,8.16654840307
risk_comprehensive,risk_comprehensive_00228,646.467453194,9.32264841555
risk_comprehensive,risk_comprehensive_00229,890.745382203,8.30363183727
risk_comprehensive,risk_comprehensive_00230,1183.26250926,9.12248949505
risk_comprehensive,risk_comprehensive_00231,512.982325598,8.19639879106
risk_comprehensive,risk_comprehensive_00232,1080.59852538,9.28337350261
risk_comprehensive,risk_comprehensive_00233,890.615718279,7.75245952583
risk_comprehensive,risk_comprehensive_00234,833.290033862,8.76957741067
risk_comprehensive,risk_comprehensive_00235,1126.74364082,11.3687195611
risk_comprehensive,risk_comprehensive_00236,569.675149932,9.85689135815
risk_comprehensive,risk_comprehensive_00237,946.685056347,9.33525580244
risk_comprehensive,risk_comprehensive_00238,1184.55178659,9.42212398226
risk_comprehensive,risk_comprehensive_00239,1039.32853958,9.20712324357
risk_comprehensive,risk_comprehensive_00240,849.574316999,8.62934532847
risk_comprehensive,risk_comprehensive_00241,985.451189779,8.26737197547
risk_comprehensive,risk_comprehensive_00242,725.212512667,8.98604857987
risk_comprehensive,risk_comprehensive_00243,586.578591368,9.06429689575
risk_comprehensive,risk_comprehensive_00244,1092.07824885,10.4469178689
risk_comprehensive,risk_comprehensive_00245,891.536782577,9.2951365864
risk_comprehensive,risk_comprehensive_00246,740.938288802,8.39171620495
risk_comprehensive,risk_comprehensive_00247,676.276170011,8.73200729478
risk_comprehensive,risk_comprehensive_00248,707.565117996,8.74648843196
risk_comprehensive,risk_comprehensive_00249,812.870302491,8.95044640756
risk_comprehensive,risk_comprehensive_00250,672.082245161,8.96369403981
risk_comprehensive,risk_comprehensive_00251,570.312454378,8.40566825522
risk_comprehensive,risk_comprehensive_00252,733.796601262,8.11103942722
risk_comprehensive,risk_comprehensive_00253,730.903740751,9.04510227419
risk_comprehensive,risk_comprehensive_00254,780.79214034,8.92333494614
risk_comprehensive,risk_comprehensive_00255,1132.1708346,9.83773156944
risk_comprehensive,risk_comprehensive_00256,1041.27124689,9.94259234968
risk_comprehensive,risk_comprehensive_00257,1080.98776595,9.18432980839
risk_comprehensive,risk_comprehensive_00258,538.670029834,8.92773834128
risk_comprehensive,risk_comprehensive_00259,717.686206862,9.06068579336
risk_comprehensive,risk_comprehensive_00260,769.46583949,8.72952050505
risk_comprehensive,risk_comprehensive_00261,885.845483577,9.05487915985
risk_comprehensive,risk_comprehensive_00262,887.433659575,10.4239071166
risk_comprehensive,risk_comprehensive_00263,728.543415258,8.64511069033
risk_comprehensive,risk_comprehensive_00264,784.835292265,8.55357632076
risk_comprehensive,risk_comprehensive_00265,748.432548008,8.41394735838
risk_comprehensive,risk_comprehensive_00266,1026.0676848,8.7459259951
risk_comprehensive,risk_comprehensive_00267,1080.91685525,9.9218437206
risk_comprehensive,risk_comprehensive_00268,1123.42794278,9.72204553536
risk_comprehensive,risk_comprehensive_00269,579.578505137,7.31212018421
risk_comprehensive,risk_comprehensive_00270,1197.31124429,10.0289784531
risk_comprehensive,risk_comprehensive_00271,567.778476068,9.30684105838
risk_comprehensive,risk_comprehensive_00272,649.0988753,8.89760983251
risk_comprehensive,risk_comprehensive_00273,670.423663611,8.68077498009
risk_comprehensive,risk_comprehensive_00274,994.56958536,9.79186353627
risk_comprehensive,risk_comprehensive_00275,603.866658091,8.7197347412
risk_comprehensive,risk_comprehensive_00276,1077.08943836,8.57291785407
risk_comprehensive,risk_comprehensive_00277,606.365274395,8.44608272409
risk_comprehensive,risk_comprehensive_00278,691.348273944,8.27471276203
risk_comprehensive,risk_comprehensive_00279,1158.76026297,9.47390360313
risk_comprehensive,risk_comprehensive_00280,640.436028791,8.60940882136
risk_comprehensive,risk_comprehensive_00281,972.929448283,8.71057714143
risk_comprehensive,risk_comprehensive_00282,1044.13757471,10.067944974
risk_comprehensive,risk_comprehensive_00283,816.800257185,7.95754068144
risk_comprehensive,risk_comprehensive_00284,778.802045853,9.44351086569
risk_comprehensive,risk_comprehensive_00285,1053.82046319,11.1616154825
risk_comprehensive,risk_comprehensive_00286,634.356515556,9.01488877056
risk_comprehensive,risk_comprehensive_00287,538.401624616,8.41685923882
risk_comprehensive,risk_comprehensive_00288,904.142543649,9.03360805014
risk_comprehensive,risk_comprehensive_00289,991.858140026,9.112212738
risk_comprehensive,risk_comprehensive_00290,682.800916891,8.09065973711
risk_comprehensive,risk_comprehensive_00291,1071.86968637,10.2945196974
risk_comprehensive,risk_comprehensive_00292,593.511019002,7.91475908807
risk_comprehensive,risk_comprehensive_00293,650.162162248,8.8713291725
risk_comprehensive,risk_comprehensive_00294,998.768174936,9.29615476335
risk_comprehensive,risk_comprehensive_00295,1172.28004507,9.75982070387
risk_comprehensive,risk_comprehensive_00296,766.450321753,8.8006539901
risk_comprehensive,risk_comprehensive_00297,622.448245711,9.09187065739
risk_comprehensive,risk_comprehensive_00298,516.762089396,8.36918916483
risk_comprehensive,risk_comprehensive_00299,769.052037455,9.25383775973
risk_comprehensive,risk_comprehensive_00300,1109.7231363,8.68746956938
risk_comprehensive,risk_comprehensive_00301,1064.20425894,9.475269883
risk_comprehensive,risk_comprehensive_00302,503.750839882,8.4138654157
risk_comprehensive,risk_comprehensive_00303,731.246844043,9.44311243851
risk_comprehensive,risk_comprehensive_00304,615.319863399,8.85054410591
risk_comprehensive,risk_comprehensive_00305,883.759371398,8.44134109395
risk_comprehensive,risk_comprehensive_00306,852.906090173,9.2895660988
risk_comprehensive,risk_comprehensive_00307,702.782456912,8.9104579909
risk_comprehensive,risk_comprehensive_00308,1081.6531909,9.94698000945
risk_comprehensive,risk_comprehensive_00309,1023.82068369,9.07832895254
risk_comprehensive,risk_comprehensive_00310,934.90154864,9.24631771154
risk_comprehensive,risk_comprehensive_00311,1164.15962084,9.4410092557
risk_comprehensive,risk_comprehensive_00312,990.301630856,9.85808693669
risk_comprehensive,risk_comprehensive_00313,858.132279092,8.75363393913
risk_comprehensive,risk_comprehensive_00314,866.318893255,8.65867908152
risk_comprehensive,risk_comprehensive_00315,926.660141963,8.20260215343
risk_comprehensive,risk_comprehensive_00316,1084.88033454,9.2616104868
risk_comprehensive,risk_comprehensive_00317,678.931408209,9.3486742201
risk_comprehensive,risk_comprehensive_00318,1177.28723728,10.5679741503
risk_comprehensive,risk_comprehensive_00319,1030.45269078,9.83542807413
risk_comprehensive,risk_comprehensive_00320,520.925884098,8.94362806152
risk_comprehensive,risk_comprehensive_00321,690.343289956,8.66483687029
risk_comprehensive,risk_comprehensive_00322,1128.48861461,8.93816961986
risk_comprehensive,risk_comprehensive_00323,1078.18750706,9.54459816925
risk_comprehensive,risk_comprehensive_00324,903.710466754,9.13019163094
risk_comprehensive,risk_comprehensive_00325,595.447585919,9.9514947334
risk_comprehensive,risk_comprehensive_00326,523.927724399,8.59810650062
risk_comprehensive,risk_comprehensive_00327,628.976706493,8.54254391888
risk_comprehensive,risk_comprehensive_00328,787.030380331,9.09865790628
risk_comprehensive,risk_comprehensive_00329,963.212009208,8.82203918597
risk_comprehensive,risk_comprehensive_00330,1118.77425656,9.96985583262
risk_comprehensive,risk_comprehensive_00331,992.251382935,9.28505160932
risk_comprehensive,risk_comprehensive_00332,805.19621019,8.48517305511
risk_comprehensive,risk_comprehensive_00333,930.209082535,9.4786514842
risk_comprehensive,risk_comprehensive_00334,531.754007505,8.91596993162
risk_comprehensive,risk_comprehensive_00335,705.391486442,8.94843849369
risk_comprehensive,risk_comprehensive_00336,580.690777195,8.901282177
risk_comprehensive,risk_comprehensive_00337,654.219374555,9.05948519137
risk_comprehensive,risk_comprehensive_00338,720.657948588,8.51269237377
risk_comprehensive,risk_comprehensive_00339,697.333393831,8.99259468005
risk_comprehensive,risk_comprehensive_00340,547.110800296,9.67138758249
risk_comprehensive,risk_comprehensive_00341,1006.89665367,9.24507720528
risk_comprehensive,risk_comprehensive_00342,781.498478448,8.44000196432
risk_comprehensive,risk_comprehensive_00343,912.580789203,9.20298024924
risk_comprehensive,risk_comprehensive_00344,547.008875035,8.92413566832
risk_comprehensive,risk_comprehensive_00345,1039.33075273,9.62289296271
risk_comprehensive,risk_comprehensive_00346,642.384034181,9.13372424831
risk_comprehensive,risk_comprehensive_00347,532.80312458,8.04574944541
risk_comprehensive,risk_comprehensive_00348,956.43502542,9.1354433506
risk_comprehensive,risk_comprehensive_00349,510.003649429,9.07929609291
risk_comprehensive,risk_comprehensive_00350,551.429903869,8.48343506446
risk_comprehensive,risk_comprehensive_00351,1008.69076574,9.66508830624
risk_comprehensive,risk_comprehensive_00352,961.75846953,9.66874563267
risk_comprehensive,risk_comprehensive_00353,533.790941362,8.82693509929
risk_comprehensive,risk_comprehensive_00354,1038.36339487,10.096363152
risk_comprehensive,risk_comprehensive_00355,1011.04056994,9.1765291941
risk_comprehensive,risk_comprehensive_00356,701.409760779,8.62977675466
risk_comprehensive,risk_comprehensive_00357,891.730978776,8.97938003352
risk_comprehensive,risk_comprehensive_00358,1181.83717873,10.0779753133
risk_comprehensive,risk_comprehensive_00359,598.746021375,8.47642279135
risk_comprehensive,risk_comprehensive_00360,1159.47346638,9.00296652232
risk_comprehensive,risk_comprehensive_00361,994.121130254,8.62424039863
risk_comprehensive,risk_comprehensive_00362,651.83889298,9.04090138902
risk_comprehensive,risk_comprehensive_00363,592.061232119,8.33231645742
risk_comprehensive,risk_comprehensive_00364,1028.27852096,9.10483108762
risk_comprehensive,risk_comprehensive_00365,626.529324106,8.74147915137
risk_comprehensive,risk_comprehensive_00366,1046.97814252,9.60843788711
risk_comprehensive,risk_comprehensive_00367,1108.83454329,10.3447257583
risk_comprehensive,risk_comprehensive_00368,1016.01671731,9.23277626059
risk_comprehensive,risk_comprehensive_00369,1096.73443714,10.2330857177
risk_comprehensive,risk_comprehensive_00370,1167.18118152,9.71394841874
risk_comprehensive,risk_comprehensive_00371,801.678677715,9.6049205318
risk_comprehensive,risk_comprehensive_00372,1112.74030993,9.89493207166
risk_comprehensive,risk_comprehensive_00373,1094.92221114,9.4534342888
risk_comprehensive,risk_comprehensive_00374,1077.81719189,8.96247646074
risk_comprehensive,risk_comprehensive_00375,1050.93073677,9.86613835556
risk_comprehensive,risk_comprehensive_00376,921.702134968,9.56192430677
risk_comprehensive,risk_comprehensive_00377,584.784498328,9.03165658606
risk_comprehensive,risk_comprehensive_00378,1074.59968164,9.42614490983
risk_comprehensive,risk_comprehensive_00379,648.987002847,9.19526043788
risk_comprehensive,risk_comprehensive_00380,968.141150084,9.56674955111
risk_comprehensive,risk_comprehensive_00381,500.38794689,8.07282250047
risk_comprehensive,risk_comprehensive_00382,584.083491625,8.9143732238
risk_comprehensive,risk_comprehensive_00383,1098.48009057,8.92477892544
risk_comprehensive,risk_comprehensive_00384,625.444895275,8.83360566345
risk_comprehensive,risk_comprehensive_00385,1093.45659907,9.35089289588
risk_comprehensive,risk_comprehensive_00386,1081.52854995,8.36805575894
risk_comprehensive,risk_comprehensive_00387,951.137286071,9.10502229584
risk_comprehensive,risk_comprehensive_00388,1086.68973318,9.06014227044
risk_comprehensive,risk_comprehensive_00389,587.39990367,8.6580411992
risk_comprehensive,risk_comprehensive_00390,1118.36373924,9.29429375854
risk_comprehensive,risk_comprehensive_00391,1026.10874483,9.12475741726
risk_comprehensive,risk_comprehensive_00392,1008.3364842,10.11456692
risk_comprehensive,risk_comprehensive_00393,873.265856829,9.35589015869
risk_comprehensive,risk_comprehensive_00394,706.56731626,8.54165960695
risk_comprehensive,risk_comprehensive_00395,1026.85684002,10.0970045062
risk_comprehensive,risk_comprehensive_00396,1076.24052648,9.32956927219
risk_comprehensive,risk_comprehensive_00397,540.915176435,9.46220513983
risk_comprehensive,risk_comprehensive_00398,727.965216138,8.56790893358
risk_comprehensive,risk_comprehensive_00399,1059.70834876,9.66362574668
risk_comprehensive,risk_comprehensive_00400,662.282447658,8.7583315492
risk_comprehensive,risk_comprehensive_00401,1047.12518205,9.47377496204
risk_comprehensive,risk_comprehensive_00402,976.972485254,9.35074950202
risk_comprehensive,risk_comprehensive_00403,887.611119549,8.73143985762
risk_comprehensive,risk_comprehensive_00404,625.906967887,8.78183272974
risk_comprehensive,risk_comprehensive_00405,1147.498642,10.2883385657
risk_comprehensive,risk_comprehensive_00406,697.536250793,8.67501223459
risk_comprehensive,risk_comprehensive_00407,1074.1748772,10.0225013866
risk_comprehensive,risk_comprehensive_00408,766.165596705,9.11056785093
risk_comprehensive,risk_comprehensive_00409,1020.55951779,9.71753701187
risk_comprehensive,risk_comprehensive_00410,619.052829591,9.73868039746
risk_comprehensive,risk_comprehensive_00411,663.26752728,10.0158028543
risk_comprehensive,risk_comprehensive_00412,901.677537153,8.81641930891
risk_comprehensive,risk_comprehensive_00413,962.240456216,9.1471673387
risk_comprehensive,risk_comprehensive_00414,746.62734714,8.94449047089
risk_comprehensive,risk_comprehensive_00415,1033.09122036,9.87447724563
risk_comprehensive,risk_comprehensive_00416,626.131520028,8.95006705761
risk_comprehensive,risk_comprehensive_00417,841.568264704,9.29450854538
risk_comprehensive,risk_comprehensive_00418,1018.62991664,8.85279325425
risk_comprehensive,risk_comprehensive_00419,1044.16403188,9.74682789776
risk_comprehensive,risk_comprehensive_00420,591.758723029,8.90316878935
risk_comprehensive,risk_comprehensive_00421,637.014971156,8.69424986028
risk_comprehensive,risk_comprehensive_00422,601.763530971,9.07862454166
risk_comprehensive,risk_comprehensive_00423,885.073362486,8.55652060739
risk_comprehensive,risk_comprehensive_00424,926.008522959,9.21331276749
risk_comprehensive,risk_comprehensive_00425,772.237405603,8.89135660547
risk_comprehensive,risk_comprehensive_00426,896.867520181,8.20559359946
risk_comprehensive,risk_comprehensive_00427,844.584981484,8.69800702993
risk_comprehensive,risk_comprehensive_00428,836.27755047,9.61419094922
risk_comprehensive,risk_comprehensive_00429,770.925661345,8.69145060674
risk_comprehensive,risk_comprehensive_00430,1005.13577467,9.79612577529
risk_comprehensive,risk_comprehensive_00431,713.147406239,8.66577157585
risk_comprehensive,risk_comprehensive_00432,905.659260741,9.47222601988
risk_comprehensive,risk_comprehensive_00433,622.242568325,7.97854916589
risk_comprehensive,risk_comprehensive_00434,951.817086777,9.04609860907
risk_comprehensive,risk_comprehensive_00435,777.975543781,9.1561586003
risk_comprehensive,risk_comprehensive_00436,972.638228555,8.00528857073
risk_comprehensive,risk_comprehensive_00437,595.167770275,8.55259252639
risk_comprehensive,risk_comprehensive_00438,878.196923643,9.02222227806
risk_comprehensive,risk_comprehensive_00439,1007.07538621,9.56190218786
risk_comprehensive,risk_comprehensive_00440,546.597376104,7.45302867819
risk_comprehensive,risk_comprehensive_00441,726.622548284,8.49178346024
risk_comprehensive,risk_comprehensive_00442,541.523022163,9.29425026938
risk_comprehensive,risk_comprehensive_00443,1004.69725674,9.47331282404
risk_comprehensive,risk_comprehensive_00444,700.440471432,9.28788994164
risk_comprehensive,risk_comprehensive_00445,708.479705532,8.25263273861
risk_comprehensive,risk_comprehensive_00446,631.575253854,8.75953408317
risk_comprehensive,risk_comprehensive_00447,872.859619891,8.82337643467
risk_comprehensive,risk_comprehensive_00448,787.825358401,8.48338157508
risk_comprehensive,risk_comprehensive_00449,1181.11830404,10.8544122187
risk_comprehensive,risk_comprehensive_00450,907.268708651,10.0153516946
risk_comprehensive,risk_comprehensive_00451,939.336691085,7.94611031359
risk_comprehensive,risk_comprehensive_00452,1155.75252694,9.80505235667
risk_comprehensive,risk_comprehensive_00453,1169.90869004,9.5892610719
risk_comprehensive,risk_comprehensive_00454,1124.49167029,10.6973814127
risk_comprehensive,risk_comprehensive_00455,531.918608811,9.78187245896
risk_comprehensive,risk_comprehensive_00456,1020.21825601,9.86179550137
risk_comprehensive,risk_comprehensive_00457,1056.82991349,8.630324898
risk_comprehensive,risk_comprehensive_00458,1165.02763605,9.65913261496
risk_comprehensive,risk_comprehensive_00459,505.789102329,9.06765873307
risk_comprehensive,risk_comprehensive_00460,799.3793506,8.86010634947
risk_comprehensive,risk_comprehensive_00461,799.756340027,8.52326196086
risk_comprehensive,risk_comprehensive_00462,669.837718765,8.17052588541
risk_comprehensive,risk_comprehensive_00463,1121.95956569,9.76088002177
risk_comprehensive,risk_comprehensive_00464,641.338555744,8.02255711906
risk_comprehensive,risk_comprehensive_00465,745.445602795,9.12748473475
risk_comprehensive,risk_comprehensive_00466,1125.95617452,9.4876779941
risk_comprehensive,risk_comprehensive_00467,863.017410032,8.53803545787
risk_comprehensive,risk_comprehensive_00468,1189.87253421,10.4902549034
risk_comprehensive,risk_comprehensive_00469,895.912898398,9.79140139395
risk_comprehensive,risk_comprehensive_00470,970.536058936,9.43736564447
risk_comprehensive,risk_comprehensive_00471,1199.92970145,10.3033127174
risk_comprehensive,risk_comprehensive_00472,751.439511284,9.25845488856
risk_comprehensive,risk_comprehensive_00473,563.935213072,8.5975016076
risk_comprehensive,risk_comprehensive_00474,689.180237496,9.2083195854
risk_comprehensive,risk_comprehensive_00475,610.06954617,8.48288069287
risk_comprehensive,risk_comprehensive_00476,727.972976091,8.62438680694
risk_comprehensive,risk_comprehensive_00477,1080.65661867,10.6495756838
risk_comprehensive,risk_comprehensive_00478,1164.65917682,10.2802361636
risk_comprehensive,risk_comprehensive_00479,998.085135878,8.63186567834
risk_comprehensive,risk_comprehensive_00480,925.154016144,9.45568874633
risk_comprehensive,risk_comprehensive_00481,851.474123405,8.58002915852
risk_comprehensive,risk_comprehensive_00482,637.493734569,8.47032773765
risk_comprehensive,risk_comprehensive_00483,1044.17779086,9.35431757126
risk_comprehensive,risk_comprehensive_00484,686.233492227,9.84841235237
risk_comprehensive,risk_comprehensive_00485,657.151590116,9.05320503523
risk_comprehensive,risk_comprehensive_00486,916.64991632,8.84344027721
risk_comprehensive,risk_comprehensive_00487,1031.18321768,8.5465721351
risk_comprehensive,risk_comprehensive_00488,806.477053587,8.71669562087
risk_comprehensive,risk_comprehensive_00489,1086.64545821,10.4511224574
risk_comprehensive,risk_comprehensive_00490,787.689148485,8.96219869057
risk_comprehensive,risk_comprehensive_00491,1172.6732021,10.4906128106
risk_comprehensive,risk_comprehensive_00492,711.681709269,9.08804850822
risk_comprehensive,risk_comprehensive_00493,833.580812332,8.55235560393
risk_comprehensive,risk_comprehensive_00494,571.35153482,8.73813493249
risk_comprehensive,risk_comprehensive_00495,1153.76604863,9.96211626759
risk_comprehensive,risk_comprehensive_00496,1132.02339702,9.81835181174
risk_comprehensive,risk_comprehensive_00497,1176.28585913,8.66552754199
risk_comprehensive,risk_comprehensive_00498,972.975969831,9.97509542736
risk_comprehensive,risk_comprehensive_00499,730.864229573,8.66745892664
risk_comprehensive,risk_comprehensive_00500,915.505557588,8.50449531251
risk_comprehensive,risk_comprehensive_00501,818.496010516,8.89143191614
risk_comprehensive,risk_comprehensive_00502,1117.09884053,9.62098676592
risk_comprehensive,risk_comprehensive_00503,676.35617604,8.52356448429
risk_comprehensive,risk_comprehensive_00504,614.145061756,9.02723265109
risk_comprehensive,risk_comprehensive_00505,963.311321808,9.61261665395
risk_comprehensive,risk_comprehensive_00506,584.191911602,8.94134397867
risk_comprehensive,risk_comprehensive_00507,972.823240861,9.78590305614
risk_comprehensive,risk_comprehensive_00508,1138.37518768,10.2759555966
risk_comprehensive,risk_comprehensive_00509,1078.29036727,9.14275720381
risk_comprehensive,risk_comprehensive_00510,622.58269129,8.64813278151
risk_comprehensive,risk_comprehensive_00511,559.313815758,8.00705525959
risk_comprehensive,risk_comprehensive_00512,897.718203663,9.76584373807
risk_comprehensive,risk_comprehensive_00513,880.469903974,7.88822060697
risk_comprehensive,risk_comprehensive_00514,1149.92521696,9.40983556114
risk_comprehensive,risk_comprehensive_00515,1105.64418421,10.2343177284
risk_comprehensive,risk_comprehensive_00516,910.081668193,9.40418310564
risk_comprehensive,risk_comprehensive_00517,723.429702946,7.87168011128
risk_comprehensive,risk_comprehensive_00518,1129.70981108,10.3678631927
risk_comprehensive,risk_comprehensive_00519,528.092861653,8.38248485724
risk_comprehensive,risk_comprehensive_00520,806.169292871,8.73830559569
risk_comprehensive,risk_comprehensive_00521,1107.3724074,9.49942124393
risk_comprehensive,risk_comprehensive_00522,805.586886993,10.3087130433
risk_comprehensive,risk_comprehensive_00523,695.750985289,8.05197689806
risk_comprehensive,risk_comprehensive_00524,1107.32628462,9.36283095463
risk_comprehensive,risk_comprehensive_00525,1020.0832463,8.61189859006
risk_comprehensive,risk_comprehensive_00526,858.502931177,8.60419515487
risk_comprehensive,risk_comprehensive_00527,788.477718701,9.04939114692
risk_comprehensive,risk_comprehensive_00528,1126.80579749,9.575329536
risk_comprehensive,risk_comprehensive_00529,574.255236362,7.50101836333
risk_comprehensive,risk_comprehensive_00530,827.066424914,9.00529440587
risk_comprehensive,risk_comprehensive_00531,1013.01957019,8.43278276977
risk_comprehensive,risk_comprehensive_00532,781.61172771,8.29896225472
risk_comprehensive,risk_comprehensive_00533,727.515533616,8.67842278928
risk_comprehensive,risk_comprehensive_00534,820.210201046,8.18686864702
risk_comprehensive,risk_comprehensive_00535,649.719641661,9.26725543807
risk_comprehensive,risk_comprehensive_00536,715.731273202,9.09933190536
risk_comprehensive,risk_comprehensive_00537,518.468204175,8.6542623894
risk_comprehensive,risk_comprehensive_00538,1059.9276553,9.48883904011
risk_comprehensive,risk_comprehensive_00539,576.329405805,8.34965433035
risk_comprehensive,risk_comprehensive_00540,595.948155736,9.05323652903
risk_comprehensive,risk_comprehensive_00541,1084.41697154,9.70458945891
risk_comprehensive,risk_comprehensive_00542,922.297221227,8.47941738715
risk_comprehensive,risk_comprehensive_00543,511.417582067,8.39490917571
risk_comprehensive,risk_comprehensive_00544,818.431822715,8.99506729964
risk_comprehensive,risk_comprehensive_00545,547.101444368,8.47892010809
risk_comprehensive,risk_comprehensive_00546,583.184430473,8.77338239913
risk_comprehensive,risk_comprehensive_00547,874.629041635,8.56941814615
risk_comprehensive,risk_comprehensive_00548,830.186874614,8.73076627535
risk_comprehensive,risk_comprehensive_00549,582.513997466,9.05053963378
risk_comprehensive,risk_comprehensive_00550,1024.12095957,8.91833065922
risk_comprehensive,risk_comprehensive_00551,745.088344667,8.62512951738
risk_comprehensive,risk_comprehensive_00552,960.29003299,8.91316420491
risk_comprehensive,risk_comprehensive_00553,831.505959821,7.68380273743
risk_comprehensive,risk_comprehensive_00554,572.712691204,9.62979116456
risk_comprehensive,risk_comprehensive_00555,1184.43346751,10.0064815816
risk_comprehensive,risk_comprehensive_00556,804.187831695,8.77128146855
risk_comprehensive,risk_comprehensive_00557,877.658113993,9.30417246521
risk_comprehensive,risk_comprehensive_00558,1162.80303079,9.33453808491
risk_comprehensive,risk_comprehensive_00559,770.166737254,9.22888528261
risk_comprehensive,risk_comprehensive_00560,699.422281813,8.21253206628
risk_comprehensive,risk_comprehensive_00561,504.419728407,8.88724974082
risk_comprehensive,risk_comprehensive_00562,899.443565342,8.24622000671
risk_comprehensive,risk_comprehensive_00563,1068.23339757,9.087632703
risk_comprehensive,risk_comprehensive_00564,579.599030589,9.99442140394
risk_comprehensive,risk_comprehensive_00565,1130.17089968,9.97075277518
risk_comprehensive,risk_comprehensive_00566,1087.88710198,9.11541961625
risk_comprehensive,risk_comprehensive_00567,1166.41587447,9.85277008485
risk_comprehensive,risk_comprehensive_00568,777.929580915,9.53941805713
risk_comprehensive,risk_comprehensive_00569,847.574909222,9.78640913207
risk_comprehensive,risk_comprehensive_00570,803.839607085,10.018617523
risk_comprehensive,risk_comprehensive_00571,562.358963361,7.65725995296
risk_comprehensive,risk_comprehensive_00572,826.401647226,8.62190522547
risk_comprehensive,risk_comprehensive_00573,1053.21597948,8.60395878478
risk_comprehensive,risk_comprehensive_00574,798.788666229,8.10328286213
risk_comprehensive,risk_comprehensive_00575,770.6470026,8.18992299945
risk_comprehensive,risk_comprehensive_00576,523.599318237,8.8407122889
risk_comprehensive,risk_comprehensive_00577,1181.13453235,10.7722382232
risk_comprehensive,risk_comprehensive_00578,606.209622083,8.63298245826
risk_comprehensive,risk_comprehensive_00579,820.339789632,8.76001307969
risk_comprehensive,risk_comprehensive_00580,548.43269424,7.88623780302
risk_comprehensive,risk_comprehensive_00581,536.329576467,8.71789124616
risk_comprehensive,risk_comprehensive_00582,583.756822974,8.88397425018
risk_comprehensive,risk_comprehensive_00583,753.619870437,8.02669820833
risk_comprehensive,risk_comprehensive_00584,823.344506254,8.53330460227
risk_comprehensive,risk_comprehensive_00585,842.610483416,9.27475560919
risk_comprehensive,risk_comprehensive_00586,1015.79395333,9.5373705734
risk_comprehensive,risk_comprehensive_00587,657.216745794,9.24780340246
risk_comprehensive,risk_comprehensive_00588,626.31060278,8.71013462412
risk_comprehensive,risk_comprehensive_00589,768.579914247,7.84609924954
risk_comprehensive,risk_comprehensive_00590,946.08890597,8.88373650976
risk_comprehensive,risk_comprehensive_00591,592.589630255,9.39762362048
risk_comprehensive,risk_comprehensive_00592,882.152800137,8.4189004689
risk_comprehensive,risk_comprehensive_00593,563.317997192,8.67504684257
risk_comprehensive,risk_comprehensive_00594,826.888942494,7.80171638809
risk_comprehensive,risk_comprehensive_00595,993.498900794,9.22041859001
risk_comprehensive,risk_comprehensive_00596,847.163809861,7.91285120949
risk_comprehensive,risk_comprehensive_00597,962.237680128,8.66502053238
risk_comprehensive,risk_comprehensive_00598,925.665920249,9.6093306668
risk_comprehensive,risk_comprehensive_00599,809.501991856,10.073762675
risk_comprehensive,risk_comprehensive_00600,855.982203895,8.29653908415
risk_comprehensive,risk_comprehensive_00601,885.433188632,9.02359378678
risk_comprehensive,risk_comprehensive_00602,1184.22206928,9.30127190901
risk_comprehensive,risk_comprehensive_00603,853.897952337,8.46794894868
risk_comprehensive,risk_comprehensive_00604,669.937351706,7.91690067457
risk_comprehensive,risk_comprehensive_00605,548.28281694,9.12721148051
risk_comprehensive,risk_comprehensive_00606,1176.37094872,10.7732267977
risk_comprehensive,risk_comprehensive_00607,743.46477247,7.81948795764
risk_comprehensive,risk_comprehensive_00608,940.517186554,9.3991445272
risk_comprehensive,risk_comprehensive_00609,616.857622347,7.92708576385
risk_comprehensive,risk_comprehensive_00610,825.050701172,8.57839111509
risk_comprehensive,risk_comprehensive_00611,841.468417441,9.19318137246
risk_comprehensive,risk_comprehensive_00612,542.546238669,8.50891466737
risk_comprehensive,risk_comprehensive_00613,1038.71482842,9.58838824882
risk_comprehensive,risk_comprehensive_00614,569.219497395,8.83845742459
risk_comprehensive,risk_comprehensive_00615,928.119578858,10.6529304337
risk_comprehensive,risk_comprehensive_00616,1064.75933983,9.05066044847
risk_comprehensive,risk_comprehensive_00617,672.427694442,8.0001867299
risk_comprehensive,risk_comprehensive_00618,711.726842495,8.6951761154
risk_comprehensive,risk_comprehensive_00619,723.390514013,7.95258838778
risk_comprehensive,risk_comprehensive_00620,508.681226999,9.18859129806
risk_comprehensive,risk_comprehensive_00621,631.082520934,7.85379389785
risk_comprehensive,risk_comprehensive_00622,1096.37134847,9.25283679377
risk_comprehensive,risk_comprehensive_00623,1003.93838323,9.44752677013
risk_comprehensive,risk_comprehensive_00624,780.439550078,8.68021837827
risk_comprehensive,risk_comprehensive_00625,798.175359354,8.90807369463
risk_comprehensive,risk_comprehensive_00626,1192.15987005,9.14779949743
risk_comprehensive,risk_comprehensive_00627,674.99925575,9.73093362706
risk_comprehensive,risk_comprehensive_00628,905.849312914,9.15964600827
risk_comprehensive,risk_comprehensive_00629,850.475101555,9.50564338898
risk_comprehensive,risk_comprehensive_00630,629.714385585,9.44959477884
risk_comprehensive,risk_comprehensive_00631,1075.3154956,9.15543162893
risk_comprehensive,risk_comprehensive_00632,1144.90970815,10.5694144797
risk_comprehensive,risk_comprehensive_00633,645.32451955,9.3248176279
risk_comprehensive,risk_comprehensive_00634,996.708069082,8.86764031287
risk_comprehensive,risk_comprehensive_00635,908.272698826,9.41661045618
risk_comprehensive,risk_comprehensive_00636,552.008246304,8.0746453963
risk_comprehensive,risk_comprehensive_00637,876.467853519,9.28340102401
risk_comprehensive,risk_comprehensive_00638,1097.59031192,9.61901495632
risk_comprehensive,risk_comprehensive_00639,624.761005773,8.96084964076
risk_comprehensive,risk_comprehensive_00640,1127.25904298,9.73035223324
risk_comprehensive,risk_comprehensive_00641,505.724134859,9.07390749711
risk_comprehensive,risk_comprehensive_00642,958.616744769,9.18937402041
risk_comprehensive,risk_comprehensive_00643,1051.4955743,9.83138605917
risk_comprehensive,risk_comprehensive_00644,766.119156583,9.28023084118
risk_comprehensive,risk_comprehensive_00645,1173.31361701,9.44162498412
risk_comprehensive,risk_comprehensive_00646,889.550834247,8.71412903038
risk_comprehensive,risk_comprehensive_00647,1038.21659784,9.7793731071
risk_comprehensive,risk_comprehensive_00648,700.897326174,7.81060770772
risk_comprehensive,risk_comprehensive_00649,565.133218997,9.33667777572
risk_comprehensive,risk_comprehensive_00650,894.585067356,8.34642912383
risk_comprehensive,risk_comprehensive_00651,887.570000577,8.96765964771
risk_comprehensive,risk_comprehensive_00652,1077.49356985,9.83604842709
risk_comprehensive,risk_comprehensive_00653,663.763292885,8.99730643661
risk_comprehensive,risk_comprehensive_00654,940.883888543,8.95117393621
risk_comprehensive,risk_comprehensive_00655,1068.31026311,9.76567939447
risk_comprehensive,risk_comprehensive_00656,590.685692919,8.5055832563
risk_comprehensive,risk_comprehensive_00657,1136.11448375,9.37899790062
risk_comprehensive,risk_comprehensive_00658,776.654644958,8.39041584766
risk_comprehensive,risk_comprehensive_00659,800.882877078,9.61851184304
risk_comprehensive,risk_comprehensive_00660,753.217044204,9.73978274342
risk_comprehensive,risk_comprehensive_00661,598.340384502,8.89062232207
risk_comprehensive,risk_comprehensive_00662,1117.50390722,9.91152440063
risk_comprehensive,risk_comprehensive_00663,639.357261082,9.52804063478
risk_comprehensive,risk_comprehensive_00664,884.591352212,9.35792515948
risk_comprehensive,risk_comprehensive_00665,1016.69388098,8.66126637308
risk_comprehensive,risk_comprehensive_00666,842.377973163,9.81964768816
risk_comprehensive,risk_comprehensive_00667,1193.92673053,9.50878920165
risk_comprehensive,risk_comprehensive_00668,1174.65247523,9.9078983602
risk_comprehensive,risk_comprehensive_00669,1027.72604353,9.26009445145
risk_comprehensive,risk_comprehensive_00670,1178.3502941,9.44499245529
risk_comprehensive,risk_comprehensive_00671,524.965606139,8.40097153967
risk_comprehensive,risk_comprehensive_00672,1129.53857953,9.59463078191
risk_comprehensive,risk_comprehensive_00673,855.941388999,8.78329913655
risk_comprehensive,risk_comprehensive_00674,1048.52675105,8.48430858916
risk_comprehensive,risk_comprehensive_00675,872.454734402,9.36287640645
risk_comprehensive,risk_comprehensive_00676,618.032724455,8.6132509153
risk_comprehensive,risk_comprehensive_00677,937.05048834,8.94372728567
risk_comprehensive,risk_comprehensive_00678,1036.70159525,10.8217509154
risk_comprehensive,risk_comprehensive_00679,559.578204032,9.20003509403
risk_comprehensive,risk_comprehensive_00680,684.240891805,8.28569298719
risk_comprehensive,risk_comprehensive_00681,741.54082899,8.34105697243
risk_comprehensive,risk_comprehensive_00682,943.237324164,9.0983434121
risk_comprehensive,risk_comprehensive_00683,933.302723847,8.32499664463
risk_comprehensive,risk_comprehensive_00684,884.41530319,9.65499628341
risk_comprehensive,risk_comprehensive_00685,1023.09161181,8.91709368847
risk_comprehensive,risk_comprehensive_00686,675.744119575,8.24352652786
risk_comprehensive,risk_comprehensive_00687,655.727144325,9.61803723152
risk_comprehensive,risk_comprehensive_00688,1072.87598671,8.95438067084
risk_comprehensive,risk_comprehensive_00689,1110.03045392,10.1130773885
risk_comprehensive,risk_comprehensive_00690,1018.54331905,10.3930691713
risk_comprehensive,risk_comprehensive_00691,990.318590986,9.09453203899
risk_comprehensive,risk_comprehensive_00692,1018.96081521,10.045623464
risk_comprehensive,risk_comprehensive_00693,951.417864428,9.18872277037
risk_comprehensive,risk_comprehensive_00694,1158.26546225,10.1930849893
risk_comprehensive,risk_comprehensive_00695,563.417873563,8.78299692685
risk_comprehensive,risk_comprehensive_00696,1159.40337483,10.0106800091
risk_comprehensive,risk_comprehensive_00697,839.034882011,9.9051084647
risk_comprehensive,risk_comprehensive_00698,1153.99469572,9.52390237014
risk_comprehensive,risk_comprehensive_00699,1079.31768877,9.9435344799
risk_comprehensive,risk_comprehensive_00700,839.899324497,9.20078848713
risk_comprehensive,risk_comprehensive_00701,1191.56505374,10.1241920461
risk_comprehensive,risk_comprehensive_00702,530.202752594,8.06499763172
risk_comprehensive,risk_comprehensive_00703,1185.49072122,10.0023639565
risk_comprehensive,risk_comprehensive_00704,1179.88480472,9.4923744085
risk_comprehensive,risk_comprehensive_00705,1083.44084753,9.82407841406
risk_comprehensive,risk_comprehensive_00706,1106.6479523,10.289313561
risk_comprehensive,risk_comprehensive_00707,1035.10107695,9.11582345861
risk_comprehensive,risk_comprehensive_00708,547.572799547,10.0883950397
risk_comprehensive,risk_comprehensive_00709,725.939305074,8.79217460276
risk_comprehensive,risk_comprehensive_00710,1118.46145347,10.2702450784
risk_comprehensive,risk_comprehensive_00711,515.196551956,10.083491663
risk_comprehensive,risk_comprehensive_00712,627.74556334,8.90213797523
risk_comprehensive,risk_comprehensive_00713,535.395851803,7.74387856418
risk_comprehensive,risk_comprehensive_00714,540.834179479,9.3614697579
risk_comprehensive,risk_comprehensive_00715,611.499769193,8.69913404168
risk_comprehensive,risk_comprehensive_00716,1124.38412806,9.58784537408
risk_comprehensive,risk_comprehensive_00717,949.886057393,9.75351165546
risk_comprehensive,risk_comprehensive_00718,884.760576574,8.71123907735
risk_comprehensive,risk_comprehensive_00719,954.934320634,9.83785402982
risk_comprehensive,risk_comprehensive_00720,632.447036065,9.70352796018
risk_comprehensive,risk_comprehensive_00721,889.419140217,8.50610881592
risk_comprehensive,risk_comprehensive_00722,687.950279494,8.69562584918
risk_comprehensive,risk_comprehensive_00723,638.963727618,8.60681071996
risk_comprehensive,risk_comprehensive_00724,566.284515106,8.63699637808
risk_comprehensive,risk_comprehensive_00725,1013.52565723,8.60310890791
risk_comprehensive,risk_comprehensive_00726,583.334325284,8.21898775821
risk_comprehensive,risk_comprehensive_00727,847.778553657,8.36959174923
risk_comprehensive,risk_comprehensive_00728,1130.49993777,10.0924525673
risk_comprehensive,risk_comprehensive_00729,1003.97251028,8.9743003568
risk_comprehensive,risk_comprehensive_00730,984.010034704,9.12362570709
risk_comprehensive,risk_comprehensive_00731,1142.37095112,9.76170621444
risk_comprehensive,risk_comprehensive_00732,1055.99614354,9.02361388447
risk_comprehensive,risk_comprehensive_00733,801.268700956,9.02143449078
risk_comprehensive,risk_comprehensive_00734,913.757038433,9.68462476343
risk_comprehensive,risk_comprehensive_00735,533.868204073,9.55064796898
risk_comprehensive,risk_comprehensive_00736,1073.51337726,10.1314503
risk_comprehensive,risk_comprehensive_00737,1130.78282471,9.80238293786
risk_comprehensive,risk_comprehensive_00738,793.49889748,8.96451800525
risk_comprehensive,risk_comprehensive_00739,944.830534636,7.92041106218
risk_comprehensive,risk_comprehensive_00740,742.074523394,8.45128217514
risk_comprehensive,risk_comprehensive_00741,822.22761068,8.77401139454
risk_comprehensive,risk_comprehensive_00742,556.074356149,8.22409700949
risk_comprehensive,risk_comprehensive_00743,824.578168796,8.10323376431
risk_comprehensive,risk_comprehensive_00744,963.51877641,8.79179370044
risk_comprehensive,risk_comprehensive_00745,825.719781265,9.85791728761
risk_comprehensive,risk_comprehensive_00746,1137.71795883,9.68465707211
risk_comprehensive,risk_comprehensive_00747,823.729732653,8.91557070351
risk_comprehensive,risk_comprehensive_00748,845.121555559,9.23262855826
risk_comprehensive,risk_comprehensive_00749,668.541134176,8.2331657621
risk_comprehensive,risk_comprehensive_00750,558.305681712,9.26299937908
risk_comprehensive,risk_comprehensive_00751,1175.25545429,10.4901312658
risk_comprehensive,risk_comprehensive_00752,1131.7256047,10.6306603197
risk_comprehensive,risk_comprehensive_00753,996.876587844,9.84295831386
risk_comprehensive,risk_comprehensive_00754,1144.74662254,9.0180957251
risk_comprehensive,risk_comprehensive_00755,902.793385233,8.82034246671
risk_comprehensive,risk_comprehensive_00756,973.505547251,8.68373601474
risk_comprehensive,risk_comprehensive_00757,826.066067048,8.97110206819
risk_comprehensive,risk_comprehensive_00758,737.533204827,9.09724025798
risk_comprehensive,risk_comprehensive_00759,884.474038535,9.11941167097
risk_comprehensive,risk_comprehensive_00760,938.453551429,9.1298496421
risk_comprehensive,risk_comprehensive_00761,1038.58887962,8.34970762109
risk_comprehensive,risk_comprehensive_00762,514.962285209,8.8601494186
risk_comprehensive,risk_comprehensive_00763,1109.70754642,8.90306107448
risk_comprehensive,risk_comprehensive_00764,889.803636344,9.12310701281
risk_comprehensive,risk_comprehensive_00765,528.691179664,9.18886535231
risk_comprehensive,risk_comprehensive_00766,1030.16259142,9.48734309943
risk_comprehensive,risk_comprehensive_00767,1076.58891814,9.01506615415
risk_comprehensive,risk_comprehensive_00768,867.075720698,9.10502515904
risk_comprehensive,risk_comprehensive_00769,685.701342091,9.04466041274
risk_comprehensive,risk_comprehensive_00770,933.698574778,8.50801954712
risk_comprehensive,risk_comprehensive_00771,863.147576111,8.24888641321
risk_comprehensive,risk_comprehensive_00772,1060.58318389,8.94188325978
risk_comprehensive,risk_comprehensive_00773,867.758605094,9.29423912184
risk_comprehensive,risk_comprehensive_00774,810.955421173,9.00631404083
risk_comprehensive,risk_comprehensive_00775,1130.40472298,9.61848549976
risk_comprehensive,risk_comprehensive_00776,1080.74684781,9.31310380711
risk_comprehensive,risk_comprehensive_00777,637.983050059,9.60119158138
risk_comprehensive,risk_comprehensive_00778,626.53231466,8.08148915457
risk_comprehensive,risk_comprehensive_00779,594.338166587,9.10454821645
risk_comprehensive,risk_comprehensive_00780,806.506382842,8.97871243228
risk_comprehensive,risk_comprehensive_00781,801.876550797,8.67056401986
risk_comprehensive,risk_comprehensive_00782,532.27197775,8.47534239812
risk_comprehensive,risk_comprehensive_00783,519.996586259,9.55682194438
risk_comprehensive,risk_comprehensive_00784,624.464591756,9.33169898432
risk_comprehensive,risk_comprehensive_00785,1048.88309566,7.852144632
risk_comprehensive,risk_comprehensive_00786,684.612087674,8.80554975157
risk_comprehensive,risk_comprehensive_00787,1049.01602953,9.83156713635
risk_comprehensive,risk_comprehensive_00788,737.023486767,9.07975388098
risk_comprehensive,risk_comprehensive_00789,894.419713213,9.02574589131
risk_comprehensive,risk_comprehensive_00790,945.890211654,8.57661189228
risk_comprehensive,risk_comprehensive_00791,1166.7259742,9.38314827228
risk_comprehensive,risk_comprehensive_00792,1128.49703255,9.16203632398
risk_comprehensive,risk_comprehensive_00793,822.200457515,8.44259726746
risk_comprehensive,risk_comprehensive_00794,579.764506488,8.38084383726
risk_comprehensive,risk_comprehensive_00795,1006.59232081,9.35755290187
risk_comprehensive,risk_comprehensive_00796,1194.09358962,9.90654886326
risk_comprehensive,risk_comprehensive_00797,575.909384102,9.36721416129
risk_comprehensive,risk_comprehensive_00798,830.06944553,8.4020355433
risk_comprehensive,risk_comprehensive_00799,923.733075563,9.42824096287
risk_comprehensive,risk_comprehensive_00800,1172.78930607,10.15509037
risk_comprehensive,risk_comprehensive_00801,649.725326986,8.68067539467
risk_comprehensive,risk_comprehensive_00802,504.131648456,8.51989399881
risk_comprehensive,risk_comprehensive_00803,531.060782524,9.82135563354
risk_comprehensive,risk_comprehensive_00804,951.939707561,9.44865049299
risk_comprehensive,risk_comprehensive_00805,614.462075197,9.30316104918
risk_comprehensive,risk_comprehensive_00806,842.826656646,8.37979346064
risk_comprehensive,risk_comprehensive_00807,1022.11948208,8.87216206572
risk_comprehensive,risk_comprehensive_00808,553.424306216,9.25842877809
risk_comprehensive,risk_comprehensive_00809,958.854049819,9.04571664965
risk_comprehensive,risk_comprehensive_00810,1014.37177429,9.16469966169
risk_comprehensive,risk_comprehensive_00811,1112.69721895,9.97828239313
risk_comprehensive,risk_comprehensive_00812,900.605278153,8.52811961995
risk_comprehensive,risk_comprehensive_00813,835.423350548,8.00927379917
risk_comprehensive,risk_comprehensive_00814,984.167935322,9.01500155796
risk_comprehensive,risk_comprehensive_00815,990.760522346,9.75251067462
risk_comprehensive,risk_comprehensive_00816,618.993990802,8.14801185746
risk_comprehensive,risk_comprehensive_00817,885.769797165,9.16825575867
risk_comprehensive,risk_comprehensive_00818,630.18783731,7.73229107435
risk_comprehensive,risk_comprehensive_00819,964.519728218,9.41671703911
risk_comprehensive,risk_comprehensive_00820,507.288073348,7.06442505125
risk_comprehensive,risk_comprehensive_00821,1115.74617834,9.58135470981
risk_comprehensive,risk_comprehensive_00822,983.906114339,8.75894212183
risk_comprehensive,risk_comprehensive_00823,1085.72799975,9.44641379784
risk_comprehensive,risk_comprehensive_00824,1137.68499727,9.29979438515
risk_comprehensive,risk_comprehensive_00825,1042.28815831,9.25325670505
risk_comprehensive,risk_comprehensive_00826,823.045987892,7.95018403999
risk_comprehensive,risk_comprehensive_00827,802.440893943,8.5177899329
risk_comprehensive,risk_comprehensive_00828,881.956485586,9.394765163
risk_comprehensive,risk_comprehensive_00829,780.762533585,8.36976004272
risk_comprehensive,risk_comprehensive_00830,1137.8112679,9.25459934888
risk_comprehensive,risk_comprehensive_00831,681.424536467,8.82162659206
risk_comprehensive,risk_comprehensive_00832,669.342626933,8.44975934668
risk_comprehensive,risk_comprehensive_00833,614.534783769,8.87686290291
risk_comprehensive,risk_comprehensive_00834,502.414709822,8.7914551413
risk_comprehensive,risk_comprehensive_00835,658.090864251,9.11069575233
risk_comprehensive,risk_comprehensive_00836,691.901903399,7.81848288174
risk_comprehensive,risk_comprehensive_00837,993.612535477,8.83513441042
risk_comprehensive,risk_comprehensive_00838,740.897662372,8.54658468515
risk_comprehensive,risk_comprehensive_00839,584.341753258,8.02472196484
risk_comprehensive,risk_comprehensive_00840,524.412719485,8.46485250677
risk_comprehensive,risk_comprehensive_00841,721.538849597,9.67804997532
risk_comprehensive,risk_comprehensive_00842,869.45109711,8.71767718614
risk_comprehensive,risk_comprehensive_00843,834.379622687,8.32141390955
risk_comprehensive,risk_comprehensive_00844,764.821150845,7.598588916
risk_comprehensive,risk_comprehensive_00845,705.872217223,8.68771791516
risk_comprehensive,risk_comprehensive_00846,1147.63416516,10.3066627459
risk_comprehensive,risk_comprehensive_00847,567.045659396,8.30512382826
risk_comprehensive,risk_comprehensive_00848,535.505768254,9.33137096411
risk_comprehensive,risk_comprehensive_00849,962.685313763,9.10235585697
risk_comprehensive,risk_comprehensive_00850,996.847150703,9.39402209405
risk_comprehensive,risk_comprehensive_00851,822.617796344,8.64499514341
risk_comprehensive,risk_comprehensive_00852,565.234899179,8.59227968653
risk_comprehensive,risk_comprehensive_00853,761.390002024,9.31599380399
risk_comprehensive,risk_comprehensive_00854,760.186683237,8.4223782033
risk_comprehensive,risk_comprehensive_00855,1098.2885878,8.87274830644
risk_comprehensive,risk_comprehensive_00856,877.752662499,9.46126288177
risk_comprehensive,risk_comprehensive_00857,1104.62350366,9.1910347866
risk_comprehensive,risk_comprehensive_00858,771.992114115,8.89645368611
risk_comprehensive,risk_comprehensive_00859,1182.59262018,10.5859194704
risk_comprehensive,risk_comprehensive_00860,1054.21902245,9.92406591477
risk_comprehensive,risk_comprehensive_00861,593.185049134,8.77596031333
risk_comprehensive,risk_comprehensive_00862,784.120960673,8.84653798964
risk_comprehensive,risk_comprehensive_00863,1005.8826877,9.06286272735
risk_comprehensive,risk_comprehensive_00864,910.850370826,8.7593279804
risk_comprehensive,risk_comprehensive_00865,788.93477047,9.12747486738
risk_comprehensive,risk_comprehensive_00866,1189.44959349,9.41644746235
risk_comprehensive,risk_comprehensive_00867,634.988103165,8.78685666284
risk_comprehensive,risk_comprehensive_00868,885.471870995,8.51532531409
risk_comprehensive,risk_comprehensive_00869,771.240136359,9.11282903161
risk_comprehensive,risk_comprehensive_00870,706.528273042,8.7578244749
risk_comprehensive,risk_comprehensive_00871,747.738221234,9.0398609885
risk_comprehensive,risk_comprehensive_00872,998.1752403,9.12060160559
risk_comprehensive,risk_comprehensive_00873,1176.56451207,9.96787322421
risk_comprehensive,risk_comprehensive_00874,996.061459704,8.46183539533
risk_comprehensive,risk_comprehensive_00875,586.836621908,8.68837800962
risk_comprehensive,risk_comprehensive_00876,711.162531635,9.08002528642
risk_comprehensive,risk_comprehensive_00877,604.465325269,8.09771016994
risk_comprehensive,risk_comprehensive_00878,904.997355955,9.33263358537
risk_comprehensive,risk_comprehensive_00879,641.03251865,8.59469290694
risk_comprehensive,risk_comprehensive_00880,1008.3241633,8.61724733574
risk_comprehensive,risk_comprehensive_00881,1041.96043627,8.42943788826
risk_comprehensive,risk_comprehensive_00882,677.127740813,9.01651981213
risk_comprehensive,risk_comprehensive_00883,652.062307855,8.82057194891
risk_comprehensive,risk_comprehensive_00884,992.46738175,8.34589229325
risk_comprehensive,risk_comprehensive_00885,886.461733214,9.20885820755
risk_comprehensive,risk_comprehensive_00886,1154.72561782,9.93937299172
risk_comprehensive,risk_comprehensive_00887,819.707572511,9.46018250412
risk_comprehensive,risk_comprehensive_00888,969.88940117,9.73322647812
risk_comprehensive,risk_comprehensive_00889,1178.1397269,10.7616990385
risk_comprehensive,risk_comprehensive_00890,760.615629481,9.27515248003
risk_comprehensive,risk_comprehensive_00891,734.530809865,8.85762089067
risk_comprehensive,risk_comprehensive_00892,1057.66651039,9.75939936094
risk_comprehensive,risk_comprehensive_00893,639.806799996,9.07586202057
risk_comprehensive,risk_comprehensive_00894,957.815187831,9.38702424036
risk_comprehensive,risk_comprehensive_00895,878.132454469,9.53659629207
risk_comprehensive,risk_comprehensive_00896,686.233587875,9.00063827289
risk_comprehensive,risk_comprehensive_00897,859.018755912,8.37221225266
risk_comprehensive,risk_comprehensive_00898,888.416079748,8.40104182825
risk_comprehensive,risk_comprehensive_00899,911.562020627,9.08913917234
risk_comprehensive,risk_comprehensive_00900,716.929989992,9.00205376895
risk_comprehensive,risk_comprehensive_00901,748.658698557,8.09705530269
risk_comprehensive,risk_comprehensive_00902,1154.37139841,9.40150692531
risk_comprehensive,risk_comprehensive_00903,654.830488797,7.71883829726
risk_comprehensive,risk_comprehensive_00904,832.953161003,8.02513316074
risk_comprehensive,risk_comprehensive_00905,986.927348011,8.9521749972
risk_comprehensive,risk_comprehensive_00906,825.453651845,9.52351814888
risk_comprehensive,risk_comprehensive_00907,594.625936428,9.0668373019
risk_comprehensive,risk_comprehensive_00908,1051.50438345,9.50835466244
risk_comprehensive,risk_comprehensive_00909,788.089152403,8.89761879073
risk_comprehensive,risk_comprehensive_00910,944.938318739,9.10086167059
risk_comprehensive,risk_comprehensive_00911,1077.48824229,9.56379609643
risk_comprehensive,risk_comprehensive_00912,1039.47674696,9.77491963444
risk_comprehensive,risk_comprehensive_00913,1196.47823554,11.161467979
risk_comprehensive,risk_comprehensive_00914,949.014819993,8.83237774728
risk_comprehensive,risk_comprehensive_00915,1064.84176154,9.14678362888
risk_comprehensive,risk_comprehensive_00916,1180.17695392,10.3526464031
risk_comprehensive,risk_comprehensive_00917,969.164438154,8.55032844265
risk_comprehensive,risk_comprehensive_00918,765.028122681,9.25656322635
risk_comprehensive,risk_comprehensive_00919,1006.25172219,8.14388788981
risk_comprehensive,risk_comprehensive_00920,987.16855236,9.73461989883
risk_comprehensive,risk_comprehensive_00921,1114.04695858,9.90029060125
risk_comprehensive,risk_comprehensive_00922,1107.6109279,8.83994088634
risk_comprehensive,risk_comprehensive_00923,891.45662658,8.78942303389
risk_comprehensive,risk_comprehensive_00924,1001.947454,9.64511343685
risk_comprehensive,risk_comprehensive_00925,907.875821653,8.73580461165
risk_comprehensive,risk_comprehensive_00926,1028.19046392,9.18013391123
risk_comprehensive,risk_comprehensive_00927,611.493023042,9.25405615839
risk_comprehensive,risk_comprehensive_00928,849.141347355,8.43647849907
risk_comprehensive,risk_comprehensive_00929,1118.81980403,10.2355641383
risk_comprehensive,risk_comprehensive_00930,1174.79954878,8.90956379068
risk_comprehensive,risk_comprehensive_00931,684.302535427,8.73118798517
risk_comprehensive,risk_comprehensive_00932,570.416238527,8.81176325461
risk_comprehensive,risk_comprehensive_00933,720.411522309,8.80836537434
risk_comprehensive,risk_comprehensive_00934,550.561929381,8.90458310079
risk_comprehensive,risk_comprehensive_00935,1178.96128211,9.54002473353
risk_comprehensive,risk_comprehensive_00936,1037.9631408,9.38882606847
risk_comprehensive,risk_comprehensive_00937,650.871606139,9.22564558114
risk_comprehensive,risk_comprehensive_00938,1098.72362933,8.45526362573
risk_comprehensive,risk_comprehensive_00939,807.579181992,8.22652562698
risk_comprehensive,risk_comprehensive_00940,528.002089455,7.94947640356
risk_comprehensive,risk_comprehensive_00941,865.029281482,8.40063204935
risk_comprehensive,risk_comprehensive_00942,1156.6989701,9.18009033507
risk_comprehensive,risk_comprehensive_00943,739.643787706,8.46932250006
risk_comprehensive,risk_comprehensive_00944,533.651084246,8.97454972538
risk_comprehensive,risk_comprehensive_00945,999.635159176,10.2864497121
risk_comprehensive,risk_comprehensive_00946,690.697465964,8.32230027019
risk_comprehensive,risk_comprehensive_00947,609.274030333,9.34349469208
risk_comprehensive,risk_comprehensive_00948,1062.87620735,8.94870068772
risk_comprehensive,risk_comprehensive_00949,860.850927832,9.01482069716
risk_comprehensive,risk_comprehensive_00950,1138.21400277,10.7007121118
risk_comprehensive,risk_comprehensive_00951,702.627534557,8.68115498246
risk_comprehensive,risk_comprehensive_00952,982.992893529,9.37995239958
risk_comprehensive,risk_comprehensive_00953,1190.14353603,9.5445318358
risk_comprehensive,risk_comprehensive_00954,646.678963006,8.90493268209
risk_comprehensive,risk_comprehensive_00955,672.153103674,8.37940662308
risk_comprehensive,risk_comprehensive_00956,544.200405889,8.46581133301
risk_comprehensive,risk_comprehensive_00957,567.790048013,8.36567280218
risk_comprehensive,risk_comprehensive_00958,571.848688097,8.44646317497
risk_comprehensive,risk_comprehensive_00959,995.864957303,10.2244035556
risk_comprehensive,risk_comprehensive_00960,1087.66655854,10.7131128185
risk_comprehensive,risk_comprehensive_00961,1078.47128339,9.86567646615
risk_comprehensive,risk_comprehensive_00962,1109.73865255,8.83310153015
risk_comprehensive,risk_comprehensive_00963,909.687658827,9.30252654453
risk_comprehensive,risk_comprehensive_00964,1192.81013246,10.3377346118
risk_comprehensive,risk_comprehensive_00965,687.076904054,9.16487910812
risk_comprehensive,risk_comprehensive_00966,845.294817452,8.86627099868
risk_comprehensive,risk_comprehensive_00967,964.571672542,8.88831086121
risk_comprehensive,risk_comprehensive_00968,961.954638454,8.3309696021
risk_comprehensive,risk_comprehensive_00969,591.412112283,9.03888144383
risk_comprehensive,risk_comprehensive_00970,884.103908113,9.04068941473
risk_comprehensive,risk_comprehensive_00971,1109.97196758,9.62067266383
risk_comprehensive,risk_comprehensive_00972,574.176840727,8.93689456991
risk_comprehensive,risk_comprehensive_00973,582.294756519,8.04240520985
risk_comprehensive,risk_comprehensive_00974,971.519616228,8.61560997746
risk_comprehensive,risk_comprehensive_00975,695.980284706,8.83610796933
risk_comprehensive,risk_comprehensive_00976,993.6996075,9.83950318113
risk_comprehensive,risk_comprehensive_00977,555.137143723,8.8792275651
risk_comprehensive,risk_comprehensive_00978,830.491060692,8.5211655439
risk_comprehensive,risk_comprehensive_00979,1025.45239332,8.97514935352
risk_comprehensive,risk_comprehensive_00980,1114.7678732,9.64252109046
risk_comprehensive,risk_comprehensive_00981,951.084868569,9.59882380719
risk_comprehensive,risk_comprehensive_00982,1198.21581442,9.76666631238
risk_comprehensive,risk_comprehensive_00983,566.864835296,9.03336636448
risk_comprehensive,risk_comprehensive_00984,1131.67719927,9.29671564746
risk_comprehensive,risk_comprehensive_00985,1003.02205777,9.68793317393
risk_comprehensive,risk_comprehensive_00986,582.126379173,8.88046490305
risk_comprehensive,risk_comprehensive_00987,1081.98455062,9.84574402411
risk_comprehensive,risk_comprehensive_00988,998.352225899,7.65121921834
risk_comprehensive,risk_comprehensive_00989,951.490168861,10.4213752239
risk_comprehensive,risk_comprehensive_00990,836.391554835,8.38674215535
risk_comprehensive,risk_comprehensive_00991,1174.6540163,10.135805723
risk_comprehensive,risk_comprehensive_00992,872.990690127,8.52930312944
risk_comprehensive,risk_comprehensive_00993,897.28327122,9.25031585033
risk_comprehensive,risk_comprehensive_00994,980.563933899,9.63426867807
risk_comprehensive,risk_comprehensive_00995,987.426975522,9.2129293168
risk_comprehensive,risk_comprehensive_00996,933.512615653,9.26283703323
risk_comprehensive,risk_comprehensive_00997,752.791585612,8.7591719081
risk_comprehensive,risk_comprehensive_00998,709.213145838,8.32075978122
risk_comprehensive,risk_comprehensive_00999,905.552500353,8.49205004396
risk_comprehensive,risk_comprehensive_01000,763.110291702,8.29886150529
risk_comprehensive,risk_comprehensive_01001,994.459428166,10.0856795595
risk_comprehensive,risk_comprehensive_01002,561.453333895,8.87190634805
risk_comprehensive,risk_comprehensive_01003,1126.75053756,9.47202068392
risk_comprehensive,risk_comprehensive_01004,975.868274714,9.31009999499
risk_comprehensive,risk_comprehensive_01005,841.795694791,8.90611960883
risk_comprehensive,risk_comprehensive_01006,672.70115494,9.32793437154
risk_comprehensive,risk_comprehensive_01007,850.026510783,8.63747899584
risk_comprehensive,risk_comprehensive_01008,1010.2765799,9.22761971059
risk_comprehensive,risk_comprehensive_01009,1032.9782384,8.7999353182
risk_comprehensive,risk_comprehensive_01010,644.079774743,9.22617455156
risk_comprehensive,risk_comprehensive_01011,679.937124479,8.16404188704
risk_comprehensive,risk_comprehensive_01012,896.611445503,9.32487302923
risk_comprehensive,risk_comprehensive_01013,701.34117619,8.66956839286
risk_comprehensive,risk_comprehensive_01014,518.497322436,9.07335208223
risk_comprehensive,risk_comprehensive_01015,1056.94095178,10.2942814004
risk_comprehensive,risk_comprehensive_01016,718.06766029,9.3891382675
risk_comprehensive,risk_comprehensive_01017,994.406493085,9.780651113
risk_comprehensive,risk_comprehensive_01018,1033.19452088,9.38690247013
risk_comprehensive,risk_comprehensive_01019,766.304313085,9.63763592903
risk_comprehensive,risk_comprehensive_01020,656.91680815,7.79863881063
risk_comprehensive,risk_comprehensive_01021,641.41697828,9.02959590218
risk_comprehensive,risk_comprehensive_01022,1050.32431698,9.73671657976
risk_comprehensive,risk_comprehensive_01023,1135.9621062,10.5092953375
risk_comprehensive,risk_comprehensive_01024,558.826918403,9.5293143232
risk_comprehensive,risk_comprehensive_01025,929.45644907,8.96479381815
risk_comprehensive,risk_comprehensive_01026,545.215506683,8.90049935534
risk_comprehensive,risk_comprehensive_01027,850.556747961,9.11320212279
risk_comprehensive,risk_comprehensive_01028,555.398512751,8.2944277831
risk_comprehensive,risk_comprehensive_01029,751.861479166,8.87505518599
risk_comprehensive,risk_comprehensive_01030,949.573608206,9.18608678656
risk_comprehensive,risk_comprehensive_01031,711.037534336,7.67962967058
risk_comprehensive,risk_comprehensive_01032,919.136906227,9.26669896576
risk_comprehensive,risk_comprehensive_01033,1061.21519485,9.09595342851
risk_comprehensive,risk_comprehensive_01034,877.710080931,8.73999769711
risk_comprehensive,risk_comprehensive_01035,1044.89321868,8.77459906671
risk_comprehensive,risk_comprehensive_01036,1172.30046092,10.7437664012
risk_comprehensive,risk_comprehensive_01037,508.822886071,8.80315339594
risk_comprehensive,risk_comprehensive_01038,948.999925505,8.1870227247
risk_comprehensive,risk_comprehensive_01039,699.304275958,8.00394913044
risk_comprehensive,risk_comprehensive_01040,821.150534631,8.2855836843
risk_comprehensive,risk_comprehensive_01041,608.480472023,9.39362322205
risk_comprehensive,risk_comprehensive_01042,1151.29852455,10.4578529394
risk_comprehensive,risk_comprehensive_01043,615.055877407,8.83148234302
risk_comprehensive,risk_comprehensive_01044,848.933408262,9.518812937
risk_comprehensive,risk_comprehensive_01045,810.813900339,8.71800486475
risk_comprehensive,risk_comprehensive_01046,998.585299719,9.62200849365
risk_comprehensive,risk_comprehensive_01047,696.699214717,7.89294165082
risk_comprehensive,risk_comprehensive_01048,633.312323075,8.94430520617
risk_comprehensive,risk_comprehensive_01049,1051.95462023,9.17670973054
risk_comprehensive,risk_comprehensive_01050,976.009960301,9.03195249386
risk_comprehensive,risk_comprehensive_01051,718.912522517,8.83209687964
risk_comprehensive,risk_comprehensive_01052,784.791473347,8.14529846696
risk_comprehensive,risk_comprehensive_01053,616.780794077,9.04469499044
risk_comprehensive,risk_comprehensive_01054,1150.77779939,9.1908389272
risk_comprehensive,risk_comprehensive_01055,917.357160748,9.11070991167
risk_comprehensive,risk_comprehensive_01056,888.800257291,9.80221056413
risk_comprehensive,risk_comprehensive_01057,691.667108319,8.76596602239
risk_comprehensive,risk_comprehensive_01058,528.933144857,7.94968559327
risk_comprehensive,risk_comprehensive_01059,963.414984627,9.5170784152
risk_comprehensive,risk_comprehensive_01060,735.680631112,8.39110380932
risk_comprehensive,risk_comprehensive_01061,963.994270603,9.16529482561
risk_comprehensive,risk_comprehensive_01062,699.890245653,7.95080471577
risk_comprehensive,risk_comprehensive_01063,618.940134378,9.76861754216
risk_comprehensive,risk_comprehensive_01064,1003.87897306,9.62109875308
risk_comprehensive,risk_comprehensive_01065,768.082764677,8.27782421342
risk_comprehensive,risk_comprehensive_01066,835.112748597,8.49062178377
risk_comprehensive,risk_comprehensive_01067,892.575179362,8.93625343254
risk_comprehensive,risk_comprehensive_01068,833.053728873,8.41430331547
risk_comprehensive,risk_comprehensive_01069,1099.88135163,10.221660408
risk_comprehensive,risk_comprehensive_01070,1087.51586358,9.68964436509
risk_comprehensive,risk_comprehensive_01071,725.076838665,7.92990930186
risk_comprehensive,risk_comprehensive_01072,1002.72138726,10.0917710615
risk_comprehensive,risk_comprehensive_01073,619.889881276,8.9385734001
risk_comprehensive,risk_comprehensive_01074,1046.70768294,10.3688157396
risk_comprehensive,risk_comprehensive_01075,729.455738841,8.85885598496
risk_comprehensive,risk_comprehensive_01076,662.411728129,7.87266264088
risk_comprehensive,risk_comprehensive_01077,980.201789126,9.43603387152
risk_comprehensive,risk_comprehensive_01078,801.524704981,9.3188666559
risk_comprehensive,risk_comprehensive_01079,834.10478512,9.9638966543
risk_comprehensive,risk_comprehensive_01080,664.807819648,8.68114462674
risk_comprehensive,risk_comprehensive_01081,630.469270164,9.2727309793
risk_comprehensive,risk_comprehensive_01082,1040.58867128,9.54497806729
risk_comprehensive,risk_comprehensive_01083,671.582277751,8.36482583387
risk_comprehensive,risk_comprehensive_01084,719.649906282,8.73819951268
risk_comprehensive,risk_comprehensive_01085,1161.55861821,9.37468146264
risk_comprehensive,risk_comprehensive_01086,696.840074003,9.1741274704
risk_comprehensive,risk_comprehensive_01087,973.844419994,9.78144162761
risk_comprehensive,risk_comprehensive_01088,818.785486466,9.46669897703
risk_comprehensive,risk_comprehensive_01089,682.419782591,8.79098205739
risk_comprehensive,risk_comprehensive_01090,1190.39855753,9.16739685107
risk_comprehensive,risk_comprehensive_01091,714.061658506,9.82526333836
risk_comprehensive,risk_comprehensive_01092,892.974439076,9.83265130851
risk_comprehensive,risk_comprehensive_01093,554.643497585,8.73798487874
risk_comprehensive,risk_comprehensive_01094,642.347089003,9.47093338587
risk_comprehensive,risk_comprehensive_01095,820.751222233,8.7206610386
risk_comprehensive,risk_comprehensive_01096,1118.15830879,11.1974234639
risk_comprehensive,risk_comprehensive_01097,932.908224651,9.56158306064
risk_comprehensive,risk_comprehensive_01098,1005.93080608,9.35567325396
risk_comprehensive,risk_comprehensive_01099,897.54007196,9.10596768198
risk_comprehensive,risk_comprehensive_01100,1114.37130946,10.0908939936
risk_comprehensive,risk_comprehensive_01101,523.34431722,9.31494543333
risk_comprehensive,risk_comprehensive_01102,859.493925288,8.35239169486
risk_comprehensive,risk_comprehensive_01103,701.053441381,8.71623659184
risk_comprehensive,risk_comprehensive_01104,911.92520964,8.71731875676
risk_comprehensive,risk_comprehensive_01105,691.030577697,8.57258994111
risk_comprehensive,risk_comprehensive_01106,826.537678331,8.14581705504
risk_comprehensive,risk_comprehensive_01107,970.212294913,8.91648043604
risk_comprehensive,risk_comprehensive_01108,1091.25318676,9.31154001911
risk_comprehensive,risk_comprehensive_01109,745.679533713,8.481164116
risk_comprehensive,risk_comprehensive_01110,1188.04576776,9.81834644619
risk_comprehensive,risk_comprehensive_01111,911.384085127,9.06929123845
risk_comprehensive,risk_comprehensive_01112,1065.69002155,8.90378531573
risk_comprehensive,risk_comprehensive_01113,668.19650553,8.51109834391
risk_comprehensive,risk_comprehensive_01114,643.132169363,8.82902393001
risk_comprehensive,risk_comprehensive_01115,1187.08254129,9.92418585189
risk_comprehensive,risk_comprehensive_01116,920.601933949,9.25088933
risk_comprehensive,risk_comprehensive_01117,1080.91043262,9.17617888657
risk_comprehensive,risk_comprehensive_01118,609.378128056,9.19043483614
risk_comprehensive,risk_comprehensive_01119,902.138425277,9.18957666625
risk_comprehensive,risk_comprehensive_01120,988.20110702,10.4866929619
risk_comprehensive,risk_comprehensive_01121,967.242982333,8.80695498325
risk_comprehensive,risk_comprehensive_01122,654.714322398,8.67103486655
risk_comprehensive,risk_comprehensive_01123,897.309637007,9.12782792612
risk_comprehensive,risk_comprehensive_01124,1029.558713,8.25610872753
risk_comprehensive,risk_comprehensive_01125,916.730714141,9.07916678515
risk_comprehensive,risk_comprehensive_01126,684.728322458,8.49891459267
risk_comprehensive,risk_comprehensive_01127,581.492180156,9.05355530552
risk_comprehensive,risk_comprehensive_01128,657.285887958,8.00602590024
risk_comprehensive,risk_comprehensive_01129,538.947628545,8.45228046174
risk_comprehensive,risk_comprehensive_01130,592.94508517,7.9547444174
risk_comprehensive,risk_comprehensive_01131,1124.24721476,9.16358882838
risk_comprehensive,risk_comprehensive_01132,1167.62727259,10.5126524946
risk_comprehensive,risk_comprehensive_01133,912.357893038,9.06052482664
risk_comprehensive,risk_comprehensive_01134,950.384426301,8.977552885
risk_comprehensive,risk_comprehensive_01135,1009.43653169,8.90311397504
risk_comprehensive,risk_comprehensive_01136,513.772574637,8.87304472455
risk_comprehensive,risk_comprehensive_01137,924.263638068,10.8549928198
risk_comprehensive,risk_comprehensive_01138,773.852542638,9.10544689505
risk_comprehensive,risk_comprehensive_01139,572.630536901,9.6150423822
risk_comprehensive,risk_comprehensive_01140,693.26512068,9.04875077314
risk_comprehensive,risk_comprehensive_01141,970.455620392,8.69558750397
risk_comprehensive,risk_comprehensive_01142,782.545685716,8.21104895411
risk_comprehensive,risk_comprehensive_01143,705.397593037,7.80840091234
risk_comprehensive,risk_comprehensive_01144,934.706367358,8.69656902992
risk_comprehensive,risk_comprehensive_01145,999.783707802,8.40325748393
risk_comprehensive,risk_comprehensive_01146,554.912177493,7.83333585553
risk_comprehensive,risk_comprehensive_01147,564.709712388,8.64393700793
risk_comprehensive,risk_comprehensive_01148,771.95332803,8.24448024302
risk_comprehensive,risk_comprehensive_01149,576.451908884,9.63908523885
risk_comprehensive,risk_comprehensive_01150,730.745768032,9.7681409705
risk_comprehensive,risk_comprehensive_01151,1195.82288361,10.1485939453
risk_comprehensive,risk_comprehensive_01152,501.178391305,8.22493235313
risk_comprehensive,risk_comprehensive_01153,1162.2429073,9.44361847131
risk_comprehensive,risk_comprehensive_01154,897.638753857,9.55310142063
risk_comprehensive,risk_comprehensive_01155,751.580981372,8.832257619
risk_comprehensive,risk_comprehensive_01156,673.558791871,9.13534894626
risk_comprehensive,risk_comprehensive_01157,819.308657483,8.83001096292
risk_comprehensive,risk_comprehensive_01158,511.03095295,7.36898437864
risk_comprehensive,risk_comprehensive_01159,739.435466069,9.6285388915
risk_comprehensive,risk_comprehensive_01160,759.397315,7.75752854943
risk_comprehensive,risk_comprehensive_01161,1055.68598178,9.76381841264
risk_comprehensive,risk_comprehensive_01162,943.778501754,9.01983116521
risk_comprehensive,risk_comprehensive_01163,656.540602907,8.79613226137
risk_comprehensive,risk_comprehensive_01164,910.579345791,8.67787084684
risk_comprehensive,risk_comprehensive_01165,886.149362982,9.27974336425
risk_comprehensive,risk_comprehensive_01166,782.404888581,8.80673859559
risk_comprehensive,risk_comprehensive_01167,587.01924455,9.06626489712
risk_comprehensive,risk_comprehensive_01168,846.080483822,9.43202574352
risk_comprehensive,risk_comprehensive_01169,883.625307624,8.84137617091
risk_comprehensive,risk_comprehensive_01170,657.696978111,9.01564295281
risk_comprehensive,risk_comprehensive_01171,540.273740517,8.59581423326
risk_comprehensive,risk_comprehensive_01172,851.268791325,8.70860201904
risk_comprehensive,risk_comprehensive_01173,534.808377882,8.41645908176
risk_comprehensive,risk_comprehensive_01174,526.494035414,9.17976243272
risk_comprehensive,risk_comprehensive_01175,717.97461714,8.96119589264
risk_comprehensive,risk_comprehensive_01176,555.669003279,8.72995136215
risk_comprehensive,risk_comprehensive_01177,530.357170943,8.7882523954
risk_comprehensive,risk_comprehensive_01178,614.764870882,8.3071966124
risk_comprehensive,risk_comprehensive_01179,669.635815902,8.35265886273
risk_comprehensive,risk_comprehensive_01180,620.344499114,9.09785471721
risk_comprehensive,risk_comprehensive_01181,902.978064031,8.8556544267
risk_comprehensive,risk_comprehensive_01182,752.98042276,8.73889244221
risk_comprehensive,risk_comprehensive_01183,876.707282303,8.98848177144
risk_comprehensive,risk_comprehensive_01184,745.90827234,9.6063624925
risk_comprehensive,risk_comprehensive_01185,678.017577213,8.78806559694
risk_comprehensive,risk_comprehensive_01186,564.701921411,8.13719676706
risk_comprehensive,risk_comprehensive_01187,1131.63973281,8.94184009168
risk_comprehensive,risk_comprehensive_01188,1012.6095308,8.51032527489
risk_comprehensive,risk_comprehensive_01189,715.158139633,8.30887719504
risk_comprehensive,risk_comprehensive_01190,1111.73561142,9.02323126691
risk_comprehensive,risk_comprehensive_01191,1062.65409023,9.93296394878
risk_comprehensive,risk_comprehensive_01192,879.879814029,9.15553954286
risk_comprehensive,risk_comprehensive_01193,660.121290414,8.90810536082
risk_comprehensive,risk_comprehensive_01194,826.970799313,8.34901336036
risk_comprehensive,risk_comprehensive_01195,869.407841039,9.02687882459
risk_comprehensive,risk_comprehensive_01196,913.704700618,8.60701749081
risk_comprehensive,risk_comprehensive_01197,820.669825533,8.70913577732
risk_comprehensive,risk_comprehensive_01198,795.727394152,9.14228319478
risk_comprehensive,risk_comprehensive_01199,1189.16547148,9.45051870961
risk_comprehensive,risk_comprehensive_01200,685.43568051,8.49485507424
risk_comprehensive,risk_comprehensive_01201,672.995062963,7.86292446781
risk_comprehensive,risk_comprehensive_01202,985.985710878,9.22491877078
risk_comprehensive,risk_comprehensive_01203,980.136755929,9.37890711565
risk_comprehensive,risk_comprehensive_01204,605.814020829,8.94503158562
risk_comprehensive,risk_comprehensive_01205,902.800376408,9.09443168849
risk_comprehensive,risk_comprehensive_01206,950.72754266,8.23358089897
risk_comprehensive,risk_comprehensive_01207,527.48229202,8.12708248237
risk_comprehensive,risk_comprehensive_01208,903.196937692,9.62678488344
risk_comprehensive,risk_comprehensive_01209,1035.21531009,9.48555006628
risk_comprehensive,risk_comprehensive_01210,1082.33466275,10.3695667656
risk_comprehensive,risk_comprehensive_01211,937.499098936,8.50276366104
risk_comprehensive,risk_comprehensive_01212,941.855564187,9.03523822508
risk_comprehensive,risk_comprehensive_01213,915.727150884,9.21268635106
risk_comprehensive,risk_comprehensive_01214,728.596556889,8.74770155667
risk_comprehensive,risk_comprehensive_01215,1170.28243302,9.7175734908
risk_comprehensive,risk_comprehensive_01216,855.555743615,7.54213129036
risk_comprehensive,risk_comprehensive_01217,511.396910419,9.56236562244
risk_comprehensive,risk_comprehensive_01218,1172.95172047,9.41731740338
risk_comprehensive,risk_comprehensive_01219,1032.89835045,9.30909778682
risk_comprehensive,risk_comprehensive_01220,817.609715966,8.70647325575
risk_comprehensive,risk_comprehensive_01221,649.275473822,8.38697281791
risk_comprehensive,risk_comprehensive_01222,541.20403855,8.74962866502
risk_comprehensive,risk_comprehensive_01223,850.128537136,9.69113872569
risk_comprehensive,risk_comprehensive_01224,702.617158985,9.08727656827
risk_comprehensive,risk_comprehensive_01225,1139.24224822,10.0531391257
risk_comprehensive,risk_comprehensive_01226,1140.3463629,9.04475235853
risk_comprehensive,risk_comprehensive_01227,573.162526462,8.30450887132
risk_comprehensive,risk_comprehensive_01228,742.597513538,7.90061585018
risk_comprehensive,risk_comprehensive_01229,1037.80711874,9.31721543361
risk_comprehensive,risk_comprehensive_01230,952.009282207,9.25493627406
risk_comprehensive,risk_comprehensive_01231,500.933413054,9.62315881342
risk_comprehensive,risk_comprehensive_01232,624.25546683,8.74146497583
risk_comprehensive,risk_comprehensive_01233,1013.21739422,10.2007013023
risk_comprehensive,risk_comprehensive_01234,541.236368037,8.91256835449
risk_comprehensive,risk_comprehensive_01235,712.428815024,8.76152159895
risk_comprehensive,risk_comprehensive_01236,943.76568093,9.2275392351
risk_comprehensive,risk_comprehensive_01237,580.088800301,8.36065451595
risk_comprehensive,risk_comprehensive_01238,962.060610141,9.44746708399
risk_comprehensive,risk_comprehensive_01239,549.197868024,8.50409724198
risk_comprehensive,risk_comprehensive_01240,1024.26676319,9.8863650185
risk_comprehensive,risk_comprehensive_01241,539.488081527,9.54120748198
risk_comprehensive,risk_comprehensive_01242,587.132859817,8.54943975987
risk_comprehensive,risk_comprehensive_01243,712.077160695,8.90490990558
risk_comprehensive,risk_comprehensive_01244,1093.20250925,9.44870162709
risk_comprehensive,risk_comprehensive_01245,609.903461951,9.4001520891
risk_comprehensive,risk_comprehensive_01246,616.271061576,9.05090697962
risk_comprehensive,risk_comprehensive_01247,514.75959616,8.59673253272
risk_comprehensive,risk_comprehensive_01248,1065.22609675,8.78906185451
risk_comprehensive,risk_comprehensive_01249,689.486633223,8.46788310643
risk_comprehensive,risk_comprehensive_01250,634.743843634,8.75002854636
risk_comprehensive,risk_comprehensive_01251,1145.23291353,10.5504517311
risk_comprehensive,risk_comprehensive_01252,666.945549241,8.33761597819
risk_comprehensive,risk_comprehensive_01253,543.779235331,8.42609156267
risk_comprehensive,risk_comprehensive_01254,1117.89617009,9.99191670487
risk_comprehensive,risk_comprehensive_01255,982.23129935,10.4834462062
risk_comprehensive,risk_comprehensive_01256,633.288241664,9.01752927119
risk_comprehensive,risk_comprehensive_01257,797.513183725,8.69343205654
risk_comprehensive,risk_comprehensive_01258,971.592596221,10.363835297
risk_comprehensive,risk_comprehensive_01259,788.976334735,8.95858697573
risk_comprehensive,risk_comprehensive_01260,617.290470968,9.25131260407
risk_comprehensive,risk_comprehensive_01261,1179.56074577,9.9291515254
risk_comprehensive,risk_comprehensive_01262,1077.1958783,10.2698325355
risk_comprehensive,risk_comprehensive_01263,551.201200466,8.94762266509
risk_comprehensive,risk_comprehensive_01264,588.559201695,9.48353488461
risk_comprehensive,risk_comprehensive_01265,1165.33826549,9.91202756733
risk_comprehensive,risk_comprehensive_01266,537.816756131,8.09997992962
risk_comprehensive,risk_comprehensive_01267,819.185773856,8.02579171099
risk_comprehensive,risk_comprehensive_01268,983.211807426,8.77908813821
risk_comprehensive,risk_comprehensive_01269,834.159273415,8.43382804765
risk_comprehensive,risk_comprehensive_01270,527.118815162,9.67723854709
risk_comprehensive,risk_comprehensive_01271,510.632787593,8.47676380843
risk_comprehensive,risk_comprehensive_01272,799.553241837,8.38431988111
risk_comprehensive,risk_comprehensive_01273,1182.07970149,10.0248321655
risk_comprehensive,risk_comprehensive_01274,1199.01275256,10.4784667049
risk_comprehensive,risk_comprehensive_01275,1018.4364079,9.54091768503
risk_comprehensive,risk_comprehensive_01276,1123.91546132,9.08713001982
risk_comprehensive,risk_comprehensive_01277,916.810096701,8.4492328672
risk_comprehensive,risk_comprehensive_01278,614.38420599,9.16865013285
risk_comprehensive,risk_comprehensive_01279,1183.74530977,9.22119991306
risk_comprehensive,risk_comprehensive_01280,1067.29978579,9.34284976005
risk_comprehensive,risk_comprehensive_01281,1073.93178061,9.33474852723
risk_comprehensive,risk_comprehensive_01282,1020.88519375,9.65243221796
risk_comprehensive,risk_comprehensive_01283,1120.24952863,9.31367956889
risk_comprehensive,risk_comprehensive_01284,501.401283398,8.31088387692
risk_comprehensive,risk_comprehensive_01285,1111.40950526,10.4361348446
risk_comprehensive,risk_comprehensive_01286,879.974226307,8.70963870675
risk_comprehensive,risk_comprehensive_01287,658.092343874,8.83503137162
risk_comprehensive,risk_comprehensive_01288,1101.58444172,10.1101601454
risk_comprehensive,risk_comprehensive_01289,689.657949621,8.31758964613
risk_comprehensive,risk_comprehensive_01290,711.97893958,8.88794328565
risk_comprehensive,risk_comprehensive_01291,586.650945171,9.0847379448
risk_comprehensive,risk_comprehensive_01292,585.947620041,8.8326243859
risk_comprehensive,risk_comprehensive_01293,1197.43480366,10.7552931627
risk_comprehensive,risk_comprehensive_01294,1004.17912071,9.24913074515
risk_comprehensive,risk_comprehensive_01295,1099.41668548,8.91210253669
risk_comprehensive,risk_comprehensive_01296,585.936587586,8.91834084165
risk_comprehensive,risk_comprehensive_01297,760.242183783,8.28591538238
risk_comprehensive,risk_comprehensive_01298,698.267158813,9.18179155712
risk_comprehensive,risk_comprehensive_01299,630.551682939,9.46356045184
risk_comprehensive,risk_comprehensive_01300,773.126192143,9.62557847944
risk_comprehensive,risk_comprehensive_01301,1130.9085436,8.94250919286
risk_comprehensive,risk_comprehensive_01302,926.857513343,9.43237099383
risk_comprehensive,risk_comprehensive_01303,778.524113354,8.97608406645
risk_comprehensive,risk_comprehensive_01304,914.115845992,8.99579310172
risk_comprehensive,risk_comprehensive_01305,1016.47892598,8.46524219862
risk_comprehensive,risk_comprehensive_01306,1167.99873052,8.77499886834
risk_comprehensive,risk_comprehensive_01307,1132.40111183,9.89408464258
risk_comprehensive,risk_comprehensive_01308,1009.90914565,10.105117504
risk_comprehensive,risk_comprehensive_01309,759.406503621,8.87419329559
risk_comprehensive,risk_comprehensive_01310,1173.36768432,10.4609180396
risk_comprehensive,risk_comprehensive_01311,551.53227604,8.7756716922
risk_comprehensive,risk_comprehensive_01312,553.309505973,9.49766120786
risk_comprehensive,risk_comprehensive_01313,694.060409743,8.35148275692
risk_comprehensive,risk_comprehensive_01314,902.19008782,9.2828912618
risk_comprehensive,risk_comprehensive_01315,659.573001422,8.63736802809
risk_comprehensive,risk_comprehensive_01316,1036.39342948,10.156471054
risk_comprehensive,risk_comprehensive_01317,673.372555293,9.09130594108
risk_comprehensive,risk_comprehensive_01318,607.711441197,8.67415966421
risk_comprehensive,risk_comprehensive_01319,703.532702059,9.38580994329
risk_comprehensive,risk_comprehensive_01320,705.164013584,9.00961257044
risk_comprehensive,risk_comprehensive_01321,958.733453126,8.33257997554
risk_comprehensive,risk_comprehensive_01322,817.229776927,9.01758329058
risk_comprehensive,risk_comprehensive_01323,1110.05339555,10.9062226564
risk_comprehensive,risk_comprehensive_01324,1029.33471264,10.1922458185
risk_comprehensive,risk_comprehensive_01325,775.013900008,8.49261582175
risk_comprehensive,risk_comprehensive_01326,588.635185587,8.24530044077
risk_comprehensive,risk_comprehensive_01327,714.938038751,8.61400492261
risk_comprehensive,risk_comprehensive_01328,556.532174327,8.85809919954
risk_comprehensive,risk_comprehensive_01329,813.084742847,8.45601006713
risk_comprehensive,risk_comprehensive_01330,931.896553259,8.82112313323
risk_comprehensive,risk_comprehensive_01331,1180.85921972,9.01339932868
risk_comprehensive,risk_comprehensive_01332,853.813955149,7.77687949685
risk_comprehensive,risk_comprehensive_01333,713.574881474,8.71327147561
risk_comprehensive,risk_comprehensive_01334,1174.67933545,10.3235045632
risk_comprehensive,risk_comprehensive_01335,910.562295782,7.82320436115
risk_comprehensive,risk_comprehensive_01336,827.971739157,8.14319537935
risk_comprehensive,risk_comprehensive_01337,771.585588029,8.33234658217
risk_comprehensive,risk_comprehensive_01338,824.668418892,8.84282955948
risk_comprehensive,risk_comprehensive_01339,689.054763377,8.60943000052
risk_comprehensive,risk_comprehensive_01340,591.483631447,8.92372461609
risk_comprehensive,risk_comprehensive_01341,966.05086567,8.76909762012
risk_comprehensive,risk_comprehensive_01342,964.445682718,8.70392951647
risk_comprehensive,risk_comprehensive_01343,1071.40503271,10.4441010634
risk_comprehensive,risk_comprehensive_01344,863.231342968,9.89331063402
risk_comprehensive,risk_comprehensive_01345,600.702013156,9.3400122816
risk_comprehensive,risk_comprehensive_01346,1186.28114467,9.43880881632
risk_comprehensive,risk_comprehensive_01347,607.526648118,9.33299014032
risk_comprehensive,risk_comprehensive_01348,776.064838309,7.60645756115
risk_comprehensive,risk_comprehensive_01349,1121.80626036,9.2982531757
risk_comprehensive,risk_comprehensive_01350,1175.59256396,9.23831787139
risk_comprehensive,risk_comprehensive_01351,672.530745274,8.59563504885
risk_comprehensive,risk_comprehensive_01352,640.81426735,9.37233035437
risk_comprehensive,risk_comprehensive_01353,870.955167876,8.17129205441
risk_comprehensive,risk_comprehensive_01354,665.306788469,9.36005028309
risk_comprehensive,risk_comprehensive_01355,569.195771738,8.97011556146
risk_comprehensive,risk_comprehensive_01356,721.232016041,9.02916174382
risk_comprehensive,risk_comprehensive_01357,1141.97182416,9.32129156932
risk_comprehensive,risk_comprehensive_01358,952.665188482,8.6268107256
risk_comprehensive,risk_comprehensive_01359,1175.03530808,9.99562884439
risk_comprehensive,risk_comprehensive_01360,779.337434901,8.94117506753
risk_comprehensive,risk_comprehensive_01361,1059.1039323,8.75656945505
risk_comprehensive,risk_comprehensive_01362,943.609524938,9.08128406178
risk_comprehensive,risk_comprehensive_01363,1176.32876827,9.67903540782
risk_comprehensive,risk_comprehensive_01364,983.04067523,9.0106581939
risk_comprehensive,risk_comprehensive_01365,558.71985526,9.48926273502
risk_comprehensive,risk_comprehensive_01366,968.048856585,9.43287651533
risk_comprehensive,risk_comprehensive_01367,990.586876959,8.85499902201
risk_comprehensive,risk_comprehensive_01368,801.009364185,8.99842693362
risk_comprehensive,risk_comprehensive_01369,640.432300403,9.05583005763
risk_comprehensive,risk_comprehensive_01370,1094.36155025,9.18686005544
risk_comprehensive,risk_comprehensive_01371,1102.021249,9.51186830826
risk_comprehensive,risk_comprehensive_01372,671.24407808,9.153390116
risk_comprehensive,risk_comprehensive_01373,1017.53414284,9.29397446628
risk_comprehensive,risk_comprehensive_01374,926.272676804,9.18195980256
risk_comprehensive,risk_comprehensive_01375,796.932265178,7.65763045168
risk_comprehensive,risk_comprehensive_01376,623.157622535,8.81305302303
risk_comprehensive,risk_comprehensive_01377,1163.94517789,8.36257945401
risk_comprehensive,risk_comprehensive_01378,930.620685005,7.89622685096
risk_comprehensive,risk_comprehensive_01379,793.478209076,9.05131684727
risk_comprehensive,risk_comprehensive_01380,778.215180326,9.0293628183
risk_comprehensive,risk_comprehensive_01381,542.103209454,8.6131114706
risk_comprehensive,risk_comprehensive_01382,1196.24029572,10.0791161563
risk_comprehensive,risk_comprehensive_01383,725.704760837,8.42120455726
risk_comprehensive,risk_comprehensive_01384,857.29075622,8.61217843669
risk_comprehensive,risk_comprehensive_01385,1107.1095605,9.84836068627
risk_comprehensive,risk_comprehensive_01386,796.871135299,8.26225651982
risk_comprehensive,risk_comprehensive_01387,1110.95757788,9.52618728837
risk_comprehensive,risk_comprehensive_01388,1047.57791473,10.6021366357
risk_comprehensive,risk_comprehensive_01389,857.842468192,7.76555639594
risk_comprehensive,risk_comprehensive_01390,521.067089542,9.5286171962
risk_comprehensive,risk_comprehensive_01391,522.628439676,8.07265129174
risk_comprehensive,risk_comprehensive_01392,956.303547456,8.19333887979
risk_comprehensive,risk_comprehensive_01393,508.282679074,8.79196155679
risk_comprehensive,risk_comprehensive_01394,1065.97882938,9.18185475095
risk_comprehensive,risk_comprehensive_01395,1190.21129442,9.52428255551
risk_comprehensive,risk_comprehensive_01396,528.693058464,9.88322823519
risk_comprehensive,risk_comprehensive_01397,767.316299865,8.64641678061
risk_comprehensive,risk_comprehensive_01398,1134.58244883,9.06646483488
risk_comprehensive,risk_comprehensive_01399,1104.23313366,9.75038101284
risk_comprehensive,risk_comprehensive_01400,741.117865662,8.83484251187
risk_comprehensive,risk_comprehensive_01401,1177.70554912,9.14114036043
risk_comprehensive,risk_comprehensive_01402,615.511743731,8.19104222238
risk_comprehensive,risk_comprehensive_01403,630.199859178,8.48631816839
risk_comprehensive,risk_comprehensive_01404,720.349117813,8.58714583835
risk_comprehensive,risk_comprehensive_01405,824.327008321,8.19869008239
risk_comprehensive,risk_comprehensive_01406,960.172032658,9.03185584344
risk_comprehensive,risk_comprehensive_01407,506.327434599,9.02481393102
risk_comprehensive,risk_comprehensive_01408,520.572966826,8.26495886487
risk_comprehensive,risk_comprehensive_01409,549.354103217,8.54836801726
risk_comprehensive,risk_comprehensive_01410,889.915385168,9.5482913156
risk_comprehensive,risk_comprehensive_01411,995.880525626,8.87350204535
risk_comprehensive,risk_comprehensive_01412,904.504723431,8.19560061981
risk_comprehensive,risk_comprehensive_01413,599.34351703,8.9560402908
risk_comprehensive,risk_comprehensive_01414,518.761660055,9.46706039197
risk_comprehensive,risk_comprehensive_01415,985.257379739,9.83428956224
risk_comprehensive,risk_comprehensive_01416,889.038003772,9.12590099917
risk_comprehensive,risk_comprehensive_01417,691.7168893,8.61453799967
risk_comprehensive,risk_comprehensive_01418,712.946644055,9.93258039762
risk_comprehensive,risk_comprehensive_01419,1155.43359679,9.31879178428
risk_comprehensive,risk_comprehensive_01420,1101.64854172,10.0973819597
risk_comprehensive,risk_comprehensive_01421,800.148132578,9.65315484042
risk_comprehensive,risk_comprehensive_01422,640.03761831,9.79806246482
risk_comprehensive,risk_comprehensive_01423,877.565900017,9.11068275683
risk_comprehensive,risk_comprehensive_01424,582.404581091,9.14005534728
risk_comprehensive,risk_comprehensive_01425,1185.34714689,9.60029846327
risk_comprehensive,risk_comprehensive_01426,723.136129781,8.57864873461
risk_comprehensive,risk_comprehensive_01427,1025.44055869,9.67042827541
risk_comprehensive,risk_comprehensive_01428,868.529562019,8.95587202464
risk_comprehensive,risk_comprehensive_01429,955.997714414,9.84331868447
risk_comprehensive,risk_comprehensive_01430,919.606567281,9.12157699447
risk_comprehensive,risk_comprehensive_01431,552.556485836,8.71663758293
risk_comprehensive,risk_comprehensive_01432,673.155132483,8.30531225948
risk_comprehensive,risk_comprehensive_01433,607.148043972,8.61280315736
risk_comprehensive,risk_comprehensive_01434,1111.27284515,10.4204087589
risk_comprehensive,risk_comprehensive_01435,894.532375693,8.44256275256
risk_comprehensive,risk_comprehensive_01436,1102.17171664,9.05201195029
risk_comprehensive,risk_comprehensive_01437,1196.08936504,9.89911393565
risk_comprehensive,risk_comprehensive_01438,987.032966311,9.18574092488
risk_comprehensive,risk_comprehensive_01439,596.087241977,8.70978810277
risk_comprehensive,risk_comprehensive_01440,582.948548011,8.00264657647
risk_comprehensive,risk_comprehensive_01441,546.798239166,9.47978785542
risk_comprehensive,risk_comprehensive_01442,558.553322494,8.24706822922
risk_comprehensive,risk_comprehensive_01443,828.947756204,8.34811776075
risk_comprehensive,risk_comprehensive_01444,971.854601293,8.78181089325
risk_comprehensive,risk_comprehensive_01445,969.183883177,8.80297290894
risk_comprehensive,risk_comprehensive_01446,737.644668585,8.88497333098
risk_comprehensive,risk_comprehensive_01447,998.580270455,9.54337732984
risk_comprehensive,risk_comprehensive_01448,596.199763784,9.09501336074
risk_comprehensive,risk_comprehensive_01449,930.903530504,9.04596972921
risk_comprehensive,risk_comprehensive_01450,1191.70664715,10.7419835482
risk_comprehensive,risk_comprehensive_01451,1074.36072811,8.89591183702
risk_comprehensive,risk_comprehensive_01452,749.143470128,7.97529933056
risk_comprehensive,risk_comprehensive_01453,644.276949294,8.90144821366
risk_comprehensive,risk_comprehensive_01454,545.049537705,8.8783382955
risk_comprehensive,risk_comprehensive_01455,698.272997523,8.27432587115
risk_comprehensive,risk_comprehensive_01456,1178.84483723,9.41377749769
risk_comprehensive,risk_comprehensive_01457,835.950488652,9.01423680302
risk_comprehensive,risk_comprehensive_01458,1157.48717958,9.68232388193
risk_comprehensive,risk_comprehensive_01459,861.532125138,8.75725823805
risk_comprehensive,risk_comprehensive_01460,884.365967506,9.19232419668
risk_comprehensive,risk_comprehensive_01461,986.138706789,9.50498756421
risk_comprehensive,risk_comprehensive_01462,784.119805963,8.45338311628
risk_comprehensive,risk_comprehensive_01463,584.401974406,10.0232884316
risk_comprehensive,risk_comprehensive_01464,646.568464582,8.0409465801
risk_comprehensive,risk_comprehensive_01465,875.676961161,9.20251838584
risk_comprehensive,risk_comprehensive_01466,1111.07457329,10.5615099261
risk_comprehensive,risk_comprehensive_01467,905.41949336,9.4826507301
risk_comprehensive,risk_comprehensive_01468,1045.9326509,9.27340960978
risk_comprehensive,risk_comprehensive_01469,986.77052054,9.49020749523
risk_comprehensive,risk_comprehensive_01470,606.029822294,8.98382469342
risk_comprehensive,risk_comprehensive_01471,828.533614746,8.84449926303
risk_comprehensive,risk_comprehensive_01472,993.678658253,8.20761194122
risk_comprehensive,risk_comprehensive_01473,805.875628137,7.96039395555
risk_comprehensive,risk_comprehensive_01474,1163.77017572,9.93569866852
risk_comprehensive,risk_comprehensive_01475,705.259317022,8.69314629117
risk_comprehensive,risk_comprehensive_01476,635.25171481,9.69151664598
risk_comprehensive,risk_comprehensive_01477,752.018656321,8.57149314516
risk_comprehensive,risk_comprehensive_01478,1132.34610393,8.40862619229
risk_comprehensive,risk_comprehensive_01479,1070.86750399,9.54294818354
risk_comprehensive,risk_comprehensive_01480,819.352922018,8.3363642966
risk_comprehensive,risk_comprehensive_01481,860.270255033,9.01843419013
risk_comprehensive,risk_comprehensive_01482,750.560757612,8.19570815631
risk_comprehensive,risk_comprehensive_01483,1066.07359297,9.43615682173
risk_comprehensive,risk_comprehensive_01484,995.516193013,9.37272558234
risk_comprehensive,risk_comprehensive_01485,1193.34571404,9.73882157518
risk_comprehensive,risk_comprehensive_01486,887.021921299,9.19051412653
risk_comprehensive,risk_comprehensive_01487,593.006751473,7.913511826
risk_comprehensive,risk_comprehensive_01488,950.272685544,8.4114921626
risk_comprehensive,risk_comprehensive_01489,679.044721472,7.10856654115
risk_comprehensive,risk_comprehensive_01490,524.140917063,8.87876103827
risk_comprehensive,risk_comprehensive_01491,966.696438139,9.32257827755
risk_comprehensive,risk_comprehensive_01492,1049.29897333,10.1163586487
risk_comprehensive,risk_comprehensive_01493,1014.629154,9.74343027851
risk_comprehensive,risk_comprehensive_01494,716.195026283,9.88192200241
risk_comprehensive,risk_comprehensive_01495,892.389127114,9.72408271858
risk_comprehensive,risk_comprehensive_01496,794.983416565,9.28529796437
risk_comprehensive,risk_comprehensive_01497,591.036208469,7.78338045003
risk_comprehensive,risk_comprehensive_01498,600.215752924,8.77785329245
risk_comprehensive,risk_comprehensive_01499,535.566665288,8.0183914862
risk_comprehensive,risk_comprehensive_01500,1099.0996076,9.24857163718
risk_comprehensive,risk_comprehensive_01501,524.506891771,8.61196191827
risk_comprehensive,risk_comprehensive_01502,1166.66138656,9.58510377315
risk_comprehensive,risk_comprehensive_01503,551.751421571,8.39625374949
risk_comprehensive,risk_comprehensive_01504,779.193857066,8.52317545902
risk_comprehensive,risk_comprehensive_01505,515.565468659,7.51452234237
risk_comprehensive,risk_comprehensive_01506,677.175596956,8.9912865199
risk_comprehensive,risk_comprehensive_01507,920.663603239,8.84628105924
risk_comprehensive,risk_comprehensive_01508,822.451172234,9.1797377768
risk_comprehensive,risk_comprehensive_01509,740.49808875,8.83199140172
risk_comprehensive,risk_comprehensive_01510,733.281291846,7.9652798069
risk_comprehensive,risk_comprehensive_01511,1072.03049286,9.11146493755
risk_comprehensive,risk_comprehensive_01512,754.718314253,7.84902071151
risk_comprehensive,risk_comprehensive_01513,692.012054407,7.85160566741
risk_comprehensive,risk_comprehensive_01514,1109.68392759,10.7175450281
risk_comprehensive,risk_comprehensive_01515,1071.53301809,8.0023836323
risk_comprehensive,risk_comprehensive_01516,650.807224929,8.83298800438
risk_comprehensive,risk_comprehensive_01517,596.45842013,8.32165199474
risk_comprehensive,risk_comprehensive_01518,521.094437323,8.22168221939
risk_comprehensive,risk_comprehensive_01519,680.358491993,8.52722969499
risk_comprehensive,risk_comprehensive_01520,1112.13557717,10.8124385552
risk_comprehensive,risk_comprehensive_01521,619.963144785,8.68709419558
risk_comprehensive,risk_comprehensive_01522,837.636497375,9.53566158533
risk_comprehensive,risk_comprehensive_01523,935.307098395,8.96052801866
risk_comprehensive,risk_comprehensive_01524,1132.09093124,9.1037037618
risk_comprehensive,risk_comprehensive_01525,918.028558499,8.60319407176
risk_comprehensive,risk_comprehensive_01526,500.219723994,8.96991774496
risk_comprehensive,risk_comprehensive_01527,544.264025622,9.31089745353
risk_comprehensive,risk_comprehensive_01528,1106.03579221,9.01081959895
risk_comprehensive,risk_comprehensive_01529,1030.6265964,9.07432716202
risk_comprehensive,risk_comprehensive_01530,584.006932716,8.05354965993
risk_comprehensive,risk_comprehensive_01531,1099.06685515,8.78783036643
risk_comprehensive,risk_comprehensive_01532,538.259872293,7.95306608562
risk_comprehensive,risk_comprehensive_01533,1151.56008622,9.52844013186
risk_comprehensive,risk_comprehensive_01534,1193.93777154,9.75094875853
risk_comprehensive,risk_comprehensive_01535,567.539439358,9.01344060016
risk_comprehensive,risk_comprehensive_01536,693.378417048,8.81168367346
risk_comprehensive,risk_comprehensive_01537,701.527334186,9.46377505977
risk_comprehensive,risk_comprehensive_01538,1172.86817772,9.51102469485
risk_comprehensive,risk_comprehensive_01539,1179.36240134,9.89739591788
risk_comprehensive,risk_comprehensive_01540,639.401166812,8.7692268433
risk_comprehensive,risk_comprehensive_01541,717.787885556,9.31991918873
risk_comprehensive,risk_comprehensive_01542,880.070801975,7.74538511724
risk_comprehensive,risk_comprehensive_01543,654.811720655,8.88891251734
risk_comprehensive,risk_comprehensive_01544,1102.12931352,9.4982459771
risk_comprehensive,risk_comprehensive_01545,797.840488322,8.77729295292
risk_comprehensive,risk_comprehensive_01546,1139.89751712,9.57953070824
risk_comprehensive,risk_comprehensive_01547,1112.38559256,9.45688784339
risk_comprehensive,risk_comprehensive_01548,1093.53522138,9.44484941504
risk_comprehensive,risk_comprehensive_01549,855.734360684,8.99078264263
risk_comprehensive,risk_comprehensive_01550,971.16053114,9.02364512502
risk_comprehensive,risk_comprehensive_01551,560.659217867,8.66195881569
risk_comprehensive,risk_comprehensive_01552,553.995183771,8.12643539773
risk_comprehensive,risk_comprehensive_01553,1035.46605951,9.06780449679
risk_comprehensive,risk_comprehensive_01554,583.503230351,8.06323598281
risk_comprehensive,risk_comprehensive_01555,1162.69030831,9.87647006708
risk_comprehensive,risk_comprehensive_01556,1067.68713339,9.60244352645
risk_comprehensive,risk_comprehensive_01557,630.817068093,9.1850168982
risk_comprehensive,risk_comprehensive_01558,969.094573136,9.94187066569
risk_comprehensive,risk_comprehensive_01559,1052.09955479,10.143560446
risk_comprehensive,risk_comprehensive_01560,536.08668069,7.84293495432
risk_comprehensive,risk_comprehensive_01561,840.337494695,8.97136714655
risk_comprehensive,risk_comprehensive_01562,1018.36147893,9.88612156868
risk_comprehensive,risk_comprehensive_01563,998.821078524,9.20837486815
risk_comprehensive,risk_comprehensive_01564,608.589441634,9.13126364278
risk_comprehensive,risk_comprehensive_01565,985.940695778,9.04922474762
risk_comprehensive,risk_comprehensive_01566,761.611940004,9.61229871739
risk_comprehensive,risk_comprehensive_01567,620.262959997,8.29029963742
risk_comprehensive,risk_comprehensive_01568,552.522011058,8.67519336762
risk_comprehensive,risk_comprehensive_01569,621.553183022,7.65616625097
risk_comprehensive,risk_comprehensive_01570,1042.16434477,8.68977242012
risk_comprehensive,risk_comprehensive_01571,501.898935262,9.32353329363
risk_comprehensive,risk_comprehensive_01572,587.714195523,9.1575693495
risk_comprehensive,risk_comprehensive_01573,906.545653525,9.59566988977
risk_comprehensive,risk_comprehensive_01574,1047.91444326,9.42242917689
risk_comprehensive,risk_comprehensive_01575,570.550393122,9.69703588215
risk_comprehensive,risk_comprehensive_01576,635.89371919,9.42334917571
risk_comprehensive,risk_comprehensive_01577,935.905115647,9.47405663447
risk_comprehensive,risk_comprehensive_01578,548.092676398,9.13593925399
risk_comprehensive,risk_comprehensive_01579,1138.07107786,10.018051832
risk_comprehensive,risk_comprehensive_01580,653.135991094,9.84497707238
risk_comprehensive,risk_comprehensive_01581,1052.75780479,9.15290317819
risk_comprehensive,risk_comprehensive_01582,1116.08914096,9.12555649763
risk_comprehensive,risk_comprehensive_01583,527.102359646,8.02862761483
risk_comprehensive,risk_comprehensive_01584,998.774454386,8.91458421444
risk_comprehensive,risk_comprehensive_01585,547.025124986,9.50225076833
risk_comprehensive,risk_comprehensive_01586,597.755176136,8.33555204617
risk_comprehensive,risk_comprehensive_01587,847.57350512,8.72864171258
risk_comprehensive,risk_comprehensive_01588,921.256980254,9.31550308684
risk_comprehensive,risk_comprehensive_01589,617.295832231,8.44269788102
risk_comprehensive,risk_comprehensive_01590,867.119975566,8.92202864085
risk_comprehensive,risk_comprehensive_01591,810.922330834,8.86950450176
risk_comprehensive,risk_comprehensive_01592,842.070229867,9.14958445402
risk_comprehensive,risk_comprehensive_01593,814.719780679,9.36155260052
risk_comprehensive,risk_comprehensive_01594,656.888486899,9.00953402813
risk_comprehensive,risk_comprehensive_01595,951.91369443,9.09478303908
risk_comprehensive,risk_comprehensive_01596,813.98389099,8.81172704706
risk_comprehensive,risk_comprehensive_01597,931.618038957,9.59753016662
risk_comprehensive,risk_comprehensive_01598,517.008961901,8.49911911996
risk_comprehensive,risk_comprehensive_01599,1083.11763153,10.6692899006
risk_comprehensive,risk_comprehensive_01600,595.688880013,8.58548921076
risk_comprehensive,risk_comprehensive_01601,785.467400893,7.54940954234
risk_comprehensive,risk_comprehensive_01602,1083.2541296,9.16879134421
risk_comprehensive,risk_comprehensive_01603,628.126519982,8.1224395217
risk_comprehensive,risk_comprehensive_01604,1038.68165031,9.91293283172
risk_comprehensive,risk_comprehensive_01605,894.731094005,9.17162210413
risk_comprehensive,risk_comprehensive_01606,562.386765362,8.67909727328
risk_comprehensive,risk_comprehensive_01607,867.83356832,8.05149542537
risk_comprehensive,risk_comprehensive_01608,555.82308509,8.9703569053
risk_comprehensive,risk_comprehensive_01609,684.851802521,8.99487792783
risk_comprehensive,risk_comprehensive_01610,1051.30379786,9.86384362352
risk_comprehensive,risk_comprehensive_01611,1041.02681018,9.79488393348
risk_comprehensive,risk_comprehensive_01612,796.707458767,8.65991488577
risk_comprehensive,risk_comprehensive_01613,876.074434381,9.31030314014
risk_comprehensive,risk_comprehensive_01614,684.89896319,8.63132131383
risk_comprehensive,risk_comprehensive_01615,963.269319907,8.4874289525
risk_comprehensive,risk_comprehensive_01616,537.311030093,8.16182652382
risk_comprehensive,risk_comprehensive_01617,509.394437886,8.83454148059
risk_comprehensive,risk_comprehensive_01618,641.93396687,8.21037735457
risk_comprehensive,risk_comprehensive_01619,793.212607844,8.88439750217
risk_comprehensive,risk_comprehensive_01620,998.524391349,9.05460849882
risk_comprehensive,risk_comprehensive_01621,669.730734698,8.72808506547
risk_comprehensive,risk_comprehensive_01622,1022.83380561,9.32494780979
risk_comprehensive,risk_comprehensive_01623,1018.22312012,9.11949217691
risk_comprehensive,risk_comprehensive_01624,967.81604256,8.98446272282
risk_comprehensive,risk_comprehensive_01625,925.240575752,9.86674621698
risk_comprehensive,risk_comprehensive_01626,596.32376591,8.77984333246
risk_comprehensive,risk_comprehensive_01627,1193.21592667,8.85841798636
risk_comprehensive,risk_comprehensive_01628,711.178855796,8.33367066403
risk_comprehensive,risk_comprehensive_01629,1188.21556478,10.4435768399
risk_comprehensive,risk_comprehensive_01630,1190.6547875,9.56102732856
risk_comprehensive,risk_comprehensive_01631,751.411231481,8.71274623376
risk_comprehensive,risk_comprehensive_01632,838.331640627,8.91261109344
risk_comprehensive,risk_comprehensive_01633,744.503485387,8.12376356814
risk_comprehensive,risk_comprehensive_01634,1183.19935709,9.67740204289
risk_comprehensive,risk_comprehensive_01635,736.296082956,8.79769833277
risk_comprehensive,risk_comprehensive_01636,591.423500921,8.79975084588
risk_comprehensive,risk_comprehensive_01637,525.058424932,9.11431920179
risk_comprehensive,risk_comprehensive_01638,672.284507056,8.6872749559
risk_comprehensive,risk_comprehensive_01639,997.950043702,9.0670699636
risk_comprehensive,risk_comprehensive_01640,1056.70463481,9.83771013529
risk_comprehensive,risk_comprehensive_01641,696.329312967,9.43784687677
risk_comprehensive,risk_comprehensive_01642,1173.2589909,9.49904875414
risk_comprehensive,risk_comprehensive_01643,724.434502938,8.0411051045
risk_comprehensive,risk_comprehensive_01644,594.397847272,8.25976393194
risk_comprehensive,risk_comprehensive_01645,956.28937741,9.31532152997
risk_comprehensive,risk_comprehensive_01646,1022.60909631,9.75174734129
risk_comprehensive,risk_comprehensive_01647,714.268459224,7.39750190511
risk_comprehensive,risk_comprehensive_01648,784.508437,8.95333488611
risk_comprehensive,risk_comprehensive_01649,1079.7818182,9.59988403384
risk_comprehensive,risk_comprehensive_01650,636.099751814,8.94462611626
risk_comprehensive,risk_comprehensive_01651,525.286847214,7.73419287025
risk_comprehensive,risk_comprehensive_01652,1027.84453574,9.38178621903
risk_comprehensive,risk_comprehensive_01653,684.322528158,8.79160744769
risk_comprehensive,risk_comprehensive_01654,756.568900499,9.26203959634
risk_comprehensive,risk_comprehensive_01655,933.920649807,8.53081158629
risk_comprehensive,risk_comprehensive_01656,853.643280151,9.38388011035
risk_comprehensive,risk_comprehensive_01657,1047.06767433,9.88387711813
risk_comprehensive,risk_comprehensive_01658,750.174149042,8.94526658171
risk_comprehensive,risk_comprehensive_01659,1008.05061291,9.39230040996
risk_comprehensive,risk_comprehensive_01660,681.678224929,8.5421661496
risk_comprehensive,risk_comprehensive_01661,940.517789986,9.18520460953
risk_comprehensive,risk_comprehensive_01662,661.41058846,8.68031523909
risk_comprehensive,risk_comprehensive_01663,818.446926359,8.19611223563
risk_comprehensive,risk_comprehensive_01664,900.07883546,9.15873708211
risk_comprehensive,risk_comprehensive_01665,514.736092626,8.49122588495
risk_comprehensive,risk_comprehensive_01666,673.74115343,8.51840385306
risk_comprehensive,risk_comprehensive_01667,725.125938119,8.90373256947
risk_comprehensive,risk_comprehensive_01668,918.749545206,8.97034889099
risk_comprehensive,risk_comprehensive_01669,1003.0981464,8.57297843958
risk_comprehensive,risk_comprehensive_01670,587.580719975,8.26804186625
risk_comprehensive,risk_comprehensive_01671,1145.80163432,10.2607050027
risk_comprehensive,risk_comprehensive_01672,917.931147479,10.5018068918
risk_comprehensive,risk_comprehensive_01673,1155.35580743,9.71846895703
risk_comprehensive,risk_comprehensive_01674,777.82625398,8.5283805997
risk_comprehensive,risk_comprehensive_01675,1084.9963935,10.6234474414
risk_comprehensive,risk_comprehensive_01676,538.424276486,8.18448879063
risk_comprehensive,risk_comprehensive_01677,1073.89605506,9.33093317715
risk_comprehensive,risk_comprehensive_01678,1067.35384826,9.35001676876
risk_comprehensive,risk_comprehensive_01679,833.576458364,8.9864442176
risk_comprehensive,risk_comprehensive_01680,1121.1141871,9.54738816853
risk_comprehensive,risk_comprehensive_01681,1138.95744069,9.60602830598
risk_comprehensive,risk_comprehensive_01682,775.660001899,8.07319818597
risk_comprehensive,risk_comprehensive_01683,1072.2035717,9.08911201623
risk_comprehensive,risk_comprehensive_01684,831.89450063,9.34012197452
risk_comprehensive,risk_comprehensive_01685,653.229019093,9.47565380838
risk_comprehensive,risk_comprehensive_01686,1088.46722162,9.18868469441
risk_comprehensive,risk_comprehensive_01687,860.929240014,9.5914135396
risk_comprehensive,risk_comprehensive_01688,573.617579666,8.96819440495
risk_comprehensive,risk_comprehensive_01689,941.517351938,8.5001437849
risk_comprehensive,risk_comprehensive_01690,980.682269375,9.17310019424
risk_comprehensive,risk_comprehensive_01691,868.430344055,8.78674205265
risk_comprehensive,risk_comprehensive_01692,948.691248822,9.81879006502
risk_comprehensive,risk_comprehensive_01693,871.909865894,9.19159978888
risk_comprehensive,risk_comprehensive_01694,638.041677401,8.43427862456
risk_comprehensive,risk_comprehensive_01695,741.635990353,8.6272158331
risk_comprehensive,risk_comprehensive_01696,1099.60145268,9.44635634734
risk_comprehensive,risk_comprehensive_01697,850.72233938,8.3604072592
risk_comprehensive,risk_comprehensive_01698,666.403425677,8.06519724126
risk_comprehensive,risk_comprehensive_01699,508.427115427,9.04141397604
risk_comprehensive,risk_comprehensive_01700,740.53305648,8.54626413629
risk_comprehensive,risk_comprehensive_01701,1124.87235936,9.68412774761
risk_comprehensive,risk_comprehensive_01702,582.239561093,9.17773876916
risk_comprehensive,risk_comprehensive_01703,946.293734073,9.76748922101
risk_comprehensive,risk_comprehensive_01704,870.465232333,8.02771374516
risk_comprehensive,risk_comprehensive_01705,642.879267598,7.74662350111
risk_comprehensive,risk_comprehensive_01706,546.219121731,8.32558288246
risk_comprehensive,risk_comprehensive_01707,828.6131426,8.32096885519
risk_comprehensive,risk_comprehensive_01708,543.480377564,8.60328076074
risk_comprehensive,risk_comprehensive_01709,1030.71748421,8.97225931189
risk_comprehensive,risk_comprehensive_01710,567.403294217,10.0234079065
risk_comprehensive,risk_comprehensive_01711,661.054727172,8.2635587512
risk_comprehensive,risk_comprehensive_01712,1189.50353143,9.06552842078
risk_comprehensive,risk_comprehensive_01713,879.71353622,9.08554445236
risk_comprehensive,risk_comprehensive_01714,1175.64996336,9.74235368027
risk_comprehensive,risk_comprehensive_01715,748.171226845,8.61522569975
risk_comprehensive,risk_comprehensive_01716,1055.12861868,8.98194688176
risk_comprehensive,risk_comprehensive_01717,728.466866642,8.64317312036
risk_comprehensive,risk_comprehensive_01718,936.08822975,10.2822104974
risk_comprehensive,risk_comprehensive_01719,993.718861098,10.2194640105
risk_comprehensive,risk_comprehensive_01720,614.127564741,8.67624673192
risk_comprehensive,risk_comprehensive_01721,655.6180414,9.35200457636
risk_comprehensive,risk_comprehensive_01722,639.283632403,8.63335705063
risk_comprehensive,risk_comprehensive_01723,849.189028651,7.82715038842
risk_comprehensive,risk_comprehensive_01724,656.902383688,8.52192750011
risk_comprehensive,risk_comprehensive_01725,1006.95544817,9.18262579748
risk_comprehensive,risk_comprehensive_01726,934.128712281,9.10542840267
risk_comprehensive,risk_comprehensive_01727,958.240460403,9.40512281922
risk_comprehensive,risk_comprehensive_01728,1178.78269044,10.7745308674
risk_comprehensive,risk_comprehensive_01729,889.38844712,9.34788493473
risk_comprehensive,risk_comprehensive_01730,1099.8325018,9.48652135703
risk_comprehensive,risk_comprehensive_01731,1166.92348673,9.96041809583
risk_comprehensive,risk_comprehensive_01732,1090.24189018,9.63205505076
risk_comprehensive,risk_comprehensive_01733,563.374515375,9.48264265531
risk_comprehensive,risk_comprehensive_01734,1147.28823387,9.60756504987
risk_comprehensive,risk_comprehensive_01735,1185.91463391,10.5188917899
risk_comprehensive,risk_comprehensive_01736,1150.27013056,10.3182770903
risk_comprehensive,risk_comprehensive_01737,675.4629614,8.20394309939
risk_comprehensive,risk_comprehensive_01738,1131.11374069,9.42735864654
risk_comprehensive,risk_comprehensive_01739,820.001312075,9.41077778241
risk_comprehensive,risk_comprehensive_01740,1003.82249517,8.49709161985
risk_comprehensive,risk_comprehensive_01741,863.010567801,7.60200435453
risk_comprehensive,risk_comprehensive_01742,836.852922431,9.11362859198
risk_comprehensive,risk_comprehensive_01743,755.291523023,9.18900651048
risk_comprehensive,risk_comprehensive_01744,1126.98605293,9.86992334582
risk_comprehensive,risk_comprehensive_01745,1031.07448611,9.50583833486
risk_comprehensive,risk_comprehensive_01746,520.775799138,8.75428885709
risk_comprehensive,risk_comprehensive_01747,910.565555481,8.62988148223
risk_comprehensive,risk_comprehensive_01748,959.370301443,9.09918035224
risk_comprehensive,risk_comprehensive_01749,1196.82569763,9.79981803752
risk_comprehensive,risk_comprehensive_01750,541.665442812,8.81136721152
risk_comprehensive,risk_comprehensive_01751,960.985948205,9.33318587803
risk_comprehensive,risk_comprehensive_01752,1160.20450121,9.05816645584
risk_comprehensive,risk_comprehensive_01753,1030.00643918,9.79231784883
risk_comprehensive,risk_comprehensive_01754,945.280349375,9.6075843901
risk_comprehensive,risk_comprehensive_01755,1158.16176281,9.4418747358
risk_comprehensive,risk_comprehensive_01756,642.289214692,9.37805714705
risk_comprehensive,risk_comprehensive_01757,1106.3595399,9.38952943178
risk_comprehensive,risk_comprehensive_01758,1076.97142287,9.21916824129
risk_comprehensive,risk_comprehensive_01759,1195.43124871,9.42964397075
risk_comprehensive,risk_comprehensive_01760,915.432684549,9.50088670678
risk_comprehensive,risk_comprehensive_01761,770.502261417,9.32858909076
risk_comprehensive,risk_comprehensive_01762,1144.19387752,9.78204462049
risk_comprehensive,risk_comprehensive_01763,1010.41742535,10.0418427154
risk_comprehensive,risk_comprehensive_01764,786.262841894,8.43657477937
risk_comprehensive,risk_comprehensive_01765,1186.28747507,9.74135613214
risk_comprehensive,risk_comprehensive_01766,671.808755531,8.60385683359
risk_comprehensive,risk_comprehensive_01767,1068.51548773,9.88516424696
risk_comprehensive,risk_comprehensive_01768,732.87654261,8.08489385808
risk_comprehensive,risk_comprehensive_01769,1092.50116066,9.51987306964
risk_comprehensive,risk_comprehensive_01770,912.961189067,10.2108546283
risk_comprehensive,risk_comprehensive_01771,973.050266951,8.86544015641
risk_comprehensive,risk_comprehensive_01772,589.170764857,9.71451540297
risk_comprehensive,risk_comprehensive_01773,1098.3553899,9.93435786922
risk_comprehensive,risk_comprehensive_01774,820.789080323,8.81389789394
risk_comprehensive,risk_comprehensive_01775,971.856170459,9.33064529863
risk_comprehensive,risk_comprehensive_01776,1107.78027361,9.57963669354
risk_comprehensive,risk_comprehensive_01777,1091.99095075,9.60921286872
risk_comprehensive,risk_comprehensive_01778,719.580540238,8.66387040832
risk_comprehensive,risk_comprehensive_01779,998.598899255,10.5432332583
risk_comprehensive,risk_comprehensive_01780,841.992107139,8.49352541151
risk_comprehensive,risk_comprehensive_01781,571.41024745,9.92803081632
risk_comprehensive,risk_comprehensive_01782,828.584918447,8.97733144726
risk_comprehensive,risk_comprehensive_01783,1042.60953372,9.91897127822
risk_comprehensive,risk_comprehensive_01784,829.499364483,9.03395817058
risk_comprehensive,risk_comprehensive_01785,978.198325782,9.35100873326
risk_comprehensive,risk_comprehensive_01786,1091.33340614,9.34294943217
risk_comprehensive,risk_comprehensive_01787,598.717136307,9.40193100449
risk_comprehensive,risk_comprehensive_01788,539.977221195,8.26675971978
risk_comprehensive,risk_comprehensive_01789,1010.4964511,10.5449632447
risk_comprehensive,risk_comprehensive_01790,748.266107777,8.76302029964
risk_comprehensive,risk_comprehensive_01791,787.971673602,7.76420794944
risk_comprehensive,risk_comprehensive_01792,700.137556306,7.86865259304
risk_comprehensive,risk_comprehensive_01793,918.657833185,9.46072797738
risk_comprehensive,risk_comprehensive_01794,827.74233364,9.00133670439
risk_comprehensive,risk_comprehensive_01795,859.823099518,9.05085469269
risk_comprehensive,risk_comprehensive_01796,736.289278771,9.44071482598
risk_comprehensive,risk_comprehensive_01797,928.777677187,8.43018853732
risk_comprehensive,risk_comprehensive_01798,595.392095527,7.95693499727
risk_comprehensive,risk_comprehensive_01799,1075.94340997,9.59392978841
risk_comprehensive,risk_comprehensive_01800,1078.72811673,9.10750028084
risk_comprehensive,risk_comprehensive_01801,851.440369145,8.5964295822
risk_comprehensive,risk_comprehensive_01802,673.534487632,10.0953309544
risk_comprehensive,risk_comprehensive_01803,974.584620406,9.43302266464
risk_comprehensive,risk_comprehensive_01804,610.150736685,9.20138632753
risk_comprehensive,risk_comprehensive_01805,1100.52913106,10.4822288643
risk_comprehensive,risk_comprehensive_01806,806.749300346,9.14528611417
risk_comprehensive,risk_comprehensive_01807,1028.06062544,9.78164600105
risk_comprehensive,risk_comprehensive_01808,749.186615241,8.55233857605
risk_comprehensive,risk_comprehensive_01809,734.012715021,8.90633401543
risk_comprehensive,risk_comprehensive_01810,1097.30773884,9.43015070945
risk_comprehensive,risk_comprehensive_01811,601.088770056,8.84870573456
risk_comprehensive,risk_comprehensive_01812,828.90089696,8.96325253416
risk_comprehensive,risk_comprehensive_01813,870.828038708,9.70083630456
risk_comprehensive,risk_comprehensive_01814,1159.11438547,10.820798842
risk_comprehensive,risk_comprehensive_01815,901.242695626,9.98418890181
risk_comprehensive,risk_comprehensive_01816,1043.42318221,9.31990541088
risk_comprehensive,risk_comprehensive_01817,597.845825377,9.17907724539
risk_comprehensive,risk_comprehensive_01818,1159.65902356,9.68262107515
risk_comprehensive,risk_comprehensive_01819,994.972596829,7.58636222314
risk_comprehensive,risk_comprehensive_01820,729.69786312,9.03288386356
risk_comprehensive,risk_comprehensive_01821,1034.76278336,8.46349382396
risk_comprehensive,risk_comprehensive_01822,1130.44394036,8.99753815037
risk_comprehensive,risk_comprehensive_01823,647.718605258,9.85656139611
risk_comprehensive,risk_comprehensive_01824,1001.42277094,9.64793734866
risk_comprehensive,risk_comprehensive_01825,1035.87751175,9.59661751008
risk_comprehensive,risk_comprehensive_01826,763.953493045,8.12032294261
risk_comprehensive,risk_comprehensive_01827,595.626400283,8.54082266537
risk_comprehensive,risk_comprehensive_01828,734.631004023,8.80390220836
risk_comprehensive,risk_comprehensive_01829,557.256727494,8.69722745412
risk_comprehensive,risk_comprehensive_01830,521.697287078,8.56950072846
risk_comprehensive,risk_comprehensive_01831,1061.68300441,9.51764714296
risk_comprehensive,risk_comprehensive_01832,735.208233675,9.13713263008
risk_comprehensive,risk_comprehensive_01833,747.273226287,8.2454879539
risk_comprehensive,risk_comprehensive_01834,1131.72522111,9.58176752507
risk_comprehensive,risk_comprehensive_01835,1090.38417064,9.11151591287
risk_comprehensive,risk_comprehensive_01836,989.219036601,9.7466855959
risk_comprehensive,risk_comprehensive_01837,794.34265166,8.70369380679
risk_comprehensive,risk_comprehensive_01838,882.459952133,8.94540899669
risk_comprehensive,risk_comprehensive_01839,749.987177285,7.99182866132
risk_comprehensive,risk_comprehensive_01840,1027.1648013,9.47639971427
risk_comprehensive,risk_comprehensive_01841,531.185426228,7.46155388501
risk_comprehensive,risk_comprehensive_01842,949.558156079,8.40103894883
risk_comprehensive,risk_comprehensive_01843,1098.98206102,10.0288118925
risk_comprehensive,risk_comprehensive_01844,661.555082654,7.65902807394
risk_comprehensive,risk_comprehensive_01845,671.323778929,8.7556910261
risk_comprehensive,risk_comprehensive_01846,708.623492756,7.58425457543
risk_comprehensive,risk_comprehensive_01847,753.187873078,8.7378328611
risk_comprehensive,risk_comprehensive_01848,811.9646128,8.82085894585
risk_comprehensive,risk_comprehensive_01849,725.276378282,9.19349855988
risk_comprehensive,risk_comprehensive_01850,981.104462414,8.85561151509
risk_comprehensive,risk_comprehensive_01851,1135.85253607,10.4901568084
risk_comprehensive,risk_comprehensive_01852,1108.46746475,10.2269913793
risk_comprehensive,risk_comprehensive_01853,572.701000661,8.70014657075
risk_comprehensive,risk_comprehensive_01854,1087.33946203,9.40099691377
risk_comprehensive,risk_comprehensive_01855,1064.40291335,9.79926809724
risk_comprehensive,risk_comprehensive_01856,896.544960535,9.06383174736
risk_comprehensive,risk_comprehensive_01857,509.618892164,9.68645050297
risk_comprehensive,risk_comprehensive_01858,1021.93456725,9.46816844309
risk_comprehensive,risk_comprehensive_01859,1143.49133033,9.83243528073
risk_comprehensive,risk_comprehensive_01860,717.835528146,8.54845622932
risk_comprehensive,risk_comprehensive_01861,1164.92681438,9.1693502876
risk_comprehensive,risk_comprehensive_01862,1103.79094188,10.0656740721
risk_comprehensive,risk_comprehensive_01863,1096.96373991,9.83106420207
risk_comprehensive,risk_comprehensive_01864,761.811469455,9.63710053199
risk_comprehensive,risk_comprehensive_01865,889.606886987,8.53517776074
risk_comprehensive,risk_comprehensive_01866,690.774961983,7.59729228414
risk_comprehensive,risk_comprehensive_01867,509.56033985,7.97753357591
risk_comprehensive,risk_comprehensive_01868,1110.85205519,9.64320378502
risk_comprehensive,risk_comprehensive_01869,555.749693793,9.56348924178
risk_comprehensive,risk_comprehensive_01870,1093.69700294,9.89715548017
risk_comprehensive,risk_comprehensive_01871,1043.28678418,9.70877566528
risk_comprehensive,risk_comprehensive_01872,1106.62895558,8.87713446322
risk_comprehensive,risk_comprehensive_01873,619.964176605,8.16126493369
risk_comprehensive,risk_comprehensive_01874,952.311612172,8.96585447785
risk_comprehensive,risk_comprehensive_01875,895.157225942,9.60097431266
risk_comprehensive,risk_comprehensive_01876,663.763213821,9.44931665952
risk_comprehensive,risk_comprehensive_01877,1047.45519895,9.28265704413
risk_comprehensive,risk_comprehensive_01878,978.202572884,9.1749558243
risk_comprehensive,risk_comprehensive_01879,581.238852113,8.30224760014
risk_comprehensive,risk_comprehensive_01880,1129.98049682,8.77810401046
risk_comprehensive,risk_comprehensive_01881,1157.44590315,10.2211469388
risk_comprehensive,risk_comprehensive_01882,1055.65620212,8.63732580012
risk_comprehensive,risk_comprehensive_01883,1012.93368736,9.5337673206
risk_comprehensive,risk_comprehensive_01884,779.940818095,7.96467331102
risk_comprehensive,risk_comprehensive_01885,558.702715133,8.83536777738
risk_comprehensive,risk_comprehensive_01886,623.591704976,8.15809730678
risk_comprehensive,risk_comprehensive_01887,935.919377147,9.63807466672
risk_comprehensive,risk_comprehensive_01888,611.449266755,8.56599974735
risk_comprehensive,risk_comprehensive_01889,1033.89671842,9.27070054942
risk_comprehensive,risk_comprehensive_01890,596.972593636,8.96433597604
risk_comprehensive,risk_comprehensive_01891,562.681285869,8.85961677776
risk_comprehensive,risk_comprehensive_01892,909.916151745,8.69019510171
risk_comprehensive,risk_comprehensive_01893,562.776280028,8.40231509529
risk_comprehensive,risk_comprehensive_01894,846.810295131,9.00479415087
risk_comprehensive,risk_comprehensive_01895,1091.09175889,9.91102355981
risk_comprehensive,risk_comprehensive_01896,797.557238923,9.38613748665
risk_comprehensive,risk_comprehensive_01897,1028.32679609,10.6852643403
risk_comprehensive,risk_comprehensive_01898,522.459735022,9.47864183165
risk_comprehensive,risk_comprehensive_01899,1000.13389257,8.46163215058
risk_comprehensive,risk_comprehensive_01900,509.646498504,9.41493669542
risk_comprehensive,risk_comprehensive_01901,555.222156489,7.89404039778
risk_comprehensive,risk_comprehensive_01902,1040.24456163,9.59513883375
risk_comprehensive,risk_comprehensive_01903,1057.78754558,9.40126540043
risk_comprehensive,risk_comprehensive_01904,955.139723189,9.3449725641
risk_comprehensive,risk_comprehensive_01905,627.261279467,9.24316528734
risk_comprehensive,risk_comprehensive_01906,807.942983401,8.60344915456
risk_comprehensive,risk_comprehensive_01907,1180.30485338,9.38642853647
risk_comprehensive,risk_comprehensive_01908,879.122163048,8.49312936324
risk_comprehensive,risk_comprehensive_01909,587.894695045,8.19592632803
risk_comprehensive,risk_comprehensive_01910,906.464185387,9.01660167954
risk_comprehensive,risk_comprehensive_01911,994.591378706,9.56859170311
risk_comprehensive,risk_comprehensive_01912,1141.61585992,10.8686854447
risk_comprehensive,risk_comprehensive_01913,790.064713379,8.7522035443
risk_comprehensive,risk_comprehensive_01914,599.172614649,8.62529706909
risk_comprehensive,risk_comprehensive_01915,755.696249827,8.66195544184
risk_comprehensive,risk_comprehensive_01916,1020.95475525,8.95397581148
risk_comprehensive,risk_comprehensive_01917,1082.97465137,10.8124366691
risk_comprehensive,risk_comprehensive_01918,872.769165405,9.46279753575
risk_comprehensive,risk_comprehensive_01919,983.872884508,9.25525183398
risk_comprehensive,risk_comprehensive_01920,1157.35751613,10.6950369345
risk_comprehensive,risk_comprehensive_01921,1143.03010441,9.34083718311
risk_comprehensive,risk_comprehensive_01922,1053.98532312,9.82880829083
risk_comprehensive,risk_comprehensive_01923,1136.28443308,9.33290543992
risk_comprehensive,risk_comprehensive_01924,815.647517087,8.68126224711
risk_comprehensive,risk_comprehensive_01925,700.965068824,8.13291702314
risk_comprehensive,risk_comprehensive_01926,542.161014441,9.38622367637
risk_comprehensive,risk_comprehensive_01927,932.149794202,9.71804244324
risk_comprehensive,risk_comprehensive_01928,758.241238865,8.29672303733
risk_comprehensive,risk_comprehensive_01929,786.517562577,8.63127595246
risk_comprehensive,risk_comprehensive_01930,503.423214618,8.15529928223
risk_comprehensive,risk_comprehensive_01931,1123.48324375,9.56368102762
risk_comprehensive,risk_comprehensive_01932,918.141405074,8.89147303005
risk_comprehensive,risk_comprehensive_01933,634.053189595,9.64293903431
risk_comprehensive,risk_comprehensive_01934,1184.31921594,9.88266828196
risk_comprehensive,risk_comprehensive_01935,608.811337385,8.56598499994
risk_comprehensive,risk_comprehensive_01936,746.465631325,8.30572910674
risk_comprehensive,risk_comprehensive_01937,526.369164954,9.69807204882
risk_comprehensive,risk_comprehensive_01938,799.363373212,9.15619584266
risk_comprehensive,risk_comprehensive_01939,1065.37423741,10.0405668646
risk_comprehensive,risk_comprehensive_01940,744.235196185,8.89581502934
risk_comprehensive,risk_comprehensive_01941,607.80657816,9.17242159199
risk_comprehensive,risk_comprehensive_01942,621.521510249,8.8497718944
risk_comprehensive,risk_comprehensive_01943,1153.91528873,9.01407247868
risk_comprehensive,risk_comprehensive_01944,1035.7428819,9.42287523712
risk_comprehensive,risk_comprehensive_01945,931.363553636,9.54101886286
risk_comprehensive,risk_comprehensive_01946,1188.194031,9.56880932968
risk_comprehensive,risk_comprehensive_01947,511.113406973,8.83610669398
risk_comprehensive,risk_comprehensive_01948,1111.8726235,9.00531048791
risk_comprehensive,risk_comprehensive_01949,545.260779903,8.15625838556
risk_comprehensive,risk_comprehensive_01950,541.85075007,9.07054782377
risk_comprehensive,risk_comprehensive_01951,940.48850912,8.91631462334
risk_comprehensive,risk_comprehensive_01952,1058.73565264,8.31671609793
risk_comprehensive,risk_comprehensive_01953,869.208484772,9.38667043783
risk_comprehensive,risk_comprehensive_01954,1019.61320683,9.24584422436
risk_comprehensive,risk_comprehensive_01955,990.528553747,8.91887220862
risk_comprehensive,risk_comprehensive_01956,611.682768809,8.80127243274
risk_comprehensive,risk_comprehensive_01957,803.852207692,7.79719587876
risk_comprehensive,risk_comprehensive_01958,952.611692634,8.48244383102
risk_comprehensive,risk_comprehensive_01959,827.467454851,8.98783777464
risk_comprehensive,risk_comprehensive_01960,566.88218131,8.42632756299
risk_comprehensive,risk_comprehensive_01961,763.782439903,8.94910879614
risk_comprehensive,risk_comprehensive_01962,760.31022941,8.24900145414
risk_comprehensive,risk_comprehensive_01963,772.380417678,8.97408543805
risk_comprehensive,risk_comprehensive_01964,1140.85515508,10.1029572893
risk_comprehensive,risk_comprehensive_01965,541.049472604,8.23790244462
risk_comprehensive,risk_comprehensive_01966,536.066350182,9.15224687704
risk_comprehensive,risk_comprehensive_01967,600.047333558,9.43069930416
risk_comprehensive,risk_comprehensive_01968,855.430968239,8.99628286643
risk_comprehensive,risk_comprehensive_01969,1093.12804219,9.78423377616
risk_comprehensive,risk_comprehensive_01970,1035.82862186,8.64647536804
risk_comprehensive,risk_comprehensive_01971,560.75252876,8.75191512502
risk_comprehensive,risk_comprehensive_01972,881.998887855,8.04221581672
risk_comprehensive,risk_comprehensive_01973,1090.51389414,9.02015994978
risk_comprehensive,risk_comprehensive_01974,775.45461172,8.89631906871
risk_comprehensive,risk_comprehensive_01975,742.73353805,8.25134677525
risk_comprehensive,risk_comprehensive_01976,1007.46903741,9.28085204704
risk_comprehensive,risk_comprehensive_01977,504.335058726,9.09606850775
risk_comprehensive,risk_comprehensive_01978,968.300867078,9.51326448988
risk_comprehensive,risk_comprehensive_01979,1160.88599365,8.98767324565
risk_comprehensive,risk_comprehensive_01980,550.485150722,8.82664491695
risk_comprehensive,risk_comprehensive_01981,1114.85703384,10.2197526455
risk_comprehensive,risk_comprehensive_01982,835.483324154,9.23256221252
risk_comprehensive,risk_comprehensive_01983,959.385363879,9.79962300487
risk_comprehensive,risk_comprehensive_01984,889.312816684,8.35770196705
risk_comprehensive,risk_comprehensive_01985,1009.71283668,9.0586507288
risk_comprehensive,risk_comprehensive_01986,646.9167422,8.26144947517
risk_comprehensive,risk_comprehensive_01987,964.99970784,8.59456263984
risk_comprehensive,risk_comprehensive_01988,878.188423194,8.67645848871
risk_comprehensive,risk_comprehensive_01989,870.437098556,8.5763111363
risk_comprehensive,risk_comprehensive_01990,709.629021079,9.0042221986
risk_comprehensive,risk_comprehensive_01991,853.823032642,7.18743088165
risk_comprehensive,risk_comprehensive_01992,655.232281464,8.55450106877
risk_comprehensive,risk_comprehensive_01993,506.314465486,8.80595337845
risk_comprehensive,risk_comprehensive_01994,804.971176544,8.65674202932
risk_comprehensive,risk_comprehensive_01995,686.068982514,8.98642221648
risk_comprehensive,risk_comprehensive_01996,1046.60195367,9.41992496677
risk_comprehensive,risk_comprehensive_01997,900.849030451,8.41588652663
risk_comprehensive,risk_comprehensive_01998,942.041040158,9.36452246571
risk_comprehensive,risk_comprehensive_01999,645.303909572,8.76077119174
risk_comprehensive,risk_comprehensive_02000,602.352038595,7.95472605854
risk_comprehensive,risk_comprehensive_02001,1084.00621923,8.73869780959
risk_comprehensive,risk_comprehensive_02002,1071.83092294,10.2674641643
risk_comprehensive,risk_comprehensive_02003,993.320425513,9.05593965353
risk_comprehensive,risk_comprehensive_02004,535.045710224,8.99485351123
risk_comprehensive,risk_comprehensive_02005,538.453828794,9.14105964274
risk_comprehensive,risk_comprehensive_02006,657.934294965,9.50866922699
risk_comprehensive,risk_comprehensive_02007,874.605443611,9.07038394308
risk_comprehensive,risk_comprehensive_02008,844.85315213,9.12845824646
risk_comprehensive,risk_comprehensive_02009,727.498400073,8.60755050191
risk_comprehensive,risk_comprehensive_02010,951.863280318,8.71282602204
risk_comprehensive,risk_comprehensive_02011,659.092511653,8.50743354544
risk_comprehensive,risk_comprehensive_02012,1092.59688767,9.57854617969
risk_comprehensive,risk_comprehensive_02013,527.030751508,9.12978921929
risk_comprehensive,risk_comprehensive_02014,643.080820662,9.44949764299
risk_comprehensive,risk_comprehensive_02015,784.526663457,8.50761898449
risk_comprehensive,risk_comprehensive_02016,597.80716506,7.8032055694
risk_comprehensive,risk_comprehensive_02017,521.714754924,9.80734277715
risk_comprehensive,risk_comprehensive_02018,992.996114524,8.17864500856
risk_comprehensive,risk_comprehensive_02019,844.641607941,8.89004539164
risk_comprehensive,risk_comprehensive_02020,620.959579903,7.88192370557
risk_comprehensive,risk_comprehensive_02021,614.225455203,8.2832626955
risk_comprehensive,risk_comprehensive_02022,614.094683745,8.87037444547
risk_comprehensive,risk_comprehensive_02023,935.600661462,8.27285328278
risk_comprehensive,risk_comprehensive_02024,1105.95788731,9.76415969084
risk_comprehensive,risk_comprehensive_02025,1080.82795957,9.76309412386
risk_comprehensive,risk_comprehensive_02026,746.726149123,9.21314479318
risk_comprehensive,risk_comprehensive_02027,1004.4288505,9.75910839579
risk_comprehensive,risk_comprehensive_02028,685.97185508,8.66125868191
risk_comprehensive,risk_comprehensive_02029,779.961820449,7.85707462267
risk_comprehensive,risk_comprehensive_02030,1028.22848977,8.91777360173
risk_comprehensive,risk_comprehensive_02031,977.895183091,9.08382693016
risk_comprehensive,risk_comprehensive_02032,648.067916139,8.60029433734
risk_comprehensive,risk_comprehensive_02033,1118.00127328,9.82743901853
risk_comprehensive,risk_comprehensive_02034,996.378202322,9.03320300586
risk_comprehensive,risk_comprehensive_02035,967.560626857,8.08304405307
risk_comprehensive,risk_comprehensive_02036,1106.61371248,10.6452402261
risk_comprehensive,risk_comprehensive_02037,1026.01933767,8.85556489421
risk_comprehensive,risk_comprehensive_02038,759.956990191,9.50919966009
risk_comprehensive,risk_comprehensive_02039,1023.40925231,9.86948012133
risk_comprehensive,risk_comprehensive_02040,1009.13649198,7.74911354793
risk_comprehensive,risk_comprehensive_02041,824.879319553,8.78099349436
risk_comprehensive,risk_comprehensive_02042,1054.85213054,9.39082458963
risk_comprehensive,risk_comprehensive_02043,1195.80728341,9.29330208205
risk_comprehensive,risk_comprehensive_02044,651.703610879,9.39106295802
risk_comprehensive,risk_comprehensive_02045,775.784481494,8.65275180414
risk_comprehensive,risk_comprehensive_02046,556.011593818,9.56808365705
risk_comprehensive,risk_comprehensive_02047,885.72723475,9.3336344953
risk_comprehensive,risk_comprehensive_02048,906.647552786,9.06416926443
risk_comprehensive,risk_comprehensive_02049,615.889337331,9.05597161584
risk_comprehensive,risk_comprehensive_02050,513.771143136,9.00578025085
risk_comprehensive,risk_comprehensive_02051,581.706857843,8.51238663575
risk_comprehensive,risk_comprehensive_02052,1072.67855651,9.18952469651
risk_comprehensive,risk_comprehensive_02053,1177.82420955,9.43551392592
risk_comprehensive,risk_comprehensive_02054,675.958396701,8.84884159048
risk_comprehensive,risk_comprehensive_02055,746.754555647,8.68934616544
risk_comprehensive,risk_comprehensive_02056,662.117597865,9.7073348656
risk_comprehensive,risk_comprehensive_02057,523.515186153,8.76078447863
risk_comprehensive,risk_comprehensive_02058,1108.64597649,9.76896572737
risk_comprehensive,risk_comprehensive_02059,1171.0027846,10.468908095
risk_comprehensive,risk_comprehensive_02060,1005.31935793,8.20350199105
risk_comprehensive,risk_comprehensive_02061,1096.27045887,8.74608280033
risk_comprehensive,risk_comprehensive_02062,637.032360933,9.51633168542
risk_comprehensive,risk_comprehensive_02063,967.697836336,9.48993123346
risk_comprehensive,risk_comprehensive_02064,755.199104427,8.7674547372
risk_comprehensive,risk_comprehensive_02065,553.394924935,8.07314308623
risk_comprehensive,risk_comprehensive_02066,834.031533892,8.93701961229
risk_comprehensive,risk_comprehensive_02067,710.034598769,9.56525650993
risk_comprehensive,risk_comprehensive_02068,794.367448769,9.44205363057
risk_comprehensive,risk_comprehensive_02069,966.585941662,9.27638207429
risk_comprehensive,risk_comprehensive_02070,1173.77725569,10.1420663629
risk_comprehensive,risk_comprehensive_02071,1038.2235852,9.43797378652
risk_comprehensive,risk_comprehensive_02072,1133.3746557,10.031303406
risk_comprehensive,risk_comprehensive_02073,601.344592165,9.45782458819
risk_comprehensive,risk_comprehensive_02074,628.46353127,8.20548642757
risk_comprehensive,risk_comprehensive_02075,618.245331226,9.6095015458
risk_comprehensive,risk_comprehensive_02076,921.624972406,8.59986899491
risk_comprehensive,risk_comprehensive_02077,899.025108385,9.73995974285
risk_comprehensive,risk_comprehensive_02078,701.682971307,8.31273817015
risk_comprehensive,risk_comprehensive_02079,637.242118744,9.82146051717
risk_comprehensive,risk_comprehensive_02080,1073.3318002,9.48906656553
risk_comprehensive,risk_comprehensive_02081,771.10490565,8.74647021048
risk_comprehensive,risk_comprehensive_02082,693.860064766,8.83263164247
risk_comprehensive,risk_comprehensive_02083,609.09346664,8.44144832214
risk_comprehensive,risk_comprehensive_02084,795.185910832,9.58626486958
risk_comprehensive,risk_comprehensive_02085,508.54115967,8.19824472788
risk_comprehensive,risk_comprehensive_02086,926.220691586,8.53503145588
risk_comprehensive,risk_comprehensive_02087,614.851680146,8.22411839103
risk_comprehensive,risk_comprehensive_02088,651.293120898,9.07469224643
risk_comprehensive,risk_comprehensive_02089,572.028509628,8.93793731314
risk_comprehensive,risk_comprehensive_02090,624.001676146,8.92789294975
risk_comprehensive,risk_comprehensive_02091,964.271680572,9.5873531017
risk_comprehensive,risk_comprehensive_02092,758.981000262,9.53540866902
risk_comprehensive,risk_comprehensive_02093,679.79207518,8.89583707045
risk_comprehensive,risk_comprehensive_02094,1194.9023922,8.98325150009
risk_comprehensive,risk_comprehensive_02095,739.563138894,9.1386683631
risk_comprehensive,risk_comprehensive_02096,973.180758967,8.80789546993
risk_comprehensive,risk_comprehensive_02097,872.254600482,9.51102351227
risk_comprehensive,risk_comprehensive_02098,1030.18027476,8.93308162951
risk_comprehensive,risk_comprehensive_02099,1076.93692706,9.95168174343
risk_comprehensive,risk_comprehensive_02100,864.21285934,8.41881502611
risk_comprehensive,risk_comprehensive_02101,1071.87677993,9.88880434321
risk_comprehensive,risk_comprehensive_02102,856.418684694,9.03594453752
risk_comprehensive,risk_comprehensive_02103,1137.03934996,9.46322760902
risk_comprehensive,risk_comprehensive_02104,1183.43740414,9.53115643523
risk_comprehensive,risk_comprehensive_02105,893.325606299,10.7032989877
risk_comprehensive,risk_comprehensive_02106,804.726692023,9.26648399982
risk_comprehensive,risk_comprehensive_02107,991.077947074,9.77724514673
risk_comprehensive,risk_comprehensive_02108,546.564405763,9.19443294578
risk_comprehensive,risk_comprehensive_02109,504.724104276,8.76071335896
risk_comprehensive,risk_comprehensive_02110,560.27493109,8.17961544545
risk_comprehensive,risk_comprehensive_02111,544.467676936,8.87545648564
risk_comprehensive,risk_comprehensive_02112,892.664751554,9.50262964009
risk_comprehensive,risk_comprehensive_02113,1009.678789,9.80049193893
risk_comprehensive,risk_comprehensive_02114,882.6440127,8.30371084426
risk_comprehensive,risk_comprehensive_02115,607.966584426,9.38773799856
risk_comprehensive,risk_comprehensive_02116,1086.80086974,8.98228713824
risk_comprehensive,risk_comprehensive_02117,1154.06708071,9.03366093214
risk_comprehensive,risk_comprehensive_02118,663.067964413,7.76857304122
risk_comprehensive,risk_comprehensive_02119,1068.33349625,9.29817681806
risk_comprehensive,risk_comprehensive_02120,1036.25885013,8.87880850034
risk_comprehensive,risk_comprehensive_02121,1177.38061086,9.63033422131
risk_comprehensive,risk_comprehensive_02122,766.793628912,8.60013017089
risk_comprehensive,risk_comprehensive_02123,966.086068473,9.45533636785
risk_comprehensive,risk_comprehensive_02124,929.951194168,7.86752565813
risk_comprehensive,risk_comprehensive_02125,1148.31024642,9.62588620157
risk_comprehensive,risk_comprehensive_02126,898.740204451,9.24246995662
risk_comprehensive,risk_comprehensive_02127,633.995944959,9.7409729221
risk_comprehensive,risk_comprehensive_02128,676.310817094,10.2889473091
risk_comprehensive,risk_comprehensive_02129,1110.16091958,10.1804270292
risk_comprehensive,risk_comprehensive_02130,949.294199059,9.14878916495
risk_comprehensive,risk_comprehensive_02131,579.39628823,8.90162993906
risk_comprehensive,risk_comprehensive_02132,841.913174831,8.37436187436
risk_comprehensive,risk_comprehensive_02133,771.314301509,8.54686783433
risk_comprehensive,risk_comprehensive_02134,942.702689212,9.13808896801
risk_comprehensive,risk_comprehensive_02135,1128.82740106,10.0289597576
risk_comprehensive,risk_comprehensive_02136,519.921614201,9.33163490725
risk_comprehensive,risk_comprehensive_02137,601.543467404,9.4414818008
risk_comprehensive,risk_comprehensive_02138,942.86834481,9.98838229522
risk_comprehensive,risk_comprehensive_02139,971.267321389,7.74533221553
risk_comprehensive,risk_comprehensive_02140,850.599776308,8.44196565815
risk_comprehensive,risk_comprehensive_02141,613.601351356,8.31816483488
risk_comprehensive,risk_comprehensive_02142,531.001043854,8.70711366887
risk_comprehensive,risk_comprehensive_02143,740.546849863,8.45632882021
risk_comprehensive,risk_comprehensive_02144,550.772609548,8.98641745979
risk_comprehensive,risk_comprehensive_02145,753.211927624,8.22029298051
risk_comprehensive,risk_comprehensive_02146,660.790108302,8.21293493045
risk_comprehensive,risk_comprehensive_02147,1002.44792217,9.64488963508
risk_comprehensive,risk_comprehensive_02148,1143.65801781,9.92036233027
risk_comprehensive,risk_comprehensive_02149,1175.05686737,10.0111351865
risk_comprehensive,risk_comprehensive_02150,1131.62979079,10.3816012752
risk_comprehensive,risk_comprehensive_02151,772.243298759,8.82055996915
risk_comprehensive,risk_comprehensive_02152,745.049398035,7.62039146201
risk_comprehensive,risk_comprehensive_02153,648.058643789,8.82455340651
risk_comprehensive,risk_comprehensive_02154,550.953002375,8.84081561441
risk_comprehensive,risk_comprehensive_02155,884.580839652,8.68444643329
risk_comprehensive,risk_comprehensive_02156,866.589377522,9.01949540966
risk_comprehensive,risk_comprehensive_02157,1038.58222749,9.55374815937
risk_comprehensive,risk_comprehensive_02158,1137.26321264,10.6499330531
risk_comprehensive,risk_comprehensive_02159,538.945941165,8.17024273336
risk_comprehensive,risk_comprehensive_02160,552.62216896,8.25363506118
risk_comprehensive,risk_comprehensive_02161,1039.75596173,9.5494862948
risk_comprehensive,risk_comprehensive_02162,1164.29006432,10.1347782912
risk_comprehensive,risk_comprehensive_02163,859.389409501,8.7870128397
risk_comprehensive,risk_comprehensive_02164,606.068721306,9.09735273528
risk_comprehensive,risk_comprehensive_02165,855.651349297,8.87145345846
risk_comprehensive,risk_comprehensive_02166,1096.45797999,9.78908798548
risk_comprehensive,risk_comprehensive_02167,525.721179209,9.39409736369
risk_comprehensive,risk_comprehensive_02168,954.732893494,9.2741001463
risk_comprehensive,risk_comprehensive_02169,980.532082308,9.96080401388
risk_comprehensive,risk_comprehensive_02170,1015.00736134,8.61618377893
risk_comprehensive,risk_comprehensive_02171,1147.25957623,10.3569410767
risk_comprehensive,risk_comprehensive_02172,1029.68533676,9.69637291807
risk_comprehensive,risk_comprehensive_02173,500.732590634,8.33805254167
risk_comprehensive,risk_comprehensive_02174,1014.99118233,9.12569106187
risk_comprehensive,risk_comprehensive_02175,676.629557523,8.12890237492
risk_comprehensive,risk_comprehensive_02176,823.888149572,7.18270721482
risk_comprehensive,risk_comprehensive_02177,1024.13963222,9.86788626147
risk_comprehensive,risk_comprehensive_02178,893.951680711,9.20466535252
risk_comprehensive,risk_comprehensive_02179,820.071231937,9.54084633671
risk_comprehensive,risk_comprehensive_02180,835.198888871,8.5813427152
risk_comprehensive,risk_comprehensive_02181,667.957142234,9.41470998998
risk_comprehensive,risk_comprehensive_02182,822.960946084,9.21810997435
risk_comprehensive,risk_comprehensive_02183,733.274129802,9.05636405128
risk_comprehensive,risk_comprehensive_02184,989.185213608,9.44149009137
risk_comprehensive,risk_comprehensive_02185,596.809758686,8.7849126897
risk_comprehensive,risk_comprehensive_02186,1134.37651715,10.3394106639
risk_comprehensive,risk_comprehensive_02187,586.402628618,8.71854721677
risk_comprehensive,risk_comprehensive_02188,660.740191513,8.47636573203
risk_comprehensive,risk_comprehensive_02189,919.598777136,10.2438306068
risk_comprehensive,risk_comprehensive_02190,660.04823714,8.45274157012
risk_comprehensive,risk_comprehensive_02191,1153.29061962,8.6011189108
risk_comprehensive,risk_comprehensive_02192,659.801672871,9.84710400656
risk_comprehensive,risk_comprehensive_02193,1152.56934999,9.46426011595
risk_comprehensive,risk_comprehensive_02194,1014.48117936,9.74652609063
risk_comprehensive,risk_comprehensive_02195,716.861452103,8.29277987016
risk_comprehensive,risk_comprehensive_02196,884.717593798,8.77315845025
risk_comprehensive,risk_comprehensive_02197,947.50234961,8.41866812068
risk_comprehensive,risk_comprehensive_02198,895.254604016,9.06133002905
risk_comprehensive,risk_comprehensive_02199,822.873224435,9.12508074305
risk_comprehensive,risk_comprehensive_02200,641.967816811,8.51151436591
risk_comprehensive,risk_comprehensive_02201,627.770901216,8.92911815432
risk_comprehensive,risk_comprehensive_02202,992.95218711,9.95346452314
risk_comprehensive,risk_comprehensive_02203,976.051498726,9.01037694809
risk_comprehensive,risk_comprehensive_02204,1197.65839331,10.1957323704
risk_comprehensive,risk_comprehensive_02205,1113.85091618,9.33495869274
risk_comprehensive,risk_comprehensive_02206,636.78303859,7.0883606956
risk_comprehensive,risk_comprehensive_02207,546.759781382,9.13300685325
risk_comprehensive,risk_comprehensive_02208,992.669526481,8.81521068017
risk_comprehensive,risk_comprehensive_02209,648.404597631,8.53042095504
risk_comprehensive,risk_comprehensive_02210,1100.36568236,9.14721523153
risk_comprehensive,risk_comprehensive_02211,1143.28965242,8.87338611616
risk_comprehensive,risk_comprehensive_02212,754.265041884,9.58671228521
risk_comprehensive,risk_comprehensive_02213,1153.88374606,9.32897873809
risk_comprehensive,risk_comprehensive_02214,1045.71533572,8.88788425909
risk_comprehensive,risk_comprehensive_02215,1042.75677108,9.77317439991
risk_comprehensive,risk_comprehensive_02216,629.039804407,8.273480155
risk_comprehensive,risk_comprehensive_02217,842.224828921,9.12370354764
risk_comprehensive,risk_comprehensive_02218,750.108821342,9.30921193126
risk_comprehensive,risk_comprehensive_02219,976.013853623,9.02835166348
risk_comprehensive,risk_comprehensive_02220,934.508199624,8.59169565903
risk_comprehensive,risk_comprehensive_02221,730.768853727,8.63515205819
risk_comprehensive,risk_comprehensive_02222,515.524054746,8.52452913287
risk_comprehensive,risk_comprehensive_02223,918.121248846,9.24415354917
risk_comprehensive,risk_comprehensive_02224,740.681197848,9.71711862577
risk_comprehensive,risk_comprehensive_02225,836.645094308,8.42703913229
risk_comprehensive,risk_comprehensive_02226,739.637145921,8.57496403572
risk_comprehensive,risk_comprehensive_02227,948.759793115,9.27195339043
risk_comprehensive,risk_comprehensive_02228,958.617376694,9.20200703945
risk_comprehensive,risk_comprehensive_02229,983.739831251,8.89496297892
risk_comprehensive,risk_comprehensive_02230,632.715273286,9.4437286143
risk_comprehensive,risk_comprehensive_02231,627.299805729,9.52150864032
risk_comprehensive,risk_comprehensive_02232,757.312895754,7.61923430658
risk_comprehensive,risk_comprehensive_02233,1127.31132154,9.61776325823
risk_comprehensive,risk_comprehensive_02234,1046.92065116,9.80417619119
risk_comprehensive,risk_comprehensive_02235,579.93331709,8.78564072648
risk_comprehensive,risk_comprehensive_02236,565.053241586,7.68095580952
risk_comprehensive,risk_comprehensive_02237,758.321775502,9.088243876
risk_comprehensive,risk_comprehensive_02238,575.01905472,9.41211821881
risk_comprehensive,risk_comprehensive_02239,865.857950986,8.51649287122
risk_comprehensive,risk_comprehensive_02240,635.836617483,9.5297204986
risk_comprehensive,risk_comprehensive_02241,990.333038728,9.47064902642
risk_comprehensive,risk_comprehensive_02242,800.374124375,8.71826598582
risk_comprehensive,risk_comprehensive_02243,779.875046205,9.24666190552
risk_comprehensive,risk_comprehensive_02244,998.126030166,9.08298372421
risk_comprehensive,risk_comprehensive_02245,1043.21076092,8.93992635156
risk_comprehensive,risk_comprehensive_02246,820.13298813,9.1071996051
risk_comprehensive,risk_comprehensive_02247,1142.89880105,9.86537944834
risk_comprehensive,risk_comprehensive_02248,723.224973249,8.50651507299
risk_comprehensive,risk_comprehensive_02249,521.808610033,7.35276117898
risk_comprehensive,risk_comprehensive_02250,1093.17098427,10.2530190863
risk_comprehensive,risk_comprehensive_02251,946.885545722,9.11191660219
risk_comprehensive,risk_comprehensive_02252,790.712807943,8.23026002374
risk_comprehensive,risk_comprehensive_02253,681.477374205,8.78654564484
risk_comprehensive,risk_comprehensive_02254,871.662234532,9.06525479324
risk_comprehensive,risk_comprehensive_02255,831.812438443,9.41720752381
risk_comprehensive,risk_comprehensive_02256,977.623493952,9.63423155839
risk_comprehensive,risk_comprehensive_02257,556.998434911,9.1424634302
risk_comprehensive,risk_comprehensive_02258,989.878717869,10.1510709086
risk_comprehensive,risk_comprehensive_02259,562.226769069,9.7043123735
risk_comprehensive,risk_comprehensive_02260,504.390517008,7.59223633422
risk_comprehensive,risk_comprehensive_02261,1152.56545651,10.4649373753
risk_comprehensive,risk_comprehensive_02262,742.661016818,8.84229517862
risk_comprehensive,risk_comprehensive_02263,1025.25663847,9.42850367372
risk_comprehensive,risk_comprehensive_02264,697.123755564,8.54987470386
risk_comprehensive,risk_comprehensive_02265,1199.3284439,9.81042475456
risk_comprehensive,risk_comprehensive_02266,1114.45945185,9.00990067743
risk_comprehensive,risk_comprehensive_02267,1090.28385514,9.63319881329
risk_comprehensive,risk_comprehensive_02268,793.599225647,9.30096260497
risk_comprehensive,risk_comprehensive_02269,681.614775778,8.88847987108
risk_comprehensive,risk_comprehensive_02270,997.22244514,9.2812693978
risk_comprehensive,risk_comprehensive_02271,1114.58561571,9.57037361933
risk_comprehensive,risk_comprehensive_02272,1122.09549552,9.68002971351
risk_comprehensive,risk_comprehensive_02273,656.708148741,7.91434214791
risk_comprehensive,risk_comprehensive_02274,795.54674905,8.75285492919
risk_comprehensive,risk_comprehensive_02275,941.194759867,9.28207268572
risk_comprehensive,risk_comprehensive_02276,728.479110316,9.81426846141
risk_comprehensive,risk_comprehensive_02277,686.372506489,9.05034290991
risk_comprehensive,risk_comprehensive_02278,874.237709552,9.22332218764
risk_comprehensive,risk_comprehensive_02279,1036.00187186,9.41383302769
risk_comprehensive,risk_comprehensive_02280,596.810060674,9.07471700346
risk_comprehensive,risk_comprehensive_02281,1145.96877076,9.42638889887
risk_comprehensive,risk_comprehensive_02282,701.635065959,8.50878558385
risk_comprehensive,risk_comprehensive_02283,535.558573609,8.44321442237
risk_comprehensive,risk_comprehensive_02284,658.68264223,8.01514751639
risk_comprehensive,risk_comprehensive_02285,765.578044241,8.75578340779
risk_comprehensive,risk_comprehensive_02286,937.255505602,9.33948486684
risk_comprehensive,risk_comprehensive_02287,1120.45792554,9.63003543536
risk_comprehensive,risk_comprehensive_02288,1146.65364614,8.93380212676
risk_comprehensive,risk_comprehensive_02289,724.434128872,7.92553438857
risk_comprehensive,risk_comprehensive_02290,620.37243415,9.70816485464
risk_comprehensive,risk_comprehensive_02291,800.519265738,9.18840332905
risk_comprehensive,risk_comprehensive_02292,1131.98051476,9.99260505711
risk_comprehensive,risk_comprehensive_02293,719.225095383,8.95071492117
risk_comprehensive,risk_comprehensive_02294,631.745569071,8.02337251227
risk_comprehensive,risk_comprehensive_02295,915.204310402,8.19822782683
risk_comprehensive,risk_comprehensive_02296,994.146923905,8.87075008815
risk_comprehensive,risk_comprehensive_02297,1172.41992046,9.84521278315
risk_comprehensive,risk_comprehensive_02298,1076.31028369,8.96851489317
risk_comprehensive,risk_comprehensive_02299,1058.43401327,9.23839736146
risk_comprehensive,risk_comprehensive_02300,1084.61739386,9.80118542152
risk_comprehensive,risk_comprehensive_02301,657.905618396,9.11399577732
risk_comprehensive,risk_comprehensive_02302,597.423948158,7.74454280511
risk_comprehensive,risk_comprehensive_02303,536.993416073,8.37077349614
risk_comprehensive,risk_comprehensive_02304,914.44597741,9.24130222867
risk_comprehensive,risk_comprehensive_02305,640.062915016,8.59324107007
risk_comprehensive,risk_comprehensive_02306,550.933784957,8.41777906812
risk_comprehensive,risk_comprehensive_02307,803.76875139,8.78595000804
risk_comprehensive,risk_comprehensive_02308,1130.75942275,9.85651704485
risk_comprehensive,risk_comprehensive_02309,1029.17016737,9.50761776681
risk_comprehensive,risk_comprehensive_02310,515.260466685,8.06415724576
risk_comprehensive,risk_comprehensive_02311,720.273002616,9.39397540409
risk_comprehensive,risk_comprehensive_02312,1055.48293581,9.12440654924
risk_comprehensive,risk_comprehensive_02313,585.330480049,8.62261700088
risk_comprehensive,risk_comprehensive_02314,565.461004194,7.54068223119
risk_comprehensive,risk_comprehensive_02315,781.033132973,8.29775634604
risk_comprehensive,risk_comprehensive_02316,524.279015077,9.27497480305
risk_comprehensive,risk_comprehensive_02317,604.476250067,8.28620329276
risk_comprehensive,risk_comprehensive_02318,1091.18321895,9.44439590259
risk_comprehensive,risk_comprehensive_02319,663.883556186,9.01876900259
risk_comprehensive,risk_comprehensive_02320,1133.48529422,9.45225945808
risk_comprehensive,risk_comprehensive_02321,1003.97650956,9.33468540479
risk_comprehensive,risk_comprehensive_02322,534.20293448,8.41224680767
risk_comprehensive,risk_comprehensive_02323,1036.40757523,9.78082250719
risk_comprehensive,risk_comprehensive_02324,895.261151538,8.53210077432
risk_comprehensive,risk_comprehensive_02325,508.335038684,8.42384585253
risk_comprehensive,risk_comprehensive_02326,583.364962005,8.55053220833
risk_comprehensive,risk_comprehensive_02327,960.455460912,9.17984647571
risk_comprehensive,risk_comprehensive_02328,1043.77915345,8.49243201725
risk_comprehensive,risk_comprehensive_02329,563.753188281,9.3989751313
risk_comprehensive,risk_comprehensive_02330,1139.7257466,10.6623214696
risk_comprehensive,risk_comprehensive_02331,550.898057909,9.38733022156
risk_comprehensive,risk_comprehensive_02332,666.557888478,8.31173444055
risk_comprehensive,risk_comprehensive_02333,997.461095964,9.62947586425
risk_comprehensive,risk_comprehensive_02334,543.597362313,8.96337023435
risk_comprehensive,risk_comprehensive_02335,575.775883353,9.26369544023
risk_comprehensive,risk_comprehensive_02336,1031.42450724,8.82270347961
risk_comprehensive,risk_comprehensive_02337,821.275356243,8.86716298785
risk_comprehensive,risk_comprehensive_02338,1051.64000986,10.1704423922
risk_comprehensive,risk_comprehensive_02339,1103.41191428,9.66475409893
risk_comprehensive,risk_comprehensive_02340,549.957751473,8.82752865397
risk_comprehensive,risk_comprehensive_02341,943.619761477,8.24932054206
risk_comprehensive,risk_comprehensive_02342,1019.30504651,8.60562307366
risk_comprehensive,risk_comprehensive_02343,938.429272256,8.74663139785
risk_comprehensive,risk_comprehensive_02344,590.661129508,9.48702119766
risk_comprehensive,risk_comprehensive_02345,607.459939412,8.47550097662
risk_comprehensive,risk_comprehensive_02346,821.062581546,8.18759419731
risk_comprehensive,risk_comprehensive_02347,781.348069047,10.1788899129
risk_comprehensive,risk_comprehensive_02348,662.597605355,8.99805685194
risk_comprehensive,risk_comprehensive_02349,533.072499594,8.84776996269
risk_comprehensive,risk_comprehensive_02350,1159.00789046,9.88988509439
risk_comprehensive,risk_comprehensive_02351,1155.52735438,9.78822977767
risk_comprehensive,risk_comprehensive_02352,624.010649119,8.22756419352
risk_comprehensive,risk_comprehensive_02353,620.973214329,8.57099911039
risk_comprehensive,risk_comprehensive_02354,697.627552622,9.28221889776
risk_comprehensive,risk_comprehensive_02355,964.759638858,8.11275657367
risk_comprehensive,risk_comprehensive_02356,890.820952911,8.76576985005
risk_comprehensive,risk_comprehensive_02357,900.088667776,9.12846329375
risk_comprehensive,risk_comprehensive_02358,1028.89306311,9.49233113617
risk_comprehensive,risk_comprehensive_02359,800.09138771,9.39549393971
risk_comprehensive,risk_comprehensive_02360,1026.46030277,8.96255682674
risk_comprehensive,risk_comprehensive_02361,1001.0326613,9.28583443518
risk_comprehensive,risk_comprehensive_02362,908.090200686,9.7149839138
risk_comprehensive,risk_comprehensive_02363,501.522726384,8.66018331852
risk_comprehensive,risk_comprehensive_02364,1127.53825098,8.90557361374
risk_comprehensive,risk_comprehensive_02365,621.408359032,7.92900689392
risk_comprehensive,risk_comprehensive_02366,792.081247872,8.65002215609
risk_comprehensive,risk_comprehensive_02367,507.460662865,8.73998174955
risk_comprehensive,risk_comprehensive_02368,589.525953945,9.86184359805
risk_comprehensive,risk_comprehensive_02369,1126.00238259,10.051549382
risk_comprehensive,risk_comprehensive_02370,1069.16764434,9.38118308266
risk_comprehensive,risk_comprehensive_02371,933.449936676,8.56970634048
risk_comprehensive,risk_comprehensive_02372,597.748297679,8.15984164551
risk_comprehensive,risk_comprehensive_02373,817.989976354,9.43904596618
risk_comprehensive,risk_comprehensive_02374,969.216354999,9.75235727148
risk_comprehensive,risk_comprehensive_02375,1066.80870941,10.5945550685
risk_comprehensive,risk_comprehensive_02376,751.620007007,9.04765602584
risk_comprehensive,risk_comprehensive_02377,882.039351918,9.08474678128
risk_comprehensive,risk_comprehensive_02378,728.815787622,8.53691279814
risk_comprehensive,risk_comprehensive_02379,1098.04987471,10.1555089384
risk_comprehensive,risk_comprehensive_02380,973.919576344,7.84838554735
risk_comprehensive,risk_comprehensive_02381,811.393708823,8.71699793937
risk_comprehensive,risk_comprehensive_02382,939.749778477,8.95763988796
risk_comprehensive,risk_comprehensive_02383,630.163333344,8.58926216615
risk_comprehensive,risk_comprehensive_02384,1082.73171854,9.12980039493
risk_comprehensive,risk_comprehensive_02385,825.931930145,8.73457598857
risk_comprehensive,risk_comprehensive_02386,582.825589499,9.37374679741
risk_comprehensive,risk_comprehensive_02387,566.626732715,8.30388518308
risk_comprehensive,risk_comprehensive_02388,1167.96951697,10.6107024394
risk_comprehensive,risk_comprehensive_02389,1056.8963176,9.44297782145
risk_comprehensive,risk_comprehensive_02390,956.700934022,8.60030301959
risk_comprehensive,risk_comprehensive_02391,1131.18351153,9.74123474954
risk_comprehensive,risk_comprehensive_02392,546.641120899,7.91389848441
risk_comprehensive,risk_comprehensive_02393,1030.23001404,10.0193349326
risk_comprehensive,risk_comprehensive_02394,797.893130849,8.05862902346
risk_comprehensive,risk_comprehensive_02395,1033.56020438,9.24543027396
risk_comprehensive,risk_comprehensive_02396,853.839046799,8.98566333192
risk_comprehensive,risk_comprehensive_02397,1045.38016012,10.3261677025
risk_comprehensive,risk_comprehensive_02398,867.57084883,8.8791517058
risk_comprehensive,risk_comprehensive_02399,923.992884496,10.2821058503
risk_comprehensive,risk_comprehensive_02400,1172.05817009,9.12033175549
risk_comprehensive,risk_comprehensive_02401,763.153360655,8.59634371892
risk_comprehensive,risk_comprehensive_02402,796.59652406,8.13112801216
risk_comprehensive,risk_comprehensive_02403,934.852765265,8.30651321042
risk_comprehensive,risk_comprehensive_02404,553.849928145,8.40430367126
risk_comprehensive,risk_comprehensive_02405,858.830039417,8.70539651494
risk_comprehensive,risk_comprehensive_02406,891.155595137,8.33556840681
risk_comprehensive,risk_comprehensive_02407,608.265494629,9.37437988432
risk_comprehensive,risk_comprehensive_02408,1084.9263842,10.1018612266
risk_comprehensive,risk_comprehensive_02409,986.391884636,10.3237709965
risk_comprehensive,risk_comprehensive_02410,731.307391475,8.78679025036
risk_comprehensive,risk_comprehensive_02411,651.693426152,8.9338524555
risk_comprehensive,risk_comprehensive_02412,1029.10827655,9.96684511572
risk_comprehensive,risk_comprehensive_02413,604.03154859,7.97493805157
risk_comprehensive,risk_comprehensive_02414,848.950433861,8.59415374478
risk_comprehensive,risk_comprehensive_02415,1045.56755676,9.84889794122
risk_comprehensive,risk_comprehensive_02416,554.610258337,9.10940358186
risk_comprehensive,risk_comprehensive_02417,865.943367253,9.12846627131
risk_comprehensive,risk_comprehensive_02418,1174.90460691,9.30958361577
risk_comprehensive,risk_comprehensive_02419,664.640216542,9.22640358263
risk_comprehensive,risk_comprehensive_02420,543.508160479,9.00488792947
risk_comprehensive,risk_comprehensive_02421,1067.40656814,10.1224947936
risk_comprehensive,risk_comprehensive_02422,976.815127429,9.36889239244
risk_comprehensive,risk_comprehensive_02423,609.357849441,9.55683112165
risk_comprehensive,risk_comprehensive_02424,506.848188158,9.03163231193
risk_comprehensive,risk_comprehensive_02425,799.544187879,8.32112410827
risk_comprehensive,risk_comprehensive_02426,1157.80010298,10.07319647
risk_comprehensive,risk_comprehensive_02427,1000.11572373,10.5863576248
risk_comprehensive,risk_comprehensive_02428,960.890182562,9.5797157365
risk_comprehensive,risk_comprehensive_02429,1062.4337397,9.0842752296
risk_comprehensive,risk_comprehensive_02430,712.037755203,8.765736618
risk_comprehensive,risk_comprehensive_02431,1098.95200914,8.97053490024
risk_comprehensive,risk_comprehensive_02432,1155.49633326,10.255496838
risk_comprehensive,risk_comprehensive_02433,982.505494861,9.27625477179
risk_comprehensive,risk_comprehensive_02434,769.85450963,9.58077148541
risk_comprehensive,risk_comprehensive_02435,875.042495478,7.65133110007
risk_comprehensive,risk_comprehensive_02436,712.345480714,8.89657333617
risk_comprehensive,risk_comprehensive_02437,841.716624816,8.76337045222
risk_comprehensive,risk_comprehensive_02438,975.286539487,10.0446327847
risk_comprehensive,risk_comprehensive_02439,1057.1412789,8.59170366269
risk_comprehensive,risk_comprehensive_02440,899.245583552,9.3510132
risk_comprehensive,risk_comprehensive_02441,867.188022815,8.37918787858
risk_comprehensive,risk_comprehensive_02442,527.228145374,9.73986863344
risk_comprehensive,risk_comprehensive_02443,1196.8570508,9.99501697552
risk_comprehensive,risk_comprehensive_02444,870.820664493,8.81280294681
risk_comprehensive,risk_comprehensive_02445,1081.02741439,9.17611419864
risk_comprehensive,risk_comprehensive_02446,539.757327796,8.73956703247
risk_comprehensive,risk_comprehensive_02447,790.979078169,8.22878480087
risk_comprehensive,risk_comprehensive_02448,852.451851429,8.41820849144
risk_comprehensive,risk_comprehensive_02449,1062.29148619,8.64246125481
risk_comprehensive,risk_comprehensive_02450,661.84812661,8.75521547361
risk_comprehensive,risk_comprehensive_02451,997.18328618,9.61389141216
risk_comprehensive,risk_comprehensive_02452,841.326184598,8.77149306872
risk_comprehensive,risk_comprehensive_02453,1093.2801484,9.67992477812
risk_comprehensive,risk_comprehensive_02454,760.419190132,8.64785657753
risk_comprehensive,risk_comprehensive_02455,631.134626314,9.07213039899
risk_comprehensive,risk_comprehensive_02456,941.614566693,9.05123951779
risk_comprehensive,risk_comprehensive_02457,704.903515166,9.01170614098
risk_comprehensive,risk_comprehensive_02458,725.778202767,9.89576157549
risk_comprehensive,risk_comprehensive_02459,1108.57433509,9.07871377739
risk_comprehensive,risk_comprehensive_02460,539.480972041,7.86275481201
risk_comprehensive,risk_comprehensive_02461,655.189157651,9.10826317211
risk_comprehensive,risk_comprehensive_02462,943.840913568,9.91697012717
risk_comprehensive,risk_comprehensive_02463,1005.25879403,9.73874692611
risk_comprehensive,risk_comprehensive_02464,590.777254926,8.45245366098
risk_comprehensive,risk_comprehensive_02465,1170.99415833,9.50206891972
risk_comprehensive,risk_comprehensive_02466,992.437872016,8.69443841163
risk_comprehensive,risk_comprehensive_02467,576.524471357,9.35988132382
risk_comprehensive,risk_comprehensive_02468,1127.5536686,9.95191979472
risk_comprehensive,risk_comprehensive_02469,913.313241996,9.0112924419
risk_comprehensive,risk_comprehensive_02470,1067.53862426,8.80091390518
risk_comprehensive,risk_comprehensive_02471,928.914230548,9.23090613674
risk_comprehensive,risk_comprehensive_02472,713.986024743,9.94012170989
risk_comprehensive,risk_comprehensive_02473,718.401514754,8.97486589972
risk_comprehensive,risk_comprehensive_02474,1106.91875449,9.32975904082
risk_comprehensive,risk_comprehensive_02475,1072.36582173,9.46781412383
risk_comprehensive,risk_comprehensive_02476,1060.41817592,8.59415679528
risk_comprehensive,risk_comprehensive_02477,1184.34249575,10.8812016549
risk_comprehensive,risk_comprehensive_02478,624.777314596,9.60955382606
risk_comprehensive,risk_comprehensive_02479,879.25173833,8.05239535174
risk_comprehensive,risk_comprehensive_02480,804.231550618,8.67405234553
risk_comprehensive,risk_comprehensive_02481,1133.33675464,9.1844369331
risk_comprehensive,risk_comprehensive_02482,1142.96804664,9.40522378447
risk_comprehensive,risk_comprehensive_02483,698.391666807,8.1037160293
risk_comprehensive,risk_comprehensive_02484,867.619869164,8.56182332655
risk_comprehensive,risk_comprehensive_02485,784.09789158,8.33574374386
risk_comprehensive,risk_comprehensive_02486,639.871056391,9.30831181932
risk_comprehensive,risk_comprehensive_02487,1026.10123676,9.17812558246
risk_comprehensive,risk_comprehensive_02488,522.139967477,8.85406425428
risk_comprehensive,risk_comprehensive_02489,786.102416232,8.91166992184
risk_comprehensive,risk_comprehensive_02490,1005.04233126,9.81180942025
risk_comprehensive,risk_comprehensive_02491,1037.07048466,9.58856373507
risk_comprehensive,risk_comprehensive_02492,725.481787288,8.97145678015
risk_comprehensive,risk_comprehensive_02493,1160.34026793,10.6531480512
risk_comprehensive,risk_comprehensive_02494,528.781674034,7.89246379764
risk_comprehensive,risk_comprehensive_02495,911.52965323,8.68391624525
risk_comprehensive,risk_comprehensive_02496,882.973347141,9.14656407941
risk_comprehensive,risk_comprehensive_02497,654.904404203,8.87291593898
risk_comprehensive,risk_comprehensive_02498,520.270206269,8.154273161
risk_comprehensive,risk_comprehensive_02499,729.340244704,8.56284854962
risk_comprehensive,risk_comprehensive_02500,668.248710967,8.16890503697
risk_comprehensive,risk_comprehensive_02501,773.113691665,7.66249963683
risk_comprehensive,risk_comprehensive_02502,652.991556925,8.82683461618
risk_comprehensive,risk_comprehensive_02503,1182.99634412,9.03638073239
risk_comprehensive,risk_comprehensive_02504,676.061409876,8.24720182155
risk_comprehensive,risk_comprehensive_02505,994.733064797,9.54200657684
risk_comprehensive,risk_comprehensive_02506,727.169927454,8.46387699273
risk_comprehensive,risk_comprehensive_02507,1107.79551239,10.1188307053
risk_comprehensive,risk_comprehensive_02508,1130.97692608,9.64891491015
risk_comprehensive,risk_comprehensive_02509,555.483076593,8.69747823446
risk_comprehensive,risk_comprehensive_02510,579.264041624,9.92800534823
risk_comprehensive,risk_comprehensive_02511,965.206510514,10.3211111511
risk_comprehensive,risk_comprehensive_02512,1153.81168996,9.49666997126
risk_comprehensive,risk_comprehensive_02513,926.455227061,9.42129944421
risk_comprehensive,risk_comprehensive_02514,1114.24251986,9.87672908459
risk_comprehensive,risk_comprehensive_02515,866.118963355,9.80760526228
risk_comprehensive,risk_comprehensive_02516,701.840772512,9.22645166514
risk_comprehensive,risk_comprehensive_02517,750.374836345,9.01226230882
risk_comprehensive,risk_comprehensive_02518,979.095224688,10.5798495437
risk_comprehensive,risk_comprehensive_02519,953.82648597,8.84390164804
risk_comprehensive,risk_comprehensive_02520,741.85329382,8.42167825738
risk_comprehensive,risk_comprehensive_02521,740.292034211,9.01948552077
risk_comprehensive,risk_comprehensive_02522,621.351120134,8.50295910955
risk_comprehensive,risk_comprehensive_02523,628.333887085,8.16154884659
risk_comprehensive,risk_comprehensive_02524,1047.21295198,9.32231599873
risk_comprehensive,risk_comprehensive_02525,616.053401218,8.29749141059
risk_comprehensive,risk_comprehensive_02526,1173.22033188,9.73355086138
risk_comprehensive,risk_comprehensive_02527,1175.21808098,9.23027908139
risk_comprehensive,risk_comprehensive_02528,786.959821767,8.79645315714
risk_comprehensive,risk_comprehensive_02529,1142.41653214,8.97960041956
risk_comprehensive,risk_comprehensive_02530,708.012684116,8.59271363148
risk_comprehensive,risk_comprehensive_02531,1146.42626186,9.11600904732
risk_comprehensive,risk_comprehensive_02532,663.960099384,10.0445726872
risk_comprehensive,risk_comprehensive_02533,544.396738199,8.20916757726
risk_comprehensive,risk_comprehensive_02534,595.082681627,8.77923081056
risk_comprehensive,risk_comprehensive_02535,839.974835035,8.97325867473
risk_comprehensive,risk_comprehensive_02536,885.722088538,8.86428091443
risk_comprehensive,risk_comprehensive_02537,806.848520155,9.66230086547
risk_comprehensive,risk_comprehensive_02538,706.486898349,9.39471535746
risk_comprehensive,risk_comprehensive_02539,591.430657715,9.18278735077
risk_comprehensive,risk_comprehensive_02540,664.145747172,8.22203219079
risk_comprehensive,risk_comprehensive_02541,888.683860017,9.39658376069
risk_comprehensive,risk_comprehensive_02542,934.355206457,8.8279085435
risk_comprehensive,risk_comprehensive_02543,1121.1994633,9.55128060087
risk_comprehensive,risk_comprehensive_02544,640.087491319,10.1424862558
risk_comprehensive,risk_comprehensive_02545,630.54254958,8.83806297747
risk_comprehensive,risk_comprehensive_02546,1157.24509252,9.45532597364
risk_comprehensive,risk_comprehensive_02547,1012.855242,9.70159138047
risk_comprehensive,risk_comprehensive_02548,528.669623249,8.49626213566
risk_comprehensive,risk_comprehensive_02549,1115.21187796,10.0100479586
risk_comprehensive,risk_comprehensive_02550,1156.28043744,8.55301540317
risk_comprehensive,risk_comprehensive_02551,1148.80429939,9.53623311695
risk_comprehensive,risk_comprehensive_02552,964.05689423,9.52410940351
risk_comprehensive,risk_comprehensive_02553,595.930142333,8.71006376132
risk_comprehensive,risk_comprehensive_02554,778.371599136,8.35255500325
risk_comprehensive,risk_comprehensive_02555,602.743619031,8.38129842665
risk_comprehensive,risk_comprehensive_02556,1171.48533836,10.0217694863
risk_comprehensive,risk_comprehensive_02557,845.204209325,9.13543988672
risk_comprehensive,risk_comprehensive_02558,823.533113154,9.49209696208
risk_comprehensive,risk_comprehensive_02559,1165.60463861,9.98786787935
risk_comprehensive,risk_comprehensive_02560,553.783513907,8.35583389643
risk_comprehensive,risk_comprehensive_02561,548.692564109,8.92081696414
risk_comprehensive,risk_comprehensive_02562,1161.33074969,9.46180549568
risk_comprehensive,risk_comprehensive_02563,627.845730315,8.26184665532
risk_comprehensive,risk_comprehensive_02564,666.23655488,8.26827528896
risk_comprehensive,risk_comprehensive_02565,946.987954359,9.49163290092
risk_comprehensive,risk_comprehensive_02566,765.985357557,8.20897414295
risk_comprehensive,risk_comprehensive_02567,700.130767038,9.32228356287
risk_comprehensive,risk_comprehensive_02568,648.970288523,8.9329306271
risk_comprehensive,risk_comprehensive_02569,1189.25996946,9.77756565156
risk_comprehensive,risk_comprehensive_02570,525.516055927,9.01629056938
risk_comprehensive,risk_comprehensive_02571,608.456337647,9.21584076149
risk_comprehensive,risk_comprehensive_02572,829.617879604,7.79721575737
risk_comprehensive,risk_comprehensive_02573,725.324664624,8.27623148925
risk_comprehensive,risk_comprehensive_02574,924.959738991,10.0623708228
risk_comprehensive,risk_comprehensive_02575,1083.12536054,9.92450914373
risk_comprehensive,risk_comprehensive_02576,801.64000546,8.91680153318
risk_comprehensive,risk_comprehensive_02577,1146.42912231,10.0405052925
risk_comprehensive,risk_comprehensive_02578,877.261337207,9.67995844594
risk_comprehensive,risk_comprehensive_02579,694.616908473,8.71993556013
risk_comprehensive,risk_comprehensive_02580,916.969542389,9.32089965488
risk_comprehensive,risk_comprehensive_02581,1191.19746567,9.45397504883
risk_comprehensive,risk_comprehensive_02582,942.820589091,9.00180035189
risk_comprehensive,risk_comprehensive_02583,999.838906113,9.15324641881
risk_comprehensive,risk_comprehensive_02584,957.606195035,8.42135417595
risk_comprehensive,risk_comprehensive_02585,614.43767855,8.35428100303
risk_comprehensive,risk_comprehensive_02586,589.661527076,8.06436164401
risk_comprehensive,risk_comprehensive_02587,1026.48048169,9.29138500378
risk_comprehensive,risk_comprehensive_02588,927.93160569,9.0149510224
risk_comprehensive,risk_comprehensive_02589,684.866397361,8.49640852011
risk_comprehensive,risk_comprehensive_02590,1132.78538551,9.6057058973
risk_comprehensive,risk_comprehensive_02591,723.207959327,8.94530799143
risk_comprehensive,risk_comprehensive_02592,504.674233492,8.82216792811
risk_comprehensive,risk_comprehensive_02593,944.197125757,8.82576293222
risk_comprehensive,risk_comprehensive_02594,568.822374529,9.42020825682
risk_comprehensive,risk_comprehensive_02595,948.073778885,9.60682712926
risk_comprehensive,risk_comprehensive_02596,1136.11943453,9.82634956318
risk_comprehensive,risk_comprehensive_02597,1183.76099592,9.83821415672
risk_comprehensive,risk_comprehensive_02598,1187.38975345,9.39429346009
risk_comprehensive,risk_comprehensive_02599,644.06768136,9.21443200562
risk_comprehensive,risk_comprehensive_02600,726.124386528,9.51670104205
risk_comprehensive,risk_comprehensive_02601,1085.53981392,9.72492528431
risk_comprehensive,risk_comprehensive_02602,772.029258462,9.20985029862
risk_comprehensive,risk_comprehensive_02603,526.001318952,7.7956237893
risk_comprehensive,risk_comprehensive_02604,537.602204003,7.53714841551
risk_comprehensive,risk_comprehensive_02605,526.995889766,8.62372990596
risk_comprehensive,risk_comprehensive_02606,1075.78368957,9.48842715519
risk_comprehensive,risk_comprehensive_02607,1101.22122894,9.77767414986
risk_comprehensive,risk_comprehensive_02608,1116.38199877,9.53451657912
risk_comprehensive,risk_comprehensive_02609,1078.55969899,9.81735891057
risk_comprehensive,risk_comprehensive_02610,1005.4666188,8.86518704846
risk_comprehensive,risk_comprehensive_02611,1073.84353797,8.55312726027
risk_comprehensive,risk_comprehensive_02612,1079.31743219,9.09178355583
risk_comprehensive,risk_comprehensive_02613,815.946257847,7.99301269376
risk_comprehensive,risk_comprehensive_02614,1142.46598037,9.97270440096
risk_comprehensive,risk_comprehensive_02615,1055.94117545,8.93061729231
risk_comprehensive,risk_comprehensive_02616,943.886906251,9.30372663939
risk_comprehensive,risk_comprehensive_02617,731.601633451,8.39846205923
risk_comprehensive,risk_comprehensive_02618,754.72471578,9.63762221605
risk_comprehensive,risk_comprehensive_02619,943.086503961,9.35648217864
risk_comprehensive,risk_comprehensive_02620,1035.83984158,9.57797848122
risk_comprehensive,risk_comprehensive_02621,819.980871787,8.15705289507
risk_comprehensive,risk_comprehensive_02622,552.769899816,10.3299251056
risk_comprehensive,risk_comprehensive_02623,700.361448711,8.06598894953
risk_comprehensive,risk_comprehensive_02624,933.037004207,8.5659049928
risk_comprehensive,risk_comprehensive_02625,680.442704523,8.85084121037
risk_comprehensive,risk_comprehensive_02626,656.076984905,8.66105607933
risk_comprehensive,risk_comprehensive_02627,739.071742078,8.8057630932
risk_comprehensive,risk_comprehensive_02628,590.422297457,8.78949670128
risk_comprehensive,risk_comprehensive_02629,1058.1384918,10.2535467085
risk_comprehensive,risk_comprehensive_02630,690.202926795,8.06361646779
risk_comprehensive,risk_comprehensive_02631,1064.71625974,9.23095931735
risk_comprehensive,risk_comprehensive_02632,513.103169157,9.02819091112
risk_comprehensive,risk_comprehensive_02633,602.120975312,9.4358879478
risk_comprehensive,risk_comprehensive_02634,558.308483391,8.4616507626
risk_comprehensive,risk_comprehensive_02635,1196.96410805,10.2313735911
risk_comprehensive,risk_comprehensive_02636,1153.716621,9.48790127739
risk_comprehensive,risk_comprehensive_02637,934.763401084,9.76112972835
risk_comprehensive,risk_comprehensive_02638,980.900458436,9.36444999944
risk_comprehensive,risk_comprehensive_02639,1122.26090386,9.97348352963
risk_comprehensive,risk_comprehensive_02640,751.819570079,9.014103879
risk_comprehensive,risk_comprehensive_02641,985.80060488,7.66241389289
risk_comprehensive,risk_comprehensive_02642,938.501563557,9.54148822988
risk_comprehensive,risk_comprehensive_02643,927.700726843,8.85502536962
risk_comprehensive,risk_comprehensive_02644,927.417914642,9.36199304229
risk_comprehensive,risk_comprehensive_02645,891.909157204,9.92134841677
risk_comprehensive,risk_comprehensive_02646,932.513178643,8.85997385732
risk_comprehensive,risk_comprehensive_02647,1047.00692884,9.26300227861
risk_comprehensive,risk_comprehensive_02648,1142.80767595,9.03204488967
risk_comprehensive,risk_comprehensive_02649,788.642115291,8.12999526048
risk_comprehensive,risk_comprehensive_02650,802.07498187,9.45187801115
risk_comprehensive,risk_comprehensive_02651,730.248056279,9.36707953538
risk_comprehensive,risk_comprehensive_02652,1198.42971059,9.80735595346
risk_comprehensive,risk_comprehensive_02653,502.12610233,9.13732268027
risk_comprehensive,risk_comprehensive_02654,684.113426842,8.95655988451
risk_comprehensive,risk_comprehensive_02655,1105.39924497,10.0345432939
risk_comprehensive,risk_comprehensive_02656,915.044044882,9.82518266241
risk_comprehensive,risk_comprehensive_02657,597.875753326,7.91011021984
risk_comprehensive,risk_comprehensive_02658,643.230091422,8.97992472355
risk_comprehensive,risk_comprehensive_02659,1153.58306714,10.1401529489
risk_comprehensive,risk_comprehensive_02660,1176.7056801,9.83959479677
risk_comprehensive,risk_comprehensive_02661,635.927423369,8.8072378586
risk_comprehensive,risk_comprehensive_02662,958.070778608,8.52774799349
risk_comprehensive,risk_comprehensive_02663,560.170465887,8.56433293089
risk_comprehensive,risk_comprehensive_02664,698.624052348,8.74534190926
risk_comprehensive,risk_comprehensive_02665,996.065349397,9.43198682254
risk_comprehensive,risk_comprehensive_02666,1085.62654069,9.74016139732
risk_comprehensive,risk_comprehensive_02667,1051.97806594,10.0575630201
risk_comprehensive,risk_comprehensive_02668,726.828875449,9.56179797263
risk_comprehensive,risk_comprehensive_02669,660.391507302,8.14554755486
risk_comprehensive,risk_comprehensive_02670,631.946549283,8.93105749024
risk_comprehensive,risk_comprehensive_02671,658.559237381,9.32036011554
risk_comprehensive,risk_comprehensive_02672,985.007369811,9.67043022833
risk_comprehensive,risk_comprehensive_02673,1119.28027339,9.95538832334
risk_comprehensive,risk_comprehensive_02674,664.545487819,9.0037634126
risk_comprehensive,risk_comprehensive_02675,1183.42123621,8.66274852501
risk_comprehensive,risk_comprehensive_02676,761.847058157,8.61888070697
risk_comprehensive,risk_comprehensive_02677,853.671698553,9.49391828839
risk_comprehensive,risk_comprehensive_02678,1023.94615897,9.14813080637
risk_comprehensive,risk_comprehensive_02679,1027.76215718,8.6030406518
risk_comprehensive,risk_comprehensive_02680,788.459624721,8.18468025951
risk_comprehensive,risk_comprehensive_02681,721.751747661,8.37537049675
risk_comprehensive,risk_comprehensive_02682,1071.55741043,9.25586387973
risk_comprehensive,risk_comprehensive_02683,785.808355596,9.4531047793
risk_comprehensive,risk_comprehensive_02684,511.089624748,9.69782982799
risk_comprehensive,risk_comprehensive_02685,937.598650792,9.37125269286
risk_comprehensive,risk_comprehensive_02686,801.530069207,9.17875778773
risk_comprehensive,risk_comprehensive_02687,655.799257929,9.03389302293
risk_comprehensive,risk_comprehensive_02688,917.575792837,9.77990436453
risk_comprehensive,risk_comprehensive_02689,882.693492314,10.0136064085
risk_comprehensive,risk_comprehensive_02690,1070.44046111,10.6430621543
risk_comprehensive,risk_comprehensive_02691,602.628832122,8.50936091138
risk_comprehensive,risk_comprehensive_02692,1155.6524992,9.37300028311
risk_comprehensive,risk_comprehensive_02693,903.831553769,9.0953391696
risk_comprehensive,risk_comprehensive_02694,1102.66140654,9.58838637181
risk_comprehensive,risk_comprehensive_02695,515.005114668,8.98504724891
risk_comprehensive,risk_comprehensive_02696,886.443671899,8.78072792585
risk_comprehensive,risk_comprehensive_02697,1101.41549286,9.12150458995
risk_comprehensive,risk_comprehensive_02698,1120.12422127,9.51697980386
risk_comprehensive,risk_comprehensive_02699,578.304397216,9.04260361638
risk_comprehensive,risk_comprehensive_02700,543.758227546,8.88346861317
risk_comprehensive,risk_comprehensive_02701,503.447566019,9.5623042664
risk_comprehensive,risk_comprehensive_02702,907.184668481,9.06323974017
risk_comprehensive,risk_comprehensive_02703,869.975876432,9.60628540569
risk_comprehensive,risk_comprehensive_02704,527.82386156,9.44932656834
risk_comprehensive,risk_comprehensive_02705,856.696869455,7.69889094641
risk_comprehensive,risk_comprehensive_02706,997.953837391,8.88772664084
risk_comprehensive,risk_comprehensive_02707,659.119898627,9.0993144472
risk_comprehensive,risk_comprehensive_02708,910.13131114,9.4476942149
risk_comprehensive,risk_comprehensive_02709,902.871917363,8.05749139491
risk_comprehensive,risk_comprehensive_02710,1047.24576128,9.07561253323
risk_comprehensive,risk_comprehensive_02711,770.316637654,8.76576621692
risk_comprehensive,risk_comprehensive_02712,1152.80392632,9.95331498881
risk_comprehensive,risk_comprehensive_02713,905.387747232,9.15046117269
risk_comprehensive,risk_comprehensive_02714,923.992791669,8.88040924469
risk_comprehensive,risk_comprehensive_02715,1166.61012317,9.56738861999
risk_comprehensive,risk_comprehensive_02716,637.835274966,8.69046438049
risk_comprehensive,risk_comprehensive_02717,1053.90312367,9.89601437612
risk_comprehensive,risk_comprehensive_02718,624.605116565,10.059549729
risk_comprehensive,risk_comprehensive_02719,601.366330583,8.23449035598
risk_comprehensive,risk_comprehensive_02720,520.90953756,9.29071897028
risk_comprehensive,risk_comprehensive_02721,1165.06908036,9.8698009376
risk_comprehensive,risk_comprehensive_02722,548.255199158,7.44364491949
risk_comprehensive,risk_comprehensive_02723,893.951080827,8.56684608717
risk_comprehensive,risk_comprehensive_02724,840.837901716,8.03110351711
risk_comprehensive,risk_comprehensive_02725,848.58143288,9.00390864454
risk_comprehensive,risk_comprehensive_02726,902.797149999,8.54123830676
risk_comprehensive,risk_comprehensive_02727,653.856265562,9.84007553533
risk_comprehensive,risk_comprehensive_02728,1163.21071848,9.82094231304
risk_comprehensive,risk_comprehensive_02729,878.990568007,8.29328035593
risk_comprehensive,risk_comprehensive_02730,689.745095822,7.67112179865
risk_comprehensive,risk_comprehensive_02731,833.847030236,8.71685796321
risk_comprehensive,risk_comprehensive_02732,1100.73401777,9.48526749543
risk_comprehensive,risk_comprehensive_02733,703.487184929,8.77734797457
risk_comprehensive,risk_comprehensive_02734,957.264331509,8.46624093197
risk_comprehensive,risk_comprehensive_02735,1097.73171492,10.3111376445
risk_comprehensive,risk_comprehensive_02736,977.492678632,8.79927773116
risk_comprehensive,risk_comprehensive_02737,773.449202337,8.70639785649
risk_comprehensive,risk_comprehensive_02738,1070.77220508,9.13021284188
risk_comprehensive,risk_comprehensive_02739,744.437888791,8.65446554953
risk_comprehensive,risk_comprehensive_02740,906.901219069,8.74809436428
risk_comprehensive,risk_comprehensive_02741,1160.99968354,9.51608014093
risk_comprehensive,risk_comprehensive_02742,937.007526079,8.56226808826
risk_comprehensive,risk_comprehensive_02743,902.115590684,9.40217042644
risk_comprehensive,risk_comprehensive_02744,641.942468648,9.22788347286
risk_comprehensive,risk_comprehensive_02745,872.144885874,9.54803794322
risk_comprehensive,risk_comprehensive_02746,611.281002171,9.35340899431
risk_comprehensive,risk_comprehensive_02747,1171.84829234,9.54768877316
risk_comprehensive,risk_comprehensive_02748,500.072287072,7.47705935337
risk_comprehensive,risk_comprehensive_02749,637.834800284,8.78095857902
risk_comprehensive,risk_comprehensive_02750,1136.80362613,8.74080124869
risk_comprehensive,risk_comprehensive_02751,828.074157429,8.9622491302
risk_comprehensive,risk_comprehensive_02752,919.778714981,9.27621704151
risk_comprehensive,risk_comprehensive_02753,642.09238648,8.58109377025
risk_comprehensive,risk_comprehensive_02754,637.53934665,8.38155238425
risk_comprehensive,risk_comprehensive_02755,1045.66121728,9.28992503473
risk_comprehensive,risk_comprehensive_02756,556.937558582,8.52606124347
risk_comprehensive,risk_comprehensive_02757,1189.57223934,8.79869654599
risk_comprehensive,risk_comprehensive_02758,724.293569769,9.17650606703
risk_comprehensive,risk_comprehensive_02759,827.082234965,9.37270532636
risk_comprehensive,risk_comprehensive_02760,871.409221197,8.76890798468
risk_comprehensive,risk_comprehensive_02761,1154.64035321,9.15621253602
risk_comprehensive,risk_comprehensive_02762,893.609027265,9.05020753208
risk_comprehensive,risk_comprehensive_02763,579.741064107,7.85141062867
risk_comprehensive,risk_comprehensive_02764,1158.41885784,9.05441105178
risk_comprehensive,risk_comprehensive_02765,571.438168714,8.42771361196
risk_comprehensive,risk_comprehensive_02766,1174.66171818,9.7122018235
risk_comprehensive,risk_comprehensive_02767,985.016461062,9.23317954801
risk_comprehensive,risk_comprehensive_02768,999.29943917,9.17101776294
risk_comprehensive,risk_comprehensive_02769,1073.12535536,8.99379966957
risk_comprehensive,risk_comprehensive_02770,1119.76281908,10.2200221327
risk_comprehensive,risk_comprehensive_02771,1139.10966944,9.76989436136
risk_comprehensive,risk_comprehensive_02772,1192.56816772,9.39794680426
risk_comprehensive,risk_comprehensive_02773,875.069312035,8.00573781458
risk_comprehensive,risk_comprehensive_02774,514.411993931,9.40377361388
risk_comprehensive,risk_comprehensive_02775,1087.90842036,8.52988508697
risk_comprehensive,risk_comprehensive_02776,581.383181172,8.16037028403
risk_comprehensive,risk_comprehensive_02777,1037.81372348,9.95332347532
risk_comprehensive,risk_comprehensive_02778,885.706190667,9.63787659364
risk_comprehensive,risk_comprehensive_02779,722.547469472,8.00513861368
risk_comprehensive,risk_comprehensive_02780,836.277918644,8.55964432928
risk_comprehensive,risk_comprehensive_02781,1160.81585901,8.77691053243
risk_comprehensive,risk_comprehensive_02782,674.735255605,8.97501843983
risk_comprehensive,risk_comprehensive_02783,764.072890171,8.75015103069
risk_comprehensive,risk_comprehensive_02784,774.068106579,7.97018998005
risk_comprehensive,risk_comprehensive_02785,668.864290157,8.68260355073
risk_comprehensive,risk_comprehensive_02786,995.381143319,10.3393109449
risk_comprehensive,risk_comprehensive_02787,777.189548549,8.98080654204
risk_comprehensive,risk_comprehensive_02788,1133.39763281,10.2259517296
risk_comprehensive,risk_comprehensive_02789,1112.4028814,9.11067519482
risk_comprehensive,risk_comprehensive_02790,1086.04927089,8.94345352505
risk_comprehensive,risk_comprehensive_02791,690.862686925,8.56050162667
risk_comprehensive,risk_comprehensive_02792,997.513517416,9.96798509417
risk_comprehensive,risk_comprehensive_02793,1033.70771319,9.8484489597
risk_comprehensive,risk_comprehensive_02794,843.729601914,8.70764719576
risk_comprehensive,risk_comprehensive_02795,1153.9672642,9.88386017327
risk_comprehensive,risk_comprehensive_02796,1195.12869665,9.92972065704
risk_comprehensive,risk_comprehensive_02797,792.518634829,8.02380211075
risk_comprehensive,risk_comprehensive_02798,863.522376941,9.10886703516
risk_comprehensive,risk_comprehensive_02799,800.829280888,7.53934281881
risk_comprehensive,risk_comprehensive_02800,895.855609312,8.73690920325
risk_comprehensive,risk_comprehensive_02801,1168.72689256,10.0534450873
risk_comprehensive,risk_comprehensive_02802,887.757987407,9.01428546075
risk_comprehensive,risk_comprehensive_02803,715.928999322,8.03123373282
risk_comprehensive,risk_comprehensive_02804,1161.11758374,10.0700661878
risk_comprehensive,risk_comprehensive_02805,925.477843812,9.58976499459
risk_comprehensive,risk_comprehensive_02806,515.792413085,9.32904742125
risk_comprehensive,risk_comprehensive_02807,716.611714647,8.86870557513
risk_comprehensive,risk_comprehensive_02808,901.259632377,9.15043216526
risk_comprehensive,risk_comprehensive_02809,959.1967833,9.27218332512
risk_comprehensive,risk_comprehensive_02810,543.473940626,8.51143084636
risk_comprehensive,risk_comprehensive_02811,869.141425757,8.54563400413
risk_comprehensive,risk_comprehensive_02812,833.8362338,8.62379628235
risk_comprehensive,risk_comprehensive_02813,578.154478441,9.00240152755
risk_comprehensive,risk_comprehensive_02814,1014.5038069,8.83010918612
risk_comprehensive,risk_comprehensive_02815,668.986510028,8.78641473309
risk_comprehensive,risk_comprehensive_02816,1156.89703829,8.76429940984
risk_comprehensive,risk_comprehensive_02817,1027.4014266,8.20359276153
risk_comprehensive,risk_comprehensive_02818,700.181416259,7.63953022509
risk_comprehensive,risk_comprehensive_02819,986.60455007,8.52379670568
risk_comprehensive,risk_comprehensive_02820,750.4102561,8.84981105197
risk_comprehensive,risk_comprehensive_02821,971.438553185,8.86660162356
risk_comprehensive,risk_comprehensive_02822,840.093520177,9.2712986573
risk_comprehensive,risk_comprehensive_02823,1104.28957058,9.99300811019
risk_comprehensive,risk_comprehensive_02824,952.939420221,10.1102616647
risk_comprehensive,risk_comprehensive_02825,1010.65777894,9.41538330236
risk_comprehensive,risk_comprehensive_02826,887.395012733,9.3381751397
risk_comprehensive,risk_comprehensive_02827,1000.15321843,8.91685053658
risk_comprehensive,risk_comprehensive_02828,724.660202286,8.90597397938
risk_comprehensive,risk_comprehensive_02829,800.992388043,7.72738483964
risk_comprehensive,risk_comprehensive_02830,1137.24201161,9.7878599975
risk_comprehensive,risk_comprehensive_02831,722.812306021,8.80040839867
risk_comprehensive,risk_comprehensive_02832,675.850963418,9.18633358452
risk_comprehensive,risk_comprehensive_02833,731.548809141,7.82811686299
risk_comprehensive,risk_comprehensive_02834,1151.21172599,10.3833104394
risk_comprehensive,risk_comprehensive_02835,612.649211964,8.27929818256
risk_comprehensive,risk_comprehensive_02836,843.957131807,8.9559364532
risk_comprehensive,risk_comprehensive_02837,859.559255486,9.31720959123
risk_comprehensive,risk_comprehensive_02838,846.526039453,8.94460844116
risk_comprehensive,risk_comprehensive_02839,970.68351651,9.32153894737
risk_comprehensive,risk_comprehensive_02840,520.639301919,9.11113572684
risk_comprehensive,risk_comprehensive_02841,747.798143026,8.70831330315
risk_comprehensive,risk_comprehensive_02842,663.435899066,8.01892033923
risk_comprehensive,risk_comprehensive_02843,618.839814029,8.57198550681
risk_comprehensive,risk_comprehensive_02844,1006.59759331,9.05830424884
risk_comprehensive,risk_comprehensive_02845,544.523720926,9.04431155251
risk_comprehensive,risk_comprehensive_02846,691.695542958,8.82106376927
risk_comprehensive,risk_comprehensive_02847,1013.60480168,8.6361858358
risk_comprehensive,risk_comprehensive_02848,1071.71075675,9.13769344769
risk_comprehensive,risk_comprehensive_02849,1177.84493014,9.18121928691
risk_comprehensive,risk_comprehensive_02850,532.8713124,8.79337981608
risk_comprehensive,risk_comprehensive_02851,908.464902655,9.23950569401
risk_comprehensive,risk_comprehensive_02852,1097.47563509,9.4439921772
risk_comprehensive,risk_comprehensive_02853,776.268456959,7.80885465779
risk_comprehensive,risk_comprehensive_02854,947.507455008,9.47470943715
risk_comprehensive,risk_comprehensive_02855,862.55348775,7.33737180088
risk_comprehensive,risk_comprehensive_02856,1088.8791161,9.42959364275
risk_comprehensive,risk_comprehensive_02857,1057.47027037,10.1833455559
risk_comprehensive,risk_comprehensive_02858,999.97516481,9.33850689848
risk_comprehensive,risk_comprehensive_02859,1001.51431869,9.76369442571
risk_comprehensive,risk_comprehensive_02860,1154.94813054,10.4237296111
risk_comprehensive,risk_comprehensive_02861,1093.40472377,9.67431328587
risk_comprehensive,risk_comprehensive_02862,947.362565707,8.56777340182
risk_comprehensive,risk_comprehensive_02863,1174.65840753,10.2077129763
risk_comprehensive,risk_comprehensive_02864,902.536395021,9.63797488394
risk_comprehensive,risk_comprehensive_02865,993.266647173,9.20693337722
risk_comprehensive,risk_comprehensive_02866,1196.9047045,9.88440160384
risk_comprehensive,risk_comprehensive_02867,1031.24020849,9.61873153231
risk_comprehensive,risk_comprehensive_02868,783.196492232,8.57818586873
risk_comprehensive,risk_comprehensive_02869,684.104554394,9.24125500725
risk_comprehensive,risk_comprehensive_02870,1033.38428548,9.30573458016
risk_comprehensive,risk_comprehensive_02871,933.506965303,8.43284716439
risk_comprehensive,risk_comprehensive_02872,839.072480473,8.63648107088
risk_comprehensive,risk_comprehensive_02873,983.055249236,9.21066206533
risk_comprehensive,risk_comprehensive_02874,626.143413914,9.7700341574
risk_comprehensive,risk_comprehensive_02875,1059.18991979,9.4094900582
risk_comprehensive,risk_comprehensive_02876,1104.45057745,9.74055939555
risk_comprehensive,risk_comprehensive_02877,733.08024079,7.67945961217
risk_comprehensive,risk_comprehensive_02878,1141.40803745,9.55766540685
risk_comprehensive,risk_comprehensive_02879,1146.06175831,9.7573278365
risk_comprehensive,risk_comprehensive_02880,875.939126974,8.71576346507
risk_comprehensive,risk_comprehensive_02881,607.956375679,9.2001547412
risk_comprehensive,risk_comprehensive_02882,754.67634109,9.4807311926
risk_comprehensive,risk_comprehensive_02883,1033.10425738,9.88985361413
risk_comprehensive,risk_comprehensive_02884,1193.73128335,10.0851929986
risk_comprehensive,risk_comprehensive_02885,874.183909782,9.34322087499
risk_comprehensive,risk_comprehensive_02886,523.540157385,9.0165685268
risk_comprehensive,risk_comprehensive_02887,666.132369409,9.00871632696
risk_comprehensive,risk_comprehensive_02888,1151.85560195,9.30043467316
risk_comprehensive,risk_comprehensive_02889,1173.52554085,9.74394426581
risk_comprehensive,risk_comprehensive_02890,706.945048794,9.00219837249
risk_comprehensive,risk_comprehensive_02891,701.86599767,8.89953459483
risk_comprehensive,risk_comprehensive_02892,871.967686694,9.63302293549
risk_comprehensive,risk_comprehensive_02893,735.59826294,9.36085378417
risk_comprehensive,risk_comprehensive_02894,655.73438585,8.6639267496
risk_comprehensive,risk_comprehensive_02895,1191.09226382,9.30034690452
risk_comprehensive,risk_comprehensive_02896,942.818138349,9.86730389486
risk_comprehensive,risk_comprehensive_02897,738.627563158,9.89025885317
risk_comprehensive,risk_comprehensive_02898,1165.00090518,10.2519456162
risk_comprehensive,risk_comprehensive_02899,969.096073669,9.83258817541
risk_comprehensive,risk_comprehensive_02900,805.727839142,8.6830402596
risk_comprehensive,risk_comprehensive_02901,578.52420996,8.36979504264
risk_comprehensive,risk_comprehensive_02902,515.364726841,8.38368125959
risk_comprehensive,risk_comprehensive_02903,655.425859052,9.30980489363
risk_comprehensive,risk_comprehensive_02904,1108.73901062,9.55193501546
risk_comprehensive,risk_comprehensive_02905,775.978498302,9.60874128868
risk_comprehensive,risk_comprehensive_02906,960.667739592,8.99342231075
risk_comprehensive,risk_comprehensive_02907,603.356815203,8.19323116288
risk_comprehensive,risk_comprehensive_02908,859.706198246,9.0055795344
risk_comprehensive,risk_comprehensive_02909,944.064205618,8.21377009323
risk_comprehensive,risk_comprehensive_02910,653.462711585,8.51596586347
risk_comprehensive,risk_comprehensive_02911,667.801053896,8.41455677042
risk_comprehensive,risk_comprehensive_02912,666.199359927,9.08748244149
risk_comprehensive,risk_comprehensive_02913,1112.69645783,10.1028059975
risk_comprehensive,risk_comprehensive_02914,542.121439681,8.97875507634
risk_comprehensive,risk_comprehensive_02915,835.724595902,8.71861451486
risk_comprehensive,risk_comprehensive_02916,697.126791209,8.16918098484
risk_comprehensive,risk_comprehensive_02917,1074.36788312,10.0196987674
risk_comprehensive,risk_comprehensive_02918,1153.88823949,9.35225315767
risk_comprehensive,risk_comprehensive_02919,1168.17937315,9.43799341126
risk_comprehensive,risk_comprehensive_02920,811.294339571,8.49035214594
risk_comprehensive,risk_comprehensive_02921,581.454985201,8.52658891009
risk_comprehensive,risk_comprehensive_02922,758.612201157,9.21548254824
risk_comprehensive,risk_comprehensive_02923,574.205397807,8.09489468897
risk_comprehensive,risk_comprehensive_02924,1012.59197927,8.44033430091
risk_comprehensive,risk_comprehensive_02925,1003.0678684,8.77641412889
risk_comprehensive,risk_comprehensive_02926,1171.89766276,9.82549398055
risk_comprehensive,risk_comprehensive_02927,1096.31966964,10.4319927383
risk_comprehensive,risk_comprehensive_02928,600.502003947,8.74716333455
risk_comprehensive,risk_comprehensive_02929,1041.73021325,9.53166821205
risk_comprehensive,risk_comprehensive_02930,784.58211137,10.022798384
risk_comprehensive,risk_comprehensive_02931,638.660801981,8.87359183466
risk_comprehensive,risk_comprehensive_02932,883.819195162,9.55581093203
risk_comprehensive,risk_comprehensive_02933,577.190371545,8.82773249432
risk_comprehensive,risk_comprehensive_02934,737.528578215,8.23059476177
risk_comprehensive,risk_comprehensive_02935,1085.38245309,9.86267957565
risk_comprehensive,risk_comprehensive_02936,553.893642758,8.85140729163
risk_comprehensive,risk_comprehensive_02937,573.523006137,8.41404878213
risk_comprehensive,risk_comprehensive_02938,1008.90667831,10.058455388
risk_comprehensive,risk_comprehensive_02939,600.0593127,8.46713788305
risk_comprehensive,risk_comprehensive_02940,1174.41852786,9.15445115184
risk_comprehensive,risk_comprehensive_02941,1012.14524257,9.119902317
risk_comprehensive,risk_comprehensive_02942,1159.93471691,9.67048271262
risk_comprehensive,risk_comprehensive_02943,1002.72792255,9.67782064963
risk_comprehensive,risk_comprehensive_02944,884.163655886,8.55322378147
risk_comprehensive,risk_comprehensive_02945,637.372593486,8.82679002097
risk_comprehensive,risk_comprehensive_02946,1077.02634963,9.3663256462
risk_comprehensive,risk_comprehensive_02947,777.35596085,8.00680400393
risk_comprehensive,risk_comprehensive_02948,1003.51309908,9.70548559222
risk_comprehensive,risk_comprehensive_02949,853.130413602,8.01382001053
risk_comprehensive,risk_comprehensive_02950,1024.7159867,9.68477166417
risk_comprehensive,risk_comprehensive_02951,974.076552995,7.73605517381
risk_comprehensive,risk_comprehensive_02952,503.586027445,8.99318509492
risk_comprehensive,risk_comprehensive_02953,1088.43202186,9.76598916453
risk_comprehensive,risk_comprehensive_02954,776.373010871,9.62636970795
risk_comprehensive,risk_comprehensive_02955,807.889497556,8.49651117852
risk_comprehensive,risk_comprehensive_02956,1097.45867485,8.13753236213
risk_comprehensive,risk_comprehensive_02957,567.229910057,8.50308881356
risk_comprehensive,risk_comprehensive_02958,1199.95942215,10.9637851746
risk_comprehensive,risk_comprehensive_02959,561.060428212,9.33457607489
risk_comprehensive,risk_comprehensive_02960,1129.48346431,10.6064790869
risk_comprehensive,risk_comprehensive_02961,925.417939976,9.39906021477
risk_comprehensive,risk_comprehensive_02962,990.242674185,9.17014606273
risk_comprehensive,risk_comprehensive_02963,687.476718354,8.9884463369
risk_comprehensive,risk_comprehensive_02964,876.510907472,8.67752281776
risk_comprehensive,risk_comprehensive_02965,1063.25121153,8.99287083484
risk_comprehensive,risk_comprehensive_02966,1088.38505241,11.0965350549
risk_comprehensive,risk_comprehensive_02967,527.585715712,8.56451992751
risk_comprehensive,risk_comprehensive_02968,652.869250077,7.80915217927
risk_comprehensive,risk_comprehensive_02969,1104.84207103,9.98321654458
risk_comprehensive,risk_comprehensive_02970,910.120241946,8.60433095676
risk_comprehensive,risk_comprehensive_02971,1151.82652097,9.26764515313
risk_comprehensive,risk_comprehensive_02972,1050.71069187,8.81275401759
risk_comprehensive,risk_comprehensive_02973,984.70266049,9.3346065139
risk_comprehensive,risk_comprehensive_02974,1163.04984556,9.18370008951
risk_comprehensive,risk_comprehensive_02975,533.745128556,8.22367292494
risk_comprehensive,risk_comprehensive_02976,987.142784854,8.65753915267
risk_comprehensive,risk_comprehensive_02977,1188.25329328,10.1717182508
risk_comprehensive,risk_comprehensive_02978,1106.78832106,9.61847162043
risk_comprehensive,risk_comprehensive_02979,752.682358391,9.30514905499
risk_comprehensive,risk_comprehensive_02980,1196.15130963,9.43981887169
risk_comprehensive,risk_comprehensive_02981,978.211137471,9.63628829105
risk_comprehensive,risk_comprehensive_02982,612.102327093,9.69734443727
risk_comprehensive,risk_comprehensive_02983,706.016354865,9.08078454295
risk_comprehensive,risk_comprehensive_02984,695.920187252,9.13356849746
risk_comprehensive,risk_comprehensive_02985,772.048002038,9.27956435185
risk_comprehensive,risk_comprehensive_02986,978.621806501,8.77666839339
risk_comprehensive,risk_comprehensive_02987,522.490927952,8.95340722326
risk_comprehensive,risk_comprehensive_02988,1038.44932233,9.16429045715
risk_comprehensive,risk_comprehensive_02989,594.101708779,7.85982112047
risk_comprehensive,risk_comprehensive_02990,891.265826855,8.83885338669
risk_comprehensive,risk_comprehensive_02991,976.341929766,9.7990966083
risk_comprehensive,risk_comprehensive_02992,1079.89826499,9.94157484769
risk_comprehensive,risk_comprehensive_02993,558.917650454,7.46941103602
risk_comprehensive,risk_comprehensive_02994,1097.32833289,9.09244849006
risk_comprehensive,risk_comprehensive_02995,620.562890001,8.35220392523
risk_comprehensive,risk_comprehensive_02996,959.483850012,9.81616765233
risk_comprehensive,risk_comprehensive_02997,612.891889339,9.17686438345
risk_comprehensive,risk_comprehensive_02998,764.543868067,9.76689287151
risk_comprehensive,risk_comprehensive_02999,938.416612817,8.44940499844
risk_comprehensive,risk_comprehensive_03000,1005.46937637,9.70245080632
risk_comprehensive,risk_comprehensive_03001,925.344367415,8.80701390737
risk_comprehensive,risk_comprehensive_03002,951.97791421,9.15629174327
risk_comprehensive,risk_comprehensive_03003,766.454216996,8.8280842699
risk_comprehensive,risk_comprehensive_03004,1180.31684981,10.2069295039
risk_comprehensive,risk_comprehensive_03005,1159.63935245,10.3685044679
risk_comprehensive,risk_comprehensive_03006,1025.74674123,9.36286032782
risk_comprehensive,risk_comprehensive_03007,621.550062611,8.34901309564
risk_comprehensive,risk_comprehensive_03008,654.873675592,8.39190041902
risk_comprehensive,risk_comprehensive_03009,884.722269094,8.84426007387
risk_comprehensive,risk_comprehensive_03010,828.979516777,8.85384099556
risk_comprehensive,risk_comprehensive_03011,541.104764828,8.66811639027
risk_comprehensive,risk_comprehensive_03012,557.469865618,8.43751261175
risk_comprehensive,risk_comprehensive_03013,794.014475412,8.21887680339
risk_comprehensive,risk_comprehensive_03014,721.00643071,8.26182913396
risk_comprehensive,risk_comprehensive_03015,855.510768535,9.13896806771
risk_comprehensive,risk_comprehensive_03016,1112.8596767,9.60128301728
risk_comprehensive,risk_comprehensive_03017,1020.70891854,8.94234505902
risk_comprehensive,risk_comprehensive_03018,649.53679018,8.59736889379
risk_comprehensive,risk_comprehensive_03019,766.062737191,8.90141674689
risk_comprehensive,risk_comprehensive_03020,784.215849632,8.86503134228
risk_comprehensive,risk_comprehensive_03021,999.018840996,9.11715374081
risk_comprehensive,risk_comprehensive_03022,1142.79633526,9.89919439299
risk_comprehensive,risk_comprehensive_03023,536.745517732,9.73220141175
risk_comprehensive,risk_comprehensive_03024,1031.17689785,9.05284099799
risk_comprehensive,risk_comprehensive_03025,825.23062407,8.40237785124
risk_comprehensive,risk_comprehensive_03026,1014.32904164,9.40405899124
risk_comprehensive,risk_comprehensive_03027,731.551158939,9.20129737203
risk_comprehensive,risk_comprehensive_03028,516.254685399,8.48589267881
risk_comprehensive,risk_comprehensive_03029,807.180787789,8.94730586337
risk_comprehensive,risk_comprehensive_03030,1160.67418819,10.1467050717
risk_comprehensive,risk_comprehensive_03031,819.733516064,8.23312243814
risk_comprehensive,risk_comprehensive_03032,1002.70803659,8.46970639216
risk_comprehensive,risk_comprehensive_03033,1114.66226905,10.0063838187
risk_comprehensive,risk_comprehensive_03034,526.661809469,8.14182537425
risk_comprehensive,risk_comprehensive_03035,673.17681194,8.22613160721
risk_comprehensive,risk_comprehensive_03036,754.363544479,8.36518585429
risk_comprehensive,risk_comprehensive_03037,640.309146741,7.82966196491
risk_comprehensive,risk_comprehensive_03038,592.291850939,9.24040214532
risk_comprehensive,risk_comprehensive_03039,649.77706296,7.60228139635
risk_comprehensive,risk_comprehensive_03040,685.747211042,7.73702709641
risk_comprehensive,risk_comprehensive_03041,663.578553446,8.07936281077
risk_comprehensive,risk_comprehensive_03042,1028.41849917,10.1517939596
risk_comprehensive,risk_comprehensive_03043,967.663829983,8.62670146461
risk_comprehensive,risk_comprehensive_03044,715.986842182,9.63489884372
risk_comprehensive,risk_comprehensive_03045,1138.92367395,9.1468055853
risk_comprehensive,risk_comprehensive_03046,1198.77574469,9.90947651175
risk_comprehensive,risk_comprehensive_03047,888.530769761,9.71036884151
risk_comprehensive,risk_comprehensive_03048,618.775495639,9.86543936447
risk_comprehensive,risk_comprehensive_03049,863.982588901,8.56823251006
risk_comprehensive,risk_comprehensive_03050,855.964135247,8.56550652653
risk_comprehensive,risk_comprehensive_03051,789.400802018,8.88450720419
risk_comprehensive,risk_comprehensive_03052,1018.72605371,8.96707794609
risk_comprehensive,risk_comprehensive_03053,973.908684409,9.43623015967
risk_comprehensive,risk_comprehensive_03054,1008.90687554,9.20191406152
risk_comprehensive,risk_comprehensive_03055,986.531232124,9.06776966987
risk_comprehensive,risk_comprehensive_03056,785.757568102,7.65094336781
risk_comprehensive,risk_comprehensive_03057,927.546372849,8.68159400636
risk_comprehensive,risk_comprehensive_03058,941.209993284,9.3818326898
risk_comprehensive,risk_comprehensive_03059,811.817565737,8.55703412882
risk_comprehensive,risk_comprehensive_03060,731.89784637,9.63539203992
risk_comprehensive,risk_comprehensive_03061,670.987969774,8.71131149498
risk_comprehensive,risk_comprehensive_03062,1121.4063341,9.58250111926
risk_comprehensive,risk_comprehensive_03063,559.547708825,8.80657437263
risk_comprehensive,risk_comprehensive_03064,1103.70316039,9.79866613121
risk_comprehensive,risk_comprehensive_03065,569.072044581,8.32789946728
risk_comprehensive,risk_comprehensive_03066,927.808183051,8.82509722243
risk_comprehensive,risk_comprehensive_03067,1144.64397486,9.44640245093
risk_comprehensive,risk_comprehensive_03068,584.26339737,8.67138234362
risk_comprehensive,risk_comprehensive_03069,1193.96132327,10.1016525818
risk_comprehensive,risk_comprehensive_03070,775.221433216,9.53737037251
risk_comprehensive,risk_comprehensive_03071,1183.4884139,10.2271632916
risk_comprehensive,risk_comprehensive_03072,787.329809736,7.98800340571
risk_comprehensive,risk_comprehensive_03073,551.557988093,8.84197374502
risk_comprehensive,risk_comprehensive_03074,1182.30418163,10.5407807799
risk_comprehensive,risk_comprehensive_03075,1072.48239881,10.264654585
risk_comprehensive,risk_comprehensive_03076,555.507247908,9.12103667479
risk_comprehensive,risk_comprehensive_03077,526.608866177,9.70574495807
risk_comprehensive,risk_comprehensive_03078,529.847400947,7.91939538476
risk_comprehensive,risk_comprehensive_03079,1172.03625329,10.1030269131
risk_comprehensive,risk_comprehensive_03080,1023.98670972,10.2396056751
risk_comprehensive,risk_comprehensive_03081,1086.24923584,9.91108583776
risk_comprehensive,risk_comprehensive_03082,868.819969312,9.17356675345
risk_comprehensive,risk_comprehensive_03083,561.945845636,8.80023672776
risk_comprehensive,risk_comprehensive_03084,1191.86376823,11.5487898765
risk_comprehensive,risk_comprehensive_03085,945.331682695,10.1968658738
risk_comprehensive,risk_comprehensive_03086,935.444355681,8.67569528084
risk_comprehensive,risk_comprehensive_03087,699.721563343,9.01864372584
risk_comprehensive,risk_comprehensive_03088,591.602924838,8.72863262657
risk_comprehensive,risk_comprehensive_03089,957.427683171,9.23688894898
risk_comprehensive,risk_comprehensive_03090,646.022150241,7.83659637553
risk_comprehensive,risk_comprehensive_03091,664.464965192,8.53901531174
risk_comprehensive,risk_comprehensive_03092,744.270724566,7.46897722847
risk_comprehensive,risk_comprehensive_03093,1064.66545947,10.129356904
risk_comprehensive,risk_comprehensive_03094,843.961376062,9.48470976149
risk_comprehensive,risk_comprehensive_03095,1163.85894739,9.42241419602
risk_comprehensive,risk_comprehensive_03096,1038.41131335,9.20945612073
risk_comprehensive,risk_comprehensive_03097,527.661763826,8.36996850724
risk_comprehensive,risk_comprehensive_03098,1131.64815903,10.6840288375
risk_comprehensive,risk_comprehensive_03099,996.884980051,8.64885375554
risk_comprehensive,risk_comprehensive_03100,1178.87969216,10.5764580465
risk_comprehensive,risk_comprehensive_03101,830.621253571,8.95702847539
risk_comprehensive,risk_comprehensive_03102,916.641916102,8.60219466092
risk_comprehensive,risk_comprehensive_03103,831.027014528,8.38877909858
risk_comprehensive,risk_comprehensive_03104,772.080555654,9.28058042269
risk_comprehensive,risk_comprehensive_03105,1131.6219278,9.70106273357
risk_comprehensive,risk_comprehensive_03106,846.465432777,8.33661854677
risk_comprehensive,risk_comprehensive_03107,725.755353509,9.35843048202
risk_comprehensive,risk_comprehensive_03108,564.466802227,9.23163863509
risk_comprehensive,risk_comprehensive_03109,961.044171133,8.48357115921
risk_comprehensive,risk_comprehensive_03110,602.838559838,8.69812820332
risk_comprehensive,risk_comprehensive_03111,726.100509765,8.67098998685
risk_comprehensive,risk_comprehensive_03112,919.147474523,7.48621934429
risk_comprehensive,risk_comprehensive_03113,519.669872519,9.14725785592
risk_comprehensive,risk_comprehensive_03114,1184.79836644,10.0593442939
risk_comprehensive,risk_comprehensive_03115,743.704831443,8.74928870213
risk_comprehensive,risk_comprehensive_03116,583.750830891,8.37321030158
risk_comprehensive,risk_comprehensive_03117,1090.55804019,8.74883942847
risk_comprehensive,risk_comprehensive_03118,983.155275069,10.3562610112
risk_comprehensive,risk_comprehensive_03119,812.264316814,9.23188898501
risk_comprehensive,risk_comprehensive_03120,748.810126901,7.97068584909
risk_comprehensive,risk_comprehensive_03121,879.368231611,8.64277097735
risk_comprehensive,risk_comprehensive_03122,590.885150384,9.3666645547
risk_comprehensive,risk_comprehensive_03123,561.975975714,8.20292099727
risk_comprehensive,risk_comprehensive_03124,701.669957714,7.65400565802
risk_comprehensive,risk_comprehensive_03125,957.388635884,10.0888099586
risk_comprehensive,risk_comprehensive_03126,1000.91178738,9.06152058052
risk_comprehensive,risk_comprehensive_03127,957.251281469,9.26518204752
risk_comprehensive,risk_comprehensive_03128,1009.35823243,9.66392604622
risk_comprehensive,risk_comprehensive_03129,1120.31788102,9.19575727392
risk_comprehensive,risk_comprehensive_03130,586.503830107,7.78829020261
risk_comprehensive,risk_comprehensive_03131,1152.08550949,9.85299744086
risk_comprehensive,risk_comprehensive_03132,988.369408767,8.66227238493
risk_comprehensive,risk_comprehensive_03133,840.608948183,9.44401225129
risk_comprehensive,risk_comprehensive_03134,876.317386693,9.50067887649
risk_comprehensive,risk_comprehensive_03135,953.326811086,8.81764424795
risk_comprehensive,risk_comprehensive_03136,686.159778943,8.71108205523
risk_comprehensive,risk_comprehensive_03137,926.645134999,8.66318164421
risk_comprehensive,risk_comprehensive_03138,1186.97990624,10.2030130464
risk_comprehensive,risk_comprehensive_03139,678.301672277,8.67392752507
risk_comprehensive,risk_comprehensive_03140,544.912357453,8.51241768242
risk_comprehensive,risk_comprehensive_03141,518.485307495,9.34632151107
risk_comprehensive,risk_comprehensive_03142,821.912191601,8.58889991231
risk_comprehensive,risk_comprehensive_03143,893.652997018,8.89074040882
risk_comprehensive,risk_comprehensive_03144,700.615156009,8.81108866372
risk_comprehensive,risk_comprehensive_03145,689.923621501,8.42931403788
risk_comprehensive,risk_comprehensive_03146,507.229457371,8.83985190751
risk_comprehensive,risk_comprehensive_03147,1174.91495965,9.56490179704
risk_comprehensive,risk_comprehensive_03148,1029.74439817,9.42896897367
risk_comprehensive,risk_comprehensive_03149,1038.24958952,9.07603627091
risk_comprehensive,risk_comprehensive_03150,797.68190061,9.02119995597
risk_comprehensive,risk_comprehensive_03151,545.717303181,8.68687455666
risk_comprehensive,risk_comprehensive_03152,1029.44168093,10.1744759828
risk_comprehensive,risk_comprehensive_03153,508.87127974,8.68683129695
risk_comprehensive,risk_comprehensive_03154,1028.94521916,9.28169380965
risk_comprehensive,risk_comprehensive_03155,905.136616645,9.88855154159
risk_comprehensive,risk_comprehensive_03156,623.474017945,8.25183393746
risk_comprehensive,risk_comprehensive_03157,977.540762729,8.73015277269
risk_comprehensive,risk_comprehensive_03158,937.288707811,8.93349454645
risk_comprehensive,risk_comprehensive_03159,597.641124589,8.22138713858
risk_comprehensive,risk_comprehensive_03160,1105.28415629,9.62545486346
risk_comprehensive,risk_comprehensive_03161,982.415654183,8.75779470991
risk_comprehensive,risk_comprehensive_03162,709.108625396,8.5207374228
risk_comprehensive,risk_comprehensive_03163,1077.14291321,10.1120289418
risk_comprehensive,risk_comprehensive_03164,601.220293013,9.28217961829
risk_comprehensive,risk_comprehensive_03165,789.893074132,8.27384997575
risk_comprehensive,risk_comprehensive_03166,1000.51793845,10.016412448
risk_comprehensive,risk_comprehensive_03167,710.466594523,7.78141359546
risk_comprehensive,risk_comprehensive_03168,959.788436012,9.81845408381
risk_comprehensive,risk_comprehensive_03169,884.840390766,9.16014460041
risk_comprehensive,risk_comprehensive_03170,578.994647269,9.03569796944
risk_comprehensive,risk_comprehensive_03171,1186.19927345,10.4134806028
risk_comprehensive,risk_comprehensive_03172,703.477634846,9.0633055592
risk_comprehensive,risk_comprehensive_03173,1080.22010382,9.58252727956
risk_comprehensive,risk_comprehensive_03174,1091.89200443,8.75175703104
risk_comprehensive,risk_comprehensive_03175,1083.63234353,9.3073023024
risk_comprehensive,risk_comprehensive_03176,1067.25187993,9.16917807826
risk_comprehensive,risk_comprehensive_03177,725.943433382,8.14699601729
risk_comprehensive,risk_comprehensive_03178,545.423321449,8.56628787824
risk_comprehensive,risk_comprehensive_03179,697.251018011,8.75410623077
risk_comprehensive,risk_comprehensive_03180,1072.05535626,9.08005639342
risk_comprehensive,risk_comprehensive_03181,842.874967819,8.52053264579
risk_comprehensive,risk_comprehensive_03182,977.54775156,9.98882567626
risk_comprehensive,risk_comprehensive_03183,1048.37573287,9.66737636241
risk_comprehensive,risk_comprehensive_03184,1000.92002632,9.42871056738
risk_comprehensive,risk_comprehensive_03185,787.551667408,9.14630564197
risk_comprehensive,risk_comprehensive_03186,634.507171013,8.90921959126
risk_comprehensive,risk_comprehensive_03187,506.500254847,9.06793554992
risk_comprehensive,risk_comprehensive_03188,860.915488629,9.51855020281
risk_comprehensive,risk_comprehensive_03189,999.801130455,9.67036555446
risk_comprehensive,risk_comprehensive_03190,799.523905599,8.29066418108
risk_comprehensive,risk_comprehensive_03191,1122.87419097,9.38704655949
risk_comprehensive,risk_comprehensive_03192,921.309113791,7.46556909089
risk_comprehensive,risk_comprehensive_03193,883.311786446,9.43895926178
risk_comprehensive,risk_comprehensive_03194,1011.39284816,9.55223193338
risk_comprehensive,risk_comprehensive_03195,550.900289402,8.28484114798
risk_comprehensive,risk_comprehensive_03196,535.359552251,9.66760465582
risk_comprehensive,risk_comprehensive_03197,788.74302612,8.38590501545
risk_comprehensive,risk_comprehensive_03198,814.696827238,8.60587450569
risk_comprehensive,risk_comprehensive_03199,548.177983906,8.73939637511
risk_comprehensive,risk_comprehensive_03200,1090.03046432,10.2885843597
risk_comprehensive,risk_comprehensive_03201,784.050760432,8.7274345096
risk_comprehensive,risk_comprehensive_03202,679.192099923,8.88632981851
risk_comprehensive,risk_comprehensive_03203,660.905802887,8.07441545328
risk_comprehensive,risk_comprehensive_03204,905.042611944,9.81154622941
risk_comprehensive,risk_comprehensive_03205,1095.77883853,9.83929794929
risk_comprehensive,risk_comprehensive_03206,931.233750152,8.66370944906
risk_comprehensive,risk_comprehensive_03207,740.976132915,8.80536912719
risk_comprehensive,risk_comprehensive_03208,896.887438351,9.04316828335
risk_comprehensive,risk_comprehensive_03209,1157.34065503,9.76984219159
risk_comprehensive,risk_comprehensive_03210,534.581904539,9.24134187678
risk_comprehensive,risk_comprehensive_03211,1019.76464172,8.96610966361
risk_comprehensive,risk_comprehensive_03212,513.357043835,8.71044032515
risk_comprehensive,risk_comprehensive_03213,503.869483534,9.60227427861
risk_comprehensive,risk_comprehensive_03214,825.358643667,8.31424977525
risk_comprehensive,risk_comprehensive_03215,713.418733495,8.08726350823
risk_comprehensive,risk_comprehensive_03216,1184.81510913,10.2523923366
risk_comprehensive,risk_comprehensive_03217,1198.77285315,10.2755904071
risk_comprehensive,risk_comprehensive_03218,693.115544486,8.18605659738
risk_comprehensive,risk_comprehensive_03219,676.156103273,9.33308977125
risk_comprehensive,risk_comprehensive_03220,991.041387935,9.35243112291
risk_comprehensive,risk_comprehensive_03221,997.396588339,8.32210777879
risk_comprehensive,risk_comprehensive_03222,760.891846127,9.334992847
risk_comprehensive,risk_comprehensive_03223,1081.37414377,8.99380293772
risk_comprehensive,risk_comprehensive_03224,871.747034849,8.88428678494
risk_comprehensive,risk_comprehensive_03225,1032.68273775,8.49588631263
risk_comprehensive,risk_comprehensive_03226,582.712649338,8.44707986307
risk_comprehensive,risk_comprehensive_03227,816.738811855,8.43859185229
risk_comprehensive,risk_comprehensive_03228,1087.91802592,10.4452147529
risk_comprehensive,risk_comprehensive_03229,1081.92234677,10.123342074
risk_comprehensive,risk_comprehensive_03230,809.214966684,8.60051281497
risk_comprehensive,risk_comprehensive_03231,667.35096213,8.30960699254
risk_comprehensive,risk_comprehensive_03232,776.75614221,8.5289664284
risk_comprehensive,risk_comprehensive_03233,690.330978845,8.52091582178
risk_comprehensive,risk_comprehensive_03234,1102.58211529,9.70395347583
risk_comprehensive,risk_comprehensive_03235,684.4311597,9.15109815317
risk_comprehensive,risk_comprehensive_03236,954.598939592,9.11230099484
risk_comprehensive,risk_comprehensive_03237,803.980073836,8.85782134425
risk_comprehensive,risk_comprehensive_03238,1092.66526648,9.34969342739
risk_comprehensive,risk_comprehensive_03239,1128.27421021,8.50109819112
risk_comprehensive,risk_comprehensive_03240,1191.25714634,9.68553132617
risk_comprehensive,risk_comprehensive_03241,878.077454562,8.72397285217
risk_comprehensive,risk_comprehensive_03242,805.772185904,8.99757501714
risk_comprehensive,risk_comprehensive_03243,1187.54086632,9.89185016302
risk_comprehensive,risk_comprehensive_03244,621.457292456,8.04368420047
risk_comprehensive,risk_comprehensive_03245,819.336783035,8.76472185274
risk_comprehensive,risk_comprehensive_03246,937.53708435,8.03906649797
risk_comprehensive,risk_comprehensive_03247,1186.90618423,10.3133119973
risk_comprehensive,risk_comprehensive_03248,739.472256693,8.8549624078
risk_comprehensive,risk_comprehensive_03249,954.975323517,8.14132547364
risk_comprehensive,risk_comprehensive_03250,1098.82792853,9.53162542499
risk_comprehensive,risk_comprehensive_03251,582.090691552,8.8497125355
risk_comprehensive,risk_comprehensive_03252,1186.98969504,9.36685226879
risk_comprehensive,risk_comprehensive_03253,1098.1246226,9.32088414093
risk_comprehensive,risk_comprehensive_03254,516.203916877,7.52644406217
risk_comprehensive,risk_comprehensive_03255,778.691773103,8.05885371224
risk_comprehensive,risk_comprehensive_03256,535.701835696,9.05386374704
risk_comprehensive,risk_comprehensive_03257,1105.53604706,9.67924448011
risk_comprehensive,risk_comprehensive_03258,721.33211921,8.93887467765
risk_comprehensive,risk_comprehensive_03259,639.03379546,9.74843873425
risk_comprehensive,risk_comprehensive_03260,977.60687778,8.84349542864
risk_comprehensive,risk_comprehensive_03261,637.361820262,8.36475949685
risk_comprehensive,risk_comprehensive_03262,962.416960475,8.77403103784
risk_comprehensive,risk_comprehensive_03263,520.576621464,8.58276007174
risk_comprehensive,risk_comprehensive_03264,816.540708497,8.35935212391
risk_comprehensive,risk_comprehensive_03265,692.299757587,8.56470552922
risk_comprehensive,risk_comprehensive_03266,997.496651291,10.4144390051
risk_comprehensive,risk_comprehensive_03267,1192.53881259,10.0979998294
risk_comprehensive,risk_comprehensive_03268,1148.33533948,9.08211005536
risk_comprehensive,risk_comprehensive_03269,794.262338385,8.29884436007
risk_comprehensive,risk_comprehensive_03270,1140.89685889,9.57397099345
risk_comprehensive,risk_comprehensive_03271,1095.18495415,8.75322009284
risk_comprehensive,risk_comprehensive_03272,903.525603249,9.29463113127
risk_comprehensive,risk_comprehensive_03273,804.178274066,8.72401140536
risk_comprehensive,risk_comprehensive_03274,996.224798836,9.09032962504
risk_comprehensive,risk_comprehensive_03275,990.958163068,9.46715684996
risk_comprehensive,risk_comprehensive_03276,639.637239699,8.25911804471
risk_comprehensive,risk_comprehensive_03277,536.243256452,9.37657129995
risk_comprehensive,risk_comprehensive_03278,624.933449255,8.32679203051
risk_comprehensive,risk_comprehensive_03279,1059.15812896,9.50101405907
risk_comprehensive,risk_comprehensive_03280,924.687696792,9.79236658906
risk_comprehensive,risk_comprehensive_03281,685.27993801,8.29623921652
risk_comprehensive,risk_comprehensive_03282,588.850880507,8.03986784501
risk_comprehensive,risk_comprehensive_03283,1067.21853258,9.29758810227
risk_comprehensive,risk_comprehensive_03284,860.398236608,8.14387332593
risk_comprehensive,risk_comprehensive_03285,970.2885624,9.18950005703
risk_comprehensive,risk_comprehensive_03286,823.094939683,9.01420840352
risk_comprehensive,risk_comprehensive_03287,595.088701106,8.61990488797
risk_comprehensive,risk_comprehensive_03288,814.90824345,9.28572979555
risk_comprehensive,risk_comprehensive_03289,1173.47582099,10.1716671583
risk_comprehensive,risk_comprehensive_03290,1154.44013926,8.75900224002
risk_comprehensive,risk_comprehensive_03291,703.08659713,8.17431702573
risk_comprehensive,risk_comprehensive_03292,1043.62348654,8.47914069257
risk_comprehensive,risk_comprehensive_03293,1034.51248754,10.2519880425
risk_comprehensive,risk_comprehensive_03294,751.15567838,9.46977841524
risk_comprehensive,risk_comprehensive_03295,1155.24106538,10.6272401366
risk_comprehensive,risk_comprehensive_03296,740.495685977,9.44513232907
risk_comprehensive,risk_comprehensive_03297,626.12733551,7.60562871122
risk_comprehensive,risk_comprehensive_03298,667.550607584,8.85986516404
risk_comprehensive,risk_comprehensive_03299,803.51970579,8.53555280134
risk_comprehensive,risk_comprehensive_03300,531.549240183,9.19822233637
risk_comprehensive,risk_comprehensive_03301,991.61806023,8.53921109994
risk_comprehensive,risk_comprehensive_03302,755.594865698,9.24257368368
risk_comprehensive,risk_comprehensive_03303,563.105102443,8.85810170234
risk_comprehensive,risk_comprehensive_03304,828.048291593,8.96539218284
risk_comprehensive,risk_comprehensive_03305,908.510269694,9.44644947544
risk_comprehensive,risk_comprehensive_03306,881.095055572,8.80452708198
risk_comprehensive,risk_comprehensive_03307,1145.16201387,10.0378238569
risk_comprehensive,risk_comprehensive_03308,606.088474866,8.28159696886
risk_comprehensive,risk_comprehensive_03309,730.921260269,8.77348309401
risk_comprehensive,risk_comprehensive_03310,709.120309765,9.09989244265
risk_comprehensive,risk_comprehensive_03311,847.69025969,8.97035127967
risk_comprehensive,risk_comprehensive_03312,920.34526732,8.21330809019
risk_comprehensive,risk_comprehensive_03313,1117.09509969,9.13379607078
risk_comprehensive,risk_comprehensive_03314,578.533958406,9.08656114029
risk_comprehensive,risk_comprehensive_03315,845.219199942,8.54035277253
risk_comprehensive,risk_comprehensive_03316,853.366148034,8.18199367853
risk_comprehensive,risk_comprehensive_03317,715.81223885,8.09011644623
risk_comprehensive,risk_comprehensive_03318,1072.73827526,9.16356899741
risk_comprehensive,risk_comprehensive_03319,825.632063708,9.6858448277
risk_comprehensive,risk_comprehensive_03320,574.189702851,9.22405671064
risk_comprehensive,risk_comprehensive_03321,1083.46366548,10.3324220119
risk_comprehensive,risk_comprehensive_03322,822.625655569,7.56336669538
risk_comprehensive,risk_comprehensive_03323,696.767279631,8.47181338555
risk_comprehensive,risk_comprehensive_03324,865.182783436,9.06918879607
risk_comprehensive,risk_comprehensive_03325,632.398022903,8.07916581839
risk_comprehensive,risk_comprehensive_03326,584.748639703,9.12089485564
risk_comprehensive,risk_comprehensive_03327,1010.06395016,9.47696691917
risk_comprehensive,risk_comprehensive_03328,720.09058035,9.61154736992
risk_comprehensive,risk_comprehensive_03329,527.360344677,8.58995284716
risk_comprehensive,risk_comprehensive_03330,854.114039998,7.82556814184
risk_comprehensive,risk_comprehensive_03331,911.175138083,8.71676210376
risk_comprehensive,risk_comprehensive_03332,741.620553164,8.60400502209
risk_comprehensive,risk_comprehensive_03333,539.741580672,8.58319357604
risk_comprehensive,risk_comprehensive_03334,1039.32512709,9.67515565848
risk_comprehensive,risk_comprehensive_03335,766.839858224,8.72947495086
risk_comprehensive,risk_comprehensive_03336,644.174031015,8.72212346663
risk_comprehensive,risk_comprehensive_03337,745.152803774,8.11307879307
risk_comprehensive,risk_comprehensive_03338,517.275599998,7.62250401395
risk_comprehensive,risk_comprehensive_03339,551.122349261,9.24921270827
risk_comprehensive,risk_comprehensive_03340,1072.17297657,10.0782853553
risk_comprehensive,risk_comprehensive_03341,1039.63964666,10.4073547161
risk_comprehensive,risk_comprehensive_03342,1051.17430322,9.5678842233
risk_comprehensive,risk_comprehensive_03343,973.266574968,8.98033106212
risk_comprehensive,risk_comprehensive_03344,924.588941076,8.89322408193
risk_comprehensive,risk_comprehensive_03345,899.296500139,8.76155651851
risk_comprehensive,risk_comprehensive_03346,782.278830724,8.52779356627
risk_comprehensive,risk_comprehensive_03347,602.828200512,8.32428063827
risk_comprehensive,risk_comprehensive_03348,532.452902121,7.80483633753
risk_comprehensive,risk_comprehensive_03349,956.648126643,8.69238940564
risk_comprehensive,risk_comprehensive_03350,745.164161568,9.77232031525
risk_comprehensive,risk_comprehensive_03351,802.094680568,8.48670735128
risk_comprehensive,risk_comprehensive_03352,1035.0438515,10.6524005006
risk_comprehensive,risk_comprehensive_03353,708.928569976,8.13645731622
risk_comprehensive,risk_comprehensive_03354,1071.78642342,9.80512399486
risk_comprehensive,risk_comprehensive_03355,812.353733126,8.33806132475
risk_comprehensive,risk_comprehensive_03356,659.528126066,9.96151374509
risk_comprehensive,risk_comprehensive_03357,913.305362346,8.79916083726
risk_comprehensive,risk_comprehensive_03358,523.076470815,9.76022332965
risk_comprehensive,risk_comprehensive_03359,843.542813517,8.46187347159
risk_comprehensive,risk_comprehensive_03360,1107.00595294,9.49799893887
risk_comprehensive,risk_comprehensive_03361,650.213903897,7.64185882343
risk_comprehensive,risk_comprehensive_03362,885.970662631,9.18040933077
risk_comprehensive,risk_comprehensive_03363,965.782497201,9.78953257748
risk_comprehensive,risk_comprehensive_03364,700.726851451,8.25734299576
risk_comprehensive,risk_comprehensive_03365,859.374359614,9.73571346854
risk_comprehensive,risk_comprehensive_03366,626.363939465,9.03273345567
risk_comprehensive,risk_comprehensive_03367,959.617383452,8.49727388616
risk_comprehensive,risk_comprehensive_03368,861.822390724,8.61752800857
risk_comprehensive,risk_comprehensive_03369,849.865160888,8.49940309864
risk_comprehensive,risk_comprehensive_03370,826.631905418,9.34712082606
risk_comprehensive,risk_comprehensive_03371,820.458993123,8.69216189189
risk_comprehensive,risk_comprehensive_03372,740.692292808,8.59392982406
risk_comprehensive,risk_comprehensive_03373,736.021998948,9.17789500337
risk_comprehensive,risk_comprehensive_03374,1082.36023589,9.2958896768
risk_comprehensive,risk_comprehensive_03375,1109.0521515,9.5320224455
risk_comprehensive,risk_comprehensive_03376,937.149469254,9.29830450245
risk_comprehensive,risk_comprehensive_03377,858.609344537,9.52134915997
risk_comprehensive,risk_comprehensive_03378,932.094522696,7.72273753447
risk_comprehensive,risk_comprehensive_03379,735.759221415,8.11686663678
risk_comprehensive,risk_comprehensive_03380,860.842682874,8.02622542982
risk_comprehensive,risk_comprehensive_03381,1192.55775146,8.96324964262
risk_comprehensive,risk_comprehensive_03382,868.657970474,9.16048518855
risk_comprehensive,risk_comprehensive_03383,739.429998786,8.72445864571
risk_comprehensive,risk_comprehensive_03384,1071.55330624,9.16533241421
risk_comprehensive,risk_comprehensive_03385,1117.23727143,10.6688613743
risk_comprehensive,risk_comprehensive_03386,1091.1456249,9.08477054212
risk_comprehensive,risk_comprehensive_03387,686.401768499,7.99819428908
risk_comprehensive,risk_comprehensive_03388,645.615630021,9.06241900471
risk_comprehensive,risk_comprehensive_03389,856.372935594,8.17911688057
risk_comprehensive,risk_comprehensive_03390,1116.58664489,9.60386474897
risk_comprehensive,risk_comprehensive_03391,1018.1745223,9.3739606478
risk_comprehensive,risk_comprehensive_03392,931.933738277,8.8705045047
risk_comprehensive,risk_comprehensive_03393,823.307103088,8.49569223577
risk_comprehensive,risk_comprehensive_03394,914.336772071,9.28983814908
risk_comprehensive,risk_comprehensive_03395,1186.71406435,9.64146631399
risk_comprehensive,risk_comprehensive_03396,568.655121218,9.62940095037
risk_comprehensive,risk_comprehensive_03397,973.839005615,9.00748144665
risk_comprehensive,risk_comprehensive_03398,1059.18121888,10.4728926735
risk_comprehensive,risk_comprehensive_03399,850.433670756,8.95546136629
risk_comprehensive,risk_comprehensive_03400,525.734945892,8.48819046038
risk_comprehensive,risk_comprehensive_03401,794.70836645,8.73385522639
risk_comprehensive,risk_comprehensive_03402,697.591877279,9.78641836319
risk_comprehensive,risk_comprehensive_03403,1040.20795799,9.93095592118
risk_comprehensive,risk_comprehensive_03404,824.289067027,9.18039970031
risk_comprehensive,risk_comprehensive_03405,1033.10168233,9.75968863843
risk_comprehensive,risk_comprehensive_03406,807.621276068,8.74574245071
risk_comprehensive,risk_comprehensive_03407,1128.06444902,9.09677013468
risk_comprehensive,risk_comprehensive_03408,886.226848693,9.33890289157
risk_comprehensive,risk_comprehensive_03409,1048.68428474,8.76705772621
risk_comprehensive,risk_comprehensive_03410,960.24135478,9.27911373814
risk_comprehensive,risk_comprehensive_03411,608.239219259,8.33438158539
risk_comprehensive,risk_comprehensive_03412,818.757927466,9.61781373201
risk_comprehensive,risk_comprehensive_03413,897.003352537,9.1365206105
risk_comprehensive,risk_comprehensive_03414,548.494707082,8.86754094217
risk_comprehensive,risk_comprehensive_03415,1016.3674029,9.98591683813
risk_comprehensive,risk_comprehensive_03416,553.540291914,9.53105823251
risk_comprehensive,risk_comprehensive_03417,747.099694767,8.76278491466
risk_comprehensive,risk_comprehensive_03418,515.001648315,9.2289933001
risk_comprehensive,risk_comprehensive_03419,842.799137706,8.63566681029
risk_comprehensive,risk_comprehensive_03420,1142.06474706,10.2004995502
risk_comprehensive,risk_comprehensive_03421,1069.88917951,10.9618716047
risk_comprehensive,risk_comprehensive_03422,807.785743891,7.97387045582
risk_comprehensive,risk_comprehensive_03423,1105.30221301,10.2244619011
risk_comprehensive,risk_comprehensive_03424,598.367787794,9.8902381713
risk_comprehensive,risk_comprehensive_03425,1130.99040486,9.31717468782
risk_comprehensive,risk_comprehensive_03426,1195.67193541,10.4860784753
risk_comprehensive,risk_comprehensive_03427,654.052340012,9.54455414793
risk_comprehensive,risk_comprehensive_03428,654.400995776,9.1223337035
risk_comprehensive,risk_comprehensive_03429,670.383075761,8.08528523608
risk_comprehensive,risk_comprehensive_03430,767.871074294,9.41183296207
risk_comprehensive,risk_comprehensive_03431,982.199165939,8.70893208123
risk_comprehensive,risk_comprehensive_03432,593.137752071,9.42013181501
risk_comprehensive,risk_comprehensive_03433,693.311271089,9.06419786852
risk_comprehensive,risk_comprehensive_03434,1112.73349509,9.97661402907
risk_comprehensive,risk_comprehensive_03435,1052.60747889,8.80910716689
risk_comprehensive,risk_comprehensive_03436,568.294857884,8.01028217235
risk_comprehensive,risk_comprehensive_03437,1119.66541503,9.30273709987
risk_comprehensive,risk_comprehensive_03438,845.299873788,9.10477753048
risk_comprehensive,risk_comprehensive_03439,1135.36882123,9.87770570937
risk_comprehensive,risk_comprehensive_03440,518.297952644,8.19197226405
risk_comprehensive,risk_comprehensive_03441,642.455637904,9.21794245153
risk_comprehensive,risk_comprehensive_03442,1090.84141985,9.25993714351
risk_comprehensive,risk_comprehensive_03443,1102.43182877,10.0641747606
risk_comprehensive,risk_comprehensive_03444,520.47136052,9.42695946772
risk_comprehensive,risk_comprehensive_03445,651.155741072,9.29010122064
risk_comprehensive,risk_comprehensive_03446,880.757716214,8.87115210245
risk_comprehensive,risk_comprehensive_03447,1150.68235014,10.0969795323
risk_comprehensive,risk_comprehensive_03448,556.773688706,9.168181141
risk_comprehensive,risk_comprehensive_03449,1028.6903205,9.41775428217
risk_comprehensive,risk_comprehensive_03450,891.574060122,9.7885345825
risk_comprehensive,risk_comprehensive_03451,1011.88096659,9.37047702779
risk_comprehensive,risk_comprehensive_03452,812.295087629,8.15176415415
risk_comprehensive,risk_comprehensive_03453,546.355801857,9.15811933437
risk_comprehensive,risk_comprehensive_03454,679.464635627,9.03013074866
risk_comprehensive,risk_comprehensive_03455,1107.44811426,11.1244005576
risk_comprehensive,risk_comprehensive_03456,1152.95452063,9.99576909456
risk_comprehensive,risk_comprehensive_03457,1047.431508,9.44520144583
risk_comprehensive,risk_comprehensive_03458,885.198592482,9.29550124977
risk_comprehensive,risk_comprehensive_03459,1005.68446322,8.14574307537
risk_comprehensive,risk_comprehensive_03460,741.022991083,9.04169431079
risk_comprehensive,risk_comprehensive_03461,1188.61508281,10.0476924752
risk_comprehensive,risk_comprehensive_03462,657.173693138,8.27338425365
risk_comprehensive,risk_comprehensive_03463,648.942346808,8.38966432306
risk_comprehensive,risk_comprehensive_03464,630.698031547,7.64144058132
risk_comprehensive,risk_comprehensive_03465,579.180381457,8.9597036592
risk_comprehensive,risk_comprehensive_03466,870.918310134,8.51616253624
risk_comprehensive,risk_comprehensive_03467,991.047315515,8.63820621765
risk_comprehensive,risk_comprehensive_03468,596.052191578,8.46849409926
risk_comprehensive,risk_comprehensive_03469,1155.54361327,9.8602483588
risk_comprehensive,risk_comprehensive_03470,969.735812418,9.43791392878
risk_comprehensive,risk_comprehensive_03471,812.167588753,8.83880526856
risk_comprehensive,risk_comprehensive_03472,1055.01661457,9.34569567847
risk_comprehensive,risk_comprehensive_03473,661.26579119,8.4627929655
risk_comprehensive,risk_comprehensive_03474,675.734755783,8.24190322964
risk_comprehensive,risk_comprehensive_03475,967.152770892,9.86480421598
risk_comprehensive,risk_comprehensive_03476,1026.41925973,9.5274413013
risk_comprehensive,risk_comprehensive_03477,507.478311012,9.49164737581
risk_comprehensive,risk_comprehensive_03478,617.649846153,9.27909901468
risk_comprehensive,risk_comprehensive_03479,636.353900145,9.14776167569
risk_comprehensive,risk_comprehensive_03480,822.305001768,8.87049508755
risk_comprehensive,risk_comprehensive_03481,793.62109551,8.59029629685
risk_comprehensive,risk_comprehensive_03482,504.977764835,7.86397358574
risk_comprehensive,risk_comprehensive_03483,1159.682528,9.98645424416
risk_comprehensive,risk_comprehensive_03484,571.765915714,8.21333214793
risk_comprehensive,risk_comprehensive_03485,976.515437136,8.83761567666
risk_comprehensive,risk_comprehensive_03486,1142.56122894,10.1216331476
risk_comprehensive,risk_comprehensive_03487,1132.71698872,9.42816604344
risk_comprehensive,risk_comprehensive_03488,627.271769789,9.95938562639
risk_comprehensive,risk_comprehensive_03489,731.750168872,9.19099877004
risk_comprehensive,risk_comprehensive_03490,963.134520608,9.98706831689
risk_comprehensive,risk_comprehensive_03491,692.653540389,8.98413479102
risk_comprehensive,risk_comprehensive_03492,773.999376149,8.04036954525
risk_comprehensive,risk_comprehensive_03493,825.580697343,9.13492813006
risk_comprehensive,risk_comprehensive_03494,948.582518506,8.66836806154
risk_comprehensive,risk_comprehensive_03495,845.647641793,8.62665896719
risk_comprehensive,risk_comprehensive_03496,847.524378924,8.97325949427
risk_comprehensive,risk_comprehensive_03497,1074.87457548,10.0679478671
risk_comprehensive,risk_comprehensive_03498,701.171046897,9.27944877937
risk_comprehensive,risk_comprehensive_03499,739.328031238,7.63444545341
risk_comprehensive,risk_comprehensive_03500,849.093987642,8.42483851378
risk_comprehensive,risk_comprehensive_03501,857.476224656,10.1537621319
risk_comprehensive,risk_comprehensive_03502,670.463120795,8.78780927309
risk_comprehensive,risk_comprehensive_03503,509.155011832,7.98508759753
risk_comprehensive,risk_comprehensive_03504,570.03740416,7.99502956116
risk_comprehensive,risk_comprehensive_03505,1019.70255098,9.66344297909
risk_comprehensive,risk_comprehensive_03506,784.637554056,9.53393128903
risk_comprehensive,risk_comprehensive_03507,1116.68337963,9.93090782621
risk_comprehensive,risk_comprehensive_03508,656.6274474,8.90284844251
risk_comprehensive,risk_comprehensive_03509,841.114230339,8.80484341778
risk_comprehensive,risk_comprehensive_03510,1108.81271597,9.71161057988
risk_comprehensive,risk_comprehensive_03511,913.574254305,9.06909866693
risk_comprehensive,risk_comprehensive_03512,1148.71109182,9.39994475872
risk_comprehensive,risk_comprehensive_03513,1144.30996203,9.49097376415
risk_comprehensive,risk_comprehensive_03514,747.5265607,8.56174191793
risk_comprehensive,risk_comprehensive_03515,691.427738418,9.12175565431
risk_comprehensive,risk_comprehensive_03516,641.949034143,9.20826090349
risk_comprehensive,risk_comprehensive_03517,626.313840817,8.3867931398
risk_comprehensive,risk_comprehensive_03518,1081.11582474,9.04055713389
risk_comprehensive,risk_comprehensive_03519,1144.5562613,10.1227016883
risk_comprehensive,risk_comprehensive_03520,1046.23902229,8.75673497145
risk_comprehensive,risk_comprehensive_03521,569.308401372,8.61790784193
risk_comprehensive,risk_comprehensive_03522,702.06514246,8.62755088565
risk_comprehensive,risk_comprehensive_03523,1062.04034868,9.49297175102
risk_comprehensive,risk_comprehensive_03524,897.88993413,9.01130764594
risk_comprehensive,risk_comprehensive_03525,897.846919808,9.65212134238
risk_comprehensive,risk_comprehensive_03526,574.969423775,7.4590335081
risk_comprehensive,risk_comprehensive_03527,1068.70175606,9.049909651
risk_comprehensive,risk_comprehensive_03528,929.128931644,9.09478315074
risk_comprehensive,risk_comprehensive_03529,593.371370878,8.64805914083
risk_comprehensive,risk_comprehensive_03530,1184.09290762,10.1153183734
risk_comprehensive,risk_comprehensive_03531,1168.25159659,9.56490637845
risk_comprehensive,risk_comprehensive_03532,1113.21577576,9.96267218062
risk_comprehensive,risk_comprehensive_03533,969.392245996,8.42571996814
risk_comprehensive,risk_comprehensive_03534,1075.54476532,9.70894958104
risk_comprehensive,risk_comprehensive_03535,925.018226798,9.04412148838
risk_comprehensive,risk_comprehensive_03536,844.906664281,9.13847155076
risk_comprehensive,risk_comprehensive_03537,1030.19756031,8.99439533624
risk_comprehensive,risk_comprehensive_03538,976.162087932,10.044719794
risk_comprehensive,risk_comprehensive_03539,705.555744464,8.23902372127
risk_comprehensive,risk_comprehensive_03540,1169.95251699,10.4423927927
risk_comprehensive,risk_comprehensive_03541,700.196263323,8.75983268657
risk_comprehensive,risk_comprehensive_03542,830.64230799,8.43029507757
risk_comprehensive,risk_comprehensive_03543,717.523046265,7.89669184792
risk_comprehensive,risk_comprehensive_03544,823.05493669,9.3713315024
risk_comprehensive,risk_comprehensive_03545,608.394405945,8.64329529226
risk_comprehensive,risk_comprehensive_03546,623.806401576,8.44770131048
risk_comprehensive,risk_comprehensive_03547,923.83245797,8.44022805628
risk_comprehensive,risk_comprehensive_03548,1149.23100546,10.5040241932
risk_comprehensive,risk_comprehensive_03549,1164.49176895,9.73786861912
risk_comprehensive,risk_comprehensive_03550,827.251228255,7.91677952499
risk_comprehensive,risk_comprehensive_03551,1172.64943742,10.1038068511
risk_comprehensive,risk_comprehensive_03552,938.640034835,9.65011484914
risk_comprehensive,risk_comprehensive_03553,1146.94697315,9.69652810321
risk_comprehensive,risk_comprehensive_03554,852.936029576,8.9594917586
risk_comprehensive,risk_comprehensive_03555,601.858851417,7.93112686415
risk_comprehensive,risk_comprehensive_03556,755.0566737,7.65896880489
risk_comprehensive,risk_comprehensive_03557,988.19405383,9.01292984161
risk_comprehensive,risk_comprehensive_03558,692.714157203,9.01742773284
risk_comprehensive,risk_comprehensive_03559,690.724427517,8.54983200578
risk_comprehensive,risk_comprehensive_03560,555.327331017,8.59703781112
risk_comprehensive,risk_comprehensive_03561,922.892631045,9.33036827058
risk_comprehensive,risk_comprehensive_03562,581.525338016,8.59659971899
risk_comprehensive,risk_comprehensive_03563,609.50772636,9.04548583787
risk_comprehensive,risk_comprehensive_03564,983.669658089,9.49574988057
risk_comprehensive,risk_comprehensive_03565,742.365897825,9.00510113133
risk_comprehensive,risk_comprehensive_03566,635.919813785,9.73447975625
risk_comprehensive,risk_comprehensive_03567,947.349578496,8.80351966133
risk_comprehensive,risk_comprehensive_03568,893.274382626,9.45471619841
risk_comprehensive,risk_comprehensive_03569,821.804129436,9.37407090167
risk_comprehensive,risk_comprehensive_03570,937.094164833,8.27147476436
risk_comprehensive,risk_comprehensive_03571,792.341035926,8.32163300819
risk_comprehensive,risk_comprehensive_03572,637.657620402,8.5495125301
risk_comprehensive,risk_comprehensive_03573,844.765404617,8.76063682996
risk_comprehensive,risk_comprehensive_03574,1194.214516,10.3159895731
risk_comprehensive,risk_comprehensive_03575,957.452075619,8.65844531586
risk_comprehensive,risk_comprehensive_03576,723.319688164,8.9997199785
risk_comprehensive,risk_comprehensive_03577,597.844074038,9.18314212931
risk_comprehensive,risk_comprehensive_03578,821.174091041,8.8018466426
risk_comprehensive,risk_comprehensive_03579,1049.95404196,9.68315876813
risk_comprehensive,risk_comprehensive_03580,637.548209634,8.29336815794
risk_comprehensive,risk_comprehensive_03581,1047.72526724,9.76396587193
risk_comprehensive,risk_comprehensive_03582,1152.28306617,9.89494009963
risk_comprehensive,risk_comprehensive_03583,704.438530317,8.41249990261
risk_comprehensive,risk_comprehensive_03584,962.120082352,9.07461659285
risk_comprehensive,risk_comprehensive_03585,564.983894429,9.11902396504
risk_comprehensive,risk_comprehensive_03586,506.510300255,9.55786627366
risk_comprehensive,risk_comprehensive_03587,853.548971107,8.12402703631
risk_comprehensive,risk_comprehensive_03588,831.447651183,8.66287874774
risk_comprehensive,risk_comprehensive_03589,1157.79591256,9.30992066926
risk_comprehensive,risk_comprehensive_03590,523.322342269,9.38520124929
risk_comprehensive,risk_comprehensive_03591,1166.67431902,9.19681505295
risk_comprehensive,risk_comprehensive_03592,1125.40461369,9.62025302325
risk_comprehensive,risk_comprehensive_03593,612.655725333,7.63454746817
risk_comprehensive,risk_comprehensive_03594,719.945698696,9.03742327939
risk_comprehensive,risk_comprehensive_03595,884.067218379,9.47671286087
risk_comprehensive,risk_comprehensive_03596,551.294626383,8.05093054671
risk_comprehensive,risk_comprehensive_03597,883.461683372,8.51739935015
risk_comprehensive,risk_comprehensive_03598,1106.19194042,8.27328153667
risk_comprehensive,risk_comprehensive_03599,933.550097815,8.87430067506
risk_comprehensive,risk_comprehensive_03600,1051.12316973,9.95464811111
risk_comprehensive,risk_comprehensive_03601,1069.58093502,8.66325723124
risk_comprehensive,risk_comprehensive_03602,822.958748328,8.09850163672
risk_comprehensive,risk_comprehensive_03603,1068.86057513,10.0547100599
risk_comprehensive,risk_comprehensive_03604,648.669502016,9.99334358648
risk_comprehensive,risk_comprehensive_03605,866.394564786,8.2947482728
risk_comprehensive,risk_comprehensive_03606,655.420607564,8.60693910197
risk_comprehensive,risk_comprehensive_03607,670.703853541,8.14573546119
risk_comprehensive,risk_comprehensive_03608,659.044340053,8.29063299336
risk_comprehensive,risk_comprehensive_03609,502.948357139,8.86770534881
risk_comprehensive,risk_comprehensive_03610,583.562099544,8.7181665979
risk_comprehensive,risk_comprehensive_03611,763.206849909,8.54643015538
risk_comprehensive,risk_comprehensive_03612,922.296505494,9.47248194871
risk_comprehensive,risk_comprehensive_03613,947.757882566,8.60360887092
risk_comprehensive,risk_comprehensive_03614,811.973000075,9.06487911301
risk_comprehensive,risk_comprehensive_03615,820.7937296,7.82253952148
risk_comprehensive,risk_comprehensive_03616,503.175994853,8.47110413885
risk_comprehensive,risk_comprehensive_03617,616.191240956,8.25815140714
risk_comprehensive,risk_comprehensive_03618,515.743053422,9.2996056206
risk_comprehensive,risk_comprehensive_03619,866.372163958,9.09635072014
risk_comprehensive,risk_comprehensive_03620,1143.69430105,9.8635211429
risk_comprehensive,risk_comprehensive_03621,656.17978478,8.65004973451
risk_comprehensive,risk_comprehensive_03622,920.363334115,9.48639586999
risk_comprehensive,risk_comprehensive_03623,647.478487547,8.33809540436
risk_comprehensive,risk_comprehensive_03624,727.908500395,8.36594010756
risk_comprehensive,risk_comprehensive_03625,762.068050374,9.33126614424
risk_comprehensive,risk_comprehensive_03626,546.863381502,8.94256706588
risk_comprehensive,risk_comprehensive_03627,933.09817596,8.58080974317
risk_comprehensive,risk_comprehensive_03628,1138.95001727,9.3445605668
risk_comprehensive,risk_comprehensive_03629,680.158452608,8.85604460406
risk_comprehensive,risk_comprehensive_03630,505.184858816,9.04476440754
risk_comprehensive,risk_comprehensive_03631,586.334243507,7.59755875875
risk_comprehensive,risk_comprehensive_03632,826.203260026,8.23696401787
risk_comprehensive,risk_comprehensive_03633,621.668286624,8.01991356776
risk_comprehensive,risk_comprehensive_03634,615.063595193,8.31410676074
risk_comprehensive,risk_comprehensive_03635,620.367372721,9.11303374065
risk_comprehensive,risk_comprehensive_03636,968.214667934,9.62688259538
risk_comprehensive,risk_comprehensive_03637,1039.17246909,8.25091543461
risk_comprehensive,risk_comprehensive_03638,747.96515928,8.37165940918
risk_comprehensive,risk_comprehensive_03639,650.365949166,7.955726584
risk_comprehensive,risk_comprehensive_03640,926.81899903,8.99168931241
risk_comprehensive,risk_comprehensive_03641,758.212345314,7.54938889119
risk_comprehensive,risk_comprehensive_03642,589.559610283,8.19090769377
risk_comprehensive,risk_comprehensive_03643,647.141899134,8.55864414019
risk_comprehensive,risk_comprehensive_03644,602.92235311,7.81468387023
risk_comprehensive,risk_comprehensive_03645,515.32300151,9.34132998234
risk_comprehensive,risk_comprehensive_03646,920.292761623,8.89417788768
risk_comprehensive,risk_comprehensive_03647,693.646341785,9.42857264721
risk_comprehensive,risk_comprehensive_03648,548.216974548,9.13482343959
risk_comprehensive,risk_comprehensive_03649,550.093936497,8.80070504512
risk_comprehensive,risk_comprehensive_03650,517.839428229,8.90143202268
risk_comprehensive,risk_comprehensive_03651,846.907942058,9.4476099499
risk_comprehensive,risk_comprehensive_03652,640.031258071,8.2343829704
risk_comprehensive,risk_comprehensive_03653,890.016156005,8.81845641383
risk_comprehensive,risk_comprehensive_03654,818.473326329,8.60108131104
risk_comprehensive,risk_comprehensive_03655,1094.46974749,9.3736900785
risk_comprehensive,risk_comprehensive_03656,908.194518358,9.48056732337
risk_comprehensive,risk_comprehensive_03657,971.263453058,9.15266656816
risk_comprehensive,risk_comprehensive_03658,762.839305783,9.09897077437
risk_comprehensive,risk_comprehensive_03659,630.437164815,8.40173396819
risk_comprehensive,risk_comprehensive_03660,621.096260009,8.7056595344
risk_comprehensive,risk_comprehensive_03661,688.727325713,8.97352579125
risk_comprehensive,risk_comprehensive_03662,1062.1684776,9.47179732265
risk_comprehensive,risk_comprehensive_03663,852.093123619,8.79943499766
risk_comprehensive,risk_comprehensive_03664,1067.94235643,9.15259470693
risk_comprehensive,risk_comprehensive_03665,1187.81167299,10.0541596018
risk_comprehensive,risk_comprehensive_03666,1005.73299549,9.63427565622
risk_comprehensive,risk_comprehensive_03667,758.766427026,7.65735163177
risk_comprehensive,risk_comprehensive_03668,1147.52607641,9.51288011911
risk_comprehensive,risk_comprehensive_03669,559.354965332,8.56818464689
risk_comprehensive,risk_comprehensive_03670,696.872292772,9.27414613147
risk_comprehensive,risk_comprehensive_03671,1089.93990749,9.94825114286
risk_comprehensive,risk_comprehensive_03672,970.388791314,8.70368092915
risk_comprehensive,risk_comprehensive_03673,578.069484354,9.06201908084
risk_comprehensive,risk_comprehensive_03674,998.688226381,10.0522915968
risk_comprehensive,risk_comprehensive_03675,1011.5894305,8.75511195656
risk_comprehensive,risk_comprehensive_03676,681.602047881,9.66159310917
risk_comprehensive,risk_comprehensive_03677,748.871046845,8.7651030576
risk_comprehensive,risk_comprehensive_03678,1093.35066518,8.95306777658
risk_comprehensive,risk_comprehensive_03679,541.24603425,8.94730267712
risk_comprehensive,risk_comprehensive_03680,1189.83835998,10.4202726657
risk_comprehensive,risk_comprehensive_03681,886.028264229,9.08283836634
risk_comprehensive,risk_comprehensive_03682,913.489864101,9.8529628235
risk_comprehensive,risk_comprehensive_03683,971.907301136,9.57289172428
risk_comprehensive,risk_comprehensive_03684,628.774578973,8.24587099661
risk_comprehensive,risk_comprehensive_03685,920.435081505,9.18646923629
risk_comprehensive,risk_comprehensive_03686,1102.23255442,9.61680857661
risk_comprehensive,risk_comprehensive_03687,1121.39168176,9.41225580857
risk_comprehensive,risk_comprehensive_03688,949.32628914,9.41183717539
risk_comprehensive,risk_comprehensive_03689,963.975664064,9.21360700005
risk_comprehensive,risk_comprehensive_03690,1051.48787527,9.41789859472
risk_comprehensive,risk_comprehensive_03691,1002.58545082,8.32928680365
risk_comprehensive,risk_comprehensive_03692,542.231570462,8.52752720958
risk_comprehensive,risk_comprehensive_03693,706.826721355,8.89435109068
risk_comprehensive,risk_comprehensive_03694,677.744359038,8.9587879985
risk_comprehensive,risk_comprehensive_03695,692.676360426,9.55328782884
risk_comprehensive,risk_comprehensive_03696,1183.96032296,10.3559735094
risk_comprehensive,risk_comprehensive_03697,734.939009696,8.61277119861
risk_comprehensive,risk_comprehensive_03698,934.7453042,8.64670909524
risk_comprehensive,risk_comprehensive_03699,958.746541011,9.76894299772
risk_comprehensive,risk_comprehensive_03700,719.080007284,8.74477435203
risk_comprehensive,risk_comprehensive_03701,1071.64186721,9.81698804069
risk_comprehensive,risk_comprehensive_03702,866.612996932,9.33013359702
risk_comprehensive,risk_comprehensive_03703,1004.42954525,9.16231900538
risk_comprehensive,risk_comprehensive_03704,1128.27017757,9.74281326391
risk_comprehensive,risk_comprehensive_03705,1181.00953168,9.06095544841
risk_comprehensive,risk_comprehensive_03706,801.503418215,8.89873348392
risk_comprehensive,risk_comprehensive_03707,1116.95358374,10.8409960381
risk_comprehensive,risk_comprehensive_03708,761.352052361,8.63860986266
risk_comprehensive,risk_comprehensive_03709,571.566622923,8.91097254424
risk_comprehensive,risk_comprehensive_03710,1110.27552082,9.26329295428
risk_comprehensive,risk_comprehensive_03711,1163.11981638,9.14937675932
risk_comprehensive,risk_comprehensive_03712,1186.08157483,10.0213489559
risk_comprehensive,risk_comprehensive_03713,534.301520988,8.70262390962
risk_comprehensive,risk_comprehensive_03714,541.892081236,9.14522247338
risk_comprehensive,risk_comprehensive_03715,753.821684578,8.32674402183
risk_comprehensive,risk_comprehensive_03716,640.707675265,8.54444170294
risk_comprehensive,risk_comprehensive_03717,1196.56709762,10.559187847
risk_comprehensive,risk_comprehensive_03718,590.090403382,9.03568059895
risk_comprehensive,risk_comprehensive_03719,1098.8261436,10.0338169821
risk_comprehensive,risk_comprehensive_03720,1024.7203035,9.49096043444
risk_comprehensive,risk_comprehensive_03721,924.707371005,9.37814107709
risk_comprehensive,risk_comprehensive_03722,561.522731071,8.9160896063
risk_comprehensive,risk_comprehensive_03723,770.040432881,8.57727591247
risk_comprehensive,risk_comprehensive_03724,633.014939915,10.0262861511
risk_comprehensive,risk_comprehensive_03725,1156.85891053,10.8860714011
risk_comprehensive,risk_comprehensive_03726,1191.92388656,10.0288540383
risk_comprehensive,risk_comprehensive_03727,530.483240363,9.01647027629
risk_comprehensive,risk_comprehensive_03728,721.91580259,8.73868784283
risk_comprehensive,risk_comprehensive_03729,976.696274681,9.78423528376
risk_comprehensive,risk_comprehensive_03730,502.645700207,9.01917488215
risk_comprehensive,risk_comprehensive_03731,537.864684525,8.4183120184
risk_comprehensive,risk_comprehensive_03732,868.807536106,8.75848083226
risk_comprehensive,risk_comprehensive_03733,570.338290335,7.95315851949
risk_comprehensive,risk_comprehensive_03734,838.546902153,8.85041791244
risk_comprehensive,risk_comprehensive_03735,824.054252076,8.45931290015
risk_comprehensive,risk_comprehensive_03736,742.609854955,9.18256726591
risk_comprehensive,risk_comprehensive_03737,590.290412798,8.98916929874
risk_comprehensive,risk_comprehensive_03738,1039.79091503,8.75776021872
risk_comprehensive,risk_comprehensive_03739,644.55482504,8.46508673397
risk_comprehensive,risk_comprehensive_03740,1079.40350016,9.34822411894
risk_comprehensive,risk_comprehensive_03741,1086.68972828,9.42152737143
risk_comprehensive,risk_comprehensive_03742,689.912419791,9.51043449984
risk_comprehensive,risk_comprehensive_03743,1119.06853545,10.179486408
risk_comprehensive,risk_comprehensive_03744,1190.194922,9.39211647515
risk_comprehensive,risk_comprehensive_03745,1103.62028779,9.98458768356
risk_comprehensive,risk_comprehensive_03746,876.735315147,8.70354341421
risk_comprehensive,risk_comprehensive_03747,534.876717389,8.96302823851
risk_comprehensive,risk_comprehensive_03748,614.713249467,8.30485236549
risk_comprehensive,risk_comprehensive_03749,1188.86892339,10.6102591477
risk_comprehensive,risk_comprehensive_03750,543.4698826,9.11984474052
risk_comprehensive,risk_comprehensive_03751,1177.25011181,10.6389007759
risk_comprehensive,risk_comprehensive_03752,1170.66284983,10.2730052162
risk_comprehensive,risk_comprehensive_03753,933.620240936,8.42100225171
risk_comprehensive,risk_comprehensive_03754,1065.40635053,9.52199028267
risk_comprehensive,risk_comprehensive_03755,549.839235082,10.063093799
risk_comprehensive,risk_comprehensive_03756,769.210296037,9.0402242469
risk_comprehensive,risk_comprehensive_03757,1146.2086707,10.0075176902
risk_comprehensive,risk_comprehensive_03758,1196.22516727,9.15046207827
risk_comprehensive,risk_comprehensive_03759,739.405655598,9.71178301342
risk_comprehensive,risk_comprehensive_03760,1198.26837532,10.4371027997
risk_comprehensive,risk_comprehensive_03761,684.603115424,9.0975595339
risk_comprehensive,risk_comprehensive_03762,1183.98281814,9.0248679398
risk_comprehensive,risk_comprehensive_03763,1163.14258006,9.80115948395
risk_comprehensive,risk_comprehensive_03764,627.322960954,8.59662371351
risk_comprehensive,risk_comprehensive_03765,648.912634867,9.21184205814
risk_comprehensive,risk_comprehensive_03766,703.108377327,8.46949547926
risk_comprehensive,risk_comprehensive_03767,931.892648605,9.90173322265
risk_comprehensive,risk_comprehensive_03768,631.118743293,8.93387720785
risk_comprehensive,risk_comprehensive_03769,1160.45904957,9.0281649157
risk_comprehensive,risk_comprehensive_03770,1124.33057271,9.25184930607
risk_comprehensive,risk_comprehensive_03771,659.421769673,8.95317322169
risk_comprehensive,risk_comprehensive_03772,870.574912678,9.95355247658
risk_comprehensive,risk_comprehensive_03773,519.664845869,9.42842270888
risk_comprehensive,risk_comprehensive_03774,861.44711719,9.30429459975
risk_comprehensive,risk_comprehensive_03775,1009.18331229,9.55047351943
risk_comprehensive,risk_comprehensive_03776,677.24927351,8.28219039158
risk_comprehensive,risk_comprehensive_03777,978.816938782,9.96495666427
risk_comprehensive,risk_comprehensive_03778,912.16702571,9.908507826
risk_comprehensive,risk_comprehensive_03779,1161.40485171,9.51027841044
risk_comprehensive,risk_comprehensive_03780,748.64359464,9.5233091258
risk_comprehensive,risk_comprehensive_03781,1044.72269918,8.80267362758
risk_comprehensive,risk_comprehensive_03782,1089.74486945,9.15902656781
risk_comprehensive,risk_comprehensive_03783,910.250671104,9.43237826476
risk_comprehensive,risk_comprehensive_03784,1105.40989526,9.67774324382
risk_comprehensive,risk_comprehensive_03785,1024.17702949,8.85021685225
risk_comprehensive,risk_comprehensive_03786,662.22333307,7.71405701402
risk_comprehensive,risk_comprehensive_03787,523.663312811,9.08094860308
risk_comprehensive,risk_comprehensive_03788,1006.61932699,9.38298723049
risk_comprehensive,risk_comprehensive_03789,1160.91034159,9.59260895474
risk_comprehensive,risk_comprehensive_03790,828.889196508,8.72009107416
risk_comprehensive,risk_comprehensive_03791,1096.23213342,9.51189276415
risk_comprehensive,risk_comprehensive_03792,1043.13524686,8.50861859322
risk_comprehensive,risk_comprehensive_03793,629.022710988,8.39777108868
risk_comprehensive,risk_comprehensive_03794,1163.79705867,9.09504627008
risk_comprehensive,risk_comprehensive_03795,776.418114505,9.57007063459
risk_comprehensive,risk_comprehensive_03796,845.681140312,7.94116299214
risk_comprehensive,risk_comprehensive_03797,617.002124717,9.15284999277
risk_comprehensive,risk_comprehensive_03798,987.286723354,8.99051613014
risk_comprehensive,risk_comprehensive_03799,545.970299312,9.45020783973
risk_comprehensive,risk_comprehensive_03800,886.688433755,8.5364100582
risk_comprehensive,risk_comprehensive_03801,728.513572819,8.62182778339
risk_comprehensive,risk_comprehensive_03802,506.467822242,8.04326697534
risk_comprehensive,risk_comprehensive_03803,922.476791694,8.33383263434
risk_comprehensive,risk_comprehensive_03804,1059.8482595,8.85342308956
risk_comprehensive,risk_comprehensive_03805,765.494539787,9.2630144247
risk_comprehensive,risk_comprehensive_03806,692.552562681,9.55680381236
risk_comprehensive,risk_comprehensive_03807,622.26107196,9.70834368058
risk_comprehensive,risk_comprehensive_03808,1079.04256929,9.29552875515
risk_comprehensive,risk_comprehensive_03809,1106.92123487,8.99695093334
risk_comprehensive,risk_comprehensive_03810,1196.78666405,9.32542595781
risk_comprehensive,risk_comprehensive_03811,1099.93573852,9.93562230632
risk_comprehensive,risk_comprehensive_03812,636.904651179,7.95782486973
risk_comprehensive,risk_comprehensive_03813,853.258438625,9.09858445999
risk_comprehensive,risk_comprehensive_03814,661.950882224,7.91883497695
risk_comprehensive,risk_comprehensive_03815,560.130103236,7.91229391421
risk_comprehensive,risk_comprehensive_03816,529.327941998,8.97513721184
risk_comprehensive,risk_comprehensive_03817,623.167955128,8.45670610818
risk_comprehensive,risk_comprehensive_03818,1050.56970844,9.96075737253
risk_comprehensive,risk_comprehensive_03819,1024.15389061,10.1187443092
risk_comprehensive,risk_comprehensive_03820,1019.76809869,9.87364792217
risk_comprehensive,risk_comprehensive_03821,974.472289518,8.71707620499
risk_comprehensive,risk_comprehensive_03822,883.901152396,8.18776332189
risk_comprehensive,risk_comprehensive_03823,979.556922141,8.21656875422
risk_comprehensive,risk_comprehensive_03824,810.897564599,8.29909070239
risk_comprehensive,risk_comprehensive_03825,859.722941937,7.84957935983
risk_comprehensive,risk_comprehensive_03826,934.792459549,8.39568597217
risk_comprehensive,risk_comprehensive_03827,1077.80934502,9.04866645983
risk_comprehensive,risk_comprehensive_03828,553.341489086,8.08852240782
risk_comprehensive,risk_comprehensive_03829,1092.08124268,9.8820925825
risk_comprehensive,risk_comprehensive_03830,739.825991031,9.42409534098
risk_comprehensive,risk_comprehensive_03831,730.961898508,8.57433321351
risk_comprehensive,risk_comprehensive_03832,772.076707581,8.69724438758
risk_comprehensive,risk_comprehensive_03833,592.246518273,8.60147605658
risk_comprehensive,risk_comprehensive_03834,698.816062737,9.42464216893
risk_comprehensive,risk_comprehensive_03835,517.288996666,7.03495263143
risk_comprehensive,risk_comprehensive_03836,846.948102317,9.05797929493
risk_comprehensive,risk_comprehensive_03837,1143.3254253,9.48902052106
risk_comprehensive,risk_comprehensive_03838,727.518463373,9.19590016665
risk_comprehensive,risk_comprehensive_03839,825.994310712,9.12769345425
risk_comprehensive,risk_comprehensive_03840,1127.31172849,9.2856084515
risk_comprehensive,risk_comprehensive_03841,534.16678927,8.16955301383
risk_comprehensive,risk_comprehensive_03842,711.330338104,8.92435449977
risk_comprehensive,risk_comprehensive_03843,857.092204166,8.17074174663
risk_comprehensive,risk_comprehensive_03844,1198.55101537,10.2942458598
risk_comprehensive,risk_comprehensive_03845,1194.65609716,9.06819828714
risk_comprehensive,risk_comprehensive_03846,551.172835922,9.22172614537
risk_comprehensive,risk_comprehensive_03847,739.038689286,7.60272608139
risk_comprehensive,risk_comprehensive_03848,533.66150288,8.67396583077
risk_comprehensive,risk_comprehensive_03849,724.687835556,9.39501052006
risk_comprehensive,risk_comprehensive_03850,730.371038417,8.72349212256
risk_comprehensive,risk_comprehensive_03851,812.49390291,9.15413673468
risk_comprehensive,risk_comprehensive_03852,538.999992041,8.40287527528
risk_comprehensive,risk_comprehensive_03853,649.002784621,9.69017983503
risk_comprehensive,risk_comprehensive_03854,673.83745172,9.3022833692
risk_comprehensive,risk_comprehensive_03855,590.973309559,8.6959741451
risk_comprehensive,risk_comprehensive_03856,669.802238903,8.37723354557
risk_comprehensive,risk_comprehensive_03857,858.513223067,9.36983775925
risk_comprehensive,risk_comprehensive_03858,895.03173746,9.05842686887
risk_comprehensive,risk_comprehensive_03859,752.346100661,9.02045432714
risk_comprehensive,risk_comprehensive_03860,701.247548718,8.8297213338
risk_comprehensive,risk_comprehensive_03861,814.923979645,9.64485394914
risk_comprehensive,risk_comprehensive_03862,644.049349035,8.66733969634
risk_comprehensive,risk_comprehensive_03863,732.535486555,8.38075823071
risk_comprehensive,risk_comprehensive_03864,525.85759342,9.17002070904
risk_comprehensive,risk_comprehensive_03865,688.304343815,9.4195369661
risk_comprehensive,risk_comprehensive_03866,964.448039303,9.9574605131
risk_comprehensive,risk_comprehensive_03867,712.996657714,9.27036337244
risk_comprehensive,risk_comprehensive_03868,907.947998303,9.03412145401
risk_comprehensive,risk_comprehensive_03869,603.27044794,8.64039581007
risk_comprehensive,risk_comprehensive_03870,684.122372951,9.22256671863
risk_comprehensive,risk_comprehensive_03871,714.201612679,8.14858577877
risk_comprehensive,risk_comprehensive_03872,788.385890232,8.55891233829
risk_comprehensive,risk_comprehensive_03873,1185.60101429,9.6286985172
risk_comprehensive,risk_comprehensive_03874,718.325135426,9.62432923609
risk_comprehensive,risk_comprehensive_03875,1193.33671141,10.7220014614
risk_comprehensive,risk_comprehensive_03876,1012.16497193,9.17413102107
risk_comprehensive,risk_comprehensive_03877,984.065345115,9.72447316432
risk_comprehensive,risk_comprehensive_03878,1155.51322078,9.47230528391
risk_comprehensive,risk_comprehensive_03879,657.5876867,7.95341129856
risk_comprehensive,risk_comprehensive_03880,556.123486065,8.88867745783
risk_comprehensive,risk_comprehensive_03881,882.025212599,8.32523005235
risk_comprehensive,risk_comprehensive_03882,777.037288943,8.90837363453
risk_comprehensive,risk_comprehensive_03883,901.426993941,9.02656661021
risk_comprehensive,risk_comprehensive_03884,642.583269891,8.29187434938
risk_comprehensive,risk_comprehensive_03885,1037.30481469,9.2606827678
risk_comprehensive,risk_comprehensive_03886,1058.59865876,9.45419839464
risk_comprehensive,risk_comprehensive_03887,1014.63475385,9.59198824008
risk_comprehensive,risk_comprehensive_03888,688.98777241,9.01714885774
risk_comprehensive,risk_comprehensive_03889,858.736323343,8.97430356738
risk_comprehensive,risk_comprehensive_03890,834.242662994,7.82657814129
risk_comprehensive,risk_comprehensive_03891,1064.57087242,9.08454720505
risk_comprehensive,risk_comprehensive_03892,763.75928577,9.57210926163
risk_comprehensive,risk_comprehensive_03893,957.919899073,9.56726648731
risk_comprehensive,risk_comprehensive_03894,877.968687617,8.7639213871
risk_comprehensive,risk_comprehensive_03895,1140.88967653,9.98600584347
risk_comprehensive,risk_comprehensive_03896,872.621783421,8.98621935542
risk_comprehensive,risk_comprehensive_03897,696.306073722,8.40563673355
risk_comprehensive,risk_comprehensive_03898,592.332444173,8.76211719974
risk_comprehensive,risk_comprehensive_03899,1048.35317802,9.26374699895
risk_comprehensive,risk_comprehensive_03900,995.68787465,10.3278632625
risk_comprehensive,risk_comprehensive_03901,793.150876115,9.03391480072
risk_comprehensive,risk_comprehensive_03902,753.472967961,8.96591822042
risk_comprehensive,risk_comprehensive_03903,691.234374149,8.57935837478
risk_comprehensive,risk_comprehensive_03904,1052.89768074,9.43802586245
risk_comprehensive,risk_comprehensive_03905,1181.44743258,9.75997309295
risk_comprehensive,risk_comprehensive_03906,674.845646098,9.19937887833
risk_comprehensive,risk_comprehensive_03907,786.459509423,8.8217623069
risk_comprehensive,risk_comprehensive_03908,687.826534869,8.78789886237
risk_comprehensive,risk_comprehensive_03909,1093.87575122,9.89896036408
risk_comprehensive,risk_comprehensive_03910,884.627652984,9.29585598819
risk_comprehensive,risk_comprehensive_03911,964.805101848,8.59991307237
risk_comprehensive,risk_comprehensive_03912,806.131645822,8.57806339279
risk_comprehensive,risk_comprehensive_03913,741.091997838,8.36840396361
risk_comprehensive,risk_comprehensive_03914,681.579173766,8.95697559142
risk_comprehensive,risk_comprehensive_03915,812.338875372,9.90320661198
risk_comprehensive,risk_comprehensive_03916,641.908871522,8.26495924513
risk_comprehensive,risk_comprehensive_03917,590.414103625,10.1394915703
risk_comprehensive,risk_comprehensive_03918,617.26642822,8.86244828656
risk_comprehensive,risk_comprehensive_03919,833.043165732,8.06716422445
risk_comprehensive,risk_comprehensive_03920,962.068795583,8.13346466537
risk_comprehensive,risk_comprehensive_03921,910.292852479,8.94014315142
risk_comprehensive,risk_comprehensive_03922,1079.5381696,9.9746973127
risk_comprehensive,risk_comprehensive_03923,947.334193606,9.24688070586
risk_comprehensive,risk_comprehensive_03924,854.8893259,9.14474611588
risk_comprehensive,risk_comprehensive_03925,736.709090924,8.69104762321
risk_comprehensive,risk_comprehensive_03926,1008.82432687,8.56834781041
risk_comprehensive,risk_comprehensive_03927,926.237605114,8.76549203653
risk_comprehensive,risk_comprehensive_03928,940.85420128,9.08472643256
risk_comprehensive,risk_comprehensive_03929,1116.82175647,10.1503914071
risk_comprehensive,risk_comprehensive_03930,997.086639141,9.52721411536
risk_comprehensive,risk_comprehensive_03931,1092.01154792,10.4702889956
risk_comprehensive,risk_comprehensive_03932,653.034269132,9.05924947881
risk_comprehensive,risk_comprehensive_03933,1159.94539365,11.0091881805
risk_comprehensive,risk_comprehensive_03934,613.951371321,8.27974832352
risk_comprehensive,risk_comprehensive_03935,1095.19583552,9.43625493523
risk_comprehensive,risk_comprehensive_03936,1019.58276658,9.65213520288
risk_comprehensive,risk_comprehensive_03937,891.096088394,8.89962347084
risk_comprehensive,risk_comprehensive_03938,725.365874678,8.16735268428
risk_comprehensive,risk_comprehensive_03939,517.505360051,8.15059821207
risk_comprehensive,risk_comprehensive_03940,549.190669704,9.08748167221
risk_comprehensive,risk_comprehensive_03941,993.920944566,9.20766670158
risk_comprehensive,risk_comprehensive_03942,1153.80768712,8.96354052508
risk_comprehensive,risk_comprehensive_03943,864.091309808,9.04782135051
risk_comprehensive,risk_comprehensive_03944,885.494371785,9.00373951363
risk_comprehensive,risk_comprehensive_03945,633.634805814,8.80472242038
risk_comprehensive,risk_comprehensive_03946,899.551898726,8.19499410659
risk_comprehensive,risk_comprehensive_03947,1158.8948015,8.92806456811
risk_comprehensive,risk_comprehensive_03948,1133.63584178,9.76897264731
risk_comprehensive,risk_comprehensive_03949,583.501212036,8.14019063826
risk_comprehensive,risk_comprehensive_03950,624.962915271,9.43772989504
risk_comprehensive,risk_comprehensive_03951,890.104302819,9.38497708031
risk_comprehensive,risk_comprehensive_03952,684.506172955,8.50682360206
risk_comprehensive,risk_comprehensive_03953,1042.03058185,9.64310708743
risk_comprehensive,risk_comprehensive_03954,619.373359814,9.30288446434
risk_comprehensive,risk_comprehensive_03955,766.413748318,7.91298229351
risk_comprehensive,risk_comprehensive_03956,1031.69047388,8.99496311356
risk_comprehensive,risk_comprehensive_03957,915.686881847,8.1650920398
risk_comprehensive,risk_comprehensive_03958,700.156841869,9.70793206063
risk_comprehensive,risk_comprehensive_03959,1137.48789212,9.68225906623
risk_comprehensive,risk_comprehensive_03960,773.090748025,8.04894750047
risk_comprehensive,risk_comprehensive_03961,1161.83807926,9.9587166547
risk_comprehensive,risk_comprehensive_03962,1111.01144837,9.71383892251
risk_comprehensive,risk_comprehensive_03963,510.534486975,8.46925598169
risk_comprehensive,risk_comprehensive_03964,976.44682796,9.42807398631
risk_comprehensive,risk_comprehensive_03965,1039.66807843,8.49063328511
risk_comprehensive,risk_comprehensive_03966,860.340699832,8.91212966631
risk_comprehensive,risk_comprehensive_03967,517.362299776,8.68132207408
risk_comprehensive,risk_comprehensive_03968,743.611434301,9.13147435585
risk_comprehensive,risk_comprehensive_03969,1076.08168522,9.68703526529
risk_comprehensive,risk_comprehensive_03970,1017.72160695,9.19710088093
risk_comprehensive,risk_comprehensive_03971,851.370493832,8.9551124566
risk_comprehensive,risk_comprehensive_03972,802.572718976,8.5085236889
risk_comprehensive,risk_comprehensive_03973,824.306593947,8.84085432897
risk_comprehensive,risk_comprehensive_03974,1150.14628025,9.53694879839
risk_comprehensive,risk_comprehensive_03975,994.817519804,8.83797335857
risk_comprehensive,risk_comprehensive_03976,1112.24349482,10.0143187756
risk_comprehensive,risk_comprehensive_03977,900.213060209,9.04469071647
risk_comprehensive,risk_comprehensive_03978,585.789329008,9.38672935935
risk_comprehensive,risk_comprehensive_03979,590.115945067,8.51908462666
risk_comprehensive,risk_comprehensive_03980,541.804261181,8.89630366231
risk_comprehensive,risk_comprehensive_03981,698.18971976,8.72240884111
risk_comprehensive,risk_comprehensive_03982,762.916659455,9.15374165011
risk_comprehensive,risk_comprehensive_03983,818.662763424,8.38689775463
risk_comprehensive,risk_comprehensive_03984,945.509739967,9.35092246775
risk_comprehensive,risk_comprehensive_03985,1192.9864172,10.4088525557
risk_comprehensive,risk_comprehensive_03986,1007.43647752,8.97305540007
risk_comprehensive,risk_comprehensive_03987,529.286413329,9.44070265015
risk_comprehensive,risk_comprehensive_03988,727.44426307,8.19753763525
risk_comprehensive,risk_comprehensive_03989,1095.07723115,9.05787454645
risk_comprehensive,risk_comprehensive_03990,1097.42150708,9.94940890485
risk_comprehensive,risk_comprehensive_03991,547.266069149,8.74223515943
risk_comprehensive,risk_comprehensive_03992,868.401893679,8.57054703459
risk_comprehensive,risk_comprehensive_03993,886.93318173,8.96263926907
risk_comprehensive,risk_comprehensive_03994,1038.05453118,9.79342413287
risk_comprehensive,risk_comprehensive_03995,936.865574255,9.6923908633
risk_comprehensive,risk_comprehensive_03996,1192.25498527,9.71654604057
risk_comprehensive,risk_comprehensive_03997,819.464471147,8.52160669957
risk_comprehensive,risk_comprehensive_03998,1049.75297943,9.02489209714
risk_comprehensive,risk_comprehensive_03999,692.439954052,9.19479794397
risk_comprehensive,risk_comprehensive_04000,1025.53731865,10.1147527329
risk_comprehensive,risk_comprehensive_04001,1002.93832586,8.635751536
risk_comprehensive,risk_comprehensive_04002,763.678884641,8.16847504949
risk_comprehensive,risk_comprehensive_04003,738.690287276,9.07304815224
risk_comprehensive,risk_comprehensive_04004,979.144760137,10.0408658298
risk_comprehensive,risk_comprehensive_04005,532.923997246,7.7181824636
risk_comprehensive,risk_comprehensive_04006,1081.48381387,9.42655554263
risk_comprehensive,risk_comprehensive_04007,513.473208351,8.26599337617
risk_comprehensive,risk_comprehensive_04008,663.924807634,8.31836038087
risk_comprehensive,risk_comprehensive_04009,813.959603925,8.87790488007
risk_comprehensive,risk_comprehensive_04010,731.409864149,8.46457712409
risk_comprehensive,risk_comprehensive_04011,1126.96931675,9.20595122613
risk_comprehensive,risk_comprehensive_04012,855.679365639,9.38438332763
risk_comprehensive,risk_comprehensive_04013,628.760502616,8.60713951288
risk_comprehensive,risk_comprehensive_04014,767.962121412,8.63443814696
risk_comprehensive,risk_comprehensive_04015,536.577762348,8.64379680702
risk_comprehensive,risk_comprehensive_04016,1025.59579218,9.89875021511
risk_comprehensive,risk_comprehensive_04017,517.808814414,8.51074294031
risk_comprehensive,risk_comprehensive_04018,671.742879898,9.46819889115
risk_comprehensive,risk_comprehensive_04019,1009.01966874,9.93012437428
risk_comprehensive,risk_comprehensive_04020,502.689044107,8.65542447364
risk_comprehensive,risk_comprehensive_04021,994.928301966,8.74129964635
risk_comprehensive,risk_comprehensive_04022,988.857234887,9.39282861105
risk_comprehensive,risk_comprehensive_04023,517.477387904,8.52486530075
risk_comprehensive,risk_comprehensive_04024,1063.07373004,8.83983151246
risk_comprehensive,risk_comprehensive_04025,837.304472757,8.49389280851
risk_comprehensive,risk_comprehensive_04026,1151.68585382,9.71024295937
risk_comprehensive,risk_comprehensive_04027,638.492945814,8.4630652775
risk_comprehensive,risk_comprehensive_04028,975.872585722,7.77627177455
risk_comprehensive,risk_comprehensive_04029,533.292547675,9.16535663707
risk_comprehensive,risk_comprehensive_04030,660.434495848,9.30850942197
risk_comprehensive,risk_comprehensive_04031,872.642904597,8.90124289283
risk_comprehensive,risk_comprehensive_04032,695.352748392,8.38695199741
risk_comprehensive,risk_comprehensive_04033,845.880724775,8.13888624806
risk_comprehensive,risk_comprehensive_04034,658.23774686,8.43145846088
risk_comprehensive,risk_comprehensive_04035,684.379741938,8.75656807106
risk_comprehensive,risk_comprehensive_04036,1043.05638745,9.10816638029
risk_comprehensive,risk_comprehensive_04037,961.622417435,9.5093943522
risk_comprehensive,risk_comprehensive_04038,557.130177036,8.70393327977
risk_comprehensive,risk_comprehensive_04039,625.817526914,8.5633289315
risk_comprehensive,risk_comprehensive_04040,593.127254427,8.89106122543
risk_comprehensive,risk_comprehensive_04041,1094.62747381,9.04609977151
risk_comprehensive,risk_comprehensive_04042,937.71423302,7.55626911759
risk_comprehensive,risk_comprehensive_04043,711.126504604,8.25040336201
risk_comprehensive,risk_comprehensive_04044,1152.13229041,9.60861093168
risk_comprehensive,risk_comprehensive_04045,559.650932182,7.96283291568
risk_comprehensive,risk_comprehensive_04046,945.308851375,8.72537994686
risk_comprehensive,risk_comprehensive_04047,885.383661796,8.00093064942
risk_comprehensive,risk_comprehensive_04048,797.953837401,7.74636501243
risk_comprehensive,risk_comprehensive_04049,799.072717904,8.7718487939
risk_comprehensive,risk_comprehensive_04050,755.128379144,8.99076841823
risk_comprehensive,risk_comprehensive_04051,1056.08417425,9.48012330149
risk_comprehensive,risk_comprehensive_04052,552.994303988,9.65122235767
risk_comprehensive,risk_comprehensive_04053,662.390980287,9.50450566543
risk_comprehensive,risk_comprehensive_04054,802.64737491,9.7006948652
risk_comprehensive,risk_comprehensive_04055,789.720083642,8.83631499095
risk_comprehensive,risk_comprehensive_04056,866.003357639,8.35001592556
risk_comprehensive,risk_comprehensive_04057,607.34652399,9.6157518109
risk_comprehensive,risk_comprehensive_04058,825.299262704,8.94011563377
risk_comprehensive,risk_comprehensive_04059,659.411213284,9.07841640645
risk_comprehensive,risk_comprehensive_04060,504.261510954,9.53115564652
risk_comprehensive,risk_comprehensive_04061,835.996361208,9.7383604344
risk_comprehensive,risk_comprehensive_04062,633.952324272,8.97894138934
risk_comprehensive,risk_comprehensive_04063,929.183505125,9.82267244069
risk_comprehensive,risk_comprehensive_04064,614.784181529,8.94616857856
risk_comprehensive,risk_comprehensive_04065,755.58891047,9.72267384163
risk_comprehensive,risk_comprehensive_04066,788.146546597,7.71541181614
risk_comprehensive,risk_comprehensive_04067,929.624504802,8.76743584909
risk_comprehensive,risk_comprehensive_04068,786.451196312,8.19582160705
risk_comprehensive,risk_comprehensive_04069,969.717135747,8.77786704115
risk_comprehensive,risk_comprehensive_04070,1083.2035757,9.9320409309
risk_comprehensive,risk_comprehensive_04071,1070.88005341,9.09777163705
risk_comprehensive,risk_comprehensive_04072,815.963064971,9.21257922257
risk_comprehensive,risk_comprehensive_04073,763.0197922,8.7133050086
risk_comprehensive,risk_comprehensive_04074,1058.46477747,9.22700429401
risk_comprehensive,risk_comprehensive_04075,908.100147676,7.92793011427
risk_comprehensive,risk_comprehensive_04076,1097.61665728,9.23473332112
risk_comprehensive,risk_comprehensive_04077,1126.61072257,10.0137254483
risk_comprehensive,risk_comprehensive_04078,770.819370116,8.28816666743
risk_comprehensive,risk_comprehensive_04079,1102.3299419,9.96730410329
risk_comprehensive,risk_comprehensive_04080,511.26749029,9.20907787307
risk_comprehensive,risk_comprehensive_04081,961.240577351,8.52198314187
risk_comprehensive,risk_comprehensive_04082,1074.89562311,9.54177897526
risk_comprehensive,risk_comprehensive_04083,611.362334617,9.14263725024
risk_comprehensive,risk_comprehensive_04084,599.426917552,8.06356333809
risk_comprehensive,risk_comprehensive_04085,1143.62893516,10.4506641217
risk_comprehensive,risk_comprehensive_04086,1199.76632364,9.9503591613
risk_comprehensive,risk_comprehensive_04087,986.617111965,9.59663714718
risk_comprehensive,risk_comprehensive_04088,620.171820356,9.37258865117
risk_comprehensive,risk_comprehensive_04089,890.509443913,7.96929875516
risk_comprehensive,risk_comprehensive_04090,513.612851504,9.15049871659
risk_comprehensive,risk_comprehensive_04091,664.42424452,8.59344068542
risk_comprehensive,risk_comprehensive_04092,759.50946413,8.14806146318
risk_comprehensive,risk_comprehensive_04093,1046.97493302,10.5549964962
risk_comprehensive,risk_comprehensive_04094,787.962724684,8.40610418576
risk_comprehensive,risk_comprehensive_04095,1053.38888885,9.63706800348
risk_comprehensive,risk_comprehensive_04096,840.812442975,8.21267876916
risk_comprehensive,risk_comprehensive_04097,962.205759306,9.06550459408
risk_comprehensive,risk_comprehensive_04098,952.670725457,9.14266137012
risk_comprehensive,risk_comprehensive_04099,606.338229881,8.50895760312
risk_comprehensive,risk_comprehensive_04100,1182.6774377,10.5071503561
risk_comprehensive,risk_comprehensive_04101,638.68680387,9.31288311764
risk_comprehensive,risk_comprehensive_04102,591.472802384,8.82293756599
risk_comprehensive,risk_comprehensive_04103,947.143248238,10.1146730912
risk_comprehensive,risk_comprehensive_04104,660.325982063,8.37584587955
risk_comprehensive,risk_comprehensive_04105,994.976402742,9.54431921044
risk_comprehensive,risk_comprehensive_04106,511.163368154,9.0488273622
risk_comprehensive,risk_comprehensive_04107,743.847877338,9.08163800855
risk_comprehensive,risk_comprehensive_04108,1088.87292083,9.12417568205
risk_comprehensive,risk_comprehensive_04109,769.555183633,8.62567411668
risk_comprehensive,risk_comprehensive_04110,690.207425176,8.10239636812
risk_comprehensive,risk_comprehensive_04111,954.64834528,10.0212908896
risk_comprehensive,risk_comprehensive_04112,1127.24149308,9.2859212661
risk_comprehensive,risk_comprehensive_04113,1166.49887567,9.30394478929
risk_comprehensive,risk_comprehensive_04114,1004.14310924,9.16316265169
risk_comprehensive,risk_comprehensive_04115,1028.27456972,8.56458491663
risk_comprehensive,risk_comprehensive_04116,1017.48326289,9.48032087178
risk_comprehensive,risk_comprehensive_04117,1080.85684837,10.2252984016
risk_comprehensive,risk_comprehensive_04118,549.705184988,8.88314325641
risk_comprehensive,risk_comprehensive_04119,805.529085847,9.08011050416
risk_comprehensive,risk_comprehensive_04120,879.476774705,8.87817122261
risk_comprehensive,risk_comprehensive_04121,772.330643809,8.60933526894
risk_comprehensive,risk_comprehensive_04122,912.589285836,8.3450222921
risk_comprehensive,risk_comprehensive_04123,826.872283079,8.99647331268
risk_comprehensive,risk_comprehensive_04124,925.861360762,9.06676365765
risk_comprehensive,risk_comprehensive_04125,1063.91856799,8.48637481234
risk_comprehensive,risk_comprehensive_04126,1018.65077223,9.93035351667
risk_comprehensive,risk_comprehensive_04127,852.583896901,9.04534703849
risk_comprehensive,risk_comprehensive_04128,847.503632403,9.31929926989
risk_comprehensive,risk_comprehensive_04129,1031.38804453,8.58136635902
risk_comprehensive,risk_comprehensive_04130,553.879248771,8.47887440893
risk_comprehensive,risk_comprehensive_04131,670.895876693,10.1388642777
risk_comprehensive,risk_comprehensive_04132,632.407751853,8.25043376225
risk_comprehensive,risk_comprehensive_04133,629.02163546,8.67008730934
risk_comprehensive,risk_comprehensive_04134,1003.68199044,8.98170246589
risk_comprehensive,risk_comprehensive_04135,1055.72805846,9.51420726435
risk_comprehensive,risk_comprehensive_04136,1037.06342751,8.90513699894
risk_comprehensive,risk_comprehensive_04137,916.877397573,9.6646401193
risk_comprehensive,risk_comprehensive_04138,1121.70354967,9.35895973512
risk_comprehensive,risk_comprehensive_04139,514.365171699,8.80109995568
risk_comprehensive,risk_comprehensive_04140,906.256786974,7.62964489783
risk_comprehensive,risk_comprehensive_04141,1134.52060236,9.07803793225
risk_comprehensive,risk_comprehensive_04142,810.149122854,9.71693618063
risk_comprehensive,risk_comprehensive_04143,653.418355198,9.35664980995
risk_comprehensive,risk_comprehensive_04144,993.429432519,9.71969382713
risk_comprehensive,risk_comprehensive_04145,814.876057805,8.69117840179
risk_comprehensive,risk_comprehensive_04146,1109.73932313,9.74628949526
risk_comprehensive,risk_comprehensive_04147,1138.24667992,9.31979160517
risk_comprehensive,risk_comprehensive_04148,583.255961971,9.69257287891
risk_comprehensive,risk_comprehensive_04149,788.51336303,8.99698861239
risk_comprehensive,risk_comprehensive_04150,973.637737955,8.9664990234
risk_comprehensive,risk_comprehensive_04151,1120.92175353,8.49596014282
risk_comprehensive,risk_comprehensive_04152,806.455003865,9.60119446393
risk_comprehensive,risk_comprehensive_04153,533.430490157,9.23817401077
risk_comprehensive,risk_comprehensive_04154,867.426524905,9.53205736437
risk_comprehensive,risk_comprehensive_04155,1101.85854189,8.74026431653
risk_comprehensive,risk_comprehensive_04156,751.509667122,8.82545266366
risk_comprehensive,risk_comprehensive_04157,958.090609866,9.64393995117
risk_comprehensive,risk_comprehensive_04158,516.495372967,8.93194729402
risk_comprehensive,risk_comprehensive_04159,610.751952464,7.91529361289
risk_comprehensive,risk_comprehensive_04160,646.038760586,8.55612334672
risk_comprehensive,risk_comprehensive_04161,938.815736069,9.06249530301
risk_comprehensive,risk_comprehensive_04162,1146.69693194,9.90000866907
risk_comprehensive,risk_comprehensive_04163,694.482963116,9.16755200769
risk_comprehensive,risk_comprehensive_04164,821.536792626,9.01403077276
risk_comprehensive,risk_comprehensive_04165,699.39263721,8.68202384816
risk_comprehensive,risk_comprehensive_04166,910.64007193,9.33472503006
risk_comprehensive,risk_comprehensive_04167,809.76764665,8.73095194526
risk_comprehensive,risk_comprehensive_04168,751.355277954,9.07749685441
risk_comprehensive,risk_comprehensive_04169,1125.82350373,10.2367335741
risk_comprehensive,risk_comprehensive_04170,509.465305944,8.67677562457
risk_comprehensive,risk_comprehensive_04171,919.596601406,8.89032141388
risk_comprehensive,risk_comprehensive_04172,1102.01881061,9.68661076808
risk_comprehensive,risk_comprehensive_04173,562.043164102,8.36403416505
risk_comprehensive,risk_comprehensive_04174,799.52955789,8.454476864
risk_comprehensive,risk_comprehensive_04175,1135.8525538,9.06601203099
risk_comprehensive,risk_comprehensive_04176,1164.60639447,10.090493974
risk_comprehensive,risk_comprehensive_04177,1132.70241448,9.39611430239
risk_comprehensive,risk_comprehensive_04178,851.023266304,8.64391334907
risk_comprehensive,risk_comprehensive_04179,1076.89649298,9.89336729397
risk_comprehensive,risk_comprehensive_04180,773.21192871,8.0910313603
risk_comprehensive,risk_comprehensive_04181,546.00677751,8.31688461464
risk_comprehensive,risk_comprehensive_04182,1079.57057677,9.49382904329
risk_comprehensive,risk_comprehensive_04183,836.090882591,7.80625217477
risk_comprehensive,risk_comprehensive_04184,1086.18031093,9.59940819766
risk_comprehensive,risk_comprehensive_04185,850.302191826,7.65172811009
risk_comprehensive,risk_comprehensive_04186,559.505099462,9.66242269736
risk_comprehensive,risk_comprehensive_04187,1099.51201099,10.1124816874
risk_comprehensive,risk_comprehensive_04188,1067.96771292,8.73714607485
risk_comprehensive,risk_comprehensive_04189,875.200942194,8.7974436989
risk_comprehensive,risk_comprehensive_04190,1181.87616927,9.93630511182
risk_comprehensive,risk_comprehensive_04191,931.125402838,9.19025816305
risk_comprehensive,risk_comprehensive_04192,612.110569174,7.97365266252
risk_comprehensive,risk_comprehensive_04193,845.619157536,8.71914634756
risk_comprehensive,risk_comprehensive_04194,1172.26037695,9.75018014208
risk_comprehensive,risk_comprehensive_04195,728.802533003,7.82073652618
risk_comprehensive,risk_comprehensive_04196,825.906288183,8.53433028569
risk_comprehensive,risk_comprehensive_04197,549.978830077,9.40542357269
risk_comprehensive,risk_comprehensive_04198,768.761842369,9.12416424769
risk_comprehensive,risk_comprehensive_04199,1120.16415493,8.89281297174
risk_comprehensive,risk_comprehensive_04200,898.974041191,7.81764020904
risk_comprehensive,risk_comprehensive_04201,1122.46688382,9.85832098723
risk_comprehensive,risk_comprehensive_04202,696.412255931,8.94435734467
risk_comprehensive,risk_comprehensive_04203,1131.0998782,10.4180484007
risk_comprehensive,risk_comprehensive_04204,702.449687689,8.44338125676
risk_comprehensive,risk_comprehensive_04205,996.476285348,8.47616613608
risk_comprehensive,risk_comprehensive_04206,765.745558041,8.18908073612
risk_comprehensive,risk_comprehensive_04207,931.533924328,8.51156232406
risk_comprehensive,risk_comprehensive_04208,857.522789132,8.3685546461
risk_comprehensive,risk_comprehensive_04209,538.874492776,8.15780646652
risk_comprehensive,risk_comprehensive_04210,604.802418921,8.77555265424
risk_comprehensive,risk_comprehensive_04211,918.349052068,8.51563745579
risk_comprehensive,risk_comprehensive_04212,678.576549167,8.6554459181
risk_comprehensive,risk_comprehensive_04213,1040.97743325,9.09475245867
risk_comprehensive,risk_comprehensive_04214,1034.59148591,9.86587020396
risk_comprehensive,risk_comprehensive_04215,1045.09768821,9.31602429119
risk_comprehensive,risk_comprehensive_04216,517.552211542,8.39071763405
risk_comprehensive,risk_comprehensive_04217,734.054693816,8.16084329599
risk_comprehensive,risk_comprehensive_04218,522.924557611,9.44188545583
risk_comprehensive,risk_comprehensive_04219,601.073198077,9.32148522469
risk_comprehensive,risk_comprehensive_04220,526.176700248,8.38863528781
risk_comprehensive,risk_comprehensive_04221,945.96629744,8.92940147182
risk_comprehensive,risk_comprehensive_04222,832.130030601,9.33776473089
risk_comprehensive,risk_comprehensive_04223,1139.71822816,9.20269406604
risk_comprehensive,risk_comprehensive_04224,588.517644548,8.35512791306
risk_comprehensive,risk_comprehensive_04225,793.595218236,9.10635919548
risk_comprehensive,risk_comprehensive_04226,673.725641848,8.97911624662
risk_comprehensive,risk_comprehensive_04227,605.279370481,7.83913134706
risk_comprehensive,risk_comprehensive_04228,861.76270422,8.45470402842
risk_comprehensive,risk_comprehensive_04229,700.475945549,8.57060861314
risk_comprehensive,risk_comprehensive_04230,870.967292978,9.96733255351
risk_comprehensive,risk_comprehensive_04231,1157.8301043,9.76056832605
risk_comprehensive,risk_comprehensive_04232,714.909618511,8.67459929289
risk_comprehensive,risk_comprehensive_04233,747.073042981,8.93402637557
risk_comprehensive,risk_comprehensive_04234,1107.92090335,10.0398007672
risk_comprehensive,risk_comprehensive_04235,641.238714898,9.88627054897
risk_comprehensive,risk_comprehensive_04236,637.615934147,9.11039493427
risk_comprehensive,risk_comprehensive_04237,900.380747004,8.66256989211
risk_comprehensive,risk_comprehensive_04238,886.225298312,8.46985945904
risk_comprehensive,risk_comprehensive_04239,884.277135371,8.68204006436
risk_comprehensive,risk_comprehensive_04240,854.105976488,9.23521754373
risk_comprehensive,risk_comprehensive_04241,1086.72442493,9.90054698342
risk_comprehensive,risk_comprehensive_04242,903.392140493,7.8986876677
risk_comprehensive,risk_comprehensive_04243,925.480215495,9.23634410942
risk_comprehensive,risk_comprehensive_04244,843.595018943,8.77720032479
risk_comprehensive,risk_comprehensive_04245,531.446246858,9.40279714398
risk_comprehensive,risk_comprehensive_04246,917.302463971,9.74635475981
risk_comprehensive,risk_comprehensive_04247,653.873274521,8.26360556743
risk_comprehensive,risk_comprehensive_04248,861.80935978,9.49606051365
risk_comprehensive,risk_comprehensive_04249,934.820967946,9.51791463351
risk_comprehensive,risk_comprehensive_04250,1166.66415735,8.72211258959
risk_comprehensive,risk_comprehensive_04251,895.745426466,9.26621486945
risk_comprehensive,risk_comprehensive_04252,1173.76460412,9.98340104919
risk_comprehensive,risk_comprehensive_04253,834.219554362,9.32244617225
risk_comprehensive,risk_comprehensive_04254,552.213040824,9.49672157233
risk_comprehensive,risk_comprehensive_04255,970.378010493,9.13138942949
risk_comprehensive,risk_comprehensive_04256,893.304609286,9.22024829712
risk_comprehensive,risk_comprehensive_04257,606.510439759,7.41296685484
risk_comprehensive,risk_comprehensive_04258,706.721172592,7.92386267937
risk_comprehensive,risk_comprehensive_04259,770.657235195,8.41746616451
risk_comprehensive,risk_comprehensive_04260,714.330838485,9.7107159189
risk_comprehensive,risk_comprehensive_04261,651.39654038,8.87083163427
risk_comprehensive,risk_comprehensive_04262,1108.10967277,9.42132268193
risk_comprehensive,risk_comprehensive_04263,661.7608536,9.12392569559
risk_comprehensive,risk_comprehensive_04264,884.593842897,8.41425503479
risk_comprehensive,risk_comprehensive_04265,927.067207331,9.05444645026
risk_comprehensive,risk_comprehensive_04266,822.491315301,8.83690583312
risk_comprehensive,risk_comprehensive_04267,921.124750043,9.52415013704
risk_comprehensive,risk_comprehensive_04268,630.104985626,9.02410157466
risk_comprehensive,risk_comprehensive_04269,974.796277708,10.207469315
risk_comprehensive,risk_comprehensive_04270,601.025708486,9.28648656096
risk_comprehensive,risk_comprehensive_04271,612.057977008,9.27317785262
risk_comprehensive,risk_comprehensive_04272,656.112966209,8.57269101256
risk_comprehensive,risk_comprehensive_04273,875.430578348,9.87877985787
risk_comprehensive,risk_comprehensive_04274,915.271663777,8.41623853006
risk_comprehensive,risk_comprehensive_04275,994.003524675,8.95720794738
risk_comprehensive,risk_comprehensive_04276,533.839616731,8.60307861992
risk_comprehensive,risk_comprehensive_04277,652.760204062,8.18506921943
risk_comprehensive,risk_comprehensive_04278,506.831614283,9.27829751963
risk_comprehensive,risk_comprehensive_04279,1064.76777581,10.3203700252
risk_comprehensive,risk_comprehensive_04280,1000.69561959,8.75452447619
risk_comprehensive,risk_comprehensive_04281,613.119788791,8.57040558423
risk_comprehensive,risk_comprehensive_04282,893.313275448,8.66465364003
risk_comprehensive,risk_comprehensive_04283,871.240706457,10.0339323398
risk_comprehensive,risk_comprehensive_04284,663.44740529,9.87093790908
risk_comprehensive,risk_comprehensive_04285,778.472285658,9.53936555787
risk_comprehensive,risk_comprehensive_04286,691.748511068,8.39777640717
risk_comprehensive,risk_comprehensive_04287,1197.11324017,8.66484368544
risk_comprehensive,risk_comprehensive_04288,755.391241718,8.15749077959
risk_comprehensive,risk_comprehensive_04289,553.988902078,8.80133697785
risk_comprehensive,risk_comprehensive_04290,1071.92377068,10.1654272907
risk_comprehensive,risk_comprehensive_04291,975.281576532,8.20440191445
risk_comprehensive,risk_comprehensive_04292,911.071430129,8.11488473479
risk_comprehensive,risk_comprehensive_04293,555.80229479,8.91526626476
risk_comprehensive,risk_comprehensive_04294,519.480490752,7.91372985716
risk_comprehensive,risk_comprehensive_04295,563.028270188,8.27761421544
risk_comprehensive,risk_comprehensive_04296,936.029334237,9.15637957334
risk_comprehensive,risk_comprehensive_04297,792.244689637,8.89257252523
risk_comprehensive,risk_comprehensive_04298,1197.74824179,10.049249853
risk_comprehensive,risk_comprehensive_04299,916.146611109,9.72982390391
risk_comprehensive,risk_comprehensive_04300,997.351072437,8.79694667475
risk_comprehensive,risk_comprehensive_04301,953.978885584,9.69242249607
risk_comprehensive,risk_comprehensive_04302,687.398829718,8.33692140539
risk_comprehensive,risk_comprehensive_04303,565.954038053,8.42902653545
risk_comprehensive,risk_comprehensive_04304,891.157926655,9.18828391017
risk_comprehensive,risk_comprehensive_04305,803.12525478,9.04226992437
risk_comprehensive,risk_comprehensive_04306,528.172673421,8.74034717883
risk_comprehensive,risk_comprehensive_04307,1011.95400348,8.77424030733
risk_comprehensive,risk_comprehensive_04308,834.081281783,8.33881788178
risk_comprehensive,risk_comprehensive_04309,595.94948314,8.94060049476
risk_comprehensive,risk_comprehensive_04310,1091.64341988,8.50826120602
risk_comprehensive,risk_comprehensive_04311,953.561574783,8.74377775332
risk_comprehensive,risk_comprehensive_04312,818.655415437,8.58075303941
risk_comprehensive,risk_comprehensive_04313,700.196781831,9.08045012625
risk_comprehensive,risk_comprehensive_04314,1004.70691905,9.35222291736
risk_comprehensive,risk_comprehensive_04315,1097.23773549,8.93947848593
risk_comprehensive,risk_comprehensive_04316,1198.63861293,9.9420429219
risk_comprehensive,risk_comprehensive_04317,720.897351513,8.55958562792
risk_comprehensive,risk_comprehensive_04318,669.71543564,8.60992882408
risk_comprehensive,risk_comprehensive_04319,663.977995056,8.04777325997
risk_comprehensive,risk_comprehensive_04320,1145.44703972,10.7067382316
risk_comprehensive,risk_comprehensive_04321,952.723560938,8.91025166434
risk_comprehensive,risk_comprehensive_04322,767.241268702,8.8000702503
risk_comprehensive,risk_comprehensive_04323,1127.12070217,9.01986966401
risk_comprehensive,risk_comprehensive_04324,598.486359769,8.54341568191
risk_comprehensive,risk_comprehensive_04325,916.601731437,8.9865120559
risk_comprehensive,risk_comprehensive_04326,958.587958609,8.55508681362
risk_comprehensive,risk_comprehensive_04327,1076.28822964,9.22145521717
risk_comprehensive,risk_comprehensive_04328,1134.39321314,9.43309529993
risk_comprehensive,risk_comprehensive_04329,541.543428732,8.25718816222
risk_comprehensive,risk_comprehensive_04330,926.455167237,9.36695953336
risk_comprehensive,risk_comprehensive_04331,999.416233967,8.76950386834
risk_comprehensive,risk_comprehensive_04332,972.068112115,9.99142190477
risk_comprehensive,risk_comprehensive_04333,779.774164521,8.16955190691
risk_comprehensive,risk_comprehensive_04334,1133.31855716,9.5786832426
risk_comprehensive,risk_comprehensive_04335,1018.22040395,9.78345505632
risk_comprehensive,risk_comprehensive_04336,598.177063209,9.22336707974
risk_comprehensive,risk_comprehensive_04337,608.172621555,9.63429002421
risk_comprehensive,risk_comprehensive_04338,753.097107057,8.83222714834
risk_comprehensive,risk_comprehensive_04339,1167.40621843,10.2571375857
risk_comprehensive,risk_comprehensive_04340,1144.1428275,10.2365524978
risk_comprehensive,risk_comprehensive_04341,743.56083878,8.99038429689
risk_comprehensive,risk_comprehensive_04342,1128.91138088,9.54088088346
risk_comprehensive,risk_comprehensive_04343,1058.45298347,9.27813293193
risk_comprehensive,risk_comprehensive_04344,1042.16393322,8.89048984238
risk_comprehensive,risk_comprehensive_04345,979.168661489,9.55220063418
risk_comprehensive,risk_comprehensive_04346,538.32676468,8.348310297
risk_comprehensive,risk_comprehensive_04347,937.899391789,9.0876348611
risk_comprehensive,risk_comprehensive_04348,1166.10221515,9.64505403209
risk_comprehensive,risk_comprehensive_04349,593.835029866,9.32337385134
risk_comprehensive,risk_comprehensive_04350,871.998510777,8.75514735875
risk_comprehensive,risk_comprehensive_04351,718.09064173,8.19407078019
risk_comprehensive,risk_comprehensive_04352,699.44613754,9.4800994986
risk_comprehensive,risk_comprehensive_04353,817.143851362,8.95253922587
risk_comprehensive,risk_comprehensive_04354,1140.95194393,9.45466784355
risk_comprehensive,risk_comprehensive_04355,517.889451804,8.8201344537
risk_comprehensive,risk_comprehensive_04356,542.88932116,8.90138706717
risk_comprehensive,risk_comprehensive_04357,1199.31464393,9.23867112906
risk_comprehensive,risk_comprehensive_04358,848.14764099,9.8603260596
risk_comprehensive,risk_comprehensive_04359,842.00749143,8.9653693914
risk_comprehensive,risk_comprehensive_04360,731.601518822,8.80993770979
risk_comprehensive,risk_comprehensive_04361,931.953366597,9.09341941879
risk_comprehensive,risk_comprehensive_04362,907.116687729,9.0416901403
risk_comprehensive,risk_comprehensive_04363,1180.32044084,10.0274790714
risk_comprehensive,risk_comprehensive_04364,669.728276439,8.91130947995
risk_comprehensive,risk_comprehensive_04365,1064.97234881,8.92743479424
risk_comprehensive,risk_comprehensive_04366,588.090543317,8.78339195522
risk_comprehensive,risk_comprehensive_04367,769.212881311,9.06985880753
risk_comprehensive,risk_comprehensive_04368,621.134920928,8.08738832012
risk_comprehensive,risk_comprehensive_04369,666.796593991,9.07762805289
risk_comprehensive,risk_comprehensive_04370,997.643449189,9.4785940462
risk_comprehensive,risk_comprehensive_04371,593.410347311,9.15702642775
risk_comprehensive,risk_comprehensive_04372,832.795179068,8.64837966281
risk_comprehensive,risk_comprehensive_04373,610.213316447,9.12873983777
risk_comprehensive,risk_comprehensive_04374,895.66910179,9.54997000565
risk_comprehensive,risk_comprehensive_04375,514.546171351,9.23622688289
risk_comprehensive,risk_comprehensive_04376,952.194622284,8.90932407558
risk_comprehensive,risk_comprehensive_04377,910.46561157,9.65008885022
risk_comprehensive,risk_comprehensive_04378,796.924910194,9.57324359133
risk_comprehensive,risk_comprehensive_04379,1062.18723669,9.88196464318
risk_comprehensive,risk_comprehensive_04380,1148.20231747,9.40464459547
risk_comprehensive,risk_comprehensive_04381,567.481015148,9.71751734645
risk_comprehensive,risk_comprehensive_04382,1091.75887756,9.50108601577
risk_comprehensive,risk_comprehensive_04383,1142.2459404,9.24139106184
risk_comprehensive,risk_comprehensive_04384,885.976979229,9.29396620335
risk_comprehensive,risk_comprehensive_04385,774.852626482,9.86569504605
risk_comprehensive,risk_comprehensive_04386,525.986276616,9.31275078294
risk_comprehensive,risk_comprehensive_04387,765.441330212,8.94526993891
risk_comprehensive,risk_comprehensive_04388,570.968162659,8.34152077793
risk_comprehensive,risk_comprehensive_04389,628.321188728,9.34630799463
risk_comprehensive,risk_comprehensive_04390,1123.13862242,10.0410482699
risk_comprehensive,risk_comprehensive_04391,655.162638677,9.41129546833
risk_comprehensive,risk_comprehensive_04392,904.133871326,8.31791908897
risk_comprehensive,risk_comprehensive_04393,638.636983606,8.03689932835
risk_comprehensive,risk_comprehensive_04394,572.197332326,8.60919116486
risk_comprehensive,risk_comprehensive_04395,657.645139994,8.26264142569
risk_comprehensive,risk_comprehensive_04396,835.118077857,8.61810458415
risk_comprehensive,risk_comprehensive_04397,579.661243259,8.54025514133
risk_comprehensive,risk_comprehensive_04398,881.02795156,8.57440399226
risk_comprehensive,risk_comprehensive_04399,589.954787789,8.28578255127
