panel,id,running,outcome
outcome_a,outcome_a_00000,0,0
outcome_a,outcome_a_00001,0,0
outcome_a,outcome_a_00002,0,0
outcome_a,outcome_a_00003,0,0
outcome_a,outcome_a_00004,0,0
outcome_a,outcome_a_00005,0,0
outcome_a,outcome_a_00006,0,0
outcome_a,outcome_a_00007,0,0
outcome_a,outcome_a_00008,0,0
outcome_a,outcome_a_00009,0,1
outcome_a,outcome_a_00010,0,0
outcome_a,outcome_a_00011,0,0
outcome_a,outcome_a_00012,-16,0
outcome_a,outcome_a_00013,16,0
outcome_a,outcome_a_00014,2.8759044418,0
outcome_a,outcome_a_00015,-11.0185034529,0
outcome_a,outcome_a_00016,-11.7085496395,0
outcome_a,outcome_a_00017,9.0639613894,0
outcome_a,outcome_a_00018,12.8764406983,0
outcome_a,outcome_a_00019,15.9058456067,0
outcome_a,outcome_a_00020,-12.038945598,0
outcome_a,outcome_a_00021,-9.03718164491,0
outcome_a,outcome_a_00022,8.76827033088,0
outcome_a,outcome_a_00023,6.15646583075,0
outcome_a,outcome_a_00024,8.20987443754,0
outcome_a,outcome_a_00025,-14.0489072567,0
outcome_a,outcome_a_00026,-2.98178487971,0
outcome_a,outcome_a_00027,8.32185560025,0
outcome_a,outcome_a_00028,-8.60345783794,0
outcome_a,outcome_a_00029,8.88210105665,0
outcome_a,outcome_a_00030,14.3533317852,0
outcome_a,outcome_a_00031,1.57667926542,0
outcome_a,outcome_a_00032,7.31049069811,0
outcome_a,outcome_a_00033,-1.66365837252,0
outcome_a,outcome_a_00034,15.4938232165,0
outcome_a,outcome_a_00035,-7.84489370701,1
outcome_a,outcome_a_00036,5.24036439472,0
outcome_a,outcome_a_00037,-2.61537970827,0
outcome_a,outcome_a_00038,-11.4515534839,0
outcome_a,outcome_a_00039,9.3654949063,0
outcome_a,outcome_a_00040,2.07224334351,0
outcome_a,outcome_a_00041,14.4288898946,0
outcome_a,outcome_a_00042,-13.4419268959,0
outcome_a,outcome_a_00043,-10.0067920775,0
outcome_a,outcome_a_00044,15.3758275603,0
outcome_a,outcome_a_00045,-2.7760819229,0
outcome_a,outcome_a_00046,12.9458959175,0
outcome_a,outcome_a_00047,1.12703683405,1
outcome_a,outcome_a_00048,-0.66269675503,0
outcome_a,outcome_a_00049,-13.0070171201,0
outcome_a,outcome_a_00050,13.7938427407,1
outcome_a,outcome_a_00051,-0.00537254911372,0
outcome_a,outcome_a_00052,8.52565679922,0
outcome_a,outcome_a_00053,-6.1972743439,0
outcome_a,outcome_a_00054,4.2090609439,0
outcome_a,outcome_a_00055,1.78458658141,0
outcome_a,outcome_a_00056,-13.2002687743,0
outcome_a,outcome_a_00057,12.9777663916,0
outcome_a,outcome_a_00058,3.51008345824,0
outcome_a,outcome_a_00059,-12.308087755,0
outcome_a,outcome_a_00060,-6.30774114116,0
outcome_a,outcome_a_00061,-11.7250736189,0
outcome_a,outcome_a_00062,0.973437621238,0
outcome_a,outcome_a_00063,-5.26777063967,0
outcome_a,outcome_a_00064,11.714016653,0
outcome_a,outcome_a_00065,4.62149673643,0
outcome_a,outcome_a_00066,6.16419503949,0
outcome_a,outcome_a_00067,-10.4485347963,0
outcome_a,outcome_a_00068,-11.7559290537,0
outcome_a,outcome_a_00069,-15.1618381348,0
outcome_a,outcome_a_00070,11.0846281504,0
outcome_a,outcome_a_00071,12.5686226339,0
outcome_a,outcome_a_00072,15.2351714217,0
outcome_a,outcome_a_00073,2.15605472961,0
outcome_a,outcome_a_00074,5.0425865109,1
outcome_a,outcome_a_00075,9.52745296309,1
outcome_a,outcome_a_00076,-10.0162984105,0
outcome_a,outcome_a_00077,5.88076524487,0
outcome_a,outcome_a_00078,2.24708846747,0
outcome_a,outcome_a_00079,-1.39377253054,0
outcome_a,outcome_a_00080,-11.5697719788,0
outcome_a,outcome_a_00081,-10.2533963196,0
outcome_a,outcome_a_00082,15.791141671,0
outcome_a,outcome_a_00083,15.3973914168,0
outcome_a,outcome_a_00084,-4.59836627171,0
outcome_a,outcome_a_00085,-7.03729896279,0
outcome_a,outcome_a_00086,2.74714333953,1
outcome_a,outcome_a_00087,-6.83883016065,0
outcome_a,outcome_a_00088,-4.37242780723,1
outcome_a,outcome_a_00089,-2.11073306022,0
outcome_a,outcome_a_00090,-1.68883388351,0
outcome_a,outcome_a_00091,5.8675636277,0
outcome_a,outcome_a_00092,4.74066028368,1
outcome_a,outcome_a_00093,-6.21618702992,0
outcome_a,outcome_a_00094,-13.6635867111,0
outcome_a,outcome_a_00095,0.100999502911,1
outcome_a,outcome_a_00096,13.9511574089,0
outcome_a,outcome_a_00097,-9.66647031728,0
outcome_a,outcome_a_00098,-8.28480092695,1
outcome_a,outcome_a_00099,-12.6505012573,0
outcome_a,outcome_a_00100,3.25546343478,0
outcome_a,outcome_a_00101,-3.02875941533,0
outcome_a,outcome_a_00102,-1.52598766305,0
outcome_a,outcome_a_00103,-0.178270696193,0
outcome_a,outcome_a_00104,-14.6650330313,0
outcome_a,outcome_a_00105,-14.2522344056,0
outcome_a,outcome_a_00106,-12.3052757019,0
outcome_a,outcome_a_00107,1.07184589192,0
outcome_a,outcome_a_00108,4.59587134175,1
outcome_a,outcome_a_00109,-10.857576557,0
outcome_a,outcome_a_00110,-7.32120609162,0
outcome_a,outcome_a_00111,-13.3337307813,0
outcome_a,outcome_a_00112,-7.06374092567,0
outcome_a,outcome_a_00113,-11.6293727412,0
outcome_a,outcome_a_00114,11.2198392657,0
outcome_a,outcome_a_00115,-3.37200160557,0
outcome_a,outcome_a_00116,8.31612737518,0
outcome_a,outcome_a_00117,12.1541022469,0
outcome_a,outcome_a_00118,-15.2725041285,0
outcome_a,outcome_a_00119,0.794916082667,0
outcome_a,outcome_a_00120,14.9610228987,0
outcome_a,outcome_a_00121,10.1705864622,0
outcome_a,outcome_a_00122,-9.41535540533,0
outcome_a,outcome_a_00123,-12.2228979618,0
outcome_a,outcome_a_00124,-4.14145553877,0
outcome_a,outcome_a_00125,9.70049506744,0
outcome_a,outcome_a_00126,-13.4056740383,0
outcome_a,outcome_a_00127,-12.6546638644,0
outcome_a,outcome_a_00128,-7.54946352829,0
outcome_a,outcome_a_00129,-8.56051839571,0
outcome_a,outcome_a_00130,10.8976445717,0
outcome_a,outcome_a_00131,-5.1198866302,0
outcome_a,outcome_a_00132,15.7655676174,0
outcome_a,outcome_a_00133,6.11331669792,0
outcome_a,outcome_a_00134,-1.81441467826,0
outcome_a,outcome_a_00135,-15.1408745194,1
outcome_a,outcome_a_00136,-9.49567525905,0
outcome_a,outcome_a_00137,13.8387284794,0
outcome_a,outcome_a_00138,7.79347995573,0
outcome_a,outcome_a_00139,7.79787361834,0
outcome_a,outcome_a_00140,-9.62690249821,0
outcome_a,outcome_a_00141,-15.4639996391,0
outcome_a,outcome_a_00142,1.57145091591,0
outcome_a,outcome_a_00143,0.638424471816,1
outcome_a,outcome_a_00144,0.0880720277254,0
outcome_a,outcome_a_00145,-4.59529821063,0
outcome_a,outcome_a_00146,12.577500022,1
outcome_a,outcome_a_00147,-0.339927071458,0
outcome_a,outcome_a_00148,-2.89751455977,0
outcome_a,outcome_a_00149,-3.24875951092,0
outcome_a,outcome_a_00150,-4.73100493939,0
outcome_a,outcome_a_00151,10.1651731474,1
outcome_a,outcome_a_00152,-14.3114541606,0
outcome_a,outcome_a_00153,8.78646389254,0
outcome_a,outcome_a_00154,15.9705308755,0
outcome_a,outcome_a_00155,-15.791556388,0
outcome_a,outcome_a_00156,-0.0489873503832,0
outcome_a,outcome_a_00157,-13.4710324591,0
outcome_a,outcome_a_00158,-8.21586163823,0
outcome_a,outcome_a_00159,-0.0200907146835,0
outcome_a,outcome_a_00160,15.0650283937,1
outcome_a,outcome_a_00161,8.69851186341,0
outcome_a,outcome_a_00162,4.3863959138,0
outcome_a,outcome_a_00163,-6.09427794993,0
outcome_a,outcome_a_00164,-6.74144609624,1
outcome_a,outcome_a_00165,11.7460299052,0
outcome_a,outcome_a_00166,-15.659546877,0
outcome_a,outcome_a_00167,-4.63199788487,0
outcome_a,outcome_a_00168,4.53806840135,0
outcome_a,outcome_a_00169,5.05955571519,0
outcome_a,outcome_a_00170,1.06195094098,0
outcome_a,outcome_a_00171,-1.19136279618,0
outcome_a,outcome_a_00172,1.08303985333,0
outcome_a,outcome_a_00173,12.3510635162,0
outcome_a,outcome_a_00174,7.31660832062,1
outcome_a,outcome_a_00175,-11.3823300049,1
outcome_a,outcome_a_00176,11.4990402399,1
outcome_a,outcome_a_00177,7.22421350538,0
outcome_a,outcome_a_00178,-6.76607516888,1
outcome_a,outcome_a_00179,10.4305336728,0
outcome_a,outcome_a_00180,8.14657870151,0
outcome_a,outcome_a_00181,-10.5235779316,0
outcome_a,outcome_a_00182,-9.91883830203,0
outcome_a,outcome_a_00183,15.3697760527,0
outcome_a,outcome_a_00184,4.71831289362,0
outcome_a,outcome_a_00185,9.50801648081,0
outcome_a,outcome_a_00186,-5.02501915508,0
outcome_a,outcome_a_00187,-11.4600578609,0
outcome_a,outcome_a_00188,-13.6204322476,0
outcome_a,outcome_a_00189,5.53110457005,0
outcome_a,outcome_a_00190,-2.31897389772,1
outcome_a,outcome_a_00191,13.3832775371,0
outcome_a,outcome_a_00192,1.52571747292,1
outcome_a,outcome_a_00193,12.142356049,0
outcome_a,outcome_a_00194,-8.17555968137,0
outcome_a,outcome_a_00195,0.273633224884,0
outcome_a,outcome_a_00196,-7.38598744742,0
outcome_a,outcome_a_00197,7.85740155145,0
outcome_a,outcome_a_00198,-12.3767340151,0
outcome_a,outcome_a_00199,5.77691721786,0
outcome_a,outcome_a_00200,4.75990234852,0
outcome_a,outcome_a_00201,15.0190011685,0
outcome_a,outcome_a_00202,-10.7843752189,0
outcome_a,outcome_a_00203,0.762240958308,0
outcome_a,outcome_a_00204,-15.6443459743,0
outcome_a,outcome_a_00205,1.98639991504,0
outcome_a,outcome_a_00206,-5.2674594722,0
outcome_a,outcome_a_00207,9.41638919441,0
outcome_a,outcome_a_00208,6.3345287144,0
outcome_a,outcome_a_00209,8.2408750606,0
outcome_a,outcome_a_00210,-4.21199554387,0
outcome_a,outcome_a_00211,-11.0080820202,0
outcome_a,outcome_a_00212,-8.14531061078,0
outcome_a,outcome_a_00213,-2.31126730065,0
outcome_a,outcome_a_00214,-3.59480135134,0
outcome_a,outcome_a_00215,-8.60954362196,1
outcome_a,outcome_a_00216,-3.42245385,0
outcome_a,outcome_a_00217,-8.90823331426,0
outcome_a,outcome_a_00218,-11.9474132064,0
outcome_a,outcome_a_00219,-5.58590060396,0
outcome_a,outcome_a_00220,-15.3747026428,0
outcome_a,outcome_a_00221,9.02029498531,0
outcome_a,outcome_a_00222,-2.49979672383,0
outcome_a,outcome_a_00223,15.7344177022,0
outcome_a,outcome_a_00224,-5.59612280395,0
outcome_a,outcome_a_00225,-12.9590740596,0
outcome_a,outcome_a_00226,-12.6543462343,0
outcome_a,outcome_a_00227,11.2517210528,0
outcome_a,outcome_a_00228,-7.05922695845,1
outcome_a,outcome_a_00229,4.56579290961,0
outcome_a,outcome_a_00230,-4.83954530459,0
outcome_a,outcome_a_00231,13.7247753047,0
outcome_a,outcome_a_00232,1.47377169822,0
outcome_a,outcome_a_00233,-6.08040866963,0
outcome_a,outcome_a_00234,0.525742799637,0
outcome_a,outcome_a_00235,4.93917786482,1
outcome_a,outcome_a_00236,6.26301957951,0
outcome_a,outcome_a_00237,7.41698935235,1
outcome_a,outcome_a_00238,14.9671628287,0
outcome_a,outcome_a_00239,9.25830101073,0
outcome_a,outcome_a_00240,4.12351873991,0
outcome_a,outcome_a_00241,-4.32277711822,0
outcome_a,outcome_a_00242,-4.34158593923,1
outcome_a,outcome_a_00243,15.1900338724,0
outcome_a,outcome_a_00244,-12.1266312749,0
outcome_a,outcome_a_00245,-6.65007163314,0
outcome_a,outcome_a_00246,-6.04741675121,0
outcome_a,outcome_a_00247,-8.49897847484,0
outcome_a,outcome_a_00248,3.1630102752,1
outcome_a,outcome_a_00249,10.7632739013,0
outcome_a,outcome_a_00250,13.0955054886,0
outcome_a,outcome_a_00251,-12.4097751983,0
outcome_a,outcome_a_00252,0.824431305888,0
outcome_a,outcome_a_00253,-2.04414341368,0
outcome_a,outcome_a_00254,-10.7623535367,0
outcome_a,outcome_a_00255,-10.4176738439,1
outcome_a,outcome_a_00256,10.2138204882,0
outcome_a,outcome_a_00257,7.59758606083,0
outcome_a,outcome_a_00258,-15.6048804235,0
outcome_a,outcome_a_00259,-8.4950476153,0
outcome_a,outcome_a_00260,15.9369094726,0
outcome_a,outcome_a_00261,-11.8685597164,0
outcome_a,outcome_a_00262,2.28235064536,0
outcome_a,outcome_a_00263,-10.7712415952,0
outcome_a,outcome_a_00264,-15.3271568902,0
outcome_a,outcome_a_00265,11.1102219482,1
outcome_a,outcome_a_00266,-2.8805323237,0
outcome_a,outcome_a_00267,-5.88756483466,0
outcome_a,outcome_a_00268,4.04301004351,0
outcome_a,outcome_a_00269,1.03962265366,0
outcome_a,outcome_a_00270,6.18060123773,0
outcome_a,outcome_a_00271,2.83814179332,0
outcome_a,outcome_a_00272,-12.7508518983,0
outcome_a,outcome_a_00273,-14.2408771177,0
outcome_a,outcome_a_00274,14.6097042971,0
outcome_a,outcome_a_00275,-13.3919153211,0
outcome_a,outcome_a_00276,8.42007539382,0
outcome_a,outcome_a_00277,-0.34495651138,0
outcome_a,outcome_a_00278,7.41461318245,0
outcome_a,outcome_a_00279,0.827667433965,1
outcome_a,outcome_a_00280,-12.3353612855,0
outcome_a,outcome_a_00281,-12.0576435046,0
outcome_a,outcome_a_00282,-0.357306565546,0
outcome_a,outcome_a_00283,-4.20583708609,0
outcome_a,outcome_a_00284,11.4123592232,0
outcome_a,outcome_a_00285,-7.75630543244,0
outcome_a,outcome_a_00286,4.58121609738,0
outcome_a,outcome_a_00287,4.19142068129,0
outcome_a,outcome_a_00288,-11.4045007087,0
outcome_a,outcome_a_00289,13.2220979743,0
outcome_a,outcome_a_00290,9.73755310547,0
outcome_a,outcome_a_00291,14.6644234941,0
outcome_a,outcome_a_00292,-12.0761874475,0
outcome_a,outcome_a_00293,12.8077049642,0
outcome_a,outcome_a_00294,-0.877818283408,0
outcome_a,outcome_a_00295,-7.7208336695,0
outcome_a,outcome_a_00296,10.4247451548,1
outcome_a,outcome_a_00297,13.1811163316,0
outcome_a,outcome_a_00298,8.03473420965,1
outcome_a,outcome_a_00299,2.01926093807,0
outcome_a,outcome_a_00300,-4.11948725703,0
outcome_a,outcome_a_00301,-3.30121281914,0
outcome_a,outcome_a_00302,12.9256677603,0
outcome_a,outcome_a_00303,5.44598931422,0
outcome_a,outcome_a_00304,1.03708834141,0
outcome_a,outcome_a_00305,2.12249297891,0
outcome_a,outcome_a_00306,-4.01107564808,0
outcome_a,outcome_a_00307,14.1192642132,0
outcome_a,outcome_a_00308,-7.90325291859,0
outcome_a,outcome_a_00309,-10.1649591942,0
outcome_a,outcome_a_00310,-3.1418229077,1
outcome_a,outcome_a_00311,-7.48737299395,0
outcome_a,outcome_a_00312,-12.8570054947,0
outcome_a,outcome_a_00313,3.49159591186,0
outcome_a,outcome_a_00314,9.30918113647,0
outcome_a,outcome_a_00315,2.35649522989,0
outcome_a,outcome_a_00316,8.45849728557,0
outcome_a,outcome_a_00317,-0.60249956779,0
outcome_a,outcome_a_00318,0.364808162657,0
outcome_a,outcome_a_00319,3.32553202328,0
outcome_a,outcome_a_00320,-15.1553752132,0
outcome_a,outcome_a_00321,-12.5333791434,0
outcome_a,outcome_a_00322,12.0422079227,0
outcome_a,outcome_a_00323,-0.620319501216,0
outcome_a,outcome_a_00324,9.51311471739,0
outcome_a,outcome_a_00325,-14.2369942055,0
outcome_a,outcome_a_00326,-12.4243713005,0
outcome_a,outcome_a_00327,8.58681034555,0
outcome_a,outcome_a_00328,12.0744745411,0
outcome_a,outcome_a_00329,-6.88364086667,0
outcome_a,outcome_a_00330,-6.81305124085,1
outcome_a,outcome_a_00331,-14.4902343492,1
outcome_a,outcome_a_00332,-4.04126784112,0
outcome_a,outcome_a_00333,2.31872868765,1
outcome_a,outcome_a_00334,-6.39871674458,0
outcome_a,outcome_a_00335,11.1596339619,0
outcome_a,outcome_a_00336,-9.71549982043,0
outcome_a,outcome_a_00337,2.88593015962,0
outcome_a,outcome_a_00338,10.8138673892,0
outcome_a,outcome_a_00339,12.1213661241,0
outcome_a,outcome_a_00340,-2.21382375319,0
outcome_a,outcome_a_00341,-5.64307001321,0
outcome_a,outcome_a_00342,-14.6537972197,0
outcome_a,outcome_a_00343,-9.63084670206,0
outcome_a,outcome_a_00344,10.5581558781,0
outcome_a,outcome_a_00345,0.258137385639,0
outcome_a,outcome_a_00346,-0.534132847338,0
outcome_a,outcome_a_00347,3.64639590954,1
outcome_a,outcome_a_00348,-9.72380430677,0
outcome_a,outcome_a_00349,2.64708657092,0
outcome_a,outcome_a_00350,9.71636228218,0
outcome_a,outcome_a_00351,-14.0611857969,0
outcome_a,outcome_a_00352,14.8718594283,0
outcome_a,outcome_a_00353,-7.92866439078,0
outcome_a,outcome_a_00354,-11.1056763315,0
outcome_a,outcome_a_00355,-3.5424414403,0
outcome_a,outcome_a_00356,1.74315588487,0
outcome_a,outcome_a_00357,-2.60168934632,0
outcome_a,outcome_a_00358,-6.19046195354,0
outcome_a,outcome_a_00359,-6.04412035388,0
outcome_a,outcome_a_00360,-10.6695668037,0
outcome_a,outcome_a_00361,11.9723263856,1
outcome_a,outcome_a_00362,-10.4904882908,0
outcome_a,outcome_a_00363,-11.8943013784,0
outcome_a,outcome_a_00364,6.8806989954,0
outcome_a,outcome_a_00365,3.49030635947,0
outcome_a,outcome_a_00366,12.9467319476,0
outcome_a,outcome_a_00367,-0.925296743458,0
outcome_a,outcome_a_00368,12.7123384779,0
outcome_a,outcome_a_00369,10.8522088074,1
outcome_a,outcome_a_00370,-6.34439917497,1
outcome_a,outcome_a_00371,-6.06656669648,1
outcome_a,outcome_a_00372,3.10496145367,0
outcome_a,outcome_a_00373,-7.9131773048,0
outcome_a,outcome_a_00374,4.07340031067,1
outcome_a,outcome_a_00375,15.2288698171,0
outcome_a,outcome_a_00376,14.7376013357,0
outcome_a,outcome_a_00377,-5.21589378613,0
outcome_a,outcome_a_00378,-12.186707428,0
outcome_a,outcome_a_00379,9.12430981962,0
outcome_a,outcome_a_00380,4.79300166753,0
outcome_a,outcome_a_00381,10.0294213104,0
outcome_a,outcome_a_00382,-1.62553622347,0
outcome_a,outcome_a_00383,11.1731628036,0
outcome_a,outcome_a_00384,-12.0840446351,0
outcome_a,outcome_a_00385,0.465629882504,0
outcome_a,outcome_a_00386,-2.52864692225,0
outcome_a,outcome_a_00387,-4.88510725363,0
outcome_a,outcome_a_00388,4.12934346918,0
outcome_a,outcome_a_00389,-0.379112713169,1
outcome_a,outcome_a_00390,12.552012869,0
outcome_a,outcome_a_00391,9.57644790638,0
outcome_a,outcome_a_00392,-5.84429335697,0
outcome_a,outcome_a_00393,5.42391179958,0
outcome_a,outcome_a_00394,-15.9835000978,0
outcome_a,outcome_a_00395,-7.30496887471,1
outcome_a,outcome_a_00396,-2.24292137101,0
outcome_a,outcome_a_00397,2.90468730412,0
outcome_a,outcome_a_00398,-8.86908670437,1
outcome_a,outcome_a_00399,13.6516749245,0
outcome_a,outcome_a_00400,-13.62842439,0
outcome_a,outcome_a_00401,-4.74798307517,0
outcome_a,outcome_a_00402,-10.6661433048,0
outcome_a,outcome_a_00403,6.22080534986,0
outcome_a,outcome_a_00404,-11.3387468992,0
outcome_a,outcome_a_00405,-12.3681717198,1
outcome_a,outcome_a_00406,1.98536794862,0
outcome_a,outcome_a_00407,-9.81378895106,0
outcome_a,outcome_a_00408,9.17515835392,0
outcome_a,outcome_a_00409,7.16002590753,0
outcome_a,outcome_a_00410,-1.54724883307,0
outcome_a,outcome_a_00411,-6.19323862533,0
outcome_a,outcome_a_00412,-0.50542483607,0
outcome_a,outcome_a_00413,-15.7778575956,0
outcome_a,outcome_a_00414,13.8520902104,0
outcome_a,outcome_a_00415,-1.40751821244,0
outcome_a,outcome_a_00416,-13.4890877083,1
outcome_a,outcome_a_00417,12.3043338494,0
outcome_a,outcome_a_00418,5.76076080663,0
outcome_a,outcome_a_00419,12.3560260211,0
outcome_a,outcome_a_00420,-10.8921230471,0
outcome_a,outcome_a_00421,8.70914629162,1
outcome_a,outcome_a_00422,-9.82063571973,0
outcome_a,outcome_a_00423,7.18761126903,0
outcome_a,outcome_a_00424,-1.04524039208,0
outcome_a,outcome_a_00425,3.40049034595,0
outcome_a,outcome_a_00426,-10.4164572177,0
outcome_a,outcome_a_00427,-7.62828235694,0
outcome_a,outcome_a_00428,4.2024149149,0
outcome_a,outcome_a_00429,11.8937850623,0
outcome_a,outcome_a_00430,-5.59387465302,0
outcome_a,outcome_a_00431,-0.149630546253,0
outcome_a,outcome_a_00432,-3.41198227871,0
outcome_a,outcome_a_00433,9.15282229761,0
outcome_a,outcome_a_00434,13.5629970535,0
outcome_a,outcome_a_00435,-6.00619863112,0
outcome_a,outcome_a_00436,7.55232922626,0
outcome_a,outcome_a_00437,6.08427894232,0
outcome_a,outcome_a_00438,-12.2718847724,0
outcome_a,outcome_a_00439,5.67289558513,1
outcome_a,outcome_a_00440,0.929529340446,1
outcome_a,outcome_a_00441,-0.606663752603,0
outcome_a,outcome_a_00442,7.36001100486,0
outcome_a,outcome_a_00443,8.64830397834,0
outcome_a,outcome_a_00444,13.0251666424,0
outcome_a,outcome_a_00445,0.219963391227,0
outcome_a,outcome_a_00446,4.54708458467,0
outcome_a,outcome_a_00447,14.5099731041,0
outcome_a,outcome_a_00448,-11.8122968116,0
outcome_a,outcome_a_00449,-3.13056995084,0
outcome_a,outcome_a_00450,11.9031764324,0
outcome_a,outcome_a_00451,0.566424371761,1
outcome_a,outcome_a_00452,-5.90478179375,0
outcome_a,outcome_a_00453,10.4531372645,0
outcome_a,outcome_a_00454,-3.9633586509,0
outcome_a,outcome_a_00455,-6.73329274044,1
outcome_a,outcome_a_00456,4.0489044711,0
outcome_a,outcome_a_00457,-5.60303072208,0
outcome_a,outcome_a_00458,-13.3695541447,0
outcome_a,outcome_a_00459,7.78904625309,0
outcome_a,outcome_a_00460,12.7421287811,0
outcome_a,outcome_a_00461,1.4523916247,0
outcome_a,outcome_a_00462,-7.7242432172,0
outcome_a,outcome_a_00463,11.8705949129,0
outcome_a,outcome_a_00464,2.36395605383,0
outcome_a,outcome_a_00465,4.61466828145,0
outcome_a,outcome_a_00466,7.32516443348,0
outcome_a,outcome_a_00467,5.97398143234,0
outcome_a,outcome_a_00468,4.0465941815,0
outcome_a,outcome_a_00469,-1.53253648149,0
outcome_a,outcome_a_00470,-1.3197237787,0
outcome_a,outcome_a_00471,-4.01886676441,1
outcome_a,outcome_a_00472,-7.12726707611,0
outcome_a,outcome_a_00473,-15.8280897538,0
outcome_a,outcome_a_00474,-15.0566031928,0
outcome_a,outcome_a_00475,2.91247134633,0
outcome_a,outcome_a_00476,-10.5882093244,1
outcome_a,outcome_a_00477,-2.03944352971,0
outcome_a,outcome_a_00478,-0.684528177772,0
outcome_a,outcome_a_00479,4.70205464016,0
outcome_a,outcome_a_00480,2.07724621064,1
outcome_a,outcome_a_00481,3.32153383242,0
outcome_a,outcome_a_00482,1.03209135672,1
outcome_a,outcome_a_00483,-8.35628248798,0
outcome_a,outcome_a_00484,-7.61053689465,0
outcome_a,outcome_a_00485,5.24907409024,0
outcome_a,outcome_a_00486,5.62420457453,1
outcome_a,outcome_a_00487,-5.01519946828,0
outcome_a,outcome_a_00488,-11.402197306,0
outcome_a,outcome_a_00489,-0.202417473055,0
outcome_a,outcome_a_00490,1.4199329305,0
outcome_a,outcome_a_00491,0.954158114559,0
outcome_a,outcome_a_00492,9.41835482992,0
outcome_a,outcome_a_00493,2.455421424,0
outcome_a,outcome_a_00494,13.5558796252,0
outcome_a,outcome_a_00495,-10.0033106863,0
outcome_a,outcome_a_00496,2.93349941024,0
outcome_a,outcome_a_00497,-7.86690887331,0
outcome_a,outcome_a_00498,-8.46312358344,0
outcome_a,outcome_a_00499,8.93047169427,0
outcome_a,outcome_a_00500,-15.6362671989,0
outcome_a,outcome_a_00501,-11.344656424,0
outcome_a,outcome_a_00502,6.66500514982,0
outcome_a,outcome_a_00503,7.02104007616,0
outcome_a,outcome_a_00504,-8.05114143554,0
outcome_a,outcome_a_00505,-0.180737568447,0
outcome_a,outcome_a_00506,4.1036456981,0
outcome_a,outcome_a_00507,-3.03617032369,0
outcome_a,outcome_a_00508,4.86075539534,0
outcome_a,outcome_a_00509,-6.98297244056,1
outcome_a,outcome_a_00510,8.34799634256,0
outcome_a,outcome_a_00511,-10.1820885767,0
outcome_a,outcome_a_00512,-6.10101465267,0
outcome_a,outcome_a_00513,5.81300724812,0
outcome_a,outcome_a_00514,-5.69703684371,0
outcome_a,outcome_a_00515,8.04650106554,0
outcome_a,outcome_a_00516,10.5239639998,0
outcome_a,outcome_a_00517,6.50820590335,0
outcome_a,outcome_a_00518,10.8768089917,0
outcome_a,outcome_a_00519,3.03205586699,0
outcome_a,outcome_a_00520,-1.20929824343,0
outcome_a,outcome_a_00521,2.25760628925,1
outcome_a,outcome_a_00522,6.48325820088,0
outcome_a,outcome_a_00523,13.7259411536,0
outcome_a,outcome_a_00524,-3.02607211656,0
outcome_a,outcome_a_00525,-14.1738384135,0
outcome_a,outcome_a_00526,-3.89959392253,0
outcome_a,outcome_a_00527,-8.78860460765,0
outcome_a,outcome_a_00528,-1.07912058607,0
outcome_a,outcome_a_00529,-12.8989880978,0
outcome_a,outcome_a_00530,9.68870026132,0
outcome_a,outcome_a_00531,2.93711092443,0
outcome_a,outcome_a_00532,-6.33146234463,0
outcome_a,outcome_a_00533,12.5712530357,0
outcome_a,outcome_a_00534,10.9665224889,0
outcome_a,outcome_a_00535,-9.98318566082,0
outcome_a,outcome_a_00536,11.6774537806,0
outcome_a,outcome_a_00537,11.7991634884,0
outcome_a,outcome_a_00538,10.7674021446,0
outcome_a,outcome_a_00539,-2.58031244071,0
outcome_a,outcome_a_00540,-5.07263723261,0
outcome_a,outcome_a_00541,-11.9059785255,1
outcome_a,outcome_a_00542,-13.9935427217,0
outcome_a,outcome_a_00543,-0.37359055857,0
outcome_a,outcome_a_00544,-14.5139739794,0
outcome_a,outcome_a_00545,-5.30861237751,0
outcome_a,outcome_a_00546,7.61662282056,0
outcome_a,outcome_a_00547,12.485349131,0
outcome_a,outcome_a_00548,-1.47230869529,0
outcome_a,outcome_a_00549,-7.33961221011,0
outcome_a,outcome_a_00550,9.61326110966,0
outcome_a,outcome_a_00551,2.99826584601,0
outcome_a,outcome_a_00552,-5.73628808214,1
outcome_a,outcome_a_00553,-9.05280197332,0
outcome_a,outcome_a_00554,-12.5726160543,0
outcome_a,outcome_a_00555,14.6876292719,0
outcome_a,outcome_a_00556,15.646185781,0
outcome_a,outcome_a_00557,5.33513333041,0
outcome_a,outcome_a_00558,-7.94526758941,0
outcome_a,outcome_a_00559,1.17286848525,0
outcome_a,outcome_a_00560,12.2080293229,0
outcome_a,outcome_a_00561,9.76422086158,0
outcome_a,outcome_a_00562,2.19053862677,0
outcome_a,outcome_a_00563,-4.29387533976,0
outcome_a,outcome_a_00564,2.00847244018,0
outcome_a,outcome_a_00565,-0.551447957262,0
outcome_a,outcome_a_00566,-12.595785246,0
outcome_a,outcome_a_00567,-3.84775567871,0
outcome_a,outcome_a_00568,12.0320250902,0
outcome_a,outcome_a_00569,-9.10825587832,0
outcome_a,outcome_a_00570,-12.3440725533,0
outcome_a,outcome_a_00571,8.80578934278,0
outcome_a,outcome_a_00572,8.77094735933,0
outcome_a,outcome_a_00573,-11.3902171044,0
outcome_a,outcome_a_00574,1.75008183512,0
outcome_a,outcome_a_00575,12.9187514719,0
outcome_a,outcome_a_00576,8.28587416606,0
outcome_a,outcome_a_00577,-7.0378013289,0
outcome_a,outcome_a_00578,15.7960493564,0
outcome_a,outcome_a_00579,10.0688629095,0
outcome_a,outcome_a_00580,15.7500020676,0
outcome_a,outcome_a_00581,-0.0485455652935,0
outcome_a,outcome_a_00582,10.9206942652,0
outcome_a,outcome_a_00583,-5.77343039157,0
outcome_a,outcome_a_00584,13.7393378445,0
outcome_a,outcome_a_00585,1.99415553355,0
outcome_a,outcome_a_00586,-1.39256525582,0
outcome_a,outcome_a_00587,3.79017601928,0
outcome_a,outcome_a_00588,12.6147867872,0
outcome_a,outcome_a_00589,4.74347224915,0
outcome_a,outcome_a_00590,-5.41846660731,0
outcome_a,outcome_a_00591,-3.62108028771,0
outcome_a,outcome_a_00592,12.9654109102,0
outcome_a,outcome_a_00593,7.7444881231,0
outcome_a,outcome_a_00594,3.72236476903,0
outcome_a,outcome_a_00595,15.8363766702,0
outcome_a,outcome_a_00596,15.5429745233,0
outcome_a,outcome_a_00597,-5.65726948001,0
outcome_a,outcome_a_00598,4.88774991648,0
outcome_a,outcome_a_00599,7.28588345357,0
outcome_a,outcome_a_00600,15.9902082274,1
outcome_a,outcome_a_00601,12.1312895156,0
outcome_a,outcome_a_00602,10.0177369125,0
outcome_a,outcome_a_00603,-13.6889589148,0
outcome_a,outcome_a_00604,-0.142344946439,1
outcome_a,outcome_a_00605,-0.932472206979,0
outcome_a,outcome_a_00606,0.285024885578,0
outcome_a,outcome_a_00607,0.838138092939,0
outcome_a,outcome_a_00608,5.81257311373,0
outcome_a,outcome_a_00609,8.27443814425,1
outcome_a,outcome_a_00610,-7.56257723527,0
outcome_a,outcome_a_00611,1.46110751489,0
outcome_a,outcome_a_00612,11.969390848,0
outcome_a,outcome_a_00613,-1.77357477717,0
outcome_a,outcome_a_00614,9.60265438226,1
outcome_a,outcome_a_00615,-9.40008499944,0
outcome_a,outcome_a_00616,-15.8176693981,0
outcome_a,outcome_a_00617,5.80285237955,1
outcome_a,outcome_a_00618,-8.5716550161,0
outcome_a,outcome_a_00619,-2.95650699995,0
outcome_a,outcome_a_00620,8.447276853,0
outcome_a,outcome_a_00621,14.7933294299,0
outcome_a,outcome_a_00622,4.73310461059,0
outcome_a,outcome_a_00623,-15.4807446868,0
outcome_a,outcome_a_00624,-9.02248700393,0
outcome_a,outcome_a_00625,0.266550141959,0
outcome_a,outcome_a_00626,-0.540905996419,0
outcome_a,outcome_a_00627,5.34772594838,0
outcome_a,outcome_a_00628,-11.9658691459,0
outcome_a,outcome_a_00629,-0.667906299099,0
outcome_a,outcome_a_00630,13.8683814778,0
outcome_a,outcome_a_00631,-3.73998902067,0
outcome_a,outcome_a_00632,5.57615335718,0
outcome_a,outcome_a_00633,11.1733324457,0
outcome_a,outcome_a_00634,12.4769326925,0
outcome_a,outcome_a_00635,-14.1064624731,0
outcome_a,outcome_a_00636,-7.47947510856,0
outcome_a,outcome_a_00637,5.62523287833,0
outcome_a,outcome_a_00638,10.1451346407,0
outcome_a,outcome_a_00639,-1.14042910386,0
outcome_a,outcome_a_00640,13.5915627139,0
outcome_a,outcome_a_00641,-15.091633878,0
outcome_a,outcome_a_00642,2.91055240623,0
outcome_a,outcome_a_00643,9.71631986161,0
outcome_a,outcome_a_00644,4.9110491906,0
outcome_a,outcome_a_00645,-7.83261366134,0
outcome_a,outcome_a_00646,1.78790321494,0
outcome_a,outcome_a_00647,-9.14498537753,0
outcome_a,outcome_a_00648,-11.6492067432,0
outcome_a,outcome_a_00649,-7.2693457207,0
outcome_a,outcome_a_00650,-12.5667002002,1
outcome_a,outcome_a_00651,10.3014975146,0
outcome_a,outcome_a_00652,14.7102910551,0
outcome_a,outcome_a_00653,5.19488726164,0
outcome_a,outcome_a_00654,-7.69752279875,0
outcome_a,outcome_a_00655,-7.68658887956,1
outcome_a,outcome_a_00656,10.7349718009,1
outcome_a,outcome_a_00657,0.303012259534,1
outcome_a,outcome_a_00658,-2.11904624353,0
outcome_a,outcome_a_00659,14.1233088298,0
outcome_a,outcome_a_00660,-4.3358398253,0
outcome_a,outcome_a_00661,-3.18285335473,0
outcome_a,outcome_a_00662,4.4207095557,1
outcome_a,outcome_a_00663,14.0884424438,0
outcome_a,outcome_a_00664,-10.6647980884,1
outcome_a,outcome_a_00665,-8.94887834637,0
outcome_a,outcome_a_00666,-3.23371091336,0
outcome_a,outcome_a_00667,15.0122396875,0
outcome_a,outcome_a_00668,-11.0839479873,0
outcome_a,outcome_a_00669,-3.59825730048,0
outcome_a,outcome_a_00670,-14.0378668645,0
outcome_a,outcome_a_00671,2.59314775798,0
outcome_a,outcome_a_00672,7.04897560823,1
outcome_a,outcome_a_00673,-14.1839134677,0
outcome_a,outcome_a_00674,-12.6542426647,0
outcome_a,outcome_a_00675,1.72974957626,0
outcome_a,outcome_a_00676,-14.1800140193,0
outcome_a,outcome_a_00677,-11.6842917625,0
outcome_a,outcome_a_00678,-3.79501046138,0
outcome_a,outcome_a_00679,-11.2375981641,0
outcome_a,outcome_a_00680,15.2857199344,0
outcome_a,outcome_a_00681,-8.4461726447,0
outcome_a,outcome_a_00682,5.6939364744,1
outcome_a,outcome_a_00683,-1.82019793442,1
outcome_a,outcome_a_00684,14.9605722023,0
outcome_a,outcome_a_00685,-15.8696576062,0
outcome_a,outcome_a_00686,-12.2930293118,0
outcome_a,outcome_a_00687,11.5683541851,0
outcome_a,outcome_a_00688,12.8412375585,0
outcome_a,outcome_a_00689,-2.49644459092,0
outcome_a,outcome_a_00690,-15.6898927455,0
outcome_a,outcome_a_00691,1.74058742351,0
outcome_a,outcome_a_00692,-0.0319392827753,0
outcome_a,outcome_a_00693,8.75676185737,0
outcome_a,outcome_a_00694,11.3955620432,0
outcome_a,outcome_a_00695,14.1898713192,0
outcome_a,outcome_a_00696,5.74431631986,0
outcome_a,outcome_a_00697,-3.04715499588,1
outcome_a,outcome_a_00698,-10.2400346043,0
outcome_a,outcome_a_00699,-4.77882105711,0
outcome_a,outcome_a_00700,-12.7596137622,0
outcome_a,outcome_a_00701,-8.03548398652,0
outcome_a,outcome_a_00702,-15.032301205,0
outcome_a,outcome_a_00703,8.49820262249,0
outcome_a,outcome_a_00704,-3.80322752043,0
outcome_a,outcome_a_00705,5.28792069696,0
outcome_a,outcome_a_00706,15.1329699941,0
outcome_a,outcome_a_00707,-0.862407045553,0
outcome_a,outcome_a_00708,9.38497276495,1
outcome_a,outcome_a_00709,7.43640580453,0
outcome_a,outcome_a_00710,8.92239193085,0
outcome_a,outcome_a_00711,-1.34419379379,0
outcome_a,outcome_a_00712,11.3548800575,0
outcome_a,outcome_a_00713,11.8147251367,0
outcome_a,outcome_a_00714,8.50683920886,0
outcome_a,outcome_a_00715,-11.2232805555,0
outcome_a,outcome_a_00716,3.75154391416,0
outcome_a,outcome_a_00717,4.31475568911,0
outcome_a,outcome_a_00718,-5.62147835357,0
outcome_a,outcome_a_00719,7.65270426297,0
outcome_a,outcome_a_00720,-13.4352756349,0
outcome_a,outcome_a_00721,-5.4279932538,0
outcome_a,outcome_a_00722,1.3549420463,1
outcome_a,outcome_a_00723,4.56827634267,0
outcome_a,outcome_a_00724,11.6930862843,0
outcome_a,outcome_a_00725,9.56616386755,0
outcome_a,outcome_a_00726,13.882406381,1
outcome_a,outcome_a_00727,-6.89692851211,0
outcome_a,outcome_a_00728,-7.91754716481,0
outcome_a,outcome_a_00729,-11.1810379983,0
outcome_a,outcome_a_00730,5.85157539631,0
outcome_a,outcome_a_00731,-4.79355950188,0
outcome_a,outcome_a_00732,-6.77876951403,0
outcome_a,outcome_a_00733,7.32365356855,0
outcome_a,outcome_a_00734,5.9720877943,0
outcome_a,outcome_a_00735,2.60998524958,0
outcome_a,outcome_a_00736,-3.72798638833,0
outcome_a,outcome_a_00737,-1.58526108027,0
outcome_a,outcome_a_00738,-11.5803594986,0
outcome_a,outcome_a_00739,6.88778688927,0
outcome_a,outcome_a_00740,-5.21718481025,0
outcome_a,outcome_a_00741,11.2849913319,0
outcome_a,outcome_a_00742,10.9065784288,0
outcome_a,outcome_a_00743,0.711622536619,0
outcome_a,outcome_a_00744,15.21521549,0
outcome_a,outcome_a_00745,0.595204317403,0
outcome_a,outcome_a_00746,-15.4670169466,0
outcome_a,outcome_a_00747,-11.4799407853,0
outcome_a,outcome_a_00748,12.8715975877,0
outcome_a,outcome_a_00749,13.1507028635,0
outcome_a,outcome_a_00750,8.76194893409,1
outcome_a,outcome_a_00751,15.9081185683,0
outcome_a,outcome_a_00752,-4.83551913759,0
outcome_a,outcome_a_00753,-6.91008120677,0
outcome_a,outcome_a_00754,11.3502148042,0
outcome_a,outcome_a_00755,8.30387480302,0
outcome_a,outcome_a_00756,-15.4888207358,0
outcome_a,outcome_a_00757,-14.7530008038,0
outcome_a,outcome_a_00758,-5.86680027836,0
outcome_a,outcome_a_00759,11.0966521674,0
outcome_a,outcome_a_00760,-7.12423836098,1
outcome_a,outcome_a_00761,2.5417847909,0
outcome_a,outcome_a_00762,15.9828472982,0
outcome_a,outcome_a_00763,0.80581374819,0
outcome_a,outcome_a_00764,11.2219264386,1
outcome_a,outcome_a_00765,-1.25344868729,0
outcome_a,outcome_a_00766,-9.98296390745,1
outcome_a,outcome_a_00767,-11.7372222189,0
outcome_a,outcome_a_00768,0.314572608533,0
outcome_a,outcome_a_00769,10.2201628399,0
outcome_a,outcome_a_00770,9.43357393268,0
outcome_a,outcome_a_00771,-12.3426576554,0
outcome_a,outcome_a_00772,-4.08984958801,0
outcome_a,outcome_a_00773,-14.0630786924,0
outcome_a,outcome_a_00774,5.51491365133,0
outcome_a,outcome_a_00775,-13.7912904006,0
outcome_a,outcome_a_00776,-9.49617421184,0
outcome_a,outcome_a_00777,-15.0034601861,0
outcome_a,outcome_a_00778,3.52784434816,0
outcome_a,outcome_a_00779,-10.331113978,0
outcome_a,outcome_a_00780,1.5837099143,0
outcome_a,outcome_a_00781,1.69819495956,0
outcome_a,outcome_a_00782,10.2963437097,0
outcome_a,outcome_a_00783,-3.02936780477,0
outcome_a,outcome_a_00784,12.4001180054,0
outcome_a,outcome_a_00785,-5.22957405233,0
outcome_a,outcome_a_00786,14.4653126293,0
outcome_a,outcome_a_00787,9.67577555725,0
outcome_a,outcome_a_00788,-0.806296254453,0
outcome_a,outcome_a_00789,5.42553208434,0
outcome_a,outcome_a_00790,5.06414200793,0
outcome_a,outcome_a_00791,-10.494160304,1
outcome_a,outcome_a_00792,5.22441637623,0
outcome_a,outcome_a_00793,12.1484694761,0
outcome_a,outcome_a_00794,-6.46945116783,1
outcome_a,outcome_a_00795,-2.25153736839,0
outcome_a,outcome_a_00796,-5.63356973485,0
outcome_a,outcome_a_00797,-10.417740218,0
outcome_a,outcome_a_00798,-0.635317511591,0
outcome_a,outcome_a_00799,-3.86158963576,0
outcome_a,outcome_a_00800,-8.55302083119,0
outcome_a,outcome_a_00801,-7.6750091082,1
outcome_a,outcome_a_00802,4.15701566762,0
outcome_a,outcome_a_00803,15.5069836253,0
outcome_a,outcome_a_00804,-4.37586012871,0
outcome_a,outcome_a_00805,-9.13403957118,0
outcome_a,outcome_a_00806,1.10698710069,0
outcome_a,outcome_a_00807,3.50009300214,0
outcome_a,outcome_a_00808,-8.12141972216,1
outcome_a,outcome_a_00809,-3.93299017387,0
outcome_a,outcome_a_00810,-10.4775899694,0
outcome_a,outcome_a_00811,-6.47806821838,0
outcome_a,outcome_a_00812,-12.7053504302,0
outcome_a,outcome_a_00813,-13.4051237656,0
outcome_a,outcome_a_00814,15.8890757512,0
outcome_a,outcome_a_00815,15.5551048576,0
outcome_a,outcome_a_00816,-15.8883718066,0
outcome_a,outcome_a_00817,-10.1316500998,0
outcome_a,outcome_a_00818,15.2295744824,0
outcome_a,outcome_a_00819,-6.78145482247,0
outcome_a,outcome_a_00820,-1.84001433851,0
outcome_a,outcome_a_00821,9.945276489,0
outcome_a,outcome_a_00822,2.51876793283,1
outcome_a,outcome_a_00823,-15.0490561162,0
outcome_a,outcome_a_00824,-13.0427335615,0
outcome_a,outcome_a_00825,0.899228544732,0
outcome_a,outcome_a_00826,-8.25427385383,0
outcome_a,outcome_a_00827,12.4582332611,0
outcome_a,outcome_a_00828,-3.99731951656,0
outcome_a,outcome_a_00829,-5.88938950633,0
outcome_a,outcome_a_00830,11.6314629195,0
outcome_a,outcome_a_00831,-10.2944451791,0
outcome_a,outcome_a_00832,1.95342864399,0
outcome_a,outcome_a_00833,10.2814211516,0
outcome_a,outcome_a_00834,-13.0147866516,0
outcome_a,outcome_a_00835,2.8615733142,0
outcome_a,outcome_a_00836,11.1917456342,0
outcome_a,outcome_a_00837,10.5402324512,0
outcome_a,outcome_a_00838,-8.63113806784,0
outcome_a,outcome_a_00839,9.92400545173,0
outcome_a,outcome_a_00840,3.05835489327,1
outcome_a,outcome_a_00841,-1.44112419543,0
outcome_a,outcome_a_00842,-4.15167952783,0
outcome_a,outcome_a_00843,9.48587633187,1
outcome_a,outcome_a_00844,13.3622034664,0
outcome_a,outcome_a_00845,-8.23695439227,0
outcome_a,outcome_a_00846,-11.9882017083,0
outcome_a,outcome_a_00847,-5.40867933603,0
outcome_a,outcome_a_00848,3.15984430276,0
outcome_a,outcome_a_00849,-4.86378058374,0
outcome_a,outcome_a_00850,-13.4705719307,0
outcome_a,outcome_a_00851,1.59165111696,0
outcome_a,outcome_a_00852,-15.4933881553,0
outcome_a,outcome_a_00853,-2.18673258015,0
outcome_a,outcome_a_00854,-3.30280070461,0
outcome_a,outcome_a_00855,4.55249631836,0
outcome_a,outcome_a_00856,-13.6324675391,0
outcome_a,outcome_a_00857,-11.3682019681,0
outcome_a,outcome_a_00858,9.62740028686,0
outcome_a,outcome_a_00859,4.38840965731,1
outcome_a,outcome_a_00860,-7.72726919919,0
outcome_a,outcome_a_00861,-3.58920965111,0
outcome_a,outcome_a_00862,11.694221567,0
outcome_a,outcome_a_00863,13.2928597224,0
outcome_a,outcome_a_00864,-0.00869078715674,0
outcome_a,outcome_a_00865,0.440004367698,0
outcome_a,outcome_a_00866,6.51904218568,0
outcome_a,outcome_a_00867,-15.3166953139,0
outcome_a,outcome_a_00868,-3.23201398033,0
outcome_a,outcome_a_00869,7.36295449399,0
outcome_a,outcome_a_00870,-14.6542338707,0
outcome_a,outcome_a_00871,8.35509346192,0
outcome_a,outcome_a_00872,4.04698908136,1
outcome_a,outcome_a_00873,6.01558611954,0
outcome_a,outcome_a_00874,-1.78717315202,1
outcome_a,outcome_a_00875,-15.8050133131,0
outcome_a,outcome_a_00876,14.1108551426,0
outcome_a,outcome_a_00877,8.32661138711,0
outcome_a,outcome_a_00878,2.31083795261,0
outcome_a,outcome_a_00879,-7.92580982326,0
outcome_a,outcome_a_00880,7.60263958237,0
outcome_a,outcome_a_00881,14.3909497523,0
outcome_a,outcome_a_00882,10.9609595143,0
outcome_a,outcome_a_00883,7.35703064042,0
outcome_a,outcome_a_00884,12.1478569947,0
outcome_a,outcome_a_00885,-11.1472179122,0
outcome_a,outcome_a_00886,-0.576454797518,0
outcome_a,outcome_a_00887,11.7758087743,0
outcome_a,outcome_a_00888,-9.85998092863,0
outcome_a,outcome_a_00889,-4.22281925649,0
outcome_a,outcome_a_00890,3.04567665091,0
outcome_a,outcome_a_00891,-9.11406630144,0
outcome_a,outcome_a_00892,-2.42626087332,0
outcome_a,outcome_a_00893,7.07890200594,0
outcome_a,outcome_a_00894,2.92760760918,0
outcome_a,outcome_a_00895,10.640175707,0
outcome_a,outcome_a_00896,1.28124446761,0
outcome_a,outcome_a_00897,-10.6689405138,0
outcome_a,outcome_a_00898,-3.29763275371,0
outcome_a,outcome_a_00899,-12.7906129069,0
outcome_a,outcome_a_00900,-7.64096647091,0
outcome_a,outcome_a_00901,-1.75564719481,0
outcome_a,outcome_a_00902,-7.86539257096,0
outcome_a,outcome_a_00903,9.54404057642,0
outcome_a,outcome_a_00904,-12.3218569653,0
outcome_a,outcome_a_00905,12.8326168753,0
outcome_a,outcome_a_00906,-3.91017704792,0
outcome_a,outcome_a_00907,-3.83065719119,0
outcome_a,outcome_a_00908,10.0276889561,0
outcome_a,outcome_a_00909,-0.183002087441,0
outcome_a,outcome_a_00910,1.24550016085,0
outcome_a,outcome_a_00911,2.04360202941,0
outcome_a,outcome_a_00912,-4.84452914287,0
outcome_a,outcome_a_00913,-0.832159025718,0
outcome_a,outcome_a_00914,-2.6907093834,0
outcome_a,outcome_a_00915,5.85561635602,0
outcome_a,outcome_a_00916,11.7575245171,0
outcome_a,outcome_a_00917,-15.0997427662,0
outcome_a,outcome_a_00918,6.17610923264,0
outcome_a,outcome_a_00919,-15.3683587882,0
outcome_a,outcome_a_00920,3.79456799342,0
outcome_a,outcome_a_00921,-5.29752783758,0
outcome_a,outcome_a_00922,4.87974262174,0
outcome_a,outcome_a_00923,-8.42701243535,0
outcome_a,outcome_a_00924,-10.2213959479,0
outcome_a,outcome_a_00925,-15.8735009529,0
outcome_a,outcome_a_00926,-7.20611229972,0
outcome_a,outcome_a_00927,9.60735089568,1
outcome_a,outcome_a_00928,-8.08666605931,0
outcome_a,outcome_a_00929,-11.053215894,1
outcome_a,outcome_a_00930,9.79282984418,0
outcome_a,outcome_a_00931,-0.94807087811,0
outcome_a,outcome_a_00932,-4.65499030956,0
outcome_a,outcome_a_00933,-4.42740939992,0
outcome_a,outcome_a_00934,-11.1538043454,0
outcome_a,outcome_a_00935,-12.4928249359,0
outcome_a,outcome_a_00936,-15.2932117751,0
outcome_a,outcome_a_00937,-1.32566317308,0
outcome_a,outcome_a_00938,7.66071248772,0
outcome_a,outcome_a_00939,-9.68342220527,0
outcome_a,outcome_a_00940,-2.30657574184,0
outcome_a,outcome_a_00941,-0.173477665469,0
outcome_a,outcome_a_00942,5.24247862767,1
outcome_a,outcome_a_00943,-9.06020198511,0
outcome_a,outcome_a_00944,-3.02517444678,0
outcome_a,outcome_a_00945,6.04456370119,0
outcome_a,outcome_a_00946,6.30430694042,0
outcome_a,outcome_a_00947,-8.36860448161,0
outcome_a,outcome_a_00948,10.8132849052,0
outcome_a,outcome_a_00949,-1.19226340794,0
outcome_a,outcome_a_00950,-1.39298653745,0
outcome_a,outcome_a_00951,10.9795701263,0
outcome_a,outcome_a_00952,2.37716962724,0
outcome_a,outcome_a_00953,8.38732765579,0
outcome_a,outcome_a_00954,4.06476227369,0
outcome_a,outcome_a_00955,-2.5479536702,0
outcome_a,outcome_a_00956,-14.3125578496,0
outcome_a,outcome_a_00957,4.83033420934,0
outcome_a,outcome_a_00958,1.27340834681,0
outcome_a,outcome_a_00959,8.76381103699,0
outcome_a,outcome_a_00960,-13.516946213,0
outcome_a,outcome_a_00961,-7.56414994283,0
outcome_a,outcome_a_00962,-13.563205614,1
outcome_a,outcome_a_00963,15.4633903185,1
outcome_a,outcome_a_00964,-10.1775500193,0
outcome_a,outcome_a_00965,13.0464497276,0
outcome_a,outcome_a_00966,-6.75301458865,0
outcome_a,outcome_a_00967,13.5781239214,0
outcome_a,outcome_a_00968,4.55674268204,0
outcome_a,outcome_a_00969,-15.2097705229,0
outcome_a,outcome_a_00970,-10.682250398,0
outcome_a,outcome_a_00971,-10.363414162,0
outcome_a,outcome_a_00972,2.67833908024,0
outcome_a,outcome_a_00973,6.77092338678,0
outcome_a,outcome_a_00974,-1.14251239268,0
outcome_a,outcome_a_00975,10.1923647149,1
outcome_a,outcome_a_00976,7.74372428433,0
outcome_a,outcome_a_00977,-13.3978917237,0
outcome_a,outcome_a_00978,14.1807569031,0
outcome_a,outcome_a_00979,-11.4360202569,0
outcome_a,outcome_a_00980,12.888211041,0
outcome_a,outcome_a_00981,-12.5874500054,0
outcome_a,outcome_a_00982,-15.6844882151,0
outcome_a,outcome_a_00983,-11.5702987513,0
outcome_a,outcome_a_00984,13.1045452859,0
outcome_a,outcome_a_00985,-3.0592672021,0
outcome_a,outcome_a_00986,-7.51156008426,0
outcome_a,outcome_a_00987,3.84765077823,0
outcome_a,outcome_a_00988,-13.4936935399,0
outcome_a,outcome_a_00989,-12.6806714035,0
outcome_a,outcome_a_00990,-14.5319909506,0
outcome_a,outcome_a_00991,9.38643578453,0
outcome_a,outcome_a_00992,-3.91322618694,0
outcome_a,outcome_a_00993,0.456694982496,1
outcome_a,outcome_a_00994,4.71201976437,0
outcome_a,outcome_a_00995,-12.0160705595,0
outcome_a,outcome_a_00996,-8.19383205309,0
outcome_a,outcome_a_00997,-12.7528382758,1
outcome_a,outcome_a_00998,14.7480660681,0
outcome_a,outcome_a_00999,-10.0016236484,0
outcome_a,outcome_a_01000,-0.116220651361,0
outcome_a,outcome_a_01001,-15.1424898653,0
outcome_a,outcome_a_01002,-0.843277707362,0
outcome_a,outcome_a_01003,-14.6246165557,0
outcome_a,outcome_a_01004,-7.27012416957,1
outcome_a,outcome_a_01005,6.15204274155,0
outcome_a,outcome_a_01006,-14.463652308,0
outcome_a,outcome_a_01007,-0.798025303249,0
outcome_a,outcome_a_01008,-15.9049238798,1
outcome_a,outcome_a_01009,3.39055261952,0
outcome_a,outcome_a_01010,0.510091154917,1
outcome_a,outcome_a_01011,-15.7488227888,0
outcome_a,outcome_a_01012,9.0553940069,0
outcome_a,outcome_a_01013,13.9444421112,0
outcome_a,outcome_a_01014,12.8678337648,0
outcome_a,outcome_a_01015,-14.7987552727,1
outcome_a,outcome_a_01016,-3.14735017543,0
outcome_a,outcome_a_01017,15.5574551609,0
outcome_a,outcome_a_01018,0.374106807485,0
outcome_a,outcome_a_01019,7.33392371584,0
outcome_a,outcome_a_01020,-4.38812067311,0
outcome_a,outcome_a_01021,-11.2379398434,0
outcome_a,outcome_a_01022,8.25459478298,1
outcome_a,outcome_a_01023,0.0622984380704,0
outcome_a,outcome_a_01024,-11.9831533013,0
outcome_a,outcome_a_01025,6.0120706208,0
outcome_a,outcome_a_01026,3.79724726234,0
outcome_a,outcome_a_01027,-11.3487738328,0
outcome_a,outcome_a_01028,-12.0758321789,1
outcome_a,outcome_a_01029,3.69296051024,0
outcome_a,outcome_a_01030,2.12113252879,0
outcome_a,outcome_a_01031,11.2948987081,0
outcome_a,outcome_a_01032,-9.05590342215,0
outcome_a,outcome_a_01033,0.820366893016,1
outcome_a,outcome_a_01034,-4.79211270301,0
outcome_a,outcome_a_01035,-6.85938686619,0
outcome_a,outcome_a_01036,2.8089613714,0
outcome_a,outcome_a_01037,11.0473281687,0
outcome_a,outcome_a_01038,-12.2284132137,0
outcome_a,outcome_a_01039,-13.1985808006,0
outcome_a,outcome_a_01040,-6.20152813165,0
outcome_a,outcome_a_01041,12.3741094155,0
outcome_a,outcome_a_01042,5.5206371176,0
outcome_a,outcome_a_01043,-6.46985129292,1
outcome_a,outcome_a_01044,2.80866160586,1
outcome_a,outcome_a_01045,-10.2821154036,0
outcome_a,outcome_a_01046,-3.92680628121,1
outcome_a,outcome_a_01047,-5.79469920688,1
outcome_a,outcome_a_01048,11.6900156868,0
outcome_a,outcome_a_01049,1.10612228193,0
outcome_a,outcome_a_01050,-14.3386094642,0
outcome_a,outcome_a_01051,5.70147101549,0
outcome_a,outcome_a_01052,7.60474608803,0
outcome_a,outcome_a_01053,12.7307419058,0
outcome_a,outcome_a_01054,-6.85756480221,0
outcome_a,outcome_a_01055,14.2427344438,0
outcome_a,outcome_a_01056,-10.3406241196,1
outcome_a,outcome_a_01057,-9.71349874238,0
outcome_a,outcome_a_01058,10.7386795965,0
outcome_a,outcome_a_01059,-0.357247638862,0
outcome_a,outcome_a_01060,-13.7364210574,0
outcome_a,outcome_a_01061,-11.3502111869,0
outcome_a,outcome_a_01062,-1.11004444719,0
outcome_a,outcome_a_01063,5.90577038909,0
outcome_a,outcome_a_01064,-15.5111623804,0
outcome_a,outcome_a_01065,-0.202893519674,0
outcome_a,outcome_a_01066,-7.14116893957,0
outcome_a,outcome_a_01067,5.69031403285,0
outcome_a,outcome_a_01068,0.361113776644,0
outcome_a,outcome_a_01069,-14.6349784712,0
outcome_a,outcome_a_01070,1.74263124953,1
outcome_a,outcome_a_01071,4.2717114458,0
outcome_a,outcome_a_01072,-12.9576014512,0
outcome_a,outcome_a_01073,-12.4396243649,0
outcome_a,outcome_a_01074,0.989806515732,0
outcome_a,outcome_a_01075,-9.09377030966,1
outcome_a,outcome_a_01076,-5.27114697092,0
outcome_a,outcome_a_01077,13.9757252592,0
outcome_a,outcome_a_01078,-13.696557661,1
outcome_a,outcome_a_01079,-5.8882396078,1
outcome_a,outcome_a_01080,-8.97084999909,1
outcome_a,outcome_a_01081,-6.18460097085,0
outcome_a,outcome_a_01082,8.59019705508,0
outcome_a,outcome_a_01083,-4.56575577957,0
outcome_a,outcome_a_01084,7.26300523981,0
outcome_a,outcome_a_01085,-2.32717536258,0
outcome_a,outcome_a_01086,-10.6838349329,0
outcome_a,outcome_a_01087,-2.29211507233,0
outcome_a,outcome_a_01088,6.45856042998,1
outcome_a,outcome_a_01089,9.35927695972,0
outcome_a,outcome_a_01090,-7.75522298468,0
outcome_a,outcome_a_01091,-9.35741094888,0
outcome_a,outcome_a_01092,1.00352596011,0
outcome_a,outcome_a_01093,-10.3588667263,1
outcome_a,outcome_a_01094,-4.60785348452,0
outcome_a,outcome_a_01095,5.38367470113,0
outcome_a,outcome_a_01096,-15.1910255474,0
outcome_a,outcome_a_01097,-15.0901488434,1
outcome_a,outcome_a_01098,3.75006327404,1
outcome_a,outcome_a_01099,7.08090030228,0
outcome_a,outcome_a_01100,-6.06332397684,0
outcome_a,outcome_a_01101,-12.5597031369,0
outcome_a,outcome_a_01102,13.9363149563,0
outcome_a,outcome_a_01103,13.5318167638,0
outcome_a,outcome_a_01104,-15.7977435259,0
outcome_a,outcome_a_01105,-0.231763832082,0
outcome_a,outcome_a_01106,-12.7935997053,0
outcome_a,outcome_a_01107,-0.15447703088,1
outcome_a,outcome_a_01108,3.46765013583,0
outcome_a,outcome_a_01109,3.60361153821,0
outcome_a,outcome_a_01110,-13.9357908909,0
outcome_a,outcome_a_01111,8.81070308575,0
outcome_a,outcome_a_01112,6.67621090925,0
outcome_a,outcome_a_01113,-14.3297140607,1
outcome_a,outcome_a_01114,11.9913934373,0
outcome_a,outcome_a_01115,6.67574976865,0
outcome_a,outcome_a_01116,-13.3512727593,0
outcome_a,outcome_a_01117,-0.316951791145,0
outcome_a,outcome_a_01118,1.68439360392,0
outcome_a,outcome_a_01119,10.1329987165,1
outcome_a,outcome_a_01120,10.7353822218,0
outcome_a,outcome_a_01121,-11.8113783172,0
outcome_a,outcome_a_01122,-0.352664948552,0
outcome_a,outcome_a_01123,-10.4873847828,0
outcome_a,outcome_a_01124,-11.5771168992,0
outcome_a,outcome_a_01125,12.9932771012,0
outcome_a,outcome_a_01126,-1.74126414375,0
outcome_a,outcome_a_01127,10.5623724718,0
outcome_a,outcome_a_01128,-15.2601558436,0
outcome_a,outcome_a_01129,3.5548506811,0
outcome_a,outcome_a_01130,13.2669432546,0
outcome_a,outcome_a_01131,4.98306377322,0
outcome_a,outcome_a_01132,8.18214749094,0
outcome_a,outcome_a_01133,-11.4242016668,0
outcome_a,outcome_a_01134,-0.732198741985,0
outcome_a,outcome_a_01135,11.9248935436,0
outcome_a,outcome_a_01136,-12.3080200239,1
outcome_a,outcome_a_01137,-5.48925689991,0
outcome_a,outcome_a_01138,-4.16701593945,0
outcome_a,outcome_a_01139,-4.41014441934,0
outcome_a,outcome_a_01140,-4.54802893305,0
outcome_a,outcome_a_01141,-13.2986903895,0
outcome_a,outcome_a_01142,10.0728417833,0
outcome_a,outcome_a_01143,4.12762491134,0
outcome_a,outcome_a_01144,2.88381607686,1
outcome_a,outcome_a_01145,-3.71075318991,0
outcome_a,outcome_a_01146,-11.4777167025,0
outcome_a,outcome_a_01147,-11.8854841702,0
outcome_a,outcome_a_01148,-14.1299849727,0
outcome_a,outcome_a_01149,4.47995788442,0
outcome_a,outcome_a_01150,-2.18405961438,0
outcome_a,outcome_a_01151,-13.5244114125,0
outcome_a,outcome_a_01152,3.13240629591,0
outcome_a,outcome_a_01153,0.209112449204,0
outcome_a,outcome_a_01154,11.9833804429,0
outcome_a,outcome_a_01155,11.8364298507,0
outcome_a,outcome_a_01156,7.40166911678,1
outcome_a,outcome_a_01157,-4.4106756341,0
outcome_a,outcome_a_01158,-5.8934588507,0
outcome_a,outcome_a_01159,8.13136522368,0
outcome_a,outcome_a_01160,9.11155289696,0
outcome_a,outcome_a_01161,-14.215359869,0
outcome_a,outcome_a_01162,-6.91308079324,0
outcome_a,outcome_a_01163,3.04989509087,0
outcome_a,outcome_a_01164,13.4003897028,0
outcome_a,outcome_a_01165,-10.407706445,0
outcome_a,outcome_a_01166,-10.7388430974,0
outcome_a,outcome_a_01167,5.77685103813,0
outcome_a,outcome_a_01168,15.5886755729,0
outcome_a,outcome_a_01169,-11.2271027626,0
outcome_a,outcome_a_01170,6.80688959049,0
outcome_a,outcome_a_01171,-6.82695784771,0
outcome_a,outcome_a_01172,-0.571538135143,1
outcome_a,outcome_a_01173,-15.9112398456,0
outcome_a,outcome_a_01174,-15.517554895,0
outcome_a,outcome_a_01175,-5.97937824599,0
outcome_a,outcome_a_01176,-11.8510174733,0
outcome_a,outcome_a_01177,-12.4374696007,0
outcome_a,outcome_a_01178,-7.58982381612,0
outcome_a,outcome_a_01179,-14.5357812063,0
outcome_a,outcome_a_01180,-9.02733560525,0
outcome_a,outcome_a_01181,0.755239972614,0
outcome_a,outcome_a_01182,-3.37367377244,1
outcome_a,outcome_a_01183,13.5170299913,0
outcome_a,outcome_a_01184,4.884381724,0
outcome_a,outcome_a_01185,-14.2714017521,0
outcome_a,outcome_a_01186,8.67882140129,0
outcome_a,outcome_a_01187,-5.45065138165,0
outcome_a,outcome_a_01188,-2.17397003961,0
outcome_a,outcome_a_01189,-15.3260067472,0
outcome_a,outcome_a_01190,10.2760047063,0
outcome_a,outcome_a_01191,-13.7129789878,0
outcome_a,outcome_a_01192,-3.98168127705,0
outcome_a,outcome_a_01193,5.98890446885,0
outcome_a,outcome_a_01194,9.88465962221,1
outcome_a,outcome_a_01195,-8.60033115018,0
outcome_a,outcome_a_01196,15.3410988883,0
outcome_a,outcome_a_01197,13.9892786341,0
outcome_a,outcome_a_01198,-10.8832014204,0
outcome_a,outcome_a_01199,1.682650094,0
outcome_a,outcome_a_01200,3.10568474188,1
outcome_a,outcome_a_01201,1.8589556078,0
outcome_a,outcome_a_01202,5.25429510186,0
outcome_a,outcome_a_01203,-11.7414079726,0
outcome_a,outcome_a_01204,10.3090698584,0
outcome_a,outcome_a_01205,-3.25890113787,0
outcome_a,outcome_a_01206,-6.771365875,0
outcome_a,outcome_a_01207,7.70676706117,0
outcome_a,outcome_a_01208,-4.46908145128,0
outcome_a,outcome_a_01209,13.237598612,0
outcome_a,outcome_a_01210,-15.1923310308,0
outcome_a,outcome_a_01211,3.76611448642,0
outcome_a,outcome_a_01212,11.5072940168,0
outcome_a,outcome_a_01213,4.62807495972,0
outcome_a,outcome_a_01214,-2.25374322451,0
outcome_a,outcome_a_01215,-1.73129593275,0
outcome_a,outcome_a_01216,-4.01936045244,0
outcome_a,outcome_a_01217,5.45051937911,0
outcome_a,outcome_a_01218,8.41213172744,0
outcome_a,outcome_a_01219,7.00883683173,0
outcome_a,outcome_a_01220,9.04750311179,0
outcome_a,outcome_a_01221,4.07623216799,1
outcome_a,outcome_a_01222,-13.4167106938,0
outcome_a,outcome_a_01223,-8.66668362396,0
outcome_a,outcome_a_01224,13.9864686918,0
outcome_a,outcome_a_01225,-13.4172601982,0
outcome_a,outcome_a_01226,11.6015039227,0
outcome_a,outcome_a_01227,6.4924302107,0
outcome_a,outcome_a_01228,-9.394949653,1
outcome_a,outcome_a_01229,11.1850788353,0
outcome_a,outcome_a_01230,8.88695170716,1
outcome_a,outcome_a_01231,13.0587889417,0
outcome_a,outcome_a_01232,2.32617912129,0
outcome_a,outcome_a_01233,8.40226454011,1
outcome_a,outcome_a_01234,-10.2227796773,0
outcome_a,outcome_a_01235,-12.2656621899,0
outcome_a,outcome_a_01236,-4.43884059875,0
outcome_a,outcome_a_01237,-13.4500571073,0
outcome_a,outcome_a_01238,10.2062446659,0
outcome_a,outcome_a_01239,10.2887456624,0
outcome_a,outcome_a_01240,6.51462573407,0
outcome_a,outcome_a_01241,10.9444854734,0
outcome_a,outcome_a_01242,6.89859750345,0
outcome_a,outcome_a_01243,-7.05029837385,0
outcome_a,outcome_a_01244,-4.33932082444,0
outcome_a,outcome_a_01245,5.53840626907,1
outcome_a,outcome_a_01246,-15.6811583163,0
outcome_a,outcome_a_01247,7.63281968536,0
outcome_a,outcome_a_01248,11.4737607448,0
outcome_a,outcome_a_01249,-12.3931657482,0
outcome_a,outcome_a_01250,-0.730639942042,0
outcome_a,outcome_a_01251,-7.34879937453,1
outcome_a,outcome_a_01252,0.854065690364,0
outcome_a,outcome_a_01253,3.42020285223,0
outcome_a,outcome_a_01254,7.31738156576,0
outcome_a,outcome_a_01255,-6.30068239985,0
outcome_a,outcome_a_01256,3.75698512796,0
outcome_a,outcome_a_01257,-15.7154199089,0
outcome_a,outcome_a_01258,13.9994407574,0
outcome_a,outcome_a_01259,15.9692830672,0
outcome_a,outcome_a_01260,4.19225517413,0
outcome_a,outcome_a_01261,10.0184651309,0
outcome_a,outcome_a_01262,-3.28324340659,0
outcome_a,outcome_a_01263,-13.9318991549,0
outcome_a,outcome_a_01264,-6.11624684868,0
outcome_a,outcome_a_01265,-10.6815140524,0
outcome_a,outcome_a_01266,4.40708913781,0
outcome_a,outcome_a_01267,7.81629258788,0
outcome_a,outcome_a_01268,-2.29234813542,0
outcome_a,outcome_a_01269,2.93945106869,0
outcome_a,outcome_a_01270,4.43172337827,0
outcome_a,outcome_a_01271,-7.29564333476,0
outcome_a,outcome_a_01272,2.92623526566,0
outcome_a,outcome_a_01273,11.8544411642,0
outcome_a,outcome_a_01274,-14.0640421906,0
outcome_a,outcome_a_01275,7.46558273821,0
outcome_a,outcome_a_01276,-3.38650665666,0
outcome_a,outcome_a_01277,-2.48203345519,0
outcome_a,outcome_a_01278,15.7920087608,0
outcome_a,outcome_a_01279,15.0608618722,0
outcome_a,outcome_a_01280,-15.7932055562,0
outcome_a,outcome_a_01281,11.2771257971,0
outcome_a,outcome_a_01282,0.960652183286,0
outcome_a,outcome_a_01283,-13.1924692081,0
outcome_a,outcome_a_01284,-7.12192379844,0
outcome_a,outcome_a_01285,8.07309299304,0
outcome_a,outcome_a_01286,3.41481025821,0
outcome_a,outcome_a_01287,-1.77708799365,0
outcome_a,outcome_a_01288,14.5801721132,0
outcome_a,outcome_a_01289,-5.14376231659,0
outcome_a,outcome_a_01290,-0.570410249526,0
outcome_a,outcome_a_01291,-0.0151633074756,1
outcome_a,outcome_a_01292,2.72583175087,0
outcome_a,outcome_a_01293,-2.76203383447,0
outcome_a,outcome_a_01294,9.89292391462,0
outcome_a,outcome_a_01295,-12.0009915123,0
outcome_a,outcome_a_01296,-8.69995942622,0
outcome_a,outcome_a_01297,-2.21828088075,0
outcome_a,outcome_a_01298,-10.0957640833,1
outcome_a,outcome_a_01299,-6.45509051315,0
outcome_a,outcome_a_01300,-2.30540402949,1
outcome_a,outcome_a_01301,-9.36780169908,0
outcome_a,outcome_a_01302,11.2332795358,0
outcome_a,outcome_a_01303,-3.26564646695,0
outcome_a,outcome_a_01304,-12.9000391606,0
outcome_a,outcome_a_01305,10.6323760539,0
outcome_a,outcome_a_01306,1.3908488231,0
outcome_a,outcome_a_01307,-0.350457709924,0
outcome_a,outcome_a_01308,-14.1334987235,0
outcome_a,outcome_a_01309,-11.8421277776,0
outcome_a,outcome_a_01310,15.1923422368,0
outcome_a,outcome_a_01311,2.66113147728,0
outcome_a,outcome_a_01312,14.4730219253,0
outcome_a,outcome_a_01313,11.1872813275,0
outcome_a,outcome_a_01314,-10.348713343,0
outcome_a,outcome_a_01315,-3.80593743386,0
outcome_a,outcome_a_01316,-9.56430697998,0
outcome_a,outcome_a_01317,14.3055762236,0
outcome_a,outcome_a_01318,-15.9528205071,0
outcome_a,outcome_a_01319,9.98177020896,0
outcome_a,outcome_a_01320,-4.02734896896,0
outcome_a,outcome_a_01321,-6.85351298664,0
outcome_a,outcome_a_01322,13.6703967379,0
outcome_a,outcome_a_01323,-5.84593946814,0
outcome_a,outcome_a_01324,-0.132189572544,0
outcome_a,outcome_a_01325,5.77871410426,0
outcome_a,outcome_a_01326,15.0759290019,0
outcome_a,outcome_a_01327,6.46959464696,0
outcome_a,outcome_a_01328,-13.1798120368,0
outcome_a,outcome_a_01329,15.4458649709,0
outcome_a,outcome_a_01330,-9.1761614571,0
outcome_a,outcome_a_01331,-6.66704458795,0
outcome_a,outcome_a_01332,-9.57689040658,0
outcome_a,outcome_a_01333,-13.0886051924,0
outcome_a,outcome_a_01334,-12.0880056402,0
outcome_a,outcome_a_01335,2.06814585808,0
outcome_a,outcome_a_01336,6.45383760257,0
outcome_a,outcome_a_01337,6.36947764911,0
outcome_a,outcome_a_01338,15.9924645862,0
outcome_a,outcome_a_01339,11.6544412924,0
outcome_a,outcome_a_01340,12.8717856888,0
outcome_a,outcome_a_01341,7.33843622245,0
outcome_a,outcome_a_01342,-5.3051907483,0
outcome_a,outcome_a_01343,-5.7991750792,0
outcome_a,outcome_a_01344,-3.27248383925,0
outcome_a,outcome_a_01345,1.02440234578,0
outcome_a,outcome_a_01346,-13.4212824293,0
outcome_a,outcome_a_01347,7.40998529867,1
outcome_a,outcome_a_01348,6.08754802702,0
outcome_a,outcome_a_01349,-3.87885758083,1
outcome_a,outcome_a_01350,6.41544307422,0
outcome_a,outcome_a_01351,11.117755393,0
outcome_a,outcome_a_01352,-4.96980969,1
outcome_a,outcome_a_01353,14.5354776694,0
outcome_a,outcome_a_01354,9.10979765857,0
outcome_a,outcome_a_01355,0.326187096345,0
outcome_a,outcome_a_01356,-7.54754229058,0
outcome_a,outcome_a_01357,-6.93604197617,0
outcome_a,outcome_a_01358,-13.5461888427,0
outcome_a,outcome_a_01359,-8.88545869883,0
outcome_a,outcome_a_01360,-10.5916851253,0
outcome_a,outcome_a_01361,-11.4649672748,1
outcome_a,outcome_a_01362,-0.0902471348979,0
outcome_a,outcome_a_01363,13.468774216,1
outcome_a,outcome_a_01364,12.5185036565,0
outcome_a,outcome_a_01365,-1.37128689096,0
outcome_a,outcome_a_01366,7.39789579996,0
outcome_a,outcome_a_01367,-10.2959527775,1
outcome_a,outcome_a_01368,13.4164401775,0
outcome_a,outcome_a_01369,-10.2642728909,0
outcome_a,outcome_a_01370,9.65901794086,0
outcome_a,outcome_a_01371,8.66251683892,0
outcome_a,outcome_a_01372,13.0614597841,1
outcome_a,outcome_a_01373,-3.54619171442,0
outcome_a,outcome_a_01374,-14.843688946,0
outcome_a,outcome_a_01375,3.55073801355,0
outcome_a,outcome_a_01376,9.76482422996,0
outcome_a,outcome_a_01377,3.15664437192,0
outcome_a,outcome_a_01378,0.0282187798178,0
outcome_a,outcome_a_01379,-6.77535855196,1
outcome_a,outcome_a_01380,5.21671653881,0
outcome_a,outcome_a_01381,15.1416925037,0
outcome_a,outcome_a_01382,-5.06927541763,0
outcome_a,outcome_a_01383,9.45144008927,0
outcome_a,outcome_a_01384,13.9609378056,0
outcome_a,outcome_a_01385,8.74152250396,1
outcome_a,outcome_a_01386,6.53867831271,0
outcome_a,outcome_a_01387,1.8569831907,0
outcome_a,outcome_a_01388,-7.30820706676,0
outcome_a,outcome_a_01389,1.99645031531,0
outcome_a,outcome_a_01390,5.24731843278,0
outcome_a,outcome_a_01391,-8.30808551029,0
outcome_a,outcome_a_01392,-10.4379214488,1
outcome_a,outcome_a_01393,-0.474258266948,0
outcome_a,outcome_a_01394,-12.4443924922,0
outcome_a,outcome_a_01395,-4.3762843238,0
outcome_a,outcome_a_01396,-10.382448399,0
outcome_a,outcome_a_01397,7.23712454417,0
outcome_a,outcome_a_01398,6.13580696468,0
outcome_a,outcome_a_01399,-7.29748369523,0
outcome_a,outcome_a_01400,9.06296321752,0
outcome_a,outcome_a_01401,9.87272001715,0
outcome_a,outcome_a_01402,5.95442588092,0
outcome_a,outcome_a_01403,-4.38729137771,0
outcome_a,outcome_a_01404,-11.4450817713,0
outcome_a,outcome_a_01405,6.70979611069,0
outcome_a,outcome_a_01406,-2.79344553529,0
outcome_a,outcome_a_01407,2.12370764688,1
outcome_a,outcome_a_01408,-2.66164241968,0
outcome_a,outcome_a_01409,13.2678710325,0
outcome_a,outcome_a_01410,-2.12077843726,0
outcome_a,outcome_a_01411,1.45739136913,0
outcome_a,outcome_a_01412,-13.7057047322,0
outcome_a,outcome_a_01413,-13.4552988996,0
outcome_a,outcome_a_01414,-2.49644231589,0
outcome_a,outcome_a_01415,1.62235604894,0
outcome_a,outcome_a_01416,11.5500497453,0
outcome_a,outcome_a_01417,-14.3703903246,1
outcome_a,outcome_a_01418,5.19619122793,0
outcome_a,outcome_a_01419,-15.2061706855,1
outcome_a,outcome_a_01420,1.08641962088,0
outcome_a,outcome_a_01421,-7.55042261686,0
outcome_a,outcome_a_01422,-14.2740461899,0
outcome_a,outcome_a_01423,0.661342577346,0
outcome_a,outcome_a_01424,-12.4182292342,0
outcome_a,outcome_a_01425,-12.3093791701,0
outcome_a,outcome_a_01426,1.96241191686,0
outcome_a,outcome_a_01427,-12.0418401856,0
outcome_a,outcome_a_01428,-11.9306345401,0
outcome_a,outcome_a_01429,-3.6852162995,0
outcome_a,outcome_a_01430,-11.9997741768,1
outcome_a,outcome_a_01431,8.11099945787,0
outcome_a,outcome_a_01432,-1.09888972963,0
outcome_a,outcome_a_01433,10.3803153787,0
outcome_a,outcome_a_01434,-3.28253516902,0
outcome_a,outcome_a_01435,8.78532158376,0
outcome_a,outcome_a_01436,-3.95869908186,0
outcome_a,outcome_a_01437,5.61775725684,0
outcome_a,outcome_a_01438,1.97970467455,0
outcome_a,outcome_a_01439,-9.72189794356,0
outcome_a,outcome_a_01440,-7.92557023769,0
outcome_a,outcome_a_01441,11.7897805625,1
outcome_a,outcome_a_01442,0.0617133949605,0
outcome_a,outcome_a_01443,10.7550521159,0
outcome_a,outcome_a_01444,2.59939505957,0
outcome_a,outcome_a_01445,14.214853897,0
outcome_a,outcome_a_01446,-10.2782086743,0
outcome_a,outcome_a_01447,11.2464872606,0
outcome_a,outcome_a_01448,3.87772148838,1
outcome_a,outcome_a_01449,3.53079450207,0
outcome_a,outcome_a_01450,-3.64071358209,0
outcome_a,outcome_a_01451,14.9516451191,0
outcome_a,outcome_a_01452,-7.57457483325,0
outcome_a,outcome_a_01453,-1.95787461904,0
outcome_a,outcome_a_01454,9.9813760695,0
outcome_a,outcome_a_01455,1.31994243354,0
outcome_a,outcome_a_01456,14.6584828273,0
outcome_a,outcome_a_01457,-0.0377371459806,0
outcome_a,outcome_a_01458,-12.7812019354,0
outcome_a,outcome_a_01459,-12.8786748646,0
outcome_a,outcome_a_01460,-14.1264603186,0
outcome_a,outcome_a_01461,9.77285678383,0
outcome_a,outcome_a_01462,14.3404430352,0
outcome_a,outcome_a_01463,15.853549158,0
outcome_a,outcome_a_01464,-15.2731281946,0
outcome_a,outcome_a_01465,-8.83756984393,1
outcome_a,outcome_a_01466,-7.62917320957,0
outcome_a,outcome_a_01467,2.11063474095,0
outcome_a,outcome_a_01468,2.42574801632,1
outcome_a,outcome_a_01469,-2.77220526438,0
outcome_a,outcome_a_01470,5.03225996186,0
outcome_a,outcome_a_01471,15.6374067657,0
outcome_a,outcome_a_01472,15.1561524431,0
outcome_a,outcome_a_01473,1.08056191025,0
outcome_a,outcome_a_01474,12.7108604369,0
outcome_a,outcome_a_01475,-7.18603352463,0
outcome_a,outcome_a_01476,0.471648895416,0
outcome_a,outcome_a_01477,9.2075615932,0
outcome_a,outcome_a_01478,8.28101601148,0
outcome_a,outcome_a_01479,-7.05116576653,0
outcome_a,outcome_a_01480,-1.24341129937,0
outcome_a,outcome_a_01481,-15.4832308388,0
outcome_a,outcome_a_01482,-3.81400055418,0
outcome_a,outcome_a_01483,1.94010068,0
outcome_a,outcome_a_01484,-1.06663202921,0
outcome_a,outcome_a_01485,-14.8387939631,0
outcome_a,outcome_a_01486,-13.5449406919,0
outcome_a,outcome_a_01487,-2.35888124208,0
outcome_a,outcome_a_01488,7.89368241534,0
outcome_a,outcome_a_01489,11.0184815612,1
outcome_a,outcome_a_01490,-11.8437647963,0
outcome_a,outcome_a_01491,0.666992481474,0
outcome_a,outcome_a_01492,13.3207167747,0
outcome_a,outcome_a_01493,-13.1482525426,0
outcome_a,outcome_a_01494,-5.65752391883,0
outcome_a,outcome_a_01495,8.34788705974,1
outcome_a,outcome_a_01496,-14.32621099,0
outcome_a,outcome_a_01497,-2.56285699927,0
outcome_a,outcome_a_01498,10.366797325,1
outcome_a,outcome_a_01499,14.8239047027,0
outcome_a,outcome_a_01500,3.47351827564,0
outcome_a,outcome_a_01501,11.0979731902,0
outcome_a,outcome_a_01502,-1.08635961883,0
outcome_a,outcome_a_01503,-11.5136797856,0
outcome_a,outcome_a_01504,6.08787269121,1
outcome_a,outcome_a_01505,-11.3548404859,0
outcome_a,outcome_a_01506,2.12926019901,0
outcome_a,outcome_a_01507,-7.89353227187,0
outcome_a,outcome_a_01508,5.03532746241,0
outcome_a,outcome_a_01509,-14.4203060106,0
outcome_a,outcome_a_01510,-11.6875882337,0
outcome_a,outcome_a_01511,8.34755443293,1
outcome_a,outcome_a_01512,-2.99199824714,0
outcome_a,outcome_a_01513,-9.60926826965,0
outcome_a,outcome_a_01514,-14.6835851628,0
outcome_a,outcome_a_01515,-8.99483105488,0
outcome_a,outcome_a_01516,-10.3638056865,0
outcome_a,outcome_a_01517,-11.4432896389,0
outcome_a,outcome_a_01518,10.4842749878,0
outcome_a,outcome_a_01519,15.2248926576,0
outcome_a,outcome_a_01520,4.7097282832,0
outcome_a,outcome_a_01521,-15.3974003935,0
outcome_a,outcome_a_01522,5.48464541966,0
outcome_a,outcome_a_01523,5.41308638815,0
outcome_a,outcome_a_01524,9.44762496272,0
outcome_a,outcome_a_01525,-1.34329542377,0
outcome_a,outcome_a_01526,10.3874344686,0
outcome_a,outcome_a_01527,7.21123282918,0
outcome_a,outcome_a_01528,-13.8044442259,0
outcome_a,outcome_a_01529,-2.43482527759,0
outcome_a,outcome_a_01530,10.091283121,0
outcome_a,outcome_a_01531,-11.1230120315,0
outcome_a,outcome_a_01532,0.465307528041,0
outcome_a,outcome_a_01533,-7.2149657247,0
outcome_a,outcome_a_01534,-14.996753363,1
outcome_a,outcome_a_01535,-6.47814708093,0
outcome_a,outcome_a_01536,-15.9942504684,0
outcome_a,outcome_a_01537,12.4969010999,1
outcome_a,outcome_a_01538,12.6243417258,0
outcome_a,outcome_a_01539,13.3038184235,0
outcome_a,outcome_a_01540,-13.1448195641,0
outcome_a,outcome_a_01541,-4.02002612082,0
outcome_a,outcome_a_01542,-7.13877390505,0
outcome_a,outcome_a_01543,-15.815854411,0
outcome_a,outcome_a_01544,14.6648881863,0
outcome_a,outcome_a_01545,14.785376381,0
outcome_a,outcome_a_01546,-1.57604162719,0
outcome_a,outcome_a_01547,-5.88921939817,0
outcome_a,outcome_a_01548,9.71731689876,0
outcome_a,outcome_a_01549,3.32376815824,0
outcome_a,outcome_a_01550,-15.562062508,0
outcome_a,outcome_a_01551,13.8827579131,0
outcome_a,outcome_a_01552,-14.9281141621,0
outcome_a,outcome_a_01553,-7.70357968314,0
outcome_a,outcome_a_01554,1.48193698535,1
outcome_a,outcome_a_01555,12.7470486878,0
outcome_a,outcome_a_01556,14.0343043801,0
outcome_a,outcome_a_01557,11.2661852314,0
outcome_a,outcome_a_01558,-0.4145005223,1
outcome_a,outcome_a_01559,-9.08533444907,0
outcome_a,outcome_a_01560,3.85026345778,1
outcome_a,outcome_a_01561,3.85064530227,0
outcome_a,outcome_a_01562,-14.2670605551,0
outcome_a,outcome_a_01563,-8.86438782724,0
outcome_a,outcome_a_01564,-12.3809464777,0
outcome_a,outcome_a_01565,11.6569262246,0
outcome_a,outcome_a_01566,15.5008918886,0
outcome_a,outcome_a_01567,13.2114679411,0
outcome_a,outcome_a_01568,-2.51409015639,0
outcome_a,outcome_a_01569,-0.0490610623086,0
outcome_a,outcome_a_01570,-2.0385372229,0
outcome_a,outcome_a_01571,0.257476612971,0
outcome_a,outcome_a_01572,9.9068576182,0
outcome_a,outcome_a_01573,6.98549741866,0
outcome_a,outcome_a_01574,4.24410984245,0
outcome_a,outcome_a_01575,-11.9484108016,1
outcome_a,outcome_a_01576,-15.8004506963,0
outcome_a,outcome_a_01577,12.6171182773,0
outcome_a,outcome_a_01578,0.348159639161,0
outcome_a,outcome_a_01579,10.8833618836,0
outcome_a,outcome_a_01580,-6.84961520805,0
outcome_a,outcome_a_01581,-2.20530168466,0
outcome_a,outcome_a_01582,14.6539818704,0
outcome_a,outcome_a_01583,4.40876592336,0
outcome_a,outcome_a_01584,1.58193907253,0
outcome_a,outcome_a_01585,15.670523467,0
outcome_a,outcome_a_01586,7.97860051529,0
outcome_a,outcome_a_01587,8.41837784464,0
outcome_a,outcome_a_01588,9.08351229695,0
outcome_a,outcome_a_01589,-1.94118823023,0
outcome_a,outcome_a_01590,-2.42450283935,1
outcome_a,outcome_a_01591,-13.995349936,0
outcome_a,outcome_a_01592,6.54400882577,0
outcome_a,outcome_a_01593,6.37966432643,0
outcome_a,outcome_a_01594,-15.1163902237,0
outcome_a,outcome_a_01595,-9.22380641255,1
outcome_a,outcome_a_01596,11.9260518405,0
outcome_a,outcome_a_01597,-15.8947979444,0
outcome_a,outcome_a_01598,-10.0798753191,0
outcome_a,outcome_a_01599,-5.4866165445,0
outcome_a,outcome_a_01600,-1.38656610069,0
outcome_a,outcome_a_01601,14.1866239728,0
outcome_a,outcome_a_01602,-12.9635060003,0
outcome_a,outcome_a_01603,-4.48197898244,0
outcome_a,outcome_a_01604,-11.7158841953,1
outcome_a,outcome_a_01605,1.15728619747,0
outcome_a,outcome_a_01606,-2.43183980111,0
outcome_a,outcome_a_01607,11.435485564,0
outcome_a,outcome_a_01608,-2.14737020267,0
outcome_a,outcome_a_01609,15.0672524111,0
outcome_a,outcome_a_01610,-0.619257680773,0
outcome_a,outcome_a_01611,0.278799431,0
outcome_a,outcome_a_01612,10.211873286,0
outcome_a,outcome_a_01613,-8.36120367865,0
outcome_a,outcome_a_01614,-3.55683065536,0
outcome_a,outcome_a_01615,-2.66309041666,0
outcome_a,outcome_a_01616,-4.36760755209,0
outcome_a,outcome_a_01617,4.56929715992,0
outcome_a,outcome_a_01618,5.37360536426,0
outcome_a,outcome_a_01619,14.5649922364,0
outcome_a,outcome_a_01620,-2.80155550039,0
outcome_a,outcome_a_01621,5.96946898905,0
outcome_a,outcome_a_01622,-13.0750760322,0
outcome_a,outcome_a_01623,5.95627928846,0
outcome_a,outcome_a_01624,2.79870728137,0
outcome_a,outcome_a_01625,-0.556453893956,0
outcome_a,outcome_a_01626,6.14337085469,0
outcome_a,outcome_a_01627,-8.9221200047,0
outcome_a,outcome_a_01628,-7.26066515131,0
outcome_a,outcome_a_01629,-15.2650918906,0
outcome_a,outcome_a_01630,-6.83782458106,0
outcome_a,outcome_a_01631,-6.6313074359,0
outcome_a,outcome_a_01632,9.91136678712,1
outcome_a,outcome_a_01633,-13.447052286,0
outcome_a,outcome_a_01634,9.61453120285,0
outcome_a,outcome_a_01635,-10.6972809071,0
outcome_a,outcome_a_01636,13.2582668515,0
outcome_a,outcome_a_01637,5.03074206773,1
outcome_a,outcome_a_01638,14.0241070575,0
outcome_a,outcome_a_01639,1.15354458164,0
outcome_a,outcome_a_01640,-2.32168442438,0
outcome_a,outcome_a_01641,-4.74190398111,1
outcome_a,outcome_a_01642,-9.13313857676,1
outcome_a,outcome_a_01643,-12.7954339998,0
outcome_a,outcome_a_01644,-11.84577328,0
outcome_a,outcome_a_01645,-5.64280146178,0
outcome_a,outcome_a_01646,-10.2594905517,0
outcome_a,outcome_a_01647,-0.672591585123,0
outcome_a,outcome_a_01648,9.40843161225,0
outcome_a,outcome_a_01649,3.72258390688,0
outcome_a,outcome_a_01650,8.16351705536,1
outcome_a,outcome_a_01651,12.0047659812,0
outcome_a,outcome_a_01652,12.5020771917,0
outcome_a,outcome_a_01653,13.6451791944,0
outcome_a,outcome_a_01654,-15.382304648,0
outcome_a,outcome_a_01655,0.0650632808201,0
outcome_a,outcome_a_01656,-12.4202302179,1
outcome_a,outcome_a_01657,-1.83085137556,0
outcome_a,outcome_a_01658,1.47187241839,1
outcome_a,outcome_a_01659,-8.8637508989,0
outcome_a,outcome_a_01660,-10.4912797883,0
outcome_a,outcome_a_01661,-5.70208952622,0
outcome_a,outcome_a_01662,7.21337745371,0
outcome_a,outcome_a_01663,-4.4785425984,0
outcome_a,outcome_a_01664,-8.55460604358,0
outcome_a,outcome_a_01665,3.55449021915,1
outcome_a,outcome_a_01666,-12.9596372884,1
outcome_a,outcome_a_01667,-0.694717235362,0
outcome_a,outcome_a_01668,-14.138596172,1
outcome_a,outcome_a_01669,-12.7915347034,0
outcome_a,outcome_a_01670,13.6777118974,0
outcome_a,outcome_a_01671,-15.7159260907,0
outcome_a,outcome_a_01672,3.9744959614,1
outcome_a,outcome_a_01673,-13.2686869276,0
outcome_a,outcome_a_01674,-1.99324489856,0
outcome_a,outcome_a_01675,-6.27405031279,1
outcome_a,outcome_a_01676,-14.6040288561,0
outcome_a,outcome_a_01677,-2.09547235467,0
outcome_a,outcome_a_01678,4.91820867144,0
outcome_a,outcome_a_01679,-3.2892580985,0
outcome_a,outcome_a_01680,12.4664802667,0
outcome_a,outcome_a_01681,-4.54133910282,0
outcome_a,outcome_a_01682,-15.4900544248,1
outcome_a,outcome_a_01683,13.3059743998,0
outcome_a,outcome_a_01684,11.632947632,0
outcome_a,outcome_a_01685,4.47459337937,0
outcome_a,outcome_a_01686,-8.40895722366,0
outcome_a,outcome_a_01687,15.2103021521,0
outcome_a,outcome_a_01688,-2.22911453798,0
outcome_a,outcome_a_01689,1.93517444219,0
outcome_a,outcome_a_01690,-10.8698910361,0
outcome_a,outcome_a_01691,1.1568409808,0
outcome_a,outcome_a_01692,6.9871286608,0
outcome_a,outcome_a_01693,5.11530959188,0
outcome_a,outcome_a_01694,-7.73177076772,1
outcome_a,outcome_a_01695,-11.7596310827,0
outcome_a,outcome_a_01696,7.53409300023,0
outcome_a,outcome_a_01697,11.9791011129,0
outcome_a,outcome_a_01698,5.27931136804,0
outcome_a,outcome_a_01699,2.73068165885,1
outcome_a,outcome_a_01700,-1.08925314217,0
outcome_a,outcome_a_01701,-3.27203570622,1
outcome_a,outcome_a_01702,0.737229132838,1
outcome_a,outcome_a_01703,-8.18222090254,0
outcome_a,outcome_a_01704,10.8937013292,0
outcome_a,outcome_a_01705,4.19994666279,0
outcome_a,outcome_a_01706,-1.58183495675,0
outcome_a,outcome_a_01707,-11.3677997076,0
outcome_a,outcome_a_01708,-10.167185074,0
outcome_a,outcome_a_01709,-15.8189700965,1
outcome_a,outcome_a_01710,-14.8098850562,0
outcome_a,outcome_a_01711,14.8196416933,0
outcome_a,outcome_a_01712,8.77871652836,0
outcome_a,outcome_a_01713,14.2979512943,0
outcome_a,outcome_a_01714,7.37988737832,0
outcome_a,outcome_a_01715,-10.5395830263,0
outcome_a,outcome_a_01716,-14.3222436914,1
outcome_a,outcome_a_01717,14.8884683957,0
outcome_a,outcome_a_01718,-2.30187857215,1
outcome_a,outcome_a_01719,9.3339927013,0
outcome_a,outcome_a_01720,11.5996987512,0
outcome_a,outcome_a_01721,-9.03988856812,0
outcome_a,outcome_a_01722,-14.9381741292,0
outcome_a,outcome_a_01723,13.6550222728,0
outcome_a,outcome_a_01724,8.60596048287,0
outcome_a,outcome_a_01725,12.36853707,0
outcome_a,outcome_a_01726,2.11146426371,0
outcome_a,outcome_a_01727,10.899275647,0
outcome_a,outcome_a_01728,-9.68536042341,0
outcome_a,outcome_a_01729,-6.54736119247,0
outcome_a,outcome_a_01730,-5.67451935307,0
outcome_a,outcome_a_01731,7.20653499943,0
outcome_a,outcome_a_01732,-9.9526683252,1
outcome_a,outcome_a_01733,14.738254908,0
outcome_a,outcome_a_01734,-11.5025565806,0
outcome_a,outcome_a_01735,7.15060378952,0
outcome_a,outcome_a_01736,-13.6616160133,0
outcome_a,outcome_a_01737,9.82209829078,0
outcome_a,outcome_a_01738,14.087331761,0
outcome_a,outcome_a_01739,-8.93077833673,0
outcome_a,outcome_a_01740,8.46880322462,0
outcome_a,outcome_a_01741,-12.2915128203,0
outcome_a,outcome_a_01742,-1.98578870876,0
outcome_a,outcome_a_01743,12.6982517787,0
outcome_a,outcome_a_01744,12.6465249613,0
outcome_a,outcome_a_01745,7.82324098551,0
outcome_a,outcome_a_01746,-10.0580903789,0
outcome_a,outcome_a_01747,-3.39738163835,0
outcome_a,outcome_a_01748,10.2154013027,0
outcome_a,outcome_a_01749,13.7592162175,0
outcome_a,outcome_a_01750,1.19651918053,0
outcome_a,outcome_a_01751,3.61369071134,1
outcome_a,outcome_a_01752,-9.69784273299,0
outcome_a,outcome_a_01753,-0.0099851778372,0
outcome_a,outcome_a_01754,-12.1177248583,0
outcome_a,outcome_a_01755,-7.59977324272,0
outcome_a,outcome_a_01756,6.41625141795,1
outcome_a,outcome_a_01757,-7.07089337706,1
outcome_a,outcome_a_01758,11.5790336519,0
outcome_a,outcome_a_01759,-10.8097243353,0
outcome_a,outcome_a_01760,2.34795692311,0
outcome_a,outcome_a_01761,-12.5273051159,0
outcome_a,outcome_a_01762,7.5746710657,0
outcome_a,outcome_a_01763,-11.0179052758,0
outcome_a,outcome_a_01764,-9.3642644104,0
outcome_a,outcome_a_01765,-11.445323015,0
outcome_a,outcome_a_01766,-1.12771446687,0
outcome_a,outcome_a_01767,7.98153510654,0
outcome_a,outcome_a_01768,11.426934125,0
outcome_a,outcome_a_01769,-6.63155269538,1
outcome_a,outcome_a_01770,0.383361939174,0
outcome_a,outcome_a_01771,3.93684534548,0
outcome_a,outcome_a_01772,-1.90755625158,0
outcome_a,outcome_a_01773,-6.98157037566,0
outcome_a,outcome_a_01774,-2.66897122837,0
outcome_a,outcome_a_01775,9.99093960629,0
outcome_a,outcome_a_01776,-3.98442586401,0
outcome_a,outcome_a_01777,-15.2800038762,0
outcome_a,outcome_a_01778,-2.25996493242,0
outcome_a,outcome_a_01779,-13.2986161572,1
outcome_a,outcome_a_01780,9.75049188076,0
outcome_a,outcome_a_01781,7.78725289665,0
outcome_a,outcome_a_01782,2.3439141718,1
outcome_a,outcome_a_01783,9.54985433481,0
outcome_a,outcome_a_01784,15.5053092236,0
outcome_a,outcome_a_01785,5.36567972991,0
outcome_a,outcome_a_01786,11.4198327439,0
outcome_a,outcome_a_01787,7.89549597447,0
outcome_a,outcome_a_01788,-12.9190760318,0
outcome_a,outcome_a_01789,-15.2910008938,0
outcome_a,outcome_a_01790,2.76348154308,0
outcome_a,outcome_a_01791,4.52583556892,0
outcome_a,outcome_a_01792,13.6533259122,0
outcome_a,outcome_a_01793,9.74900603243,0
outcome_a,outcome_a_01794,11.5004022968,0
outcome_a,outcome_a_01795,-3.64336770439,0
outcome_a,outcome_a_01796,13.0071003669,0
outcome_a,outcome_a_01797,-5.9364731735,0
outcome_a,outcome_a_01798,8.81136958423,0
outcome_a,outcome_a_01799,15.0757302843,0
outcome_a,outcome_a_01800,-9.94193751024,0
outcome_a,outcome_a_01801,1.8423207703,1
outcome_a,outcome_a_01802,10.1448747804,0
outcome_a,outcome_a_01803,13.0303689336,0
outcome_a,outcome_a_01804,6.55788383361,0
outcome_a,outcome_a_01805,-1.88139333791,0
outcome_a,outcome_a_01806,-7.04622400902,0
outcome_a,outcome_a_01807,11.7184925274,0
outcome_a,outcome_a_01808,12.5774580307,0
outcome_a,outcome_a_01809,6.62255122549,0
outcome_a,outcome_a_01810,12.5154103707,0
outcome_a,outcome_a_01811,-0.080246706398,0
outcome_a,outcome_a_01812,13.3252621497,0
outcome_a,outcome_a_01813,5.45017426223,0
outcome_a,outcome_a_01814,-0.109627633114,0
outcome_a,outcome_a_01815,8.44587880705,0
outcome_a,outcome_a_01816,-1.87214976986,0
outcome_a,outcome_a_01817,-5.52582852647,0
outcome_a,outcome_a_01818,-0.520647356983,0
outcome_a,outcome_a_01819,5.45683593969,0
outcome_a,outcome_a_01820,6.16451885798,0
outcome_a,outcome_a_01821,3.19356360613,0
outcome_a,outcome_a_01822,-5.26928104381,0
outcome_a,outcome_a_01823,6.84061599441,0
outcome_a,outcome_a_01824,3.96252586111,0
outcome_a,outcome_a_01825,13.8762403777,0
outcome_a,outcome_a_01826,-1.2294857659,0
outcome_a,outcome_a_01827,-7.06523765898,0
outcome_a,outcome_a_01828,14.4271072898,0
outcome_a,outcome_a_01829,14.3774761302,0
outcome_a,outcome_a_01830,13.9746792273,0
outcome_a,outcome_a_01831,-1.1713785317,0
outcome_a,outcome_a_01832,9.0623821058,0
outcome_a,outcome_a_01833,-3.63384616996,1
outcome_a,outcome_a_01834,-1.58477124865,1
outcome_a,outcome_a_01835,-14.6780596057,0
outcome_a,outcome_a_01836,-3.7476803935,0
outcome_a,outcome_a_01837,-9.83109770966,0
outcome_a,outcome_a_01838,-14.4899888187,0
outcome_a,outcome_a_01839,-15.6510060178,0
outcome_a,outcome_a_01840,-2.4023953892,0
outcome_a,outcome_a_01841,12.1549956725,0
outcome_a,outcome_a_01842,10.8688384962,0
outcome_a,outcome_a_01843,11.5567168639,1
outcome_a,outcome_a_01844,-4.64538933299,0
outcome_a,outcome_a_01845,7.23324068202,0
outcome_a,outcome_a_01846,-4.77137441713,0
outcome_a,outcome_a_01847,-6.83921178111,0
outcome_a,outcome_a_01848,-12.3075231209,0
outcome_a,outcome_a_01849,-9.86397725108,0
outcome_a,outcome_a_01850,-4.98272958031,0
outcome_a,outcome_a_01851,-10.7236975291,0
outcome_a,outcome_a_01852,-6.63801894818,0
outcome_a,outcome_a_01853,2.87425493053,0
outcome_a,outcome_a_01854,6.50543543172,1
outcome_a,outcome_a_01855,13.7898772639,0
outcome_a,outcome_a_01856,-13.3655227992,0
outcome_a,outcome_a_01857,-8.33091667704,0
outcome_a,outcome_a_01858,-9.44551262282,0
outcome_a,outcome_a_01859,-13.5936258545,0
outcome_a,outcome_a_01860,6.74778057344,0
outcome_a,outcome_a_01861,13.4581966965,0
outcome_a,outcome_a_01862,-2.91286051839,0
outcome_a,outcome_a_01863,5.80534767025,0
outcome_a,outcome_a_01864,-4.01686873458,1
outcome_a,outcome_a_01865,5.90589800174,0
outcome_a,outcome_a_01866,12.391353875,0
outcome_a,outcome_a_01867,9.28340324361,0
outcome_a,outcome_a_01868,12.3140248086,0
outcome_a,outcome_a_01869,-3.35989874328,0
outcome_a,outcome_a_01870,10.6779048715,0
outcome_a,outcome_a_01871,3.84293574234,0
outcome_a,outcome_a_01872,2.79419450028,0
outcome_a,outcome_a_01873,-6.984433223,0
outcome_a,outcome_a_01874,-2.76080512757,0
outcome_a,outcome_a_01875,2.45418009575,0
outcome_a,outcome_a_01876,-10.3601155341,0
outcome_a,outcome_a_01877,8.08570086848,0
outcome_a,outcome_a_01878,4.63972661587,0
outcome_a,outcome_a_01879,-5.28495968792,0
outcome_a,outcome_a_01880,-6.8126396717,0
outcome_a,outcome_a_01881,3.99345821848,0
outcome_a,outcome_a_01882,5.15615810432,0
outcome_a,outcome_a_01883,14.4044092212,0
outcome_a,outcome_a_01884,9.93024977891,0
outcome_a,outcome_a_01885,1.47076459441,0
outcome_a,outcome_a_01886,-0.693207003201,0
outcome_a,outcome_a_01887,-4.02074114628,0
outcome_a,outcome_a_01888,-10.8197842448,0
outcome_a,outcome_a_01889,-3.81680687206,1
outcome_a,outcome_a_01890,-1.39084701396,0
outcome_a,outcome_a_01891,-0.979570610614,1
outcome_a,outcome_a_01892,-14.780811611,0
outcome_a,outcome_a_01893,-12.7753733359,0
outcome_a,outcome_a_01894,-13.2294843306,0
outcome_a,outcome_a_01895,-9.81235869159,0
outcome_a,outcome_a_01896,-2.73992627267,0
outcome_a,outcome_a_01897,12.7779390996,0
outcome_a,outcome_a_01898,-2.06035919547,0
outcome_a,outcome_a_01899,-4.52895137301,0
outcome_a,outcome_a_01900,-10.8794306279,0
outcome_a,outcome_a_01901,5.01687413535,0
outcome_a,outcome_a_01902,-13.5056776798,0
outcome_a,outcome_a_01903,0.95292339418,0
outcome_a,outcome_a_01904,-2.66426529182,0
outcome_a,outcome_a_01905,2.02144208783,0
outcome_a,outcome_a_01906,-14.5723665063,0
outcome_a,outcome_a_01907,-4.64766396119,0
outcome_a,outcome_a_01908,-1.25882885381,0
outcome_a,outcome_a_01909,1.2027590217,0
outcome_a,outcome_a_01910,-8.15312689203,0
outcome_a,outcome_a_01911,-0.121531608677,0
outcome_a,outcome_a_01912,-15.8049196865,0
outcome_a,outcome_a_01913,-10.9635823206,0
outcome_a,outcome_a_01914,-9.13745204461,0
outcome_a,outcome_a_01915,-15.5108871107,0
outcome_a,outcome_a_01916,-3.33344347129,0
outcome_a,outcome_a_01917,-15.8984348596,0
outcome_a,outcome_a_01918,14.2079775556,0
outcome_a,outcome_a_01919,-11.8861167051,0
outcome_a,outcome_a_01920,-2.26379416524,0
outcome_a,outcome_a_01921,-8.6955021975,0
outcome_a,outcome_a_01922,7.92540697755,0
outcome_a,outcome_a_01923,-13.0578753197,1
outcome_a,outcome_a_01924,7.38503661047,0
outcome_a,outcome_a_01925,-3.22611510106,1
outcome_a,outcome_a_01926,14.9071818691,0
outcome_a,outcome_a_01927,15.9625524881,0
outcome_a,outcome_a_01928,-1.61352761491,0
outcome_a,outcome_a_01929,-6.94361495755,0
outcome_a,outcome_a_01930,-13.1557210383,0
outcome_a,outcome_a_01931,3.0932375861,0
outcome_a,outcome_a_01932,-1.32359967578,0
outcome_a,outcome_a_01933,-6.78179222351,0
outcome_a,outcome_a_01934,3.1215350678,0
outcome_a,outcome_a_01935,-7.29746620267,1
outcome_a,outcome_a_01936,-14.5846169604,0
outcome_a,outcome_a_01937,-13.5808305582,0
outcome_a,outcome_a_01938,-4.59709841693,0
outcome_a,outcome_a_01939,2.4752539095,0
outcome_a,outcome_a_01940,4.78810365883,0
outcome_a,outcome_a_01941,-12.0739897382,0
outcome_a,outcome_a_01942,6.94860652613,0
outcome_a,outcome_a_01943,5.48563647131,0
outcome_a,outcome_a_01944,-11.6005349826,0
outcome_a,outcome_a_01945,-13.5740176191,0
outcome_a,outcome_a_01946,-6.90085600859,0
outcome_a,outcome_a_01947,-2.41439355005,0
outcome_a,outcome_a_01948,-12.3731223756,1
outcome_a,outcome_a_01949,-9.61384859907,0
outcome_a,outcome_a_01950,13.3914013933,0
outcome_a,outcome_a_01951,9.23461158602,0
outcome_a,outcome_a_01952,-14.5373577485,0
outcome_a,outcome_a_01953,11.4542251397,0
outcome_a,outcome_a_01954,4.34666662667,0
outcome_a,outcome_a_01955,-0.169925079976,1
outcome_a,outcome_a_01956,5.47594205092,0
outcome_a,outcome_a_01957,5.16583483937,0
outcome_a,outcome_a_01958,-6.55616948479,0
outcome_a,outcome_a_01959,-1.53390292786,0
outcome_a,outcome_a_01960,3.71434270753,0
outcome_a,outcome_a_01961,-11.1775794203,0
outcome_a,outcome_a_01962,-14.8218638313,0
outcome_a,outcome_a_01963,-15.2902067619,0
outcome_a,outcome_a_01964,1.56115012767,0
outcome_a,outcome_a_01965,2.55430698752,0
outcome_a,outcome_a_01966,7.88499582451,0
outcome_a,outcome_a_01967,-10.8029406472,0
outcome_a,outcome_a_01968,13.4983372037,0
outcome_a,outcome_a_01969,-8.9466404306,0
outcome_a,outcome_a_01970,-9.89024620225,0
outcome_a,outcome_a_01971,8.35248237413,0
outcome_a,outcome_a_01972,10.4827840804,0
outcome_a,outcome_a_01973,11.6469466276,0
outcome_a,outcome_a_01974,0.725769257392,0
outcome_a,outcome_a_01975,8.98662906254,0
outcome_a,outcome_a_01976,12.80732006,0
outcome_a,outcome_a_01977,-7.56011152003,0
outcome_a,outcome_a_01978,-5.26808399561,0
outcome_a,outcome_a_01979,7.36033917069,0
outcome_a,outcome_a_01980,10.4274530644,0
outcome_a,outcome_a_01981,11.9627086572,0
outcome_a,outcome_a_01982,11.5874829447,0
outcome_a,outcome_a_01983,15.2248704887,0
outcome_a,outcome_a_01984,-15.649523571,0
outcome_a,outcome_a_01985,5.51417668594,0
outcome_a,outcome_a_01986,-13.4654606133,0
outcome_a,outcome_a_01987,15.4547216606,0
outcome_a,outcome_a_01988,14.737774765,0
outcome_a,outcome_a_01989,2.46866403667,0
outcome_a,outcome_a_01990,3.36340595772,0
outcome_a,outcome_a_01991,14.335682278,0
outcome_a,outcome_a_01992,12.7760204448,0
outcome_a,outcome_a_01993,4.41324991923,0
outcome_a,outcome_a_01994,5.20110793045,0
outcome_a,outcome_a_01995,-2.19611972087,0
outcome_a,outcome_a_01996,-5.27562564881,0
outcome_a,outcome_a_01997,3.22414634765,0
outcome_a,outcome_a_01998,-7.5483932386,0
outcome_a,outcome_a_01999,6.52287174,0
outcome_a,outcome_a_02000,12.1656994626,0
outcome_a,outcome_a_02001,-7.03470031097,0
outcome_a,outcome_a_02002,-14.4196343762,0
outcome_a,outcome_a_02003,15.6269148682,0
outcome_a,outcome_a_02004,6.21621156238,0
outcome_a,outcome_a_02005,-12.7151205561,0
outcome_a,outcome_a_02006,6.94226452071,0
outcome_a,outcome_a_02007,5.53098226979,0
outcome_a,outcome_a_02008,0.35992483746,0
outcome_a,outcome_a_02009,15.5050255262,0
outcome_a,outcome_a_02010,-4.04557046436,0
outcome_a,outcome_a_02011,7.37751720087,0
outcome_a,outcome_a_02012,12.8045948379,0
outcome_a,outcome_a_02013,-4.51670208137,0
outcome_a,outcome_a_02014,15.0713156835,0
outcome_a,outcome_a_02015,14.825418023,0
outcome_a,outcome_a_02016,-15.4401275822,0
outcome_a,outcome_a_02017,14.0933649649,0
outcome_a,outcome_a_02018,2.53728323934,0
outcome_a,outcome_a_02019,-3.80915903771,0
outcome_a,outcome_a_02020,2.38340853043,0
outcome_a,outcome_a_02021,7.46790910908,1
outcome_a,outcome_a_02022,13.9199084474,0
outcome_a,outcome_a_02023,13.6527788817,0
outcome_a,outcome_a_02024,11.050782893,0
outcome_a,outcome_a_02025,-15.5211966766,0
outcome_a,outcome_a_02026,-6.86641495076,0
outcome_a,outcome_a_02027,-11.6125916676,0
outcome_a,outcome_a_02028,2.8708168347,0
outcome_a,outcome_a_02029,13.3936750475,0
outcome_a,outcome_a_02030,-7.14981964433,0
outcome_a,outcome_a_02031,11.3237939816,0
outcome_a,outcome_a_02032,2.31055269413,0
outcome_a,outcome_a_02033,-4.54518983063,0
outcome_a,outcome_a_02034,2.85391666907,1
outcome_a,outcome_a_02035,-1.48873060791,0
outcome_a,outcome_a_02036,10.9704927169,0
outcome_a,outcome_a_02037,14.9796269409,0
outcome_a,outcome_a_02038,-1.67299946921,0
outcome_a,outcome_a_02039,-0.160129877141,0
outcome_a,outcome_a_02040,-2.55246906489,0
outcome_a,outcome_a_02041,-14.4875392943,1
outcome_a,outcome_a_02042,-0.474823144144,0
outcome_a,outcome_a_02043,-3.76716283767,0
outcome_a,outcome_a_02044,-15.339772728,0
outcome_a,outcome_a_02045,-1.43748906775,0
outcome_a,outcome_a_02046,-12.2006143756,0
outcome_a,outcome_a_02047,-4.17635304083,0
outcome_a,outcome_a_02048,-14.0349860938,0
outcome_a,outcome_a_02049,-0.517010083144,1
outcome_a,outcome_a_02050,13.3117387496,0
outcome_a,outcome_a_02051,3.06763964732,0
outcome_a,outcome_a_02052,3.81548816184,0
outcome_a,outcome_a_02053,-7.57638877438,1
outcome_a,outcome_a_02054,-10.3321101944,0
outcome_a,outcome_a_02055,9.77253609269,0
outcome_a,outcome_a_02056,-3.3699619095,0
outcome_a,outcome_a_02057,6.65554484287,0
outcome_a,outcome_a_02058,15.6113359305,0
outcome_a,outcome_a_02059,2.39820600996,0
outcome_a,outcome_a_02060,3.86039794679,1
outcome_a,outcome_a_02061,2.30201398265,0
outcome_a,outcome_a_02062,-7.90934043893,0
outcome_a,outcome_a_02063,-10.0802799945,0
outcome_a,outcome_a_02064,-10.0751540997,0
outcome_a,outcome_a_02065,-2.5456609124,0
outcome_a,outcome_a_02066,-11.3506217692,0
outcome_a,outcome_a_02067,-11.2133481937,1
outcome_a,outcome_a_02068,-2.59091314529,0
outcome_a,outcome_a_02069,9.24046460277,0
outcome_a,outcome_a_02070,-10.203799253,0
outcome_a,outcome_a_02071,0.657175832617,0
outcome_a,outcome_a_02072,12.9569338684,0
outcome_a,outcome_a_02073,-13.1943639831,0
outcome_a,outcome_a_02074,-10.2560354674,1
outcome_a,outcome_a_02075,-12.3434135918,0
outcome_a,outcome_a_02076,8.10235664912,0
outcome_a,outcome_a_02077,7.74255453096,1
outcome_a,outcome_a_02078,1.65175406551,0
outcome_a,outcome_a_02079,-4.50262644994,0
outcome_a,outcome_a_02080,-9.85857740239,0
outcome_a,outcome_a_02081,-15.9240232664,0
outcome_a,outcome_a_02082,-8.05685501154,0
outcome_a,outcome_a_02083,-15.6716724065,0
outcome_a,outcome_a_02084,6.62427182419,0
outcome_a,outcome_a_02085,11.8127865256,0
outcome_a,outcome_a_02086,-1.75458839701,1
outcome_a,outcome_a_02087,-8.96529909486,0
outcome_a,outcome_a_02088,-8.63921090924,0
outcome_a,outcome_a_02089,-2.84845780804,1
outcome_a,outcome_a_02090,-14.9995750221,0
outcome_a,outcome_a_02091,-10.2448376231,0
outcome_a,outcome_a_02092,9.06749258118,0
outcome_a,outcome_a_02093,1.33593988846,0
outcome_a,outcome_a_02094,8.20057676874,0
outcome_a,outcome_a_02095,10.1473910552,0
outcome_a,outcome_a_02096,-2.70744575519,0
outcome_a,outcome_a_02097,-11.3696377378,1
outcome_a,outcome_a_02098,-14.03700491,0
outcome_a,outcome_a_02099,11.964491103,0
outcome_a,outcome_a_02100,7.76169032325,0
outcome_a,outcome_a_02101,-13.5446777459,0
outcome_a,outcome_a_02102,6.91212885349,0
outcome_a,outcome_a_02103,0.323078990609,0
outcome_a,outcome_a_02104,2.32355516799,0
outcome_a,outcome_a_02105,14.6624813511,0
outcome_a,outcome_a_02106,10.2605577454,0
outcome_a,outcome_a_02107,9.33787105732,0
outcome_a,outcome_a_02108,-0.641318870935,0
outcome_a,outcome_a_02109,1.49485264724,0
outcome_a,outcome_a_02110,8.02624659649,1
outcome_a,outcome_a_02111,-1.84603267895,0
outcome_a,outcome_a_02112,-5.52318874035,0
outcome_a,outcome_a_02113,-13.1614216221,1
outcome_a,outcome_a_02114,15.0459319822,0
outcome_a,outcome_a_02115,10.5453926372,0
outcome_a,outcome_a_02116,-15.9734594848,0
outcome_a,outcome_a_02117,-8.22118707644,0
outcome_a,outcome_a_02118,8.91946200882,0
outcome_a,outcome_a_02119,-15.2038223448,0
outcome_a,outcome_a_02120,-2.11214897782,0
outcome_a,outcome_a_02121,-1.26380133694,0
outcome_a,outcome_a_02122,4.43912874563,0
outcome_a,outcome_a_02123,-6.78572207524,0
outcome_a,outcome_a_02124,-0.703235812839,0
outcome_a,outcome_a_02125,4.7374607938,0
outcome_a,outcome_a_02126,-14.3898296344,1
outcome_a,outcome_a_02127,-13.0265938179,0
outcome_a,outcome_a_02128,3.07169267396,0
outcome_a,outcome_a_02129,3.80820985849,0
outcome_a,outcome_a_02130,-15.154887898,0
outcome_a,outcome_a_02131,4.81324274811,0
outcome_a,outcome_a_02132,-12.1733105895,0
outcome_a,outcome_a_02133,-5.64624283263,0
outcome_a,outcome_a_02134,12.6148967506,0
outcome_a,outcome_a_02135,6.17383032122,1
outcome_a,outcome_a_02136,-4.92914945328,0
outcome_a,outcome_a_02137,11.8514442498,1
outcome_a,outcome_a_02138,-5.70690081678,0
outcome_a,outcome_a_02139,4.43243659752,1
outcome_a,outcome_a_02140,-6.37656664749,0
outcome_a,outcome_a_02141,-11.7726994347,0
outcome_a,outcome_a_02142,-9.17147310431,0
outcome_a,outcome_a_02143,4.86821216407,1
outcome_a,outcome_a_02144,-0.482256310544,0
outcome_a,outcome_a_02145,-7.98003569947,0
outcome_a,outcome_a_02146,11.9960786185,0
outcome_a,outcome_a_02147,-5.3377814902,0
outcome_a,outcome_a_02148,-3.7415783037,0
outcome_a,outcome_a_02149,-11.8522601117,0
outcome_a,outcome_a_02150,-11.7946262635,0
outcome_a,outcome_a_02151,11.6288444628,0
outcome_a,outcome_a_02152,-6.22638550501,0
outcome_a,outcome_a_02153,15.490539308,1
outcome_a,outcome_a_02154,-11.0975263418,0
outcome_a,outcome_a_02155,2.92292015167,0
outcome_a,outcome_a_02156,-6.71974814144,0
outcome_a,outcome_a_02157,-7.56995298967,0
outcome_a,outcome_a_02158,0.896018255036,0
outcome_a,outcome_a_02159,7.09563810978,0
outcome_a,outcome_a_02160,-6.13818795242,0
outcome_a,outcome_a_02161,11.6128071956,0
outcome_a,outcome_a_02162,-6.65576738903,0
outcome_a,outcome_a_02163,8.35939282936,0
outcome_a,outcome_a_02164,9.49865606981,0
outcome_a,outcome_a_02165,7.56283702714,0
outcome_a,outcome_a_02166,-3.55104155161,0
outcome_a,outcome_a_02167,9.10483519854,0
outcome_a,outcome_a_02168,11.6171472113,0
outcome_a,outcome_a_02169,-13.3310954042,0
outcome_a,outcome_a_02170,-9.361317563,0
outcome_a,outcome_a_02171,-6.51729612626,0
outcome_a,outcome_a_02172,-11.5433513293,0
outcome_a,outcome_a_02173,12.3307429125,0
outcome_a,outcome_a_02174,5.36742305924,1
outcome_a,outcome_a_02175,-3.81901231741,0
outcome_a,outcome_a_02176,-1.3398949583,0
outcome_a,outcome_a_02177,-5.64446960555,0
outcome_a,outcome_a_02178,-3.70897626454,0
outcome_a,outcome_a_02179,6.66678182798,0
outcome_a,outcome_a_02180,-10.7171917445,0
outcome_a,outcome_a_02181,7.56414046964,0
outcome_a,outcome_a_02182,0.568946235603,0
outcome_a,outcome_a_02183,-7.59812432535,0
outcome_a,outcome_a_02184,3.68642018533,0
outcome_a,outcome_a_02185,-3.5115292036,0
outcome_a,outcome_a_02186,-15.9817628893,0
outcome_a,outcome_a_02187,-3.81578288436,0
outcome_a,outcome_a_02188,2.45074172689,0
outcome_a,outcome_a_02189,13.9662009221,0
outcome_a,outcome_a_02190,11.0266587167,0
outcome_a,outcome_a_02191,14.947904187,0
outcome_a,outcome_a_02192,9.81578442312,0
outcome_a,outcome_a_02193,8.37518487126,0
outcome_a,outcome_a_02194,-6.9879564319,0
outcome_a,outcome_a_02195,-8.9745475399,0
outcome_a,outcome_a_02196,-6.19684153892,0
outcome_a,outcome_a_02197,8.79374335798,0
outcome_a,outcome_a_02198,-4.7169829145,0
outcome_a,outcome_a_02199,8.98491005677,0
outcome_a,outcome_a_02200,-7.46209688527,0
outcome_a,outcome_a_02201,4.9435808197,0
outcome_a,outcome_a_02202,2.5148316683,0
outcome_a,outcome_a_02203,-10.4241974572,1
outcome_a,outcome_a_02204,-4.83778020603,0
outcome_a,outcome_a_02205,-3.47557325868,1
outcome_a,outcome_a_02206,-15.5198484637,1
outcome_a,outcome_a_02207,15.0130212239,0
outcome_a,outcome_a_02208,6.32461921705,1
outcome_a,outcome_a_02209,-14.7924498225,0
outcome_a,outcome_a_02210,-13.0263681218,1
outcome_a,outcome_a_02211,-1.13018249823,0
outcome_a,outcome_a_02212,-14.3441027626,0
outcome_a,outcome_a_02213,-13.0205267807,1
outcome_a,outcome_a_02214,15.4262033989,0
outcome_a,outcome_a_02215,6.86728810499,0
outcome_a,outcome_a_02216,-5.07719678203,0
outcome_a,outcome_a_02217,9.40663603905,0
outcome_a,outcome_a_02218,-12.2707645689,0
outcome_a,outcome_a_02219,8.0307262667,0
outcome_a,outcome_a_02220,10.4365918417,0
outcome_a,outcome_a_02221,-10.3976194812,0
outcome_a,outcome_a_02222,1.64220930607,0
outcome_a,outcome_a_02223,-2.7265624022,0
outcome_a,outcome_a_02224,14.6808823725,0
outcome_a,outcome_a_02225,-4.96076307522,0
outcome_a,outcome_a_02226,-10.0443474562,0
outcome_a,outcome_a_02227,8.06498979834,0
outcome_a,outcome_a_02228,3.75819192519,0
outcome_a,outcome_a_02229,-1.69079712595,1
outcome_a,outcome_a_02230,-7.96067976879,0
outcome_a,outcome_a_02231,-9.13306222717,0
outcome_a,outcome_a_02232,-9.19200114499,0
outcome_a,outcome_a_02233,12.2587136742,0
outcome_a,outcome_a_02234,-10.0222966561,0
outcome_a,outcome_a_02235,-11.6069526318,1
outcome_a,outcome_a_02236,-15.1578824886,0
outcome_a,outcome_a_02237,9.92811973507,0
outcome_a,outcome_a_02238,-10.6405320334,0
outcome_a,outcome_a_02239,-10.6092429021,0
outcome_a,outcome_a_02240,-6.53616974077,0
outcome_a,outcome_a_02241,5.5486510614,0
outcome_a,outcome_a_02242,-9.41650740967,1
outcome_a,outcome_a_02243,-13.5971999507,1
outcome_a,outcome_a_02244,1.87311920461,0
outcome_a,outcome_a_02245,3.31192226549,0
outcome_a,outcome_a_02246,-14.177449679,1
outcome_a,outcome_a_02247,9.28720828022,0
outcome_a,outcome_a_02248,7.97922251354,0
outcome_a,outcome_a_02249,-1.49704865374,0
outcome_a,outcome_a_02250,-1.34222185641,0
outcome_a,outcome_a_02251,6.95880065028,1
outcome_a,outcome_a_02252,-13.8252671725,0
outcome_a,outcome_a_02253,12.051123626,0
outcome_a,outcome_a_02254,-3.10465571244,0
outcome_a,outcome_a_02255,0.89193861189,0
outcome_a,outcome_a_02256,-9.25407204627,0
outcome_a,outcome_a_02257,-6.54439357668,0
outcome_a,outcome_a_02258,-6.49619488702,0
outcome_a,outcome_a_02259,8.77616246134,0
outcome_a,outcome_a_02260,9.54693901387,1
outcome_a,outcome_a_02261,3.05644239429,0
outcome_a,outcome_a_02262,-4.0198106091,0
outcome_a,outcome_a_02263,-8.01373607558,0
outcome_a,outcome_a_02264,13.316425691,0
outcome_a,outcome_a_02265,14.8552132594,0
outcome_a,outcome_a_02266,1.08637078458,0
outcome_a,outcome_a_02267,5.89006544352,0
outcome_a,outcome_a_02268,15.2161335831,0
outcome_a,outcome_a_02269,11.4585591354,0
outcome_a,outcome_a_02270,10.3294090416,0
outcome_a,outcome_a_02271,-6.55582916693,0
outcome_a,outcome_a_02272,-3.54008942304,0
outcome_a,outcome_a_02273,-10.0772306415,0
outcome_a,outcome_a_02274,0.0712175825042,0
outcome_a,outcome_a_02275,-4.82897269741,0
outcome_a,outcome_a_02276,-1.18827796597,0
outcome_a,outcome_a_02277,-1.33881497673,1
outcome_a,outcome_a_02278,0.24025913746,0
outcome_a,outcome_a_02279,1.18552280508,0
outcome_a,outcome_a_02280,-7.38726518523,0
outcome_a,outcome_a_02281,7.44948344773,0
outcome_a,outcome_a_02282,-6.76545296042,0
outcome_a,outcome_a_02283,-8.90709598888,0
outcome_a,outcome_a_02284,11.7924205289,0
outcome_a,outcome_a_02285,11.8918820198,0
outcome_a,outcome_a_02286,4.58321459233,0
outcome_a,outcome_a_02287,8.89630788842,0
outcome_a,outcome_a_02288,4.25399748377,0
outcome_a,outcome_a_02289,-8.95013310791,0
outcome_a,outcome_a_02290,-14.7353680552,0
outcome_a,outcome_a_02291,0.418590933801,0
outcome_a,outcome_a_02292,-2.61996356511,0
outcome_a,outcome_a_02293,12.2573775555,0
outcome_a,outcome_a_02294,11.2174288995,0
outcome_a,outcome_a_02295,12.2998363533,0
outcome_a,outcome_a_02296,-4.00029937534,0
outcome_a,outcome_a_02297,-5.26663186659,0
outcome_a,outcome_a_02298,11.7257180131,0
outcome_a,outcome_a_02299,-3.39477613689,0
outcome_a,outcome_a_02300,-14.3012243935,1
outcome_a,outcome_a_02301,3.73882619642,0
outcome_a,outcome_a_02302,-5.59101993873,0
outcome_a,outcome_a_02303,6.79160143362,0
outcome_a,outcome_a_02304,-7.97868956255,0
outcome_a,outcome_a_02305,12.3273288833,0
outcome_a,outcome_a_02306,-9.12458153394,0
outcome_a,outcome_a_02307,-9.42803282361,0
outcome_a,outcome_a_02308,-1.27445276309,0
outcome_a,outcome_a_02309,13.9948195415,0
outcome_a,outcome_a_02310,10.5959323057,0
outcome_a,outcome_a_02311,-3.34855704359,0
outcome_a,outcome_a_02312,-5.3906599993,0
outcome_a,outcome_a_02313,-15.9207122398,0
outcome_a,outcome_a_02314,-0.124849802021,0
outcome_a,outcome_a_02315,-13.4026102719,0
outcome_a,outcome_a_02316,-9.90673845721,0
outcome_a,outcome_a_02317,-5.82080535362,0
outcome_a,outcome_a_02318,-12.7584191627,1
outcome_a,outcome_a_02319,-5.24400116946,0
outcome_a,outcome_a_02320,8.96793241717,0
outcome_a,outcome_a_02321,-10.1007231112,0
outcome_a,outcome_a_02322,-6.64494738447,1
outcome_a,outcome_a_02323,7.05710909837,0
outcome_a,outcome_a_02324,14.1584234835,0
outcome_a,outcome_a_02325,-4.85046000326,0
outcome_a,outcome_a_02326,-8.26818151948,0
outcome_a,outcome_a_02327,7.35376576995,0
outcome_a,outcome_a_02328,-12.2062663667,0
outcome_a,outcome_a_02329,-1.11819808228,0
outcome_a,outcome_a_02330,2.27082700083,1
outcome_a,outcome_a_02331,-9.63544281813,1
outcome_a,outcome_a_02332,4.39457116262,0
outcome_a,outcome_a_02333,-11.7004895245,1
outcome_a,outcome_a_02334,-10.7812642252,0
outcome_a,outcome_a_02335,-5.48041841541,0
outcome_a,outcome_a_02336,-1.6305487678,0
outcome_a,outcome_a_02337,-3.521965791,0
outcome_a,outcome_a_02338,-15.8516891079,0
outcome_a,outcome_a_02339,-0.742018422229,0
outcome_a,outcome_a_02340,-9.90788135501,0
outcome_a,outcome_a_02341,9.28825373065,0
outcome_a,outcome_a_02342,-15.9167760727,0
outcome_a,outcome_a_02343,-11.3938702582,0
outcome_a,outcome_a_02344,2.26045056349,1
outcome_a,outcome_a_02345,13.6697211743,0
outcome_a,outcome_a_02346,-9.87208683625,0
outcome_a,outcome_a_02347,-6.64562016262,0
outcome_a,outcome_a_02348,9.95347999361,0
outcome_a,outcome_a_02349,-10.6111599086,0
outcome_a,outcome_a_02350,-0.802668461186,0
outcome_a,outcome_a_02351,-9.37290522391,0
outcome_a,outcome_a_02352,12.3783987471,0
outcome_a,outcome_a_02353,-10.508387401,0
outcome_a,outcome_a_02354,-8.10682676364,0
outcome_a,outcome_a_02355,-5.37654552769,0
outcome_a,outcome_a_02356,1.32125623827,1
outcome_a,outcome_a_02357,-15.600712849,0
outcome_a,outcome_a_02358,11.8772223385,0
outcome_a,outcome_a_02359,-3.21415353982,0
outcome_a,outcome_a_02360,-6.45786978427,0
outcome_a,outcome_a_02361,-13.0223075282,0
outcome_a,outcome_a_02362,8.06586705053,0
outcome_a,outcome_a_02363,-0.650122063622,0
outcome_a,outcome_a_02364,13.3735498663,1
outcome_a,outcome_a_02365,10.0339229423,0
outcome_a,outcome_a_02366,-13.6502707721,0
outcome_a,outcome_a_02367,12.4953407467,0
outcome_a,outcome_a_02368,-13.7648338895,0
outcome_a,outcome_a_02369,-9.23132173477,0
outcome_a,outcome_a_02370,-11.1448680438,0
outcome_a,outcome_a_02371,3.36541598534,0
outcome_a,outcome_a_02372,15.149823673,0
outcome_a,outcome_a_02373,-0.517812730482,1
outcome_a,outcome_a_02374,1.74760412622,1
outcome_a,outcome_a_02375,-14.1988805502,0
outcome_a,outcome_a_02376,10.7079736876,0
outcome_a,outcome_a_02377,11.0246762723,0
outcome_a,outcome_a_02378,-7.36757086447,0
outcome_a,outcome_a_02379,-3.76781696141,0
outcome_a,outcome_a_02380,2.01755793776,0
outcome_a,outcome_a_02381,10.0107393224,0
outcome_a,outcome_a_02382,3.53122676204,0
outcome_a,outcome_a_02383,12.7847146423,1
outcome_a,outcome_a_02384,-2.93631192367,0
outcome_a,outcome_a_02385,13.2092689624,0
outcome_a,outcome_a_02386,5.74607373431,0
outcome_a,outcome_a_02387,-0.676026371276,1
outcome_a,outcome_a_02388,-5.68787180339,0
outcome_a,outcome_a_02389,7.53137576297,0
outcome_a,outcome_a_02390,-9.16877902269,0
outcome_a,outcome_a_02391,15.7009550399,0
outcome_a,outcome_a_02392,9.89101418028,0
outcome_a,outcome_a_02393,15.5636427125,0
outcome_a,outcome_a_02394,5.69921318201,0
outcome_a,outcome_a_02395,-12.1006778865,0
outcome_a,outcome_a_02396,-10.0882085489,0
outcome_a,outcome_a_02397,14.0970784708,0
outcome_a,outcome_a_02398,13.6893677009,0
outcome_a,outcome_a_02399,-4.19476229589,0
outcome_b,outcome_b_00000,0,0
outcome_b,outcome_b_00001,0,0
outcome_b,outcome_b_00002,0,0
outcome_b,outcome_b_00003,0,0
outcome_b,outcome_b_00004,0,0
outcome_b,outcome_b_00005,0,0
outcome_b,outcome_b_00006,0,0
outcome_b,outcome_b_00007,0,0
outcome_b,outcome_b_00008,0,0
outcome_b,outcome_b_00009,0,0
outcome_b,outcome_b_00010,0,0
outcome_b,outcome_b_00011,0,0
outcome_b,outcome_b_00012,-25,0
outcome_b,outcome_b_00013,25,0
outcome_b,outcome_b_00014,20.6836312846,0
outcome_b,outcome_b_00015,16.4411810222,0
outcome_b,outcome_b_00016,-12.8550152446,0
outcome_b,outcome_b_00017,-0.0203620205174,0
outcome_b,outcome_b_00018,22.4538784379,0
outcome_b,outcome_b_00019,-17.233630904,0
outcome_b,outcome_b_00020,21.3714130716,0
outcome_b,outcome_b_00021,-2.37325989745,0
outcome_b,outcome_b_00022,-21.9952927465,0
outcome_b,outcome_b_00023,-19.6231810886,0
outcome_b,outcome_b_00024,8.9705443197,0
outcome_b,outcome_b_00025,15.926521162,0
outcome_b,outcome_b_00026,20.1782250192,0
outcome_b,outcome_b_00027,10.7687205464,0
outcome_b,outcome_b_00028,-11.0923995174,0
outcome_b,outcome_b_00029,1.84664197228,0
outcome_b,outcome_b_00030,0.498110414833,0
outcome_b,outcome_b_00031,17.3850990707,0
outcome_b,outcome_b_00032,-21.5076058151,0
outcome_b,outcome_b_00033,20.7661801373,0
outcome_b,outcome_b_00034,15.7839695732,0
outcome_b,outcome_b_00035,20.9288268671,0
outcome_b,outcome_b_00036,-16.9968325493,0
outcome_b,outcome_b_00037,23.3493960941,0
outcome_b,outcome_b_00038,7.90197065969,0
outcome_b,outcome_b_00039,-13.0944341633,0
outcome_b,outcome_b_00040,-4.70127598593,0
outcome_b,outcome_b_00041,5.38238905842,0
outcome_b,outcome_b_00042,-15.1112055777,0
outcome_b,outcome_b_00043,23.0380115593,0
outcome_b,outcome_b_00044,20.2429359049,1
outcome_b,outcome_b_00045,-0.802645988119,0
outcome_b,outcome_b_00046,10.8900993155,0
outcome_b,outcome_b_00047,-10.3574726647,0
outcome_b,outcome_b_00048,3.03114582237,0
outcome_b,outcome_b_00049,-16.8023097754,0
outcome_b,outcome_b_00050,-6.9275537116,0
outcome_b,outcome_b_00051,1.34530880771,0
outcome_b,outcome_b_00052,-18.6329512084,0
outcome_b,outcome_b_00053,-10.5571518726,0
outcome_b,outcome_b_00054,-18.0953794462,1
outcome_b,outcome_b_00055,22.3909229095,0
outcome_b,outcome_b_00056,-14.1430607353,0
outcome_b,outcome_b_00057,9.82709723957,0
outcome_b,outcome_b_00058,-3.63443630573,0
outcome_b,outcome_b_00059,-23.0497337466,0
outcome_b,outcome_b_00060,-24.133971054,0
outcome_b,outcome_b_00061,23.0094309841,0
outcome_b,outcome_b_00062,-11.1408748886,0
outcome_b,outcome_b_00063,5.95854356029,0
outcome_b,outcome_b_00064,1.37562518617,0
outcome_b,outcome_b_00065,9.62993174012,0
outcome_b,outcome_b_00066,9.39510597736,0
outcome_b,outcome_b_00067,-11.2874465915,0
outcome_b,outcome_b_00068,-22.2357099909,0
outcome_b,outcome_b_00069,4.10813721846,0
outcome_b,outcome_b_00070,-24.5494970723,0
outcome_b,outcome_b_00071,-20.5262746324,0
outcome_b,outcome_b_00072,-6.5868172712,0
outcome_b,outcome_b_00073,-15.5727980545,0
outcome_b,outcome_b_00074,-7.31131610476,0
outcome_b,outcome_b_00075,-22.97919315,0
outcome_b,outcome_b_00076,-1.42361341573,0
outcome_b,outcome_b_00077,13.5008800098,0
outcome_b,outcome_b_00078,-22.9479017416,0
outcome_b,outcome_b_00079,20.8680454491,0
outcome_b,outcome_b_00080,17.1507077199,0
outcome_b,outcome_b_00081,4.70600437587,0
outcome_b,outcome_b_00082,21.6264624036,0
outcome_b,outcome_b_00083,14.055133553,0
outcome_b,outcome_b_00084,-5.81016809393,0
outcome_b,outcome_b_00085,18.9422025909,0
outcome_b,outcome_b_00086,-13.341330987,0
outcome_b,outcome_b_00087,-7.69579248938,0
outcome_b,outcome_b_00088,12.4948596439,0
outcome_b,outcome_b_00089,3.29223418933,0
outcome_b,outcome_b_00090,-6.89129129332,0
outcome_b,outcome_b_00091,-16.2017136236,0
outcome_b,outcome_b_00092,15.2029277764,0
outcome_b,outcome_b_00093,2.33793498865,0
outcome_b,outcome_b_00094,-16.2803964933,0
outcome_b,outcome_b_00095,2.58812782742,0
outcome_b,outcome_b_00096,-3.12640361559,0
outcome_b,outcome_b_00097,14.0904271401,0
outcome_b,outcome_b_00098,1.36491723581,0
outcome_b,outcome_b_00099,17.4804892388,0
outcome_b,outcome_b_00100,-4.19387557327,0
outcome_b,outcome_b_00101,-10.5201065018,0
outcome_b,outcome_b_00102,21.697090761,0
outcome_b,outcome_b_00103,9.04618344865,0
outcome_b,outcome_b_00104,-7.25537777362,0
outcome_b,outcome_b_00105,0.933979278749,0
outcome_b,outcome_b_00106,12.2424319269,0
outcome_b,outcome_b_00107,8.26298356635,0
outcome_b,outcome_b_00108,9.07960095492,0
outcome_b,outcome_b_00109,12.5340794296,0
outcome_b,outcome_b_00110,-19.0715324683,0
outcome_b,outcome_b_00111,-24.1857902143,0
outcome_b,outcome_b_00112,-0.557848757041,0
outcome_b,outcome_b_00113,-22.8676181467,0
outcome_b,outcome_b_00114,7.0285338426,0
outcome_b,outcome_b_00115,23.2543850678,0
outcome_b,outcome_b_00116,21.5281220024,0
outcome_b,outcome_b_00117,-4.65794999767,0
outcome_b,outcome_b_00118,2.63856603274,0
outcome_b,outcome_b_00119,-3.27261215192,0
outcome_b,outcome_b_00120,-18.2929140126,0
outcome_b,outcome_b_00121,-0.33255159328,0
outcome_b,outcome_b_00122,-14.708781705,0
outcome_b,outcome_b_00123,-10.8649383162,0
outcome_b,outcome_b_00124,20.9461171288,0
outcome_b,outcome_b_00125,-23.0276259828,0
outcome_b,outcome_b_00126,-22.7785477455,0
outcome_b,outcome_b_00127,2.10713033007,0
outcome_b,outcome_b_00128,-1.75964940759,0
outcome_b,outcome_b_00129,22.3297047069,0
outcome_b,outcome_b_00130,-11.43360284,0
outcome_b,outcome_b_00131,14.9215974719,0
outcome_b,outcome_b_00132,-10.8098840889,0
outcome_b,outcome_b_00133,-3.18709294596,1
outcome_b,outcome_b_00134,23.8707067866,0
outcome_b,outcome_b_00135,12.6002322306,0
outcome_b,outcome_b_00136,5.27726359903,0
outcome_b,outcome_b_00137,-8.18663882065,0
outcome_b,outcome_b_00138,13.2929637663,0
outcome_b,outcome_b_00139,-19.1835271503,0
outcome_b,outcome_b_00140,21.9120475144,0
outcome_b,outcome_b_00141,21.1560760468,0
outcome_b,outcome_b_00142,-1.47943092138,0
outcome_b,outcome_b_00143,-8.36881257911,0
outcome_b,outcome_b_00144,15.2472703103,0
outcome_b,outcome_b_00145,6.16002179436,0
outcome_b,outcome_b_00146,-16.7681689067,0
outcome_b,outcome_b_00147,12.7942221377,0
outcome_b,outcome_b_00148,15.7547596628,0
outcome_b,outcome_b_00149,15.9563390515,0
outcome_b,outcome_b_00150,-3.45182813633,0
outcome_b,outcome_b_00151,-19.5297141588,0
outcome_b,outcome_b_00152,24.5263428401,0
outcome_b,outcome_b_00153,-10.7101299302,0
outcome_b,outcome_b_00154,-2.88381004905,0
outcome_b,outcome_b_00155,3.08705608693,0
outcome_b,outcome_b_00156,-1.52243302602,0
outcome_b,outcome_b_00157,-3.52774105628,0
outcome_b,outcome_b_00158,-23.8850896015,0
outcome_b,outcome_b_00159,-13.8183022008,0
outcome_b,outcome_b_00160,24.8828572504,0
outcome_b,outcome_b_00161,13.534468858,0
outcome_b,outcome_b_00162,10.2793242902,0
outcome_b,outcome_b_00163,18.2977549527,0
outcome_b,outcome_b_00164,0.570521769927,0
outcome_b,outcome_b_00165,6.86172747481,0
outcome_b,outcome_b_00166,-12.3234682702,0
outcome_b,outcome_b_00167,6.85080636666,0
outcome_b,outcome_b_00168,3.92692533334,0
outcome_b,outcome_b_00169,-11.5816953022,0
outcome_b,outcome_b_00170,14.6722821555,0
outcome_b,outcome_b_00171,-9.56539314248,0
outcome_b,outcome_b_00172,-1.20515750012,0
outcome_b,outcome_b_00173,2.41448612787,0
outcome_b,outcome_b_00174,-0.359361676598,0
outcome_b,outcome_b_00175,5.03453203524,0
outcome_b,outcome_b_00176,16.0736604061,0
outcome_b,outcome_b_00177,-6.32047803127,0
outcome_b,outcome_b_00178,8.68738425209,0
outcome_b,outcome_b_00179,-16.1983764122,0
outcome_b,outcome_b_00180,1.93799483122,0
outcome_b,outcome_b_00181,-3.35797495209,0
outcome_b,outcome_b_00182,-9.04338587273,0
outcome_b,outcome_b_00183,-4.6272676142,0
outcome_b,outcome_b_00184,24.1006423886,0
outcome_b,outcome_b_00185,17.6640470957,0
outcome_b,outcome_b_00186,-22.6342736662,0
outcome_b,outcome_b_00187,-7.26199227987,0
outcome_b,outcome_b_00188,-3.121394344,0
outcome_b,outcome_b_00189,-11.1463967289,0
outcome_b,outcome_b_00190,-24.5901266254,0
outcome_b,outcome_b_00191,-6.19903004522,0
outcome_b,outcome_b_00192,-15.6694849744,0
outcome_b,outcome_b_00193,-1.76839112766,1
outcome_b,outcome_b_00194,-8.87851886115,0
outcome_b,outcome_b_00195,-13.6032375831,0
outcome_b,outcome_b_00196,-13.8159723487,0
outcome_b,outcome_b_00197,-5.44848819229,0
outcome_b,outcome_b_00198,-20.1516121313,0
outcome_b,outcome_b_00199,14.6921530794,0
outcome_b,outcome_b_00200,-18.4062365004,0
outcome_b,outcome_b_00201,-10.8742199909,0
outcome_b,outcome_b_00202,21.4661291536,0
outcome_b,outcome_b_00203,2.59797068124,0
outcome_b,outcome_b_00204,-8.05063915397,0
outcome_b,outcome_b_00205,-2.09105285047,0
outcome_b,outcome_b_00206,1.30877721093,0
outcome_b,outcome_b_00207,-16.3602067514,0
outcome_b,outcome_b_00208,-7.96234725871,0
outcome_b,outcome_b_00209,-7.8607769096,0
outcome_b,outcome_b_00210,-20.1795553569,0
outcome_b,outcome_b_00211,-24.3074251397,0
outcome_b,outcome_b_00212,-10.0340719671,0
outcome_b,outcome_b_00213,-16.5634813378,0
outcome_b,outcome_b_00214,19.6598662192,0
outcome_b,outcome_b_00215,6.57683926629,0
outcome_b,outcome_b_00216,-16.4873328008,0
outcome_b,outcome_b_00217,-16.7241051421,0
outcome_b,outcome_b_00218,-8.10016060442,0
outcome_b,outcome_b_00219,4.63318612828,0
outcome_b,outcome_b_00220,-24.8429154031,0
outcome_b,outcome_b_00221,-18.4491638355,0
outcome_b,outcome_b_00222,12.7225429847,0
outcome_b,outcome_b_00223,1.63126081832,0
outcome_b,outcome_b_00224,2.13174342039,0
outcome_b,outcome_b_00225,-3.12686294904,0
outcome_b,outcome_b_00226,0.389892905219,0
outcome_b,outcome_b_00227,-6.34916178482,0
outcome_b,outcome_b_00228,-14.5555694899,0
outcome_b,outcome_b_00229,20.7276331032,0
outcome_b,outcome_b_00230,-9.51266257781,0
outcome_b,outcome_b_00231,9.97645277735,0
outcome_b,outcome_b_00232,14.3133415532,0
outcome_b,outcome_b_00233,14.4267138637,0
outcome_b,outcome_b_00234,-17.5822062377,0
outcome_b,outcome_b_00235,-24.2496855016,0
outcome_b,outcome_b_00236,-11.5070790117,0
outcome_b,outcome_b_00237,4.11338235159,0
outcome_b,outcome_b_00238,21.213844407,0
outcome_b,outcome_b_00239,-17.3260474373,0
outcome_b,outcome_b_00240,22.1575750914,0
outcome_b,outcome_b_00241,-0.153023617194,0
outcome_b,outcome_b_00242,-3.43460501179,0
outcome_b,outcome_b_00243,7.13443569145,0
outcome_b,outcome_b_00244,21.2926528906,0
outcome_b,outcome_b_00245,-2.17030725567,0
outcome_b,outcome_b_00246,-7.28569783433,0
outcome_b,outcome_b_00247,19.639227987,0
outcome_b,outcome_b_00248,-2.67881309177,0
outcome_b,outcome_b_00249,8.25414194476,0
outcome_b,outcome_b_00250,23.0145292286,0
outcome_b,outcome_b_00251,15.9340482725,0
outcome_b,outcome_b_00252,9.15460191469,0
outcome_b,outcome_b_00253,-7.75855971263,0
outcome_b,outcome_b_00254,2.42296884804,0
outcome_b,outcome_b_00255,21.1739948397,0
outcome_b,outcome_b_00256,-20.0359239008,0
outcome_b,outcome_b_00257,18.6258749022,0
outcome_b,outcome_b_00258,-17.7218839514,0
outcome_b,outcome_b_00259,19.4322260084,0
outcome_b,outcome_b_00260,23.7718662123,0
outcome_b,outcome_b_00261,-14.9191862918,0
outcome_b,outcome_b_00262,-16.7749210393,0
outcome_b,outcome_b_00263,-23.2485021192,0
outcome_b,outcome_b_00264,-17.969009656,0
outcome_b,outcome_b_00265,-21.6367566269,0
outcome_b,outcome_b_00266,1.68939986793,0
outcome_b,outcome_b_00267,12.9222830814,0
outcome_b,outcome_b_00268,-17.5040421161,0
outcome_b,outcome_b_00269,11.0983057183,0
outcome_b,outcome_b_00270,-19.4201860039,0
outcome_b,outcome_b_00271,-9.72350264045,0
outcome_b,outcome_b_00272,-11.2680895152,0
outcome_b,outcome_b_00273,-22.5823797759,0
outcome_b,outcome_b_00274,-18.67758912,0
outcome_b,outcome_b_00275,-13.2986383581,0
outcome_b,outcome_b_00276,13.2689111612,0
outcome_b,outcome_b_00277,-13.1700571243,0
outcome_b,outcome_b_00278,17.5290235709,0
outcome_b,outcome_b_00279,-0.0109377048163,0
outcome_b,outcome_b_00280,4.13573621768,0
outcome_b,outcome_b_00281,18.8006263753,0
outcome_b,outcome_b_00282,0.0596745556304,0
outcome_b,outcome_b_00283,-17.3299041442,0
outcome_b,outcome_b_00284,21.9188666223,0
outcome_b,outcome_b_00285,-19.1124927671,0
outcome_b,outcome_b_00286,-1.27507943323,0
outcome_b,outcome_b_00287,-12.7280669888,0
outcome_b,outcome_b_00288,15.3953159469,0
outcome_b,outcome_b_00289,18.3228535531,0
outcome_b,outcome_b_00290,-5.6675906698,0
outcome_b,outcome_b_00291,5.32578013511,0
outcome_b,outcome_b_00292,5.30279819736,0
outcome_b,outcome_b_00293,-15.1908583896,0
outcome_b,outcome_b_00294,3.11612562325,0
outcome_b,outcome_b_00295,-15.0547769586,0
outcome_b,outcome_b_00296,-18.4883724714,0
outcome_b,outcome_b_00297,-20.5588754556,0
outcome_b,outcome_b_00298,23.1470469273,0
outcome_b,outcome_b_00299,10.0333075692,0
outcome_b,outcome_b_00300,-4.40503720332,0
outcome_b,outcome_b_00301,-8.54549594039,0
outcome_b,outcome_b_00302,-2.58204466511,0
outcome_b,outcome_b_00303,24.252994461,0
outcome_b,outcome_b_00304,-18.3979372311,0
outcome_b,outcome_b_00305,19.4914170247,0
outcome_b,outcome_b_00306,-15.6096909479,0
outcome_b,outcome_b_00307,13.7452370339,0
outcome_b,outcome_b_00308,-11.9026604519,0
outcome_b,outcome_b_00309,-0.430704725413,0
outcome_b,outcome_b_00310,-15.6330074992,0
outcome_b,outcome_b_00311,7.04495086422,0
outcome_b,outcome_b_00312,-12.8091446587,0
outcome_b,outcome_b_00313,-2.56595189546,0
outcome_b,outcome_b_00314,7.96942309552,0
outcome_b,outcome_b_00315,0.448607091306,0
outcome_b,outcome_b_00316,15.6043326651,0
outcome_b,outcome_b_00317,-20.1900339947,0
outcome_b,outcome_b_00318,-13.925938399,0
outcome_b,outcome_b_00319,11.5955092099,0
outcome_b,outcome_b_00320,15.1898399208,0
outcome_b,outcome_b_00321,-21.4769818342,0
outcome_b,outcome_b_00322,16.1714846688,1
outcome_b,outcome_b_00323,9.4428515675,0
outcome_b,outcome_b_00324,18.8876698693,0
outcome_b,outcome_b_00325,12.0387887441,0
outcome_b,outcome_b_00326,21.66591716,0
outcome_b,outcome_b_00327,-5.91999585727,0
outcome_b,outcome_b_00328,-13.773473314,0
outcome_b,outcome_b_00329,-18.4185584402,0
outcome_b,outcome_b_00330,-5.79332416946,0
outcome_b,outcome_b_00331,-12.2322620204,0
outcome_b,outcome_b_00332,7.92948615391,0
outcome_b,outcome_b_00333,-10.1188453324,0
outcome_b,outcome_b_00334,-3.17466513691,0
outcome_b,outcome_b_00335,2.6480063599,0
outcome_b,outcome_b_00336,-21.1390045602,0
outcome_b,outcome_b_00337,-7.76748302442,0
outcome_b,outcome_b_00338,-11.56289144,1
outcome_b,outcome_b_00339,-22.7999747748,0
outcome_b,outcome_b_00340,4.07251009492,0
outcome_b,outcome_b_00341,24.6814146058,0
outcome_b,outcome_b_00342,-23.9886706111,0
outcome_b,outcome_b_00343,-9.7116693149,0
outcome_b,outcome_b_00344,-1.9595502496,0
outcome_b,outcome_b_00345,9.38030930058,0
outcome_b,outcome_b_00346,-15.2771827944,0
outcome_b,outcome_b_00347,15.9382118218,0
outcome_b,outcome_b_00348,22.6370647105,0
outcome_b,outcome_b_00349,8.47297569689,0
outcome_b,outcome_b_00350,13.267546266,0
outcome_b,outcome_b_00351,-8.36571131888,0
outcome_b,outcome_b_00352,3.83148080694,0
outcome_b,outcome_b_00353,-14.719026402,0
outcome_b,outcome_b_00354,-4.22714420089,0
outcome_b,outcome_b_00355,-17.5617270095,0
outcome_b,outcome_b_00356,7.67857094059,0
outcome_b,outcome_b_00357,24.6752854074,0
outcome_b,outcome_b_00358,19.8656116762,0
outcome_b,outcome_b_00359,-3.63592232675,0
outcome_b,outcome_b_00360,20.3090876864,1
outcome_b,outcome_b_00361,-15.9897736783,0
outcome_b,outcome_b_00362,15.6560079493,0
outcome_b,outcome_b_00363,21.7988559014,1
outcome_b,outcome_b_00364,-0.139158269285,0
outcome_b,outcome_b_00365,-21.7673009657,0
outcome_b,outcome_b_00366,11.6774283326,0
outcome_b,outcome_b_00367,-24.5414934632,0
outcome_b,outcome_b_00368,-15.7716712801,0
outcome_b,outcome_b_00369,1.75496545597,0
outcome_b,outcome_b_00370,-20.1649436529,0
outcome_b,outcome_b_00371,15.2357046406,0
outcome_b,outcome_b_00372,-0.996320363656,0
outcome_b,outcome_b_00373,1.14100499152,0
outcome_b,outcome_b_00374,-17.753931311,0
outcome_b,outcome_b_00375,19.043906011,0
outcome_b,outcome_b_00376,-10.8777302379,0
outcome_b,outcome_b_00377,22.3946449228,0
outcome_b,outcome_b_00378,23.8577156966,0
outcome_b,outcome_b_00379,7.7618658921,0
outcome_b,outcome_b_00380,18.8255105451,0
outcome_b,outcome_b_00381,-7.30165479724,0
outcome_b,outcome_b_00382,-12.9870142757,0
outcome_b,outcome_b_00383,11.8051049908,0
outcome_b,outcome_b_00384,13.1377104478,0
outcome_b,outcome_b_00385,17.2660830657,0
outcome_b,outcome_b_00386,5.04431913128,0
outcome_b,outcome_b_00387,-8.9448839979,0
outcome_b,outcome_b_00388,-1.49882718185,0
outcome_b,outcome_b_00389,-23.8493217179,0
outcome_b,outcome_b_00390,-21.8435103441,0
outcome_b,outcome_b_00391,-6.55854787066,0
outcome_b,outcome_b_00392,13.2310828881,0
outcome_b,outcome_b_00393,0.673891932039,1
outcome_b,outcome_b_00394,-9.65936832039,0
outcome_b,outcome_b_00395,-7.95098396852,0
outcome_b,outcome_b_00396,14.5645303915,0
outcome_b,outcome_b_00397,-0.661989336245,1
outcome_b,outcome_b_00398,17.421259305,0
outcome_b,outcome_b_00399,-19.9631310196,0
outcome_b,outcome_b_00400,0.971241974938,0
outcome_b,outcome_b_00401,0.731690468179,0
outcome_b,outcome_b_00402,9.83106794976,0
outcome_b,outcome_b_00403,-8.63729203805,0
outcome_b,outcome_b_00404,-1.14261379151,0
outcome_b,outcome_b_00405,-5.18490653057,0
outcome_b,outcome_b_00406,20.5772897295,0
outcome_b,outcome_b_00407,-7.22388442565,0
outcome_b,outcome_b_00408,17.9318596924,0
outcome_b,outcome_b_00409,-14.5286972619,0
outcome_b,outcome_b_00410,3.06160403603,0
outcome_b,outcome_b_00411,-8.29851855189,0
outcome_b,outcome_b_00412,-5.05175587842,0
outcome_b,outcome_b_00413,6.98410809398,0
outcome_b,outcome_b_00414,8.63488781073,0
outcome_b,outcome_b_00415,-10.3133689273,0
outcome_b,outcome_b_00416,0.0536268851235,0
outcome_b,outcome_b_00417,-24.1806999784,0
outcome_b,outcome_b_00418,-4.7213326822,0
outcome_b,outcome_b_00419,-11.2026964725,0
outcome_b,outcome_b_00420,13.4948871547,0
outcome_b,outcome_b_00421,-7.64505473045,0
outcome_b,outcome_b_00422,4.05962064512,0
outcome_b,outcome_b_00423,17.7879313776,0
outcome_b,outcome_b_00424,8.81473068396,0
outcome_b,outcome_b_00425,-21.2313621735,0
outcome_b,outcome_b_00426,0.00496750136529,0
outcome_b,outcome_b_00427,-19.0634677851,0
outcome_b,outcome_b_00428,18.8394554308,0
outcome_b,outcome_b_00429,-23.1851147083,0
outcome_b,outcome_b_00430,23.0558352813,0
outcome_b,outcome_b_00431,-1.91396780835,0
outcome_b,outcome_b_00432,2.49593744355,0
outcome_b,outcome_b_00433,12.1806782398,0
outcome_b,outcome_b_00434,-21.3573140751,0
outcome_b,outcome_b_00435,-7.39007329587,0
outcome_b,outcome_b_00436,-3.80980464931,0
outcome_b,outcome_b_00437,6.95053325318,0
outcome_b,outcome_b_00438,-2.73491673219,0
outcome_b,outcome_b_00439,-18.0562078257,0
outcome_b,outcome_b_00440,0.951096737057,0
outcome_b,outcome_b_00441,-8.51861163096,0
outcome_b,outcome_b_00442,1.0047963311,0
outcome_b,outcome_b_00443,-11.4540853144,0
outcome_b,outcome_b_00444,7.85559194138,0
outcome_b,outcome_b_00445,-3.49033504187,0
outcome_b,outcome_b_00446,8.44293270905,0
outcome_b,outcome_b_00447,-3.66801790502,0
outcome_b,outcome_b_00448,13.608071733,0
outcome_b,outcome_b_00449,17.4712783385,0
outcome_b,outcome_b_00450,-11.5143480482,0
outcome_b,outcome_b_00451,8.84706983921,0
outcome_b,outcome_b_00452,-12.4234293752,0
outcome_b,outcome_b_00453,22.792978483,0
outcome_b,outcome_b_00454,-1.63624344209,0
outcome_b,outcome_b_00455,-22.7575064906,0
outcome_b,outcome_b_00456,-7.59831464342,0
outcome_b,outcome_b_00457,-15.8102653147,0
outcome_b,outcome_b_00458,-12.7784701988,0
outcome_b,outcome_b_00459,16.0123515691,0
outcome_b,outcome_b_00460,3.36633912112,0
outcome_b,outcome_b_00461,-22.8607923951,0
outcome_b,outcome_b_00462,-1.54757253366,0
outcome_b,outcome_b_00463,-24.5338741341,0
outcome_b,outcome_b_00464,3.83308344054,0
outcome_b,outcome_b_00465,-15.5643726274,0
outcome_b,outcome_b_00466,7.10078592972,0
outcome_b,outcome_b_00467,23.5931219791,0
outcome_b,outcome_b_00468,-9.47539852176,0
outcome_b,outcome_b_00469,-12.7062737861,0
outcome_b,outcome_b_00470,21.0407704098,0
outcome_b,outcome_b_00471,-0.372404867603,0
outcome_b,outcome_b_00472,24.7490415132,0
outcome_b,outcome_b_00473,-3.52016825028,0
outcome_b,outcome_b_00474,17.5504371136,0
outcome_b,outcome_b_00475,-3.33929307571,0
outcome_b,outcome_b_00476,0.501562194284,0
outcome_b,outcome_b_00477,-5.48526231909,0
outcome_b,outcome_b_00478,11.3732057731,0
outcome_b,outcome_b_00479,-6.81314152538,0
outcome_b,outcome_b_00480,-13.2044447572,0
outcome_b,outcome_b_00481,13.0136186412,0
outcome_b,outcome_b_00482,-3.0954946333,0
outcome_b,outcome_b_00483,1.59757736476,0
outcome_b,outcome_b_00484,-20.9920150703,0
outcome_b,outcome_b_00485,-11.7460428172,0
outcome_b,outcome_b_00486,10.3383712485,0
outcome_b,outcome_b_00487,-13.9939905809,0
outcome_b,outcome_b_00488,2.06826962841,0
outcome_b,outcome_b_00489,-1.21138330296,0
outcome_b,outcome_b_00490,10.8283431489,1
outcome_b,outcome_b_00491,0.330104668934,0
outcome_b,outcome_b_00492,-24.5063110925,0
outcome_b,outcome_b_00493,-19.8714526792,0
outcome_b,outcome_b_00494,12.5862023941,0
outcome_b,outcome_b_00495,5.76427550044,0
outcome_b,outcome_b_00496,-5.49946601796,0
outcome_b,outcome_b_00497,22.8051895566,0
outcome_b,outcome_b_00498,-4.90002192139,0
outcome_b,outcome_b_00499,22.3316224633,0
outcome_b,outcome_b_00500,10.654521388,0
outcome_b,outcome_b_00501,-19.7172879804,0
outcome_b,outcome_b_00502,-13.8262549231,0
outcome_b,outcome_b_00503,-20.7528181233,0
outcome_b,outcome_b_00504,7.74198266875,0
outcome_b,outcome_b_00505,7.7190293388,1
outcome_b,outcome_b_00506,-18.603541989,0
outcome_b,outcome_b_00507,-14.820656664,0
outcome_b,outcome_b_00508,20.5602979684,0
outcome_b,outcome_b_00509,11.8001529099,0
outcome_b,outcome_b_00510,1.95721807564,0
outcome_b,outcome_b_00511,23.2854283072,0
outcome_b,outcome_b_00512,2.19851583483,0
outcome_b,outcome_b_00513,1.70098863229,0
outcome_b,outcome_b_00514,13.5635342543,0
outcome_b,outcome_b_00515,11.0154029127,0
outcome_b,outcome_b_00516,-9.86259699114,0
outcome_b,outcome_b_00517,-20.8841059949,0
outcome_b,outcome_b_00518,-12.2077388746,0
outcome_b,outcome_b_00519,2.32431541335,0
outcome_b,outcome_b_00520,-10.0437229526,0
outcome_b,outcome_b_00521,-10.0620172948,0
outcome_b,outcome_b_00522,-6.93875694706,0
outcome_b,outcome_b_00523,12.321522491,0
outcome_b,outcome_b_00524,6.10991274048,0
outcome_b,outcome_b_00525,-2.91701279619,0
outcome_b,outcome_b_00526,-20.3984337335,0
outcome_b,outcome_b_00527,-19.196220591,0
outcome_b,outcome_b_00528,-8.69113410451,0
outcome_b,outcome_b_00529,-15.5521167913,0
outcome_b,outcome_b_00530,-17.771343673,0
outcome_b,outcome_b_00531,13.1596523287,0
outcome_b,outcome_b_00532,-15.86978945,0
outcome_b,outcome_b_00533,-17.5392256654,0
outcome_b,outcome_b_00534,-18.8720142218,0
outcome_b,outcome_b_00535,-14.508129774,0
outcome_b,outcome_b_00536,-8.58439882041,0
outcome_b,outcome_b_00537,18.834899056,0
outcome_b,outcome_b_00538,-4.76139659703,0
outcome_b,outcome_b_00539,-14.7332931251,0
outcome_b,outcome_b_00540,14.3829670264,0
outcome_b,outcome_b_00541,-17.7406148828,0
outcome_b,outcome_b_00542,-2.65679663562,0
outcome_b,outcome_b_00543,-11.8901895579,0
outcome_b,outcome_b_00544,0.28184983802,0
outcome_b,outcome_b_00545,-3.74173236591,0
outcome_b,outcome_b_00546,-16.8741660062,0
outcome_b,outcome_b_00547,9.39351061499,0
outcome_b,outcome_b_00548,21.5931561501,0
outcome_b,outcome_b_00549,-6.217481636,0
outcome_b,outcome_b_00550,-11.7649006082,0
outcome_b,outcome_b_00551,7.31746244638,1
outcome_b,outcome_b_00552,-10.4724350949,0
outcome_b,outcome_b_00553,7.5875117881,0
outcome_b,outcome_b_00554,-20.1314224521,0
outcome_b,outcome_b_00555,-3.61608481321,0
outcome_b,outcome_b_00556,-13.7350952719,0
outcome_b,outcome_b_00557,-21.2628647018,0
outcome_b,outcome_b_00558,1.56866015147,0
outcome_b,outcome_b_00559,11.2408211953,0
outcome_b,outcome_b_00560,-4.12591256132,0
outcome_b,outcome_b_00561,-15.7669737801,0
outcome_b,outcome_b_00562,23.7491928783,0
outcome_b,outcome_b_00563,4.88115469409,0
outcome_b,outcome_b_00564,-0.0261507164683,0
outcome_b,outcome_b_00565,1.70103113434,0
outcome_b,outcome_b_00566,-14.277710318,0
outcome_b,outcome_b_00567,21.1265987138,0
outcome_b,outcome_b_00568,-3.0408851402,0
outcome_b,outcome_b_00569,10.9994876587,0
outcome_b,outcome_b_00570,-12.9188203446,1
outcome_b,outcome_b_00571,19.0478181629,0
outcome_b,outcome_b_00572,12.386950946,0
outcome_b,outcome_b_00573,-11.3529872349,0
outcome_b,outcome_b_00574,-1.4469295857,0
outcome_b,outcome_b_00575,20.5775008682,0
outcome_b,outcome_b_00576,2.82696870678,0
outcome_b,outcome_b_00577,15.2140962041,0
outcome_b,outcome_b_00578,3.2089411561,0
outcome_b,outcome_b_00579,19.7853985481,0
outcome_b,outcome_b_00580,-21.3388304844,0
outcome_b,outcome_b_00581,-8.63711814488,0
outcome_b,outcome_b_00582,-10.2880151828,0
outcome_b,outcome_b_00583,-13.7513840623,0
outcome_b,outcome_b_00584,-14.0011610261,0
outcome_b,outcome_b_00585,-18.9179971793,0
outcome_b,outcome_b_00586,-0.962425261676,0
outcome_b,outcome_b_00587,13.3777352782,0
outcome_b,outcome_b_00588,-18.7907712995,0
outcome_b,outcome_b_00589,-12.9910425413,0
outcome_b,outcome_b_00590,23.5726791262,0
outcome_b,outcome_b_00591,6.00485832623,0
outcome_b,outcome_b_00592,-9.74692230382,0
outcome_b,outcome_b_00593,21.5857479511,0
outcome_b,outcome_b_00594,-4.04579692951,0
outcome_b,outcome_b_00595,4.94963491818,0
outcome_b,outcome_b_00596,7.74103004903,0
outcome_b,outcome_b_00597,2.07778042183,0
outcome_b,outcome_b_00598,21.1734544516,0
outcome_b,outcome_b_00599,7.77444809615,0
outcome_b,outcome_b_00600,13.6326539167,0
outcome_b,outcome_b_00601,14.5491823907,0
outcome_b,outcome_b_00602,2.93574980893,0
outcome_b,outcome_b_00603,-19.4733273054,0
outcome_b,outcome_b_00604,14.6218867209,0
outcome_b,outcome_b_00605,2.21223109028,0
outcome_b,outcome_b_00606,3.4101565121,0
outcome_b,outcome_b_00607,24.322752789,0
outcome_b,outcome_b_00608,-5.69586754728,0
outcome_b,outcome_b_00609,1.07548718747,0
outcome_b,outcome_b_00610,-5.20953642872,0
outcome_b,outcome_b_00611,5.79575006777,0
outcome_b,outcome_b_00612,0.845082853779,0
outcome_b,outcome_b_00613,-11.032077304,0
outcome_b,outcome_b_00614,-3.78390723754,0
outcome_b,outcome_b_00615,-8.7947588462,0
outcome_b,outcome_b_00616,8.8484021439,0
outcome_b,outcome_b_00617,-14.3478970291,0
outcome_b,outcome_b_00618,24.8348486723,0
outcome_b,outcome_b_00619,2.23131166525,0
outcome_b,outcome_b_00620,-9.88888941183,0
outcome_b,outcome_b_00621,12.3801664405,0
outcome_b,outcome_b_00622,-9.68486065465,0
outcome_b,outcome_b_00623,-21.4710265882,0
outcome_b,outcome_b_00624,-4.08673383045,0
outcome_b,outcome_b_00625,12.6454070769,0
outcome_b,outcome_b_00626,17.5381644709,0
outcome_b,outcome_b_00627,17.3780651108,0
outcome_b,outcome_b_00628,3.64294747911,0
outcome_b,outcome_b_00629,17.6654102109,0
outcome_b,outcome_b_00630,11.8393119635,0
outcome_b,outcome_b_00631,-12.1244245558,0
outcome_b,outcome_b_00632,12.9703859696,0
outcome_b,outcome_b_00633,-2.41599492547,0
outcome_b,outcome_b_00634,21.3535098082,0
outcome_b,outcome_b_00635,11.5792654735,0
outcome_b,outcome_b_00636,1.88182429034,0
outcome_b,outcome_b_00637,-18.4981052812,0
outcome_b,outcome_b_00638,-0.854666537273,0
outcome_b,outcome_b_00639,9.08840101611,0
outcome_b,outcome_b_00640,5.0705390647,0
outcome_b,outcome_b_00641,22.0274343585,0
outcome_b,outcome_b_00642,24.5825731977,0
outcome_b,outcome_b_00643,-12.606774623,0
outcome_b,outcome_b_00644,-2.8406428136,0
outcome_b,outcome_b_00645,-0.202510059999,0
outcome_b,outcome_b_00646,-0.719954357038,0
outcome_b,outcome_b_00647,9.02780033221,0
outcome_b,outcome_b_00648,-17.4505072806,0
outcome_b,outcome_b_00649,4.61682257164,0
outcome_b,outcome_b_00650,22.4145909202,0
outcome_b,outcome_b_00651,-19.6209098342,0
outcome_b,outcome_b_00652,-15.3956413869,0
outcome_b,outcome_b_00653,3.19682851296,0
outcome_b,outcome_b_00654,1.4984322949,0
outcome_b,outcome_b_00655,12.5251155609,0
outcome_b,outcome_b_00656,12.2394149914,0
outcome_b,outcome_b_00657,-24.3415059971,0
outcome_b,outcome_b_00658,-2.29615624512,0
outcome_b,outcome_b_00659,3.45673066698,0
outcome_b,outcome_b_00660,6.13799667248,0
outcome_b,outcome_b_00661,19.1064348784,0
outcome_b,outcome_b_00662,-1.23889816281,0
outcome_b,outcome_b_00663,-0.847416818435,0
outcome_b,outcome_b_00664,19.5202407677,0
outcome_b,outcome_b_00665,-8.55230701684,0
outcome_b,outcome_b_00666,-8.69630652103,0
outcome_b,outcome_b_00667,-7.6490627055,0
outcome_b,outcome_b_00668,20.0679631311,0
outcome_b,outcome_b_00669,-5.20383847472,0
outcome_b,outcome_b_00670,18.9825103788,0
outcome_b,outcome_b_00671,8.60454581257,0
outcome_b,outcome_b_00672,6.76673877226,0
outcome_b,outcome_b_00673,-15.3162525898,0
outcome_b,outcome_b_00674,9.05108986125,0
outcome_b,outcome_b_00675,-9.88822466824,0
outcome_b,outcome_b_00676,0.889249342865,0
outcome_b,outcome_b_00677,-20.9701362822,0
outcome_b,outcome_b_00678,-4.41918370081,0
outcome_b,outcome_b_00679,-9.95940391138,0
outcome_b,outcome_b_00680,20.7037677807,0
outcome_b,outcome_b_00681,-6.73224946146,0
outcome_b,outcome_b_00682,11.8976342892,0
outcome_b,outcome_b_00683,-7.61895009511,0
outcome_b,outcome_b_00684,13.4439139555,0
outcome_b,outcome_b_00685,2.76160672927,0
outcome_b,outcome_b_00686,-24.7368295462,1
outcome_b,outcome_b_00687,-11.1842149764,0
outcome_b,outcome_b_00688,14.5905725755,0
outcome_b,outcome_b_00689,6.47677332048,0
outcome_b,outcome_b_00690,-24.9272350345,0
outcome_b,outcome_b_00691,21.2289936591,0
outcome_b,outcome_b_00692,-23.2702155277,0
outcome_b,outcome_b_00693,-11.2627210367,0
outcome_b,outcome_b_00694,-5.52407014804,0
outcome_b,outcome_b_00695,7.58867547269,0
outcome_b,outcome_b_00696,9.97860194806,0
outcome_b,outcome_b_00697,-6.37290094732,0
outcome_b,outcome_b_00698,-4.12382236616,0
outcome_b,outcome_b_00699,-21.1564903619,0
outcome_b,outcome_b_00700,-19.8759005443,0
outcome_b,outcome_b_00701,8.11903489777,0
outcome_b,outcome_b_00702,-1.14274116836,0
outcome_b,outcome_b_00703,-20.8036844915,0
outcome_b,outcome_b_00704,2.11435765976,0
outcome_b,outcome_b_00705,-21.6152573398,0
outcome_b,outcome_b_00706,17.7987252997,0
outcome_b,outcome_b_00707,18.1557157383,0
outcome_b,outcome_b_00708,-24.3370611168,0
outcome_b,outcome_b_00709,-7.79097756595,0
outcome_b,outcome_b_00710,-7.50170771631,0
outcome_b,outcome_b_00711,-17.5122533426,0
outcome_b,outcome_b_00712,-14.9193534477,0
outcome_b,outcome_b_00713,-19.6972519287,0
outcome_b,outcome_b_00714,14.4762230992,0
outcome_b,outcome_b_00715,22.0888472231,0
outcome_b,outcome_b_00716,8.37392871849,0
outcome_b,outcome_b_00717,22.4359474715,0
outcome_b,outcome_b_00718,-18.103430555,0
outcome_b,outcome_b_00719,-7.58153368365,0
outcome_b,outcome_b_00720,-6.59793231824,0
outcome_b,outcome_b_00721,-10.8193981139,0
outcome_b,outcome_b_00722,-12.6410129962,0
outcome_b,outcome_b_00723,-6.96717244389,0
outcome_b,outcome_b_00724,-18.5428528672,0
outcome_b,outcome_b_00725,-6.81751510215,0
outcome_b,outcome_b_00726,-11.1163637073,0
outcome_b,outcome_b_00727,9.01661135033,0
outcome_b,outcome_b_00728,-2.33248915527,0
outcome_b,outcome_b_00729,-1.95520388679,0
outcome_b,outcome_b_00730,23.7176442239,0
outcome_b,outcome_b_00731,-15.0999196887,0
outcome_b,outcome_b_00732,6.41964370649,0
outcome_b,outcome_b_00733,-2.25776862795,0
outcome_b,outcome_b_00734,-16.2706501227,0
outcome_b,outcome_b_00735,6.31694157652,0
outcome_b,outcome_b_00736,-6.60304063057,0
outcome_b,outcome_b_00737,16.7789984575,0
outcome_b,outcome_b_00738,15.0405728258,0
outcome_b,outcome_b_00739,1.37490981258,0
outcome_b,outcome_b_00740,12.7372999833,0
outcome_b,outcome_b_00741,12.6571470553,0
outcome_b,outcome_b_00742,-16.9822090143,0
outcome_b,outcome_b_00743,19.2383246788,0
outcome_b,outcome_b_00744,-4.08557915668,0
outcome_b,outcome_b_00745,5.31844752283,0
outcome_b,outcome_b_00746,-21.0843083635,0
outcome_b,outcome_b_00747,-3.38318816569,0
outcome_b,outcome_b_00748,-24.3515858064,0
outcome_b,outcome_b_00749,22.1678748314,0
outcome_b,outcome_b_00750,19.778329355,0
outcome_b,outcome_b_00751,23.3574476888,0
outcome_b,outcome_b_00752,11.660003077,0
outcome_b,outcome_b_00753,-17.1211770564,0
outcome_b,outcome_b_00754,22.9868783249,0
outcome_b,outcome_b_00755,0.0323132050996,0
outcome_b,outcome_b_00756,-24.0601695033,0
outcome_b,outcome_b_00757,16.4052428405,0
outcome_b,outcome_b_00758,-7.18023805229,0
outcome_b,outcome_b_00759,23.8697676019,0
outcome_b,outcome_b_00760,6.79295597624,0
outcome_b,outcome_b_00761,24.0741910079,0
outcome_b,outcome_b_00762,9.43107348757,0
outcome_b,outcome_b_00763,20.5268741459,0
outcome_b,outcome_b_00764,-1.39121122919,0
outcome_b,outcome_b_00765,11.6403077183,0
outcome_b,outcome_b_00766,1.16666161457,0
outcome_b,outcome_b_00767,4.69570392846,0
outcome_b,outcome_b_00768,-10.9120667542,1
outcome_b,outcome_b_00769,6.36855298854,0
outcome_b,outcome_b_00770,-6.73527820531,0
outcome_b,outcome_b_00771,-19.4028775234,0
outcome_b,outcome_b_00772,-22.7850681624,0
outcome_b,outcome_b_00773,-12.141625968,0
outcome_b,outcome_b_00774,-18.8635861689,0
outcome_b,outcome_b_00775,-3.99109707962,0
outcome_b,outcome_b_00776,21.0552236094,0
outcome_b,outcome_b_00777,13.6293736516,0
outcome_b,outcome_b_00778,-17.2893699986,0
outcome_b,outcome_b_00779,15.7633854465,0
outcome_b,outcome_b_00780,11.1018942259,0
outcome_b,outcome_b_00781,22.4632659778,0
outcome_b,outcome_b_00782,9.40481537874,0
outcome_b,outcome_b_00783,-19.4695494493,0
outcome_b,outcome_b_00784,18.8022181249,0
outcome_b,outcome_b_00785,-21.4383774738,0
outcome_b,outcome_b_00786,6.04232465699,1
outcome_b,outcome_b_00787,14.123702193,0
outcome_b,outcome_b_00788,24.3565910361,0
outcome_b,outcome_b_00789,-13.3119379786,0
outcome_b,outcome_b_00790,-9.68327640161,0
outcome_b,outcome_b_00791,11.3732749735,0
outcome_b,outcome_b_00792,-16.9724703728,0
outcome_b,outcome_b_00793,23.7230606824,1
outcome_b,outcome_b_00794,-23.5455524438,1
outcome_b,outcome_b_00795,-24.1614801849,0
outcome_b,outcome_b_00796,21.9482699488,0
outcome_b,outcome_b_00797,15.9052767164,0
outcome_b,outcome_b_00798,1.5897545863,0
outcome_b,outcome_b_00799,23.7313964448,0
outcome_b,outcome_b_00800,9.86125350835,0
outcome_b,outcome_b_00801,-20.524904415,0
outcome_b,outcome_b_00802,-19.3850328762,0
outcome_b,outcome_b_00803,9.34132482462,0
outcome_b,outcome_b_00804,-9.87555017505,0
outcome_b,outcome_b_00805,14.1462460844,0
outcome_b,outcome_b_00806,-13.0361475122,0
outcome_b,outcome_b_00807,17.0655249091,0
outcome_b,outcome_b_00808,-15.9433364436,0
outcome_b,outcome_b_00809,13.4799768654,0
outcome_b,outcome_b_00810,12.2352689116,0
outcome_b,outcome_b_00811,10.121374175,0
outcome_b,outcome_b_00812,22.9538965105,0
outcome_b,outcome_b_00813,-6.67370207249,0
outcome_b,outcome_b_00814,-20.1035441169,0
outcome_b,outcome_b_00815,-22.8157161672,0
outcome_b,outcome_b_00816,11.7293417741,0
outcome_b,outcome_b_00817,-17.5923920774,0
outcome_b,outcome_b_00818,-20.3787846744,1
outcome_b,outcome_b_00819,-20.8349486537,0
outcome_b,outcome_b_00820,-9.65165709601,0
outcome_b,outcome_b_00821,7.31393500764,0
outcome_b,outcome_b_00822,4.75533892505,0
outcome_b,outcome_b_00823,24.8096218845,0
outcome_b,outcome_b_00824,-9.97493343833,0
outcome_b,outcome_b_00825,8.00521822553,0
outcome_b,outcome_b_00826,-19.6435032789,0
outcome_b,outcome_b_00827,0.990020338336,0
outcome_b,outcome_b_00828,-21.5508634899,0
outcome_b,outcome_b_00829,-20.2057418709,0
outcome_b,outcome_b_00830,-24.2814749635,0
outcome_b,outcome_b_00831,10.642303081,0
outcome_b,outcome_b_00832,22.0480474413,0
outcome_b,outcome_b_00833,5.25555119995,0
outcome_b,outcome_b_00834,-3.15212120599,0
outcome_b,outcome_b_00835,-16.7836947639,0
outcome_b,outcome_b_00836,-17.4998432547,0
outcome_b,outcome_b_00837,-14.3662388657,0
outcome_b,outcome_b_00838,24.9576197992,0
outcome_b,outcome_b_00839,22.037575142,0
outcome_b,outcome_b_00840,-19.6653911649,0
outcome_b,outcome_b_00841,15.6030845246,0
outcome_b,outcome_b_00842,8.57375681668,0
outcome_b,outcome_b_00843,-3.78681848138,0
outcome_b,outcome_b_00844,1.04940795153,0
outcome_b,outcome_b_00845,-5.06099554679,0
outcome_b,outcome_b_00846,6.59107349904,0
outcome_b,outcome_b_00847,1.48047711777,0
outcome_b,outcome_b_00848,-9.77246589469,0
outcome_b,outcome_b_00849,15.2119392425,0
outcome_b,outcome_b_00850,-7.38597613222,0
outcome_b,outcome_b_00851,-14.5382418745,0
outcome_b,outcome_b_00852,-0.465794212324,0
outcome_b,outcome_b_00853,-10.9296146149,0
outcome_b,outcome_b_00854,-1.34836222339,0
outcome_b,outcome_b_00855,-22.578203425,0
outcome_b,outcome_b_00856,0.734578584194,0
outcome_b,outcome_b_00857,-8.44415084716,0
outcome_b,outcome_b_00858,-24.3406535273,0
outcome_b,outcome_b_00859,-3.79068601549,0
outcome_b,outcome_b_00860,4.24991513864,0
outcome_b,outcome_b_00861,-1.79263365631,0
outcome_b,outcome_b_00862,12.7346898631,0
outcome_b,outcome_b_00863,-24.0872858472,0
outcome_b,outcome_b_00864,-6.79060395128,0
outcome_b,outcome_b_00865,-17.9145510386,0
outcome_b,outcome_b_00866,4.65102794814,0
outcome_b,outcome_b_00867,11.6087690605,0
outcome_b,outcome_b_00868,-9.22542333942,0
outcome_b,outcome_b_00869,-4.61152796706,0
outcome_b,outcome_b_00870,-17.5736940561,0
outcome_b,outcome_b_00871,-1.03789421886,0
outcome_b,outcome_b_00872,16.689583583,0
outcome_b,outcome_b_00873,9.36870755417,0
outcome_b,outcome_b_00874,-14.5720122446,0
outcome_b,outcome_b_00875,-13.8435925788,0
outcome_b,outcome_b_00876,-18.2843581048,0
outcome_b,outcome_b_00877,1.07983510369,0
outcome_b,outcome_b_00878,-2.440258352,0
outcome_b,outcome_b_00879,1.87377656571,0
outcome_b,outcome_b_00880,22.1400420556,0
outcome_b,outcome_b_00881,-0.449259530278,0
outcome_b,outcome_b_00882,12.9024748197,0
outcome_b,outcome_b_00883,-4.42034811614,0
outcome_b,outcome_b_00884,-21.8563041418,0
outcome_b,outcome_b_00885,-10.5863070214,0
outcome_b,outcome_b_00886,13.3064812166,0
outcome_b,outcome_b_00887,-10.4822531499,0
outcome_b,outcome_b_00888,-14.3968444956,0
outcome_b,outcome_b_00889,10.5060392591,0
outcome_b,outcome_b_00890,5.19252446633,0
outcome_b,outcome_b_00891,10.7620548163,0
outcome_b,outcome_b_00892,8.93702775745,0
outcome_b,outcome_b_00893,23.4617848127,0
outcome_b,outcome_b_00894,15.3197169583,0
outcome_b,outcome_b_00895,-23.000686494,0
outcome_b,outcome_b_00896,-17.8289981685,0
outcome_b,outcome_b_00897,-9.17604317537,0
outcome_b,outcome_b_00898,11.0010712587,0
outcome_b,outcome_b_00899,-6.24728429324,0
outcome_b,outcome_b_00900,19.3010528494,0
outcome_b,outcome_b_00901,18.8391859594,0
outcome_b,outcome_b_00902,-5.46965935291,0
outcome_b,outcome_b_00903,-13.2201070232,0
outcome_b,outcome_b_00904,-23.9612273771,0
outcome_b,outcome_b_00905,23.2335419854,0
outcome_b,outcome_b_00906,-14.0693722132,0
outcome_b,outcome_b_00907,-5.67103529482,0
outcome_b,outcome_b_00908,-17.8748512094,0
outcome_b,outcome_b_00909,1.2326331537,0
outcome_b,outcome_b_00910,8.78556319673,0
outcome_b,outcome_b_00911,-9.29949013336,0
outcome_b,outcome_b_00912,8.99171678043,0
outcome_b,outcome_b_00913,-7.87214010386,1
outcome_b,outcome_b_00914,-20.4106104138,0
outcome_b,outcome_b_00915,-17.8998465277,0
outcome_b,outcome_b_00916,-23.6721132171,0
outcome_b,outcome_b_00917,-9.09939613605,0
outcome_b,outcome_b_00918,-24.0410179266,0
outcome_b,outcome_b_00919,10.0824344666,0
outcome_b,outcome_b_00920,-20.7024773358,0
outcome_b,outcome_b_00921,19.4299475162,0
outcome_b,outcome_b_00922,-18.7507056081,0
outcome_b,outcome_b_00923,14.0715434144,0
outcome_b,outcome_b_00924,-12.2669432163,0
outcome_b,outcome_b_00925,-20.4593476663,0
outcome_b,outcome_b_00926,21.2288367278,0
outcome_b,outcome_b_00927,12.7779327651,0
outcome_b,outcome_b_00928,8.33172271987,1
outcome_b,outcome_b_00929,-14.0165965048,0
outcome_b,outcome_b_00930,19.6774596387,0
outcome_b,outcome_b_00931,4.68332794873,0
outcome_b,outcome_b_00932,-0.657903047246,0
outcome_b,outcome_b_00933,9.60552750016,0
outcome_b,outcome_b_00934,13.2495443015,0
outcome_b,outcome_b_00935,-7.87475552276,0
outcome_b,outcome_b_00936,0.613943139464,0
outcome_b,outcome_b_00937,5.71833646548,0
outcome_b,outcome_b_00938,11.3452755762,0
outcome_b,outcome_b_00939,-17.6574107482,0
outcome_b,outcome_b_00940,21.0691573955,0
outcome_b,outcome_b_00941,2.68213948011,0
outcome_b,outcome_b_00942,18.5949266994,0
outcome_b,outcome_b_00943,-8.30421919874,0
outcome_b,outcome_b_00944,-3.99559159256,0
outcome_b,outcome_b_00945,21.0728625075,0
outcome_b,outcome_b_00946,5.95177068087,0
outcome_b,outcome_b_00947,-13.2470448713,0
outcome_b,outcome_b_00948,-9.12495140668,0
outcome_b,outcome_b_00949,21.4035709135,0
outcome_b,outcome_b_00950,17.2057348913,0
outcome_b,outcome_b_00951,-20.787527737,0
outcome_b,outcome_b_00952,-15.9810355453,0
outcome_b,outcome_b_00953,23.6378071595,0
outcome_b,outcome_b_00954,23.0952357594,0
outcome_b,outcome_b_00955,-5.78439786052,0
outcome_b,outcome_b_00956,-21.8965655514,0
outcome_b,outcome_b_00957,18.6582352454,0
outcome_b,outcome_b_00958,23.878432811,0
outcome_b,outcome_b_00959,-17.785187668,0
outcome_b,outcome_b_00960,6.08203636999,0
outcome_b,outcome_b_00961,-0.337232537434,0
outcome_b,outcome_b_00962,-16.0632124833,0
outcome_b,outcome_b_00963,20.914120541,0
outcome_b,outcome_b_00964,8.87384608806,0
outcome_b,outcome_b_00965,-21.6787897334,0
outcome_b,outcome_b_00966,-17.1941765155,0
outcome_b,outcome_b_00967,-11.1034935232,0
outcome_b,outcome_b_00968,6.84419347348,0
outcome_b,outcome_b_00969,-6.38295879755,0
outcome_b,outcome_b_00970,20.9336306685,0
outcome_b,outcome_b_00971,9.57402421037,0
outcome_b,outcome_b_00972,-5.29042421521,0
outcome_b,outcome_b_00973,13.7580930286,0
outcome_b,outcome_b_00974,10.9341129925,0
outcome_b,outcome_b_00975,-14.3043462044,0
outcome_b,outcome_b_00976,20.8113068085,0
outcome_b,outcome_b_00977,-3.48225890719,0
outcome_b,outcome_b_00978,-2.74164147819,0
outcome_b,outcome_b_00979,21.5343371104,0
outcome_b,outcome_b_00980,-13.256948602,0
outcome_b,outcome_b_00981,17.2233136871,0
outcome_b,outcome_b_00982,16.9996045647,0
outcome_b,outcome_b_00983,0.306957961475,0
outcome_b,outcome_b_00984,-11.558622964,0
outcome_b,outcome_b_00985,18.3780053227,0
outcome_b,outcome_b_00986,-4.19835292286,0
outcome_b,outcome_b_00987,8.16309810238,0
outcome_b,outcome_b_00988,-4.65611294064,0
outcome_b,outcome_b_00989,-15.0705895097,0
outcome_b,outcome_b_00990,-9.9202671222,0
outcome_b,outcome_b_00991,22.1205636602,0
outcome_b,outcome_b_00992,7.42839599989,0
outcome_b,outcome_b_00993,12.6437904289,0
outcome_b,outcome_b_00994,15.3007117099,0
outcome_b,outcome_b_00995,2.94279118074,1
outcome_b,outcome_b_00996,-10.4093547303,0
outcome_b,outcome_b_00997,-7.46556438384,0
outcome_b,outcome_b_00998,-10.2282255794,0
outcome_b,outcome_b_00999,15.0715850921,0
outcome_b,outcome_b_01000,-13.4165564068,0
outcome_b,outcome_b_01001,-8.7477999706,0
outcome_b,outcome_b_01002,-14.3110238268,0
outcome_b,outcome_b_01003,-12.3348551421,0
outcome_b,outcome_b_01004,1.59820736092,0
outcome_b,outcome_b_01005,-4.43400118497,0
outcome_b,outcome_b_01006,22.4668215569,0
outcome_b,outcome_b_01007,-6.59193434135,0
outcome_b,outcome_b_01008,-2.7197486747,0
outcome_b,outcome_b_01009,9.0732803632,0
outcome_b,outcome_b_01010,16.4116244366,0
outcome_b,outcome_b_01011,-10.3038017475,0
outcome_b,outcome_b_01012,2.42433923312,0
outcome_b,outcome_b_01013,-15.7244023814,0
outcome_b,outcome_b_01014,-13.9391769708,0
outcome_b,outcome_b_01015,-5.550229136,0
outcome_b,outcome_b_01016,-6.87903208136,0
outcome_b,outcome_b_01017,14.4591163469,0
outcome_b,outcome_b_01018,24.221162045,0
outcome_b,outcome_b_01019,3.6500869639,0
outcome_b,outcome_b_01020,18.8408200796,1
outcome_b,outcome_b_01021,17.8215792163,0
outcome_b,outcome_b_01022,6.9282107723,0
outcome_b,outcome_b_01023,-1.08183235658,0
outcome_b,outcome_b_01024,5.47481323046,0
outcome_b,outcome_b_01025,-13.3584502562,0
outcome_b,outcome_b_01026,-1.20100530225,0
outcome_b,outcome_b_01027,-7.36916742933,0
outcome_b,outcome_b_01028,-20.8197153838,0
outcome_b,outcome_b_01029,-11.3887594969,0
outcome_b,outcome_b_01030,-3.76037398646,0
outcome_b,outcome_b_01031,19.517807049,0
outcome_b,outcome_b_01032,-3.40673152231,0
outcome_b,outcome_b_01033,11.6126612792,0
outcome_b,outcome_b_01034,1.58473529015,0
outcome_b,outcome_b_01035,15.0916191663,0
outcome_b,outcome_b_01036,-16.1317649731,0
outcome_b,outcome_b_01037,2.98844435729,0
outcome_b,outcome_b_01038,-17.9303936223,0
outcome_b,outcome_b_01039,14.6717513603,1
outcome_b,outcome_b_01040,-15.59090752,0
outcome_b,outcome_b_01041,11.0345485678,0
outcome_b,outcome_b_01042,9.58099519872,0
outcome_b,outcome_b_01043,20.1888500103,0
outcome_b,outcome_b_01044,-1.91190442195,1
outcome_b,outcome_b_01045,23.6068981465,0
outcome_b,outcome_b_01046,-12.33254435,0
outcome_b,outcome_b_01047,-8.28683676551,0
outcome_b,outcome_b_01048,-9.65882116732,0
outcome_b,outcome_b_01049,11.3792185737,0
outcome_b,outcome_b_01050,-15.8259822725,0
outcome_b,outcome_b_01051,-8.96969497669,0
outcome_b,outcome_b_01052,19.6704282727,0
outcome_b,outcome_b_01053,-9.10192131643,0
outcome_b,outcome_b_01054,-12.8134945557,0
outcome_b,outcome_b_01055,-10.061306516,1
outcome_b,outcome_b_01056,2.38280948249,0
outcome_b,outcome_b_01057,-1.72198598722,0
outcome_b,outcome_b_01058,12.8462403488,0
outcome_b,outcome_b_01059,7.17094219028,0
outcome_b,outcome_b_01060,22.756679282,0
outcome_b,outcome_b_01061,12.7283174902,0
outcome_b,outcome_b_01062,4.52356811438,0
outcome_b,outcome_b_01063,-6.32350346389,0
outcome_b,outcome_b_01064,15.3792175019,0
outcome_b,outcome_b_01065,-22.2580890357,0
outcome_b,outcome_b_01066,-5.55053450352,0
outcome_b,outcome_b_01067,16.1000404923,0
outcome_b,outcome_b_01068,24.9210308554,0
outcome_b,outcome_b_01069,11.0777860318,0
outcome_b,outcome_b_01070,-16.5835185896,0
outcome_b,outcome_b_01071,-9.58122359955,0
outcome_b,outcome_b_01072,-9.31433074934,0
outcome_b,outcome_b_01073,17.734101827,1
outcome_b,outcome_b_01074,13.8753740335,0
outcome_b,outcome_b_01075,17.8298820066,0
outcome_b,outcome_b_01076,8.62042643375,0
outcome_b,outcome_b_01077,23.1904767329,0
outcome_b,outcome_b_01078,-15.5078592352,0
outcome_b,outcome_b_01079,24.9997418201,0
outcome_b,outcome_b_01080,-1.99262167747,0
outcome_b,outcome_b_01081,-22.3572050127,0
outcome_b,outcome_b_01082,17.0206674025,0
outcome_b,outcome_b_01083,2.45860084116,0
outcome_b,outcome_b_01084,-7.80367868332,0
outcome_b,outcome_b_01085,-24.0099121561,0
outcome_b,outcome_b_01086,-10.3377607964,0
outcome_b,outcome_b_01087,17.958549478,0
outcome_b,outcome_b_01088,10.3301676363,0
outcome_b,outcome_b_01089,8.73975117011,1
outcome_b,outcome_b_01090,-8.11419082006,0
outcome_b,outcome_b_01091,17.9905420469,0
outcome_b,outcome_b_01092,24.7551247934,0
outcome_b,outcome_b_01093,-3.50878359855,0
outcome_b,outcome_b_01094,24.2627502345,0
outcome_b,outcome_b_01095,9.36942332599,0
outcome_b,outcome_b_01096,-13.9519857506,0
outcome_b,outcome_b_01097,-14.8606462247,1
outcome_b,outcome_b_01098,12.2489024057,0
outcome_b,outcome_b_01099,-3.28150294606,0
outcome_b,outcome_b_01100,8.23412881234,0
outcome_b,outcome_b_01101,10.5182795203,0
outcome_b,outcome_b_01102,-17.9076837322,0
outcome_b,outcome_b_01103,0.211625641224,0
outcome_b,outcome_b_01104,18.0342854068,0
outcome_b,outcome_b_01105,21.6519924176,1
outcome_b,outcome_b_01106,19.3366278577,0
outcome_b,outcome_b_01107,5.25584240943,1
outcome_b,outcome_b_01108,5.56450544846,0
outcome_b,outcome_b_01109,17.3369918834,0
outcome_b,outcome_b_01110,2.73703372676,0
outcome_b,outcome_b_01111,3.73091172094,0
outcome_b,outcome_b_01112,6.91886492909,0
outcome_b,outcome_b_01113,15.9149151261,0
outcome_b,outcome_b_01114,20.5870243111,0
outcome_b,outcome_b_01115,14.1712205418,0
outcome_b,outcome_b_01116,21.8587944217,0
outcome_b,outcome_b_01117,18.9550877034,0
outcome_b,outcome_b_01118,11.1117170351,0
outcome_b,outcome_b_01119,12.2410452894,0
outcome_b,outcome_b_01120,-10.1294437559,0
outcome_b,outcome_b_01121,-2.45046347027,0
outcome_b,outcome_b_01122,-2.94199901328,0
outcome_b,outcome_b_01123,9.89929271758,0
outcome_b,outcome_b_01124,-13.8822136298,0
outcome_b,outcome_b_01125,23.5562646457,0
outcome_b,outcome_b_01126,22.6681164303,0
outcome_b,outcome_b_01127,-15.5056069312,0
outcome_b,outcome_b_01128,6.7654010861,0
outcome_b,outcome_b_01129,-7.95078090668,0
outcome_b,outcome_b_01130,-12.1695731002,0
outcome_b,outcome_b_01131,-2.49387585742,0
outcome_b,outcome_b_01132,-8.8063819882,0
outcome_b,outcome_b_01133,6.62554306219,0
outcome_b,outcome_b_01134,-17.1257573412,0
outcome_b,outcome_b_01135,-2.88961292744,0
outcome_b,outcome_b_01136,0.0343629394104,0
outcome_b,outcome_b_01137,-5.86884649195,0
outcome_b,outcome_b_01138,5.19088925991,0
outcome_b,outcome_b_01139,-2.76117241651,0
outcome_b,outcome_b_01140,-15.1048558745,0
outcome_b,outcome_b_01141,10.1323817503,0
outcome_b,outcome_b_01142,-9.36165715062,0
outcome_b,outcome_b_01143,9.13201661171,0
outcome_b,outcome_b_01144,22.4158812534,0
outcome_b,outcome_b_01145,-15.2908503786,0
outcome_b,outcome_b_01146,4.75922175197,0
outcome_b,outcome_b_01147,3.64279082178,0
outcome_b,outcome_b_01148,19.2002338354,0
outcome_b,outcome_b_01149,-12.6022341436,0
outcome_b,outcome_b_01150,15.9563692179,0
outcome_b,outcome_b_01151,14.6402012685,0
outcome_b,outcome_b_01152,24.8745805087,0
outcome_b,outcome_b_01153,19.4060404385,0
outcome_b,outcome_b_01154,13.3947791128,0
outcome_b,outcome_b_01155,-1.85606601626,0
outcome_b,outcome_b_01156,-16.8592937964,0
outcome_b,outcome_b_01157,-1.50227962872,0
outcome_b,outcome_b_01158,-6.24311269259,0
outcome_b,outcome_b_01159,-20.6839100505,0
outcome_b,outcome_b_01160,0.828296438451,0
outcome_b,outcome_b_01161,-19.1496599441,0
outcome_b,outcome_b_01162,24.4570289954,0
outcome_b,outcome_b_01163,-12.7699371246,0
outcome_b,outcome_b_01164,-20.6232617897,0
outcome_b,outcome_b_01165,-21.635925332,0
outcome_b,outcome_b_01166,-4.13228603648,1
outcome_b,outcome_b_01167,16.6943114587,0
outcome_b,outcome_b_01168,-2.96823823015,0
outcome_b,outcome_b_01169,-0.910772954778,0
outcome_b,outcome_b_01170,18.8330944815,0
outcome_b,outcome_b_01171,17.7414533294,0
outcome_b,outcome_b_01172,15.2599144313,0
outcome_b,outcome_b_01173,7.06231130847,0
outcome_b,outcome_b_01174,3.30217098744,0
outcome_b,outcome_b_01175,-9.93168248158,0
outcome_b,outcome_b_01176,12.7988445716,0
outcome_b,outcome_b_01177,-19.3045898228,0
outcome_b,outcome_b_01178,-13.4226862226,0
outcome_b,outcome_b_01179,15.2164439089,0
outcome_b,outcome_b_01180,24.261958875,0
outcome_b,outcome_b_01181,19.13237278,0
outcome_b,outcome_b_01182,18.8969523301,0
outcome_b,outcome_b_01183,18.1493475636,0
outcome_b,outcome_b_01184,-14.6528553114,0
outcome_b,outcome_b_01185,-17.9506271211,0
outcome_b,outcome_b_01186,6.2468629001,0
outcome_b,outcome_b_01187,7.18708347539,0
outcome_b,outcome_b_01188,20.0408178738,0
outcome_b,outcome_b_01189,-17.6467572413,0
outcome_b,outcome_b_01190,19.8079736087,0
outcome_b,outcome_b_01191,-23.9681695715,0
outcome_b,outcome_b_01192,-18.8512996273,0
outcome_b,outcome_b_01193,21.1109272511,0
outcome_b,outcome_b_01194,-1.11369095805,0
outcome_b,outcome_b_01195,5.78173643578,0
outcome_b,outcome_b_01196,19.5617157068,0
outcome_b,outcome_b_01197,8.41391423313,0
outcome_b,outcome_b_01198,-10.761118046,0
outcome_b,outcome_b_01199,-20.4909096814,0
outcome_b,outcome_b_01200,4.65891955262,0
outcome_b,outcome_b_01201,-9.71211813729,0
outcome_b,outcome_b_01202,23.0447538869,0
outcome_b,outcome_b_01203,13.1124356336,0
outcome_b,outcome_b_01204,-2.93613642211,0
outcome_b,outcome_b_01205,0.0557263067515,0
outcome_b,outcome_b_01206,2.93633429256,0
outcome_b,outcome_b_01207,-6.9231999,0
outcome_b,outcome_b_01208,2.00687047416,0
outcome_b,outcome_b_01209,-4.7561410808,0
outcome_b,outcome_b_01210,-4.59068691701,0
outcome_b,outcome_b_01211,-21.0767088314,0
outcome_b,outcome_b_01212,-17.2049752803,0
outcome_b,outcome_b_01213,-20.2363508965,0
outcome_b,outcome_b_01214,3.37145512552,0
outcome_b,outcome_b_01215,15.6323731905,0
outcome_b,outcome_b_01216,-7.97236648867,0
outcome_b,outcome_b_01217,-0.192728567685,0
outcome_b,outcome_b_01218,20.2292275173,0
outcome_b,outcome_b_01219,2.73584537137,0
outcome_b,outcome_b_01220,-21.1718909465,0
outcome_b,outcome_b_01221,-6.77846714223,0
outcome_b,outcome_b_01222,15.4347825867,0
outcome_b,outcome_b_01223,-6.81600888552,0
outcome_b,outcome_b_01224,-10.4917431919,1
outcome_b,outcome_b_01225,14.2952991878,0
outcome_b,outcome_b_01226,0.249609615451,0
outcome_b,outcome_b_01227,-16.8639883915,0
outcome_b,outcome_b_01228,-8.87182727293,0
outcome_b,outcome_b_01229,15.7478276097,0
outcome_b,outcome_b_01230,-24.9875950833,0
outcome_b,outcome_b_01231,17.1005746058,0
outcome_b,outcome_b_01232,-18.19806383,0
outcome_b,outcome_b_01233,-5.24494950446,0
outcome_b,outcome_b_01234,-23.4000876307,0
outcome_b,outcome_b_01235,0.858222168293,0
outcome_b,outcome_b_01236,20.9736589363,0
outcome_b,outcome_b_01237,-8.16737277609,0
outcome_b,outcome_b_01238,-4.26445894663,0
outcome_b,outcome_b_01239,-0.911138279296,0
outcome_b,outcome_b_01240,24.9187059648,0
outcome_b,outcome_b_01241,-24.4528403829,0
outcome_b,outcome_b_01242,19.9888533991,0
outcome_b,outcome_b_01243,-4.83100818502,0
outcome_b,outcome_b_01244,10.3565886385,0
outcome_b,outcome_b_01245,-14.8737270104,0
outcome_b,outcome_b_01246,15.8872015011,0
outcome_b,outcome_b_01247,1.77216238517,0
outcome_b,outcome_b_01248,8.29460769304,0
outcome_b,outcome_b_01249,-14.6010695463,0
outcome_b,outcome_b_01250,13.6428343214,1
outcome_b,outcome_b_01251,10.9336973378,0
outcome_b,outcome_b_01252,24.7449697631,0
outcome_b,outcome_b_01253,-3.99375796885,0
outcome_b,outcome_b_01254,-5.839529089,0
outcome_b,outcome_b_01255,21.0620798565,0
outcome_b,outcome_b_01256,-8.17844097963,0
outcome_b,outcome_b_01257,-24.3288171441,0
outcome_b,outcome_b_01258,1.73228532648,0
outcome_b,outcome_b_01259,-11.984627768,0
outcome_b,outcome_b_01260,5.29428812408,0
outcome_b,outcome_b_01261,19.3668463104,0
outcome_b,outcome_b_01262,-12.9422574661,0
outcome_b,outcome_b_01263,-4.78753034797,0
outcome_b,outcome_b_01264,-2.17306491066,0
outcome_b,outcome_b_01265,14.4307432389,0
outcome_b,outcome_b_01266,20.304891214,0
outcome_b,outcome_b_01267,5.04010478342,0
outcome_b,outcome_b_01268,-18.1998056022,0
outcome_b,outcome_b_01269,24.2378634567,0
outcome_b,outcome_b_01270,20.3951676767,0
outcome_b,outcome_b_01271,17.1566919005,0
outcome_b,outcome_b_01272,-12.3970750192,0
outcome_b,outcome_b_01273,-24.4793706644,0
outcome_b,outcome_b_01274,17.3755548044,0
outcome_b,outcome_b_01275,2.87224967659,0
outcome_b,outcome_b_01276,-20.6565659985,0
outcome_b,outcome_b_01277,17.9763844429,0
outcome_b,outcome_b_01278,1.58332052514,0
outcome_b,outcome_b_01279,-21.1794200206,0
outcome_b,outcome_b_01280,-8.01446135445,0
outcome_b,outcome_b_01281,-15.1359623829,0
outcome_b,outcome_b_01282,21.0787203928,0
outcome_b,outcome_b_01283,-13.8740480545,0
outcome_b,outcome_b_01284,-15.1396076357,0
outcome_b,outcome_b_01285,13.4971343818,0
outcome_b,outcome_b_01286,17.2111011825,0
outcome_b,outcome_b_01287,7.57475263143,0
outcome_b,outcome_b_01288,14.6079441281,0
outcome_b,outcome_b_01289,23.9671810531,0
outcome_b,outcome_b_01290,-12.4022669275,0
outcome_b,outcome_b_01291,8.86603693586,0
outcome_b,outcome_b_01292,-15.3524934673,0
outcome_b,outcome_b_01293,15.1939977343,0
outcome_b,outcome_b_01294,-11.041796617,0
outcome_b,outcome_b_01295,-21.019399017,0
outcome_b,outcome_b_01296,2.8036626572,0
outcome_b,outcome_b_01297,24.6800632536,0
outcome_b,outcome_b_01298,-23.6072566499,0
outcome_b,outcome_b_01299,-7.33502440997,0
outcome_b,outcome_b_01300,20.5596071681,0
outcome_b,outcome_b_01301,-21.4150540606,0
outcome_b,outcome_b_01302,11.849069429,0
outcome_b,outcome_b_01303,-9.18558804761,0
outcome_b,outcome_b_01304,24.7131139638,1
outcome_b,outcome_b_01305,13.9611789818,1
outcome_b,outcome_b_01306,22.145377954,0
outcome_b,outcome_b_01307,10.773843664,0
outcome_b,outcome_b_01308,14.0087775018,0
outcome_b,outcome_b_01309,-18.7881126904,0
outcome_b,outcome_b_01310,7.94605365422,0
outcome_b,outcome_b_01311,-24.9174422425,0
outcome_b,outcome_b_01312,-7.52419870045,0
outcome_b,outcome_b_01313,20.7120605871,0
outcome_b,outcome_b_01314,-15.1889064748,0
outcome_b,outcome_b_01315,-6.15988792465,0
outcome_b,outcome_b_01316,-3.98511053239,0
outcome_b,outcome_b_01317,-22.4878764192,0
outcome_b,outcome_b_01318,-24.1066182736,0
outcome_b,outcome_b_01319,14.3860076474,0
outcome_b,outcome_b_01320,8.76117351693,0
outcome_b,outcome_b_01321,7.00989735981,0
outcome_b,outcome_b_01322,-9.4914002407,0
outcome_b,outcome_b_01323,-11.0927473193,0
outcome_b,outcome_b_01324,-18.73902677,0
outcome_b,outcome_b_01325,-6.38315976611,0
outcome_b,outcome_b_01326,18.6694160386,0
outcome_b,outcome_b_01327,13.6778124953,0
outcome_b,outcome_b_01328,14.2973298582,0
outcome_b,outcome_b_01329,-15.5999048396,0
outcome_b,outcome_b_01330,-0.37559225581,0
outcome_b,outcome_b_01331,-14.2112663767,0
outcome_b,outcome_b_01332,-5.66348275425,0
outcome_b,outcome_b_01333,8.68361915011,0
outcome_b,outcome_b_01334,8.37718818878,0
outcome_b,outcome_b_01335,-21.8047387492,1
outcome_b,outcome_b_01336,-5.37391533412,0
outcome_b,outcome_b_01337,-16.8865695627,0
outcome_b,outcome_b_01338,-20.9510452054,0
outcome_b,outcome_b_01339,4.99648484858,0
outcome_b,outcome_b_01340,-17.1009058536,0
outcome_b,outcome_b_01341,3.52893121033,0
outcome_b,outcome_b_01342,19.3684898201,0
outcome_b,outcome_b_01343,-11.2581251238,0
outcome_b,outcome_b_01344,-18.9233129766,0
outcome_b,outcome_b_01345,-15.3564237272,0
outcome_b,outcome_b_01346,14.8621723595,0
outcome_b,outcome_b_01347,-2.71250486571,0
outcome_b,outcome_b_01348,-24.1423605633,0
outcome_b,outcome_b_01349,-11.7687609291,0
outcome_b,outcome_b_01350,2.9574719149,0
outcome_b,outcome_b_01351,-5.54484075361,0
outcome_b,outcome_b_01352,-19.9342104136,0
outcome_b,outcome_b_01353,2.3385717167,0
outcome_b,outcome_b_01354,-11.2521455159,0
outcome_b,outcome_b_01355,-15.4559217868,0
outcome_b,outcome_b_01356,-16.0450111893,0
outcome_b,outcome_b_01357,-8.48517758596,0
outcome_b,outcome_b_01358,-10.0410787904,0
outcome_b,outcome_b_01359,-20.6220017269,0
outcome_b,outcome_b_01360,-0.971010067243,0
outcome_b,outcome_b_01361,-24.3538499543,0
outcome_b,outcome_b_01362,24.9404358118,0
outcome_b,outcome_b_01363,-13.8971291386,0
outcome_b,outcome_b_01364,7.02386282015,0
outcome_b,outcome_b_01365,13.2454745111,0
outcome_b,outcome_b_01366,-4.22544529106,0
outcome_b,outcome_b_01367,-8.83455947657,0
outcome_b,outcome_b_01368,16.8651205094,0
outcome_b,outcome_b_01369,-12.6447317668,0
outcome_b,outcome_b_01370,-9.1488322504,0
outcome_b,outcome_b_01371,24.2718201551,0
outcome_b,outcome_b_01372,5.02527651694,0
outcome_b,outcome_b_01373,-4.84575221049,0
outcome_b,outcome_b_01374,-2.24536145268,0
outcome_b,outcome_b_01375,8.30567381993,0
outcome_b,outcome_b_01376,-20.4586431061,0
outcome_b,outcome_b_01377,17.2460124604,0
outcome_b,outcome_b_01378,6.0159609452,0
outcome_b,outcome_b_01379,23.5465348089,0
outcome_b,outcome_b_01380,-4.75680323235,0
outcome_b,outcome_b_01381,-11.4485739812,0
outcome_b,outcome_b_01382,-13.4567561027,0
outcome_b,outcome_b_01383,-24.7967339184,0
outcome_b,outcome_b_01384,-3.28670240733,0
outcome_b,outcome_b_01385,7.93328621608,0
outcome_b,outcome_b_01386,15.0161171509,0
outcome_b,outcome_b_01387,-8.29769667343,0
outcome_b,outcome_b_01388,5.07685582024,0
outcome_b,outcome_b_01389,19.1357564162,0
outcome_b,outcome_b_01390,-20.3496007451,0
outcome_b,outcome_b_01391,12.723739528,0
outcome_b,outcome_b_01392,23.0897362434,0
outcome_b,outcome_b_01393,8.66879494668,0
outcome_b,outcome_b_01394,13.0791105209,0
outcome_b,outcome_b_01395,-15.0787335899,0
outcome_b,outcome_b_01396,3.25143670502,0
outcome_b,outcome_b_01397,10.0720907109,0
outcome_b,outcome_b_01398,-23.3108849952,0
outcome_b,outcome_b_01399,4.28843229249,0
outcome_b,outcome_b_01400,-23.7671144791,0
outcome_b,outcome_b_01401,6.85600538478,0
outcome_b,outcome_b_01402,-13.1862454872,0
outcome_b,outcome_b_01403,15.0272619136,0
outcome_b,outcome_b_01404,-23.4335129293,0
outcome_b,outcome_b_01405,-8.63082674596,0
outcome_b,outcome_b_01406,12.6696266613,0
outcome_b,outcome_b_01407,1.61784034617,0
outcome_b,outcome_b_01408,7.2195202382,1
outcome_b,outcome_b_01409,1.16541014614,0
outcome_b,outcome_b_01410,14.5401051015,0
outcome_b,outcome_b_01411,10.6244219432,0
outcome_b,outcome_b_01412,-19.8917051159,0
outcome_b,outcome_b_01413,-14.2455532415,0
outcome_b,outcome_b_01414,-14.1384006609,0
outcome_b,outcome_b_01415,4.59518302238,0
outcome_b,outcome_b_01416,-2.96742688806,0
outcome_b,outcome_b_01417,22.4827957081,0
outcome_b,outcome_b_01418,-24.8807950823,0
outcome_b,outcome_b_01419,-21.1270233741,0
outcome_b,outcome_b_01420,10.8784796327,0
outcome_b,outcome_b_01421,-18.8366736256,0
outcome_b,outcome_b_01422,4.1042937151,0
outcome_b,outcome_b_01423,16.2048570908,0
outcome_b,outcome_b_01424,-3.26093733259,0
outcome_b,outcome_b_01425,3.97112099595,0
outcome_b,outcome_b_01426,-8.57237684794,0
outcome_b,outcome_b_01427,-20.3657411757,0
outcome_b,outcome_b_01428,-15.0080833148,0
outcome_b,outcome_b_01429,-23.1036136146,0
outcome_b,outcome_b_01430,19.7250614133,0
outcome_b,outcome_b_01431,-20.732058755,0
outcome_b,outcome_b_01432,5.42719467568,0
outcome_b,outcome_b_01433,-15.5642078341,0
outcome_b,outcome_b_01434,-12.4575484274,0
outcome_b,outcome_b_01435,5.95478219931,0
outcome_b,outcome_b_01436,8.36543220722,0
outcome_b,outcome_b_01437,4.30069669011,0
outcome_b,outcome_b_01438,-19.4470788888,1
outcome_b,outcome_b_01439,3.95836120165,0
outcome_b,outcome_b_01440,-17.5812601898,0
outcome_b,outcome_b_01441,5.64255446263,0
outcome_b,outcome_b_01442,4.67328479949,0
outcome_b,outcome_b_01443,-24.5998451084,0
outcome_b,outcome_b_01444,-16.2990053242,0
outcome_b,outcome_b_01445,6.38879181465,0
outcome_b,outcome_b_01446,7.3475866288,0
outcome_b,outcome_b_01447,7.22337488795,0
outcome_b,outcome_b_01448,3.18008278676,0
outcome_b,outcome_b_01449,10.4370360454,0
outcome_b,outcome_b_01450,-8.98294001148,0
outcome_b,outcome_b_01451,-23.7955516932,0
outcome_b,outcome_b_01452,-10.5469897017,0
outcome_b,outcome_b_01453,9.62765158504,0
outcome_b,outcome_b_01454,0.666236608803,0
outcome_b,outcome_b_01455,19.0099277711,1
outcome_b,outcome_b_01456,14.3233837722,0
outcome_b,outcome_b_01457,11.8332472727,0
outcome_b,outcome_b_01458,1.21749429339,0
outcome_b,outcome_b_01459,-17.9932124876,0
outcome_b,outcome_b_01460,-5.6423621435,0
outcome_b,outcome_b_01461,-19.0071310351,0
outcome_b,outcome_b_01462,7.52764800466,0
outcome_b,outcome_b_01463,-5.44289336717,0
outcome_b,outcome_b_01464,-23.191148916,0
outcome_b,outcome_b_01465,-7.64884670634,0
outcome_b,outcome_b_01466,-8.9555409039,0
outcome_b,outcome_b_01467,-9.4827042965,0
outcome_b,outcome_b_01468,-7.21875594232,0
outcome_b,outcome_b_01469,16.6896927104,0
outcome_b,outcome_b_01470,3.29221119232,0
outcome_b,outcome_b_01471,17.1285818215,0
outcome_b,outcome_b_01472,-3.2145787726,0
outcome_b,outcome_b_01473,-6.66811389623,0
outcome_b,outcome_b_01474,3.45383473736,0
outcome_b,outcome_b_01475,-15.0455936734,0
outcome_b,outcome_b_01476,-9.89744752103,0
outcome_b,outcome_b_01477,-20.9761817827,0
outcome_b,outcome_b_01478,21.1698990847,0
outcome_b,outcome_b_01479,-4.4879805889,0
outcome_b,outcome_b_01480,3.52605948233,0
outcome_b,outcome_b_01481,-22.5340230675,0
outcome_b,outcome_b_01482,4.10219654284,0
outcome_b,outcome_b_01483,0.692863251212,0
outcome_b,outcome_b_01484,7.74243886978,0
outcome_b,outcome_b_01485,-13.6634922099,0
outcome_b,outcome_b_01486,23.4379886922,0
outcome_b,outcome_b_01487,-22.5064791351,0
outcome_b,outcome_b_01488,14.6153685236,0
outcome_b,outcome_b_01489,-19.1610167435,0
outcome_b,outcome_b_01490,20.1511571845,0
outcome_b,outcome_b_01491,-13.2086228841,0
outcome_b,outcome_b_01492,-13.4578100518,0
outcome_b,outcome_b_01493,-11.2943514376,0
outcome_b,outcome_b_01494,-9.15175866594,0
outcome_b,outcome_b_01495,-11.3149261263,0
outcome_b,outcome_b_01496,-7.19400948259,0
outcome_b,outcome_b_01497,12.6570012393,0
outcome_b,outcome_b_01498,-3.19463878323,0
outcome_b,outcome_b_01499,8.1897224428,0
outcome_b,outcome_b_01500,-18.7644136297,0
outcome_b,outcome_b_01501,13.4197267303,0
outcome_b,outcome_b_01502,-20.2884550157,0
outcome_b,outcome_b_01503,21.5774401907,0
outcome_b,outcome_b_01504,-7.77354848771,0
outcome_b,outcome_b_01505,18.3935228031,0
outcome_b,outcome_b_01506,-24.1632124938,0
outcome_b,outcome_b_01507,4.83645618623,0
outcome_b,outcome_b_01508,22.9126742334,0
outcome_b,outcome_b_01509,-21.3357414432,0
outcome_b,outcome_b_01510,8.93939454929,0
outcome_b,outcome_b_01511,-14.3564879472,0
outcome_b,outcome_b_01512,-21.0056725457,0
outcome_b,outcome_b_01513,24.9336051463,1
outcome_b,outcome_b_01514,-19.1394139717,0
outcome_b,outcome_b_01515,-5.9538148872,0
outcome_b,outcome_b_01516,-15.5007530819,0
outcome_b,outcome_b_01517,5.85505556347,0
outcome_b,outcome_b_01518,21.9231314546,0
outcome_b,outcome_b_01519,23.3692782693,0
outcome_b,outcome_b_01520,-20.4209881721,0
outcome_b,outcome_b_01521,-18.4550179892,0
outcome_b,outcome_b_01522,-24.1020115625,0
outcome_b,outcome_b_01523,23.7018775361,0
outcome_b,outcome_b_01524,-8.45965166758,0
outcome_b,outcome_b_01525,12.9091579172,0
outcome_b,outcome_b_01526,16.9754359438,0
outcome_b,outcome_b_01527,-4.9384417884,0
outcome_b,outcome_b_01528,11.8913949903,1
outcome_b,outcome_b_01529,-14.8374938052,0
outcome_b,outcome_b_01530,21.7657913373,0
outcome_b,outcome_b_01531,14.459291135,0
outcome_b,outcome_b_01532,-20.3005088479,0
outcome_b,outcome_b_01533,-21.2127345827,0
outcome_b,outcome_b_01534,14.9835227686,0
outcome_b,outcome_b_01535,7.06587107137,0
outcome_b,outcome_b_01536,-0.70055864193,0
outcome_b,outcome_b_01537,-17.6875070873,0
outcome_b,outcome_b_01538,-13.7038670259,0
outcome_b,outcome_b_01539,-0.940758283109,0
outcome_b,outcome_b_01540,11.6909366467,0
outcome_b,outcome_b_01541,17.9841294495,0
outcome_b,outcome_b_01542,-1.28847208352,0
outcome_b,outcome_b_01543,4.43326824884,0
outcome_b,outcome_b_01544,11.9598609425,0
outcome_b,outcome_b_01545,-21.2936003612,0
outcome_b,outcome_b_01546,19.281303796,0
outcome_b,outcome_b_01547,-24.1615686468,0
outcome_b,outcome_b_01548,-3.86626890428,0
outcome_b,outcome_b_01549,-20.3984317859,0
outcome_b,outcome_b_01550,-11.3531371544,0
outcome_b,outcome_b_01551,11.8135743218,0
outcome_b,outcome_b_01552,23.9395004784,0
outcome_b,outcome_b_01553,-18.8929042682,0
outcome_b,outcome_b_01554,5.83868499412,0
outcome_b,outcome_b_01555,-3.76903844609,0
outcome_b,outcome_b_01556,-3.66106343148,0
outcome_b,outcome_b_01557,-11.0963142332,0
outcome_b,outcome_b_01558,6.7429139325,0
outcome_b,outcome_b_01559,-6.70901810025,0
outcome_b,outcome_b_01560,17.5390525129,0
outcome_b,outcome_b_01561,-18.7125688911,0
outcome_b,outcome_b_01562,23.185856044,0
outcome_b,outcome_b_01563,11.4604777467,0
outcome_b,outcome_b_01564,-2.04166469452,0
outcome_b,outcome_b_01565,13.9204141977,0
outcome_b,outcome_b_01566,-7.49826850981,0
outcome_b,outcome_b_01567,18.6474603366,0
outcome_b,outcome_b_01568,16.3933316667,0
outcome_b,outcome_b_01569,22.3995238236,0
outcome_b,outcome_b_01570,5.73040648467,0
outcome_b,outcome_b_01571,-18.5744591378,0
outcome_b,outcome_b_01572,20.3038266765,0
outcome_b,outcome_b_01573,8.45508572271,0
outcome_b,outcome_b_01574,7.18926630092,0
outcome_b,outcome_b_01575,22.8649522827,0
outcome_b,outcome_b_01576,-12.6147345395,0
outcome_b,outcome_b_01577,-23.0532468306,0
outcome_b,outcome_b_01578,-4.12041997443,0
outcome_b,outcome_b_01579,-22.9044154885,0
outcome_b,outcome_b_01580,-7.54349002352,0
outcome_b,outcome_b_01581,23.4438288433,0
outcome_b,outcome_b_01582,-9.68135785806,0
outcome_b,outcome_b_01583,24.2730197285,0
outcome_b,outcome_b_01584,-14.2335519054,0
outcome_b,outcome_b_01585,-16.3768320105,0
outcome_b,outcome_b_01586,24.0627749789,0
outcome_b,outcome_b_01587,7.71287850418,0
outcome_b,outcome_b_01588,5.62903762403,0
outcome_b,outcome_b_01589,15.7093691305,0
outcome_b,outcome_b_01590,-17.7948502212,0
outcome_b,outcome_b_01591,12.6267684206,0
outcome_b,outcome_b_01592,1.13189994802,0
outcome_b,outcome_b_01593,-17.2948654777,0
outcome_b,outcome_b_01594,2.84354828508,0
outcome_b,outcome_b_01595,17.866516494,0
outcome_b,outcome_b_01596,-24.9880318578,0
outcome_b,outcome_b_01597,-24.2290948963,0
outcome_b,outcome_b_01598,12.7427370309,0
outcome_b,outcome_b_01599,18.0929665214,0
outcome_b,outcome_b_01600,17.8507064814,0
outcome_b,outcome_b_01601,-3.13796628263,0
outcome_b,outcome_b_01602,-9.48387466344,0
outcome_b,outcome_b_01603,11.0245959548,0
outcome_b,outcome_b_01604,-7.82045971666,0
outcome_b,outcome_b_01605,-8.36151208317,0
outcome_b,outcome_b_01606,15.6410122446,0
outcome_b,outcome_b_01607,-12.5980407725,0
outcome_b,outcome_b_01608,-8.23888705353,0
outcome_b,outcome_b_01609,16.7578404262,0
outcome_b,outcome_b_01610,17.2768343589,0
outcome_b,outcome_b_01611,23.4365611747,0
outcome_b,outcome_b_01612,21.3945448269,0
outcome_b,outcome_b_01613,-18.435807147,0
outcome_b,outcome_b_01614,13.9546817129,0
outcome_b,outcome_b_01615,-19.3760014029,0
outcome_b,outcome_b_01616,-3.01821530685,0
outcome_b,outcome_b_01617,-19.0358146818,0
outcome_b,outcome_b_01618,9.51845416543,0
outcome_b,outcome_b_01619,-4.353543732,0
outcome_b,outcome_b_01620,-18.6259413186,0
outcome_b,outcome_b_01621,18.9389488124,0
outcome_b,outcome_b_01622,3.31349170713,0
outcome_b,outcome_b_01623,14.8230637749,0
outcome_b,outcome_b_01624,-11.9587447534,0
outcome_b,outcome_b_01625,12.3371127925,0
outcome_b,outcome_b_01626,7.09215237786,0
outcome_b,outcome_b_01627,-19.5801234891,0
outcome_b,outcome_b_01628,10.9850552026,0
outcome_b,outcome_b_01629,-2.83961684502,0
outcome_b,outcome_b_01630,-3.58679325401,1
outcome_b,outcome_b_01631,-24.1897984914,0
outcome_b,outcome_b_01632,14.656019561,0
outcome_b,outcome_b_01633,-2.81729605205,0
outcome_b,outcome_b_01634,3.94500846986,0
outcome_b,outcome_b_01635,5.15724724547,0
outcome_b,outcome_b_01636,-12.8068577376,0
outcome_b,outcome_b_01637,-23.8293789572,0
outcome_b,outcome_b_01638,21.0122341934,1
outcome_b,outcome_b_01639,9.39382364216,0
outcome_b,outcome_b_01640,-4.98803868771,0
outcome_b,outcome_b_01641,-21.0734290613,0
outcome_b,outcome_b_01642,16.8524940887,0
outcome_b,outcome_b_01643,17.4774965368,0
outcome_b,outcome_b_01644,5.40900574498,0
outcome_b,outcome_b_01645,12.1097229042,0
outcome_b,outcome_b_01646,-14.6385297126,0
outcome_b,outcome_b_01647,17.640054499,0
outcome_b,outcome_b_01648,-7.57435560164,0
outcome_b,outcome_b_01649,-0.874007232388,0
outcome_b,outcome_b_01650,17.6175308062,0
outcome_b,outcome_b_01651,-7.25897856237,0
outcome_b,outcome_b_01652,7.04262908831,0
outcome_b,outcome_b_01653,-21.7569549711,1
outcome_b,outcome_b_01654,9.11899457599,0
outcome_b,outcome_b_01655,6.87761144205,0
outcome_b,outcome_b_01656,-3.56713109814,0
outcome_b,outcome_b_01657,11.2638483632,0
outcome_b,outcome_b_01658,-16.8961059145,0
outcome_b,outcome_b_01659,2.72870896414,0
outcome_b,outcome_b_01660,24.6041112007,0
outcome_b,outcome_b_01661,-10.6956894461,0
outcome_b,outcome_b_01662,-11.1930552573,1
outcome_b,outcome_b_01663,11.2152855219,0
outcome_b,outcome_b_01664,8.21974715503,0
outcome_b,outcome_b_01665,-24.0346665834,0
outcome_b,outcome_b_01666,11.9191125325,0
outcome_b,outcome_b_01667,13.2264763298,0
outcome_b,outcome_b_01668,10.9629026441,0
outcome_b,outcome_b_01669,-23.6602092026,0
outcome_b,outcome_b_01670,-18.5794151761,0
outcome_b,outcome_b_01671,17.8274006986,0
outcome_b,outcome_b_01672,-17.2371650414,0
outcome_b,outcome_b_01673,6.22621548113,0
outcome_b,outcome_b_01674,-24.639444316,0
outcome_b,outcome_b_01675,-7.61013796264,0
outcome_b,outcome_b_01676,15.4123513155,0
outcome_b,outcome_b_01677,0.368814462012,0
outcome_b,outcome_b_01678,-4.94297524892,0
outcome_b,outcome_b_01679,-9.4708449383,0
outcome_b,outcome_b_01680,-0.029220598772,0
outcome_b,outcome_b_01681,23.7586375364,0
outcome_b,outcome_b_01682,-3.40152794526,0
outcome_b,outcome_b_01683,-14.0810142489,0
outcome_b,outcome_b_01684,5.31939426002,1
outcome_b,outcome_b_01685,-22.3018415686,0
outcome_b,outcome_b_01686,-7.67081780302,0
outcome_b,outcome_b_01687,-5.71820117052,0
outcome_b,outcome_b_01688,-21.7893855637,0
outcome_b,outcome_b_01689,-4.97201940156,0
outcome_b,outcome_b_01690,-20.7255548962,0
outcome_b,outcome_b_01691,0.0598917704192,0
outcome_b,outcome_b_01692,-0.624774507263,0
outcome_b,outcome_b_01693,2.2911027565,0
outcome_b,outcome_b_01694,19.5412003524,0
outcome_b,outcome_b_01695,20.187064071,0
outcome_b,outcome_b_01696,15.0929857653,0
outcome_b,outcome_b_01697,2.92482026284,0
outcome_b,outcome_b_01698,7.82526816777,0
outcome_b,outcome_b_01699,10.7048966679,0
outcome_b,outcome_b_01700,-15.451384463,0
outcome_b,outcome_b_01701,21.2522567974,0
outcome_b,outcome_b_01702,-23.9958901136,0
outcome_b,outcome_b_01703,0.322553702404,0
outcome_b,outcome_b_01704,14.4588405891,0
outcome_b,outcome_b_01705,8.21333798706,0
outcome_b,outcome_b_01706,9.42218049762,0
outcome_b,outcome_b_01707,-13.7460420093,0
outcome_b,outcome_b_01708,-16.1613969908,0
outcome_b,outcome_b_01709,14.7141054027,0
outcome_b,outcome_b_01710,13.4376474036,0
outcome_b,outcome_b_01711,20.2300625463,0
outcome_b,outcome_b_01712,-16.1255609788,0
outcome_b,outcome_b_01713,3.74838605371,0
outcome_b,outcome_b_01714,-14.6752654398,0
outcome_b,outcome_b_01715,-0.800507456602,0
outcome_b,outcome_b_01716,0.675683532852,0
outcome_b,outcome_b_01717,-1.13101447205,0
outcome_b,outcome_b_01718,-16.4763980098,0
outcome_b,outcome_b_01719,5.34216699267,0
outcome_b,outcome_b_01720,-18.4872678009,0
outcome_b,outcome_b_01721,-13.9791406733,0
outcome_b,outcome_b_01722,5.40242660793,0
outcome_b,outcome_b_01723,-7.92694006414,0
outcome_b,outcome_b_01724,-3.09937881481,0
outcome_b,outcome_b_01725,-22.3642597677,0
outcome_b,outcome_b_01726,-14.1447954004,0
outcome_b,outcome_b_01727,-1.01029350518,0
outcome_b,outcome_b_01728,18.1313841519,0
outcome_b,outcome_b_01729,2.54223336146,0
outcome_b,outcome_b_01730,-18.1444311412,0
outcome_b,outcome_b_01731,-4.66826174132,0
outcome_b,outcome_b_01732,-1.91370232065,0
outcome_b,outcome_b_01733,18.9412128646,0
outcome_b,outcome_b_01734,-10.3631106064,0
outcome_b,outcome_b_01735,20.1299885129,0
outcome_b,outcome_b_01736,0.00141677142366,0
outcome_b,outcome_b_01737,22.0201372683,0
outcome_b,outcome_b_01738,-11.2162661028,0
outcome_b,outcome_b_01739,0.899513975096,1
outcome_b,outcome_b_01740,-11.0919992132,0
outcome_b,outcome_b_01741,-0.463791551615,0
outcome_b,outcome_b_01742,23.1219915104,0
outcome_b,outcome_b_01743,-23.1039626068,0
outcome_b,outcome_b_01744,7.04299103197,0
outcome_b,outcome_b_01745,5.98667984671,0
outcome_b,outcome_b_01746,2.5472586739,0
outcome_b,outcome_b_01747,-24.608797406,0
outcome_b,outcome_b_01748,7.02391870114,0
outcome_b,outcome_b_01749,-6.41080089383,0
outcome_b,outcome_b_01750,4.09939953886,0
outcome_b,outcome_b_01751,-19.8740815482,0
outcome_b,outcome_b_01752,-0.707301334035,0
outcome_b,outcome_b_01753,-3.00303442427,0
outcome_b,outcome_b_01754,-18.9629251015,0
outcome_b,outcome_b_01755,-14.6879995058,0
outcome_b,outcome_b_01756,-20.0583205427,0
outcome_b,outcome_b_01757,8.20652900097,0
outcome_b,outcome_b_01758,-4.32943213598,0
outcome_b,outcome_b_01759,5.96822582984,0
outcome_b,outcome_b_01760,-0.940309237921,0
outcome_b,outcome_b_01761,-5.33448387386,0
outcome_b,outcome_b_01762,22.5528013299,0
outcome_b,outcome_b_01763,15.4719133034,0
outcome_b,outcome_b_01764,22.7364746257,0
outcome_b,outcome_b_01765,-8.59513679814,0
outcome_b,outcome_b_01766,16.0321432026,1
outcome_b,outcome_b_01767,-16.2506092763,0
outcome_b,outcome_b_01768,-19.4842402525,0
outcome_b,outcome_b_01769,-3.29758846277,0
outcome_b,outcome_b_01770,-2.66451062311,0
outcome_b,outcome_b_01771,-5.09880883388,0
outcome_b,outcome_b_01772,1.27730994493,0
outcome_b,outcome_b_01773,18.2788915604,0
outcome_b,outcome_b_01774,-4.10932968053,0
outcome_b,outcome_b_01775,-18.7095609431,0
outcome_b,outcome_b_01776,-2.48936699984,0
outcome_b,outcome_b_01777,-17.3342689237,0
outcome_b,outcome_b_01778,-14.0830762469,0
outcome_b,outcome_b_01779,-3.86504480337,0
outcome_b,outcome_b_01780,-15.890529955,0
outcome_b,outcome_b_01781,17.3538390065,0
outcome_b,outcome_b_01782,-9.3945734113,0
outcome_b,outcome_b_01783,-21.1812312662,0
outcome_b,outcome_b_01784,17.4427846711,0
outcome_b,outcome_b_01785,21.4923968464,0
outcome_b,outcome_b_01786,-22.6940342452,0
outcome_b,outcome_b_01787,-20.8009714826,0
outcome_b,outcome_b_01788,14.6546859994,0
outcome_b,outcome_b_01789,-22.7558077838,0
outcome_b,outcome_b_01790,-8.87583819846,0
outcome_b,outcome_b_01791,18.0681138019,0
outcome_b,outcome_b_01792,21.8814491295,0
outcome_b,outcome_b_01793,7.13926251868,0
outcome_b,outcome_b_01794,-14.3812485961,0
outcome_b,outcome_b_01795,24.8239276041,0
outcome_b,outcome_b_01796,-14.2169732101,0
outcome_b,outcome_b_01797,17.4649001454,0
outcome_b,outcome_b_01798,9.27336232331,0
outcome_b,outcome_b_01799,-9.81688242918,0
outcome_b,outcome_b_01800,10.8324847145,0
outcome_b,outcome_b_01801,13.993702162,0
outcome_b,outcome_b_01802,-6.36034464097,0
outcome_b,outcome_b_01803,5.48326017511,0
outcome_b,outcome_b_01804,-18.5214490075,0
outcome_b,outcome_b_01805,3.51010313986,0
outcome_b,outcome_b_01806,24.3410065629,0
outcome_b,outcome_b_01807,-14.8680393882,0
outcome_b,outcome_b_01808,16.5574703642,0
outcome_b,outcome_b_01809,5.48756412538,0
outcome_b,outcome_b_01810,-14.6963575687,0
outcome_b,outcome_b_01811,14.4404637258,0
outcome_b,outcome_b_01812,-12.1118302918,0
outcome_b,outcome_b_01813,-8.98159051179,0
outcome_b,outcome_b_01814,-20.6529837083,0
outcome_b,outcome_b_01815,8.13807618705,0
outcome_b,outcome_b_01816,21.6716717125,0
outcome_b,outcome_b_01817,16.2135071978,0
outcome_b,outcome_b_01818,-0.563175625546,0
outcome_b,outcome_b_01819,16.9049957527,1
outcome_b,outcome_b_01820,0.493350963205,0
outcome_b,outcome_b_01821,4.2210103837,0
outcome_b,outcome_b_01822,-22.608265427,0
outcome_b,outcome_b_01823,18.3223544174,0
outcome_b,outcome_b_01824,20.7829563403,0
outcome_b,outcome_b_01825,20.9210129382,0
outcome_b,outcome_b_01826,-15.7901587402,0
outcome_b,outcome_b_01827,-13.6593719609,0
outcome_b,outcome_b_01828,16.0373963993,0
outcome_b,outcome_b_01829,3.68015546129,0
outcome_b,outcome_b_01830,17.7130596036,0
outcome_b,outcome_b_01831,-14.5416627361,0
outcome_b,outcome_b_01832,21.1502314484,0
outcome_b,outcome_b_01833,14.5804595862,0
outcome_b,outcome_b_01834,-16.1533872617,0
outcome_b,outcome_b_01835,-10.0573809394,0
outcome_b,outcome_b_01836,-12.2973462897,0
outcome_b,outcome_b_01837,-9.46250265891,0
outcome_b,outcome_b_01838,-10.8297728417,0
outcome_b,outcome_b_01839,-20.946710193,0
outcome_b,outcome_b_01840,-14.2278915844,0
outcome_b,outcome_b_01841,12.4669119707,0
outcome_b,outcome_b_01842,-17.0568632516,0
outcome_b,outcome_b_01843,-9.14666909315,0
outcome_b,outcome_b_01844,6.6838983924,0
outcome_b,outcome_b_01845,-13.8683029342,0
outcome_b,outcome_b_01846,17.7298058793,0
outcome_b,outcome_b_01847,-0.8390191362,0
outcome_b,outcome_b_01848,5.92150173211,0
outcome_b,outcome_b_01849,5.08713406426,0
outcome_b,outcome_b_01850,15.48213176,0
outcome_b,outcome_b_01851,-8.67116378036,0
outcome_b,outcome_b_01852,12.2219247162,0
outcome_b,outcome_b_01853,17.3961775255,0
outcome_b,outcome_b_01854,24.6065712691,0
outcome_b,outcome_b_01855,4.64562574016,0
outcome_b,outcome_b_01856,4.01275857891,0
outcome_b,outcome_b_01857,-12.8591987218,0
outcome_b,outcome_b_01858,16.0181380533,0
outcome_b,outcome_b_01859,10.9707655445,0
outcome_b,outcome_b_01860,-8.32897937266,1
outcome_b,outcome_b_01861,-18.7719288054,0
outcome_b,outcome_b_01862,-8.87940607877,0
outcome_b,outcome_b_01863,-21.4820633077,0
outcome_b,outcome_b_01864,5.22116854268,0
outcome_b,outcome_b_01865,2.78896030292,0
outcome_b,outcome_b_01866,23.3321070296,0
outcome_b,outcome_b_01867,2.41465715162,0
outcome_b,outcome_b_01868,-0.131085165572,0
outcome_b,outcome_b_01869,-3.84399626739,0
outcome_b,outcome_b_01870,-21.483092625,0
outcome_b,outcome_b_01871,-23.3105734266,0
outcome_b,outcome_b_01872,-23.0684837059,0
outcome_b,outcome_b_01873,11.8191935353,0
outcome_b,outcome_b_01874,-21.1349888164,0
outcome_b,outcome_b_01875,10.6825372345,0
outcome_b,outcome_b_01876,6.55573200943,0
outcome_b,outcome_b_01877,7.35141123621,0
outcome_b,outcome_b_01878,13.2430761937,0
outcome_b,outcome_b_01879,6.03718259683,0
outcome_b,outcome_b_01880,6.7192722831,0
outcome_b,outcome_b_01881,-19.1096818847,0
outcome_b,outcome_b_01882,13.6910948179,0
outcome_b,outcome_b_01883,-11.84912845,0
outcome_b,outcome_b_01884,13.2092174229,0
outcome_b,outcome_b_01885,3.79212992148,0
outcome_b,outcome_b_01886,-22.5755487938,0
outcome_b,outcome_b_01887,-0.208290252994,0
outcome_b,outcome_b_01888,18.2078423208,0
outcome_b,outcome_b_01889,-15.6074499372,0
outcome_b,outcome_b_01890,20.2353577903,0
outcome_b,outcome_b_01891,-15.9474761107,0
outcome_b,outcome_b_01892,-19.0524813878,0
outcome_b,outcome_b_01893,21.7092263181,0
outcome_b,outcome_b_01894,-19.6922659141,0
outcome_b,outcome_b_01895,-18.5013242458,0
outcome_b,outcome_b_01896,11.8269052003,0
outcome_b,outcome_b_01897,-16.2887118292,1
outcome_b,outcome_b_01898,6.92119223543,0
outcome_b,outcome_b_01899,5.01424487142,0
outcome_b,outcome_b_01900,7.62120295798,0
outcome_b,outcome_b_01901,-14.7467672386,0
outcome_b,outcome_b_01902,-17.8500102649,0
outcome_b,outcome_b_01903,-0.494051316538,0
outcome_b,outcome_b_01904,4.75254292562,0
outcome_b,outcome_b_01905,-23.779972991,0
outcome_b,outcome_b_01906,5.87145282182,0
outcome_b,outcome_b_01907,-13.8813397491,0
outcome_b,outcome_b_01908,2.50265996402,0
outcome_b,outcome_b_01909,4.05592426614,0
outcome_b,outcome_b_01910,4.90495006872,0
outcome_b,outcome_b_01911,-14.0066690843,0
outcome_b,outcome_b_01912,11.212884828,0
outcome_b,outcome_b_01913,24.9429204051,0
outcome_b,outcome_b_01914,-1.96511407537,0
outcome_b,outcome_b_01915,12.3224237158,0
outcome_b,outcome_b_01916,-9.7891848219,0
outcome_b,outcome_b_01917,-14.3146287354,0
outcome_b,outcome_b_01918,17.6050539211,0
outcome_b,outcome_b_01919,-8.72063855402,0
outcome_b,outcome_b_01920,-5.13399854398,0
outcome_b,outcome_b_01921,15.7866616534,0
outcome_b,outcome_b_01922,-20.0209382255,0
outcome_b,outcome_b_01923,-0.729048156968,0
outcome_b,outcome_b_01924,-7.55953258655,0
outcome_b,outcome_b_01925,1.23742347161,0
outcome_b,outcome_b_01926,17.5202280865,0
outcome_b,outcome_b_01927,1.98169680097,0
outcome_b,outcome_b_01928,4.19135591275,0
outcome_b,outcome_b_01929,-7.05828495808,0
outcome_b,outcome_b_01930,3.65955542824,0
outcome_b,outcome_b_01931,9.8233243628,0
outcome_b,outcome_b_01932,-24.8379050013,0
outcome_b,outcome_b_01933,-6.49683664726,0
outcome_b,outcome_b_01934,11.8753564316,0
outcome_b,outcome_b_01935,-4.29851165117,0
outcome_b,outcome_b_01936,5.2806195093,0
outcome_b,outcome_b_01937,-12.1165739821,0
outcome_b,outcome_b_01938,-10.5451805041,0
outcome_b,outcome_b_01939,6.14961952794,0
outcome_b,outcome_b_01940,0.154914791079,0
outcome_b,outcome_b_01941,21.7873105852,0
outcome_b,outcome_b_01942,16.5114517499,0
outcome_b,outcome_b_01943,-12.9564440517,0
outcome_b,outcome_b_01944,-21.9824003277,0
outcome_b,outcome_b_01945,15.0667817466,0
outcome_b,outcome_b_01946,5.58025209457,0
outcome_b,outcome_b_01947,20.645530798,0
outcome_b,outcome_b_01948,-15.5118320098,0
outcome_b,outcome_b_01949,4.70279785645,0
outcome_b,outcome_b_01950,-18.4455442992,0
outcome_b,outcome_b_01951,-8.6676449624,0
outcome_b,outcome_b_01952,-24.1838501759,0
outcome_b,outcome_b_01953,11.3838081019,0
outcome_b,outcome_b_01954,-24.2616028744,0
outcome_b,outcome_b_01955,18.996018557,0
outcome_b,outcome_b_01956,-22.9239842891,0
outcome_b,outcome_b_01957,23.4346985383,0
outcome_b,outcome_b_01958,-12.1389350044,0
outcome_b,outcome_b_01959,-2.11230433658,0
outcome_b,outcome_b_01960,-18.3944584253,0
outcome_b,outcome_b_01961,-6.83819028928,0
outcome_b,outcome_b_01962,9.60517669764,0
outcome_b,outcome_b_01963,-15.3815427395,0
outcome_b,outcome_b_01964,18.3472002323,0
outcome_b,outcome_b_01965,-10.9600991264,0
outcome_b,outcome_b_01966,-15.8869337272,0
outcome_b,outcome_b_01967,-10.6499706681,0
outcome_b,outcome_b_01968,-0.0704889266215,0
outcome_b,outcome_b_01969,5.7723044772,0
outcome_b,outcome_b_01970,24.2930614514,0
outcome_b,outcome_b_01971,22.8098150553,0
outcome_b,outcome_b_01972,24.0000261767,0
outcome_b,outcome_b_01973,18.1874300677,0
outcome_b,outcome_b_01974,-3.83499550255,0
outcome_b,outcome_b_01975,19.6640339996,0
outcome_b,outcome_b_01976,23.9725823622,0
outcome_b,outcome_b_01977,-13.6227309234,0
outcome_b,outcome_b_01978,9.49854532843,0
outcome_b,outcome_b_01979,9.1935076893,0
outcome_b,outcome_b_01980,-1.15394362709,0
outcome_b,outcome_b_01981,3.35443597245,0
outcome_b,outcome_b_01982,-8.06786179837,0
outcome_b,outcome_b_01983,23.2432612031,0
outcome_b,outcome_b_01984,17.9361551835,0
outcome_b,outcome_b_01985,-8.74430985243,0
outcome_b,outcome_b_01986,-16.1571210641,0
outcome_b,outcome_b_01987,4.61417367035,0
outcome_b,outcome_b_01988,-17.3630822358,0
outcome_b,outcome_b_01989,-19.7693703276,0
outcome_b,outcome_b_01990,-16.8473557951,0
outcome_b,outcome_b_01991,11.0097129231,0
outcome_b,outcome_b_01992,14.0443935224,0
outcome_b,outcome_b_01993,-19.6325217967,0
outcome_b,outcome_b_01994,24.2333360742,0
outcome_b,outcome_b_01995,18.702421742,0
outcome_b,outcome_b_01996,-12.7291341327,0
outcome_b,outcome_b_01997,-15.4721918378,0
outcome_b,outcome_b_01998,12.5395726777,0
outcome_b,outcome_b_01999,2.9001575567,0
outcome_b,outcome_b_02000,-8.8293924051,0
outcome_b,outcome_b_02001,4.04706971648,0
outcome_b,outcome_b_02002,-3.72424905876,0
outcome_b,outcome_b_02003,-16.2166265746,0
outcome_b,outcome_b_02004,-18.3888011302,0
outcome_b,outcome_b_02005,-17.2552303387,0
outcome_b,outcome_b_02006,9.40514119567,0
outcome_b,outcome_b_02007,-10.3751958999,0
outcome_b,outcome_b_02008,19.2316414467,0
outcome_b,outcome_b_02009,-21.6576902886,0
outcome_b,outcome_b_02010,-23.4272968568,0
outcome_b,outcome_b_02011,8.08732870253,0
outcome_b,outcome_b_02012,3.1459674838,0
outcome_b,outcome_b_02013,-17.1829354378,0
outcome_b,outcome_b_02014,-19.5662893596,0
outcome_b,outcome_b_02015,-2.23639222707,0
outcome_b,outcome_b_02016,-1.00061646754,0
outcome_b,outcome_b_02017,-15.7844499755,0
outcome_b,outcome_b_02018,-21.3650016635,0
outcome_b,outcome_b_02019,-12.6419704554,0
outcome_b,outcome_b_02020,15.1353595898,0
outcome_b,outcome_b_02021,22.9027498468,0
outcome_b,outcome_b_02022,-15.0490484386,0
outcome_b,outcome_b_02023,13.2384966248,0
outcome_b,outcome_b_02024,16.7993751836,0
outcome_b,outcome_b_02025,15.614251228,0
outcome_b,outcome_b_02026,14.912341427,0
outcome_b,outcome_b_02027,-20.2262481653,0
outcome_b,outcome_b_02028,22.0736162233,0
outcome_b,outcome_b_02029,-11.5635783464,0
outcome_b,outcome_b_02030,-5.9116966261,0
outcome_b,outcome_b_02031,-3.65536264278,0
outcome_b,outcome_b_02032,-3.50644486495,0
outcome_b,outcome_b_02033,21.8067789088,0
outcome_b,outcome_b_02034,21.9811622438,0
outcome_b,outcome_b_02035,4.8052153209,0
outcome_b,outcome_b_02036,-13.5184259406,0
outcome_b,outcome_b_02037,-18.8144305274,0
outcome_b,outcome_b_02038,-11.7089084785,0
outcome_b,outcome_b_02039,-15.504992308,0
outcome_b,outcome_b_02040,-13.9569410523,0
outcome_b,outcome_b_02041,1.38371637167,0
outcome_b,outcome_b_02042,16.4941913561,0
outcome_b,outcome_b_02043,15.4746239093,0
outcome_b,outcome_b_02044,-13.7842847723,0
outcome_b,outcome_b_02045,21.0854779543,0
outcome_b,outcome_b_02046,-5.09531240603,0
outcome_b,outcome_b_02047,7.20741231788,0
outcome_b,outcome_b_02048,16.7524059111,0
outcome_b,outcome_b_02049,3.68921341532,0
outcome_b,outcome_b_02050,6.70559664988,0
outcome_b,outcome_b_02051,23.9739455752,0
outcome_b,outcome_b_02052,-15.5494329962,0
outcome_b,outcome_b_02053,1.88630193433,0
outcome_b,outcome_b_02054,-11.5988104113,0
outcome_b,outcome_b_02055,-6.08014939201,0
outcome_b,outcome_b_02056,5.77894826236,0
outcome_b,outcome_b_02057,-23.5560164611,0
outcome_b,outcome_b_02058,-19.9696032008,0
outcome_b,outcome_b_02059,22.4977233535,0
outcome_b,outcome_b_02060,21.768076291,0
outcome_b,outcome_b_02061,22.0268083418,0
outcome_b,outcome_b_02062,15.5720428299,0
outcome_b,outcome_b_02063,20.5917720838,0
outcome_b,outcome_b_02064,-17.445504712,0
outcome_b,outcome_b_02065,10.1800433566,0
outcome_b,outcome_b_02066,-16.3327551302,0
outcome_b,outcome_b_02067,-17.411558444,0
outcome_b,outcome_b_02068,-7.88202509285,0
outcome_b,outcome_b_02069,8.56009248333,0
outcome_b,outcome_b_02070,15.8848585954,0
outcome_b,outcome_b_02071,-16.8076978238,0
outcome_b,outcome_b_02072,-3.92217156106,0
outcome_b,outcome_b_02073,11.3560829659,0
outcome_b,outcome_b_02074,-21.539005511,0
outcome_b,outcome_b_02075,7.91687136324,0
outcome_b,outcome_b_02076,22.6172164037,0
outcome_b,outcome_b_02077,-8.8516631196,0
outcome_b,outcome_b_02078,-10.4473909597,0
outcome_b,outcome_b_02079,-3.3757706291,0
outcome_b,outcome_b_02080,12.7817252334,0
outcome_b,outcome_b_02081,11.9361006656,0
outcome_b,outcome_b_02082,-9.9538931337,0
outcome_b,outcome_b_02083,6.98197050618,0
outcome_b,outcome_b_02084,14.7786025833,0
outcome_b,outcome_b_02085,0.211633810419,0
outcome_b,outcome_b_02086,5.11248613215,0
outcome_b,outcome_b_02087,23.2003676627,0
outcome_b,outcome_b_02088,17.0655964892,0
outcome_b,outcome_b_02089,-22.8804827067,0
outcome_b,outcome_b_02090,5.40569724755,0
outcome_b,outcome_b_02091,10.8473640531,0
outcome_b,outcome_b_02092,1.74915347776,0
outcome_b,outcome_b_02093,0.289176042031,0
outcome_b,outcome_b_02094,15.3016113228,0
outcome_b,outcome_b_02095,23.2974316252,0
outcome_b,outcome_b_02096,6.52710773865,0
outcome_b,outcome_b_02097,-3.76974598989,0
outcome_b,outcome_b_02098,-9.32464897568,0
outcome_b,outcome_b_02099,-23.2432854501,0
outcome_b,outcome_b_02100,-9.92535861287,0
outcome_b,outcome_b_02101,-5.96885736613,0
outcome_b,outcome_b_02102,15.3815490826,0
outcome_b,outcome_b_02103,-20.8143844579,0
outcome_b,outcome_b_02104,15.7084194269,0
outcome_b,outcome_b_02105,-9.75507443818,0
outcome_b,outcome_b_02106,-6.82054426935,0
outcome_b,outcome_b_02107,17.5671246261,0
outcome_b,outcome_b_02108,4.1026710352,0
outcome_b,outcome_b_02109,-19.4583098633,0
outcome_b,outcome_b_02110,22.5646195973,0
outcome_b,outcome_b_02111,-6.39966638511,0
outcome_b,outcome_b_02112,17.9979833264,0
outcome_b,outcome_b_02113,-3.3210111219,0
outcome_b,outcome_b_02114,-5.8555747207,0
outcome_b,outcome_b_02115,1.16688338858,0
outcome_b,outcome_b_02116,-11.201563544,0
outcome_b,outcome_b_02117,12.1436525641,1
outcome_b,outcome_b_02118,-0.64610708817,0
outcome_b,outcome_b_02119,11.1526801425,0
outcome_b,outcome_b_02120,-22.7079396869,0
outcome_b,outcome_b_02121,13.4205918591,0
outcome_b,outcome_b_02122,-8.80984762792,1
outcome_b,outcome_b_02123,-2.98880222086,0
outcome_b,outcome_b_02124,-21.8480590916,0
outcome_b,outcome_b_02125,-11.9802650924,0
outcome_b,outcome_b_02126,-15.3738413713,0
outcome_b,outcome_b_02127,-14.9841109524,0
outcome_b,outcome_b_02128,17.5464493551,0
outcome_b,outcome_b_02129,17.4855372368,0
outcome_b,outcome_b_02130,2.99089807225,0
outcome_b,outcome_b_02131,-19.2210981622,0
outcome_b,outcome_b_02132,-15.3013089156,0
outcome_b,outcome_b_02133,-7.64213279896,0
outcome_b,outcome_b_02134,17.0406108412,0
outcome_b,outcome_b_02135,0.269666786745,0
outcome_b,outcome_b_02136,15.3627702234,0
outcome_b,outcome_b_02137,1.31809620383,0
outcome_b,outcome_b_02138,6.76401851391,0
outcome_b,outcome_b_02139,-17.4060590122,0
outcome_b,outcome_b_02140,2.62569250678,0
outcome_b,outcome_b_02141,-14.5505845779,0
outcome_b,outcome_b_02142,-6.41198936005,0
outcome_b,outcome_b_02143,-19.9395300698,0
outcome_b,outcome_b_02144,-15.6240266584,0
outcome_b,outcome_b_02145,20.8084364137,0
outcome_b,outcome_b_02146,-15.4106337457,0
outcome_b,outcome_b_02147,-7.91694046443,0
outcome_b,outcome_b_02148,4.43551885341,0
outcome_b,outcome_b_02149,21.1109202999,0
outcome_b,outcome_b_02150,0.148857378529,0
outcome_b,outcome_b_02151,21.2569364409,0
outcome_b,outcome_b_02152,-15.9278655451,1
outcome_b,outcome_b_02153,-12.3903602376,0
outcome_b,outcome_b_02154,20.3008697743,0
outcome_b,outcome_b_02155,4.15409162381,0
outcome_b,outcome_b_02156,-12.24823813,0
outcome_b,outcome_b_02157,6.88291906092,0
outcome_b,outcome_b_02158,20.8831453719,0
outcome_b,outcome_b_02159,22.4695479842,0
outcome_b,outcome_b_02160,-6.70134274682,0
outcome_b,outcome_b_02161,-6.26122465026,0
outcome_b,outcome_b_02162,-8.95897507318,0
outcome_b,outcome_b_02163,1.23313617806,0
outcome_b,outcome_b_02164,-19.0327452886,0
outcome_b,outcome_b_02165,5.40046845504,0
outcome_b,outcome_b_02166,7.75435632776,0
outcome_b,outcome_b_02167,12.3308433779,0
outcome_b,outcome_b_02168,-4.85283090478,0
outcome_b,outcome_b_02169,-22.0092157536,0
outcome_b,outcome_b_02170,4.37656747469,0
outcome_b,outcome_b_02171,-0.962067521859,0
outcome_b,outcome_b_02172,-10.3691403857,0
outcome_b,outcome_b_02173,21.3565973068,0
outcome_b,outcome_b_02174,-17.1985989052,0
outcome_b,outcome_b_02175,17.5507211859,0
outcome_b,outcome_b_02176,-10.7144983852,0
outcome_b,outcome_b_02177,3.93164644943,0
outcome_b,outcome_b_02178,-3.7834883345,0
outcome_b,outcome_b_02179,-0.926307646669,0
outcome_b,outcome_b_02180,-14.8422959175,0
outcome_b,outcome_b_02181,-5.11093389979,0
outcome_b,outcome_b_02182,-3.60648516832,0
outcome_b,outcome_b_02183,14.8120004031,0
outcome_b,outcome_b_02184,-14.9095808657,0
outcome_b,outcome_b_02185,-5.0934085655,0
outcome_b,outcome_b_02186,14.7201908163,0
outcome_b,outcome_b_02187,5.75727593081,1
outcome_b,outcome_b_02188,-8.83079065531,0
outcome_b,outcome_b_02189,17.1104581734,0
outcome_b,outcome_b_02190,-0.997342201792,0
outcome_b,outcome_b_02191,-0.433589701454,0
outcome_b,outcome_b_02192,4.39549166205,0
outcome_b,outcome_b_02193,6.70190318851,0
outcome_b,outcome_b_02194,6.46401977611,0
outcome_b,outcome_b_02195,-10.5479947842,0
outcome_b,outcome_b_02196,-21.9578475337,0
outcome_b,outcome_b_02197,5.39827382676,0
outcome_b,outcome_b_02198,-16.6098862984,0
outcome_b,outcome_b_02199,18.8958712108,0
outcome_b,outcome_b_02200,-5.36355579413,0
outcome_b,outcome_b_02201,20.1159316372,0
outcome_b,outcome_b_02202,-14.0950823236,0
outcome_b,outcome_b_02203,20.5781998139,0
outcome_b,outcome_b_02204,2.1170520953,0
outcome_b,outcome_b_02205,-12.7138369141,0
outcome_b,outcome_b_02206,10.9767364241,0
outcome_b,outcome_b_02207,-14.4465267854,0
outcome_b,outcome_b_02208,16.709448797,0
outcome_b,outcome_b_02209,-15.9871358575,0
outcome_b,outcome_b_02210,-9.44481131597,0
outcome_b,outcome_b_02211,-11.9722554123,0
outcome_b,outcome_b_02212,7.28588170352,0
outcome_b,outcome_b_02213,-4.20015262541,0
outcome_b,outcome_b_02214,-3.61664515838,0
outcome_b,outcome_b_02215,3.52037404415,0
outcome_b,outcome_b_02216,-0.769062945883,0
outcome_b,outcome_b_02217,-0.504993248016,0
outcome_b,outcome_b_02218,-3.32600714652,0
outcome_b,outcome_b_02219,12.0141228966,0
outcome_b,outcome_b_02220,-20.4063307206,0
outcome_b,outcome_b_02221,-23.4156738136,0
outcome_b,outcome_b_02222,8.21904855115,0
outcome_b,outcome_b_02223,-24.1770450946,0
outcome_b,outcome_b_02224,-24.4144197834,0
outcome_b,outcome_b_02225,-6.03776763315,0
outcome_b,outcome_b_02226,10.3099902039,0
outcome_b,outcome_b_02227,16.4054670317,0
outcome_b,outcome_b_02228,-9.29828368738,0
outcome_b,outcome_b_02229,24.9559292788,0
outcome_b,outcome_b_02230,13.7868077817,0
outcome_b,outcome_b_02231,18.8757427501,0
outcome_b,outcome_b_02232,14.7483045702,0
outcome_b,outcome_b_02233,14.090863953,0
outcome_b,outcome_b_02234,11.5069918462,0
outcome_b,outcome_b_02235,15.7505139098,0
outcome_b,outcome_b_02236,10.6132905392,0
outcome_b,outcome_b_02237,-15.3885035502,0
outcome_b,outcome_b_02238,-14.0043791449,0
outcome_b,outcome_b_02239,11.9189118741,0
outcome_b,outcome_b_02240,-1.00829685727,0
outcome_b,outcome_b_02241,24.9110348385,0
outcome_b,outcome_b_02242,23.9715409464,0
outcome_b,outcome_b_02243,18.1455773892,0
outcome_b,outcome_b_02244,-19.8403474025,0
outcome_b,outcome_b_02245,-5.3580645116,0
outcome_b,outcome_b_02246,13.4426053355,0
outcome_b,outcome_b_02247,12.4441552241,0
outcome_b,outcome_b_02248,11.5738007001,0
outcome_b,outcome_b_02249,-23.9893427253,0
outcome_b,outcome_b_02250,-15.9912996177,0
outcome_b,outcome_b_02251,18.0331009697,0
outcome_b,outcome_b_02252,3.44205299958,0
outcome_b,outcome_b_02253,-14.2508195506,0
outcome_b,outcome_b_02254,-15.6293259332,0
outcome_b,outcome_b_02255,-5.53754522829,0
outcome_b,outcome_b_02256,-12.3941826237,0
outcome_b,outcome_b_02257,8.29356377081,0
outcome_b,outcome_b_02258,8.97013489348,0
outcome_b,outcome_b_02259,7.2184314666,0
outcome_b,outcome_b_02260,-9.48775670611,0
outcome_b,outcome_b_02261,23.8956499202,0
outcome_b,outcome_b_02262,-0.761421854818,0
outcome_b,outcome_b_02263,23.9795990423,0
outcome_b,outcome_b_02264,2.03428899415,0
outcome_b,outcome_b_02265,9.18584681265,0
outcome_b,outcome_b_02266,23.3259817267,0
outcome_b,outcome_b_02267,-2.84743412074,0
outcome_b,outcome_b_02268,-17.9383144159,0
outcome_b,outcome_b_02269,-15.3563687664,0
outcome_b,outcome_b_02270,-17.4431735408,0
outcome_b,outcome_b_02271,16.4163683649,0
outcome_b,outcome_b_02272,16.604257961,0
outcome_b,outcome_b_02273,19.869626386,0
outcome_b,outcome_b_02274,14.6224537337,0
outcome_b,outcome_b_02275,23.8452033576,0
outcome_b,outcome_b_02276,-14.2887639413,0
outcome_b,outcome_b_02277,-17.4453796784,0
outcome_b,outcome_b_02278,22.3761390692,0
outcome_b,outcome_b_02279,6.16051424978,0
outcome_b,outcome_b_02280,-0.908649056144,0
outcome_b,outcome_b_02281,-12.8957722485,0
outcome_b,outcome_b_02282,17.8596093987,0
outcome_b,outcome_b_02283,-7.9788789261,0
outcome_b,outcome_b_02284,11.7383130787,0
outcome_b,outcome_b_02285,2.95499968673,0
outcome_b,outcome_b_02286,10.1552362251,0
outcome_b,outcome_b_02287,-22.2058490293,0
outcome_b,outcome_b_02288,24.5785173042,0
outcome_b,outcome_b_02289,-3.95986845968,0
outcome_b,outcome_b_02290,9.35358963348,0
outcome_b,outcome_b_02291,-10.6451493515,0
outcome_b,outcome_b_02292,14.0466031742,0
outcome_b,outcome_b_02293,17.0360472772,0
outcome_b,outcome_b_02294,-5.29611467492,0
outcome_b,outcome_b_02295,-8.32014813762,0
outcome_b,outcome_b_02296,24.5727989433,0
outcome_b,outcome_b_02297,-17.5791464437,0
outcome_b,outcome_b_02298,13.8817012511,0
outcome_b,outcome_b_02299,24.2640326713,0
outcome_b,outcome_b_02300,-18.1307209176,0
outcome_b,outcome_b_02301,14.618014435,0
outcome_b,outcome_b_02302,24.8301923687,0
outcome_b,outcome_b_02303,24.771517723,0
outcome_b,outcome_b_02304,-10.2377061423,0
outcome_b,outcome_b_02305,-3.57777178044,0
outcome_b,outcome_b_02306,23.5259971141,0
outcome_b,outcome_b_02307,-14.7881042645,0
outcome_b,outcome_b_02308,5.79453692101,0
outcome_b,outcome_b_02309,-23.1659747189,0
outcome_b,outcome_b_02310,-22.7805574924,0
outcome_b,outcome_b_02311,10.9118285183,0
outcome_b,outcome_b_02312,-18.7391318486,0
outcome_b,outcome_b_02313,-15.7214061259,0
outcome_b,outcome_b_02314,2.72938782789,0
outcome_b,outcome_b_02315,-22.5906794903,0
outcome_b,outcome_b_02316,9.38981575515,0
outcome_b,outcome_b_02317,2.84196283497,0
outcome_b,outcome_b_02318,-18.9016553475,0
outcome_b,outcome_b_02319,-4.68515276812,0
outcome_b,outcome_b_02320,-21.6028606938,0
outcome_b,outcome_b_02321,9.95148638802,0
outcome_b,outcome_b_02322,-22.5577927003,0
outcome_b,outcome_b_02323,-23.4821421599,0
outcome_b,outcome_b_02324,-23.4356500375,0
outcome_b,outcome_b_02325,3.72003586559,0
outcome_b,outcome_b_02326,-18.4048064877,0
outcome_b,outcome_b_02327,-10.7922236183,1
outcome_b,outcome_b_02328,13.7471031787,0
outcome_b,outcome_b_02329,21.3110236193,0
outcome_b,outcome_b_02330,-11.6001806738,0
outcome_b,outcome_b_02331,-8.51199095771,0
outcome_b,outcome_b_02332,15.4116745766,0
outcome_b,outcome_b_02333,-1.72450009194,0
outcome_b,outcome_b_02334,7.09929959879,0
outcome_b,outcome_b_02335,21.4461139061,0
outcome_b,outcome_b_02336,1.883260941,0
outcome_b,outcome_b_02337,-9.19932168377,0
outcome_b,outcome_b_02338,-4.24956149673,0
outcome_b,outcome_b_02339,2.31677178175,0
outcome_b,outcome_b_02340,12.2689764974,0
outcome_b,outcome_b_02341,-9.1591045313,0
outcome_b,outcome_b_02342,22.4381197897,0
outcome_b,outcome_b_02343,11.1471263387,0
outcome_b,outcome_b_02344,-21.9036279539,0
outcome_b,outcome_b_02345,12.5486711667,0
outcome_b,outcome_b_02346,20.7417901815,0
outcome_b,outcome_b_02347,13.2328348706,0
outcome_b,outcome_b_02348,-21.3268842412,0
outcome_b,outcome_b_02349,13.953736049,0
outcome_b,outcome_b_02350,4.15886886108,0
outcome_b,outcome_b_02351,-17.6479815498,0
outcome_b,outcome_b_02352,23.371093214,0
outcome_b,outcome_b_02353,-14.5088540077,0
outcome_b,outcome_b_02354,16.1081568146,0
outcome_b,outcome_b_02355,-24.5553895827,0
outcome_b,outcome_b_02356,-24.0474807504,0
outcome_b,outcome_b_02357,21.2804167798,0
outcome_b,outcome_b_02358,5.49121638704,0
outcome_b,outcome_b_02359,-13.8822572788,0
outcome_b,outcome_b_02360,-9.4695827857,0
outcome_b,outcome_b_02361,22.7337171341,0
outcome_b,outcome_b_02362,-24.0769569382,0
outcome_b,outcome_b_02363,-9.1502395014,0
outcome_b,outcome_b_02364,-5.15663417393,0
outcome_b,outcome_b_02365,18.7021676277,0
outcome_b,outcome_b_02366,-6.14065679129,0
outcome_b,outcome_b_02367,-15.5716244708,0
outcome_b,outcome_b_02368,-22.6648190594,0
outcome_b,outcome_b_02369,-1.01217871816,0
outcome_b,outcome_b_02370,21.5543758794,0
outcome_b,outcome_b_02371,-0.924667174022,0
outcome_b,outcome_b_02372,-1.64153047487,0
outcome_b,outcome_b_02373,6.8943455802,0
outcome_b,outcome_b_02374,19.0941484224,0
outcome_b,outcome_b_02375,-22.9137423607,0
outcome_b,outcome_b_02376,5.32856483462,0
outcome_b,outcome_b_02377,-24.6862533951,0
outcome_b,outcome_b_02378,-19.9344941606,0
outcome_b,outcome_b_02379,23.6609661654,0
outcome_b,outcome_b_02380,-19.7229054471,0
outcome_b,outcome_b_02381,-10.0183336264,0
outcome_b,outcome_b_02382,-14.8586272088,0
outcome_b,outcome_b_02383,-14.135844089,0
outcome_b,outcome_b_02384,-22.0301822328,0
outcome_b,outcome_b_02385,-16.5885796319,0
outcome_b,outcome_b_02386,-7.42117090394,0
outcome_b,outcome_b_02387,-9.87471290409,0
outcome_b,outcome_b_02388,-8.97448547876,0
outcome_b,outcome_b_02389,21.1607560673,0
outcome_b,outcome_b_02390,22.2506635684,0
outcome_b,outcome_b_02391,23.8454019123,0
outcome_b,outcome_b_02392,21.8209898492,0
outcome_b,outcome_b_02393,0.175717361161,0
outcome_b,outcome_b_02394,-23.604037331,0
outcome_b,outcome_b_02395,-17.7481375129,0
outcome_b,outcome_b_02396,18.9352435715,0
outcome_b,outcome_b_02397,8.79966801962,0
outcome_b,outcome_b_02398,-9.05865231519,0
outcome_b,outcome_b_02399,18.4675053713,0
outcome_b,outcome_b_02400,6.86476415352,0
outcome_b,outcome_b_02401,20.755527339,0
outcome_b,outcome_b_02402,20.1264880675,0
outcome_b,outcome_b_02403,9.51322229786,0
outcome_b,outcome_b_02404,-7.95373521258,0
outcome_b,outcome_b_02405,16.1216915275,0
outcome_b,outcome_b_02406,15.9849778704,0
outcome_b,outcome_b_02407,-5.20871735648,0
outcome_b,outcome_b_02408,5.53373988501,0
outcome_b,outcome_b_02409,-18.5246697954,0
outcome_b,outcome_b_02410,-0.894213322915,0
outcome_b,outcome_b_02411,15.2198038712,0
outcome_b,outcome_b_02412,14.3635325508,0
outcome_b,outcome_b_02413,5.00491465985,0
outcome_b,outcome_b_02414,14.5367270766,0
outcome_b,outcome_b_02415,-7.14511808004,0
outcome_b,outcome_b_02416,12.4563068729,0
outcome_b,outcome_b_02417,13.0750019873,0
outcome_b,outcome_b_02418,-14.493736914,0
outcome_b,outcome_b_02419,-22.0509211821,0
outcome_b,outcome_b_02420,-24.6924570594,0
outcome_b,outcome_b_02421,0.964801585534,0
outcome_b,outcome_b_02422,21.5242576158,0
outcome_b,outcome_b_02423,23.736932481,0
outcome_b,outcome_b_02424,13.2995173209,0
outcome_b,outcome_b_02425,1.66873716865,0
outcome_b,outcome_b_02426,21.298798853,0
outcome_b,outcome_b_02427,11.7794114226,0
outcome_b,outcome_b_02428,23.0518986948,0
outcome_b,outcome_b_02429,3.04833952339,0
outcome_b,outcome_b_02430,6.23311514302,0
outcome_b,outcome_b_02431,-20.8871450755,0
outcome_b,outcome_b_02432,22.5164188462,0
outcome_b,outcome_b_02433,-7.27057220916,0
outcome_b,outcome_b_02434,-1.81359495771,0
outcome_b,outcome_b_02435,16.5024348552,0
outcome_b,outcome_b_02436,-23.1500152305,0
outcome_b,outcome_b_02437,-16.1370341037,0
outcome_b,outcome_b_02438,0.858326135447,0
outcome_b,outcome_b_02439,8.03910382075,0
outcome_b,outcome_b_02440,7.86783703785,0
outcome_b,outcome_b_02441,-17.7528483402,0
outcome_b,outcome_b_02442,-15.2714682184,0
outcome_b,outcome_b_02443,22.7095495611,0
outcome_b,outcome_b_02444,7.575650685,1
outcome_b,outcome_b_02445,5.55988340331,0
outcome_b,outcome_b_02446,-11.865863263,0
outcome_b,outcome_b_02447,-23.2969385421,0
outcome_b,outcome_b_02448,-20.3262988615,0
outcome_b,outcome_b_02449,7.43887928169,0
outcome_b,outcome_b_02450,-12.550334872,0
outcome_b,outcome_b_02451,-17.9353153006,0
outcome_b,outcome_b_02452,-7.83356668403,0
outcome_b,outcome_b_02453,-5.38006731626,0
outcome_b,outcome_b_02454,-24.2544326229,0
outcome_b,outcome_b_02455,14.5598403945,0
outcome_b,outcome_b_02456,13.9111749086,0
outcome_b,outcome_b_02457,-10.2616455227,0
outcome_b,outcome_b_02458,10.7154520255,0
outcome_b,outcome_b_02459,-23.0702749145,0
outcome_b,outcome_b_02460,1.26362436064,0
outcome_b,outcome_b_02461,-13.8148173208,0
outcome_b,outcome_b_02462,17.1102590526,0
outcome_b,outcome_b_02463,5.03864953703,0
outcome_b,outcome_b_02464,-2.71572319225,0
outcome_b,outcome_b_02465,-1.39603963482,0
outcome_b,outcome_b_02466,-10.3609320224,0
outcome_b,outcome_b_02467,2.02215138178,0
outcome_b,outcome_b_02468,4.58135629284,0
outcome_b,outcome_b_02469,9.87430467696,0
outcome_b,outcome_b_02470,0.953969165991,0
outcome_b,outcome_b_02471,11.0620315604,0
outcome_b,outcome_b_02472,8.47475325818,0
outcome_b,outcome_b_02473,2.52606389696,0
outcome_b,outcome_b_02474,5.23107283741,0
outcome_b,outcome_b_02475,-21.3395587734,0
outcome_b,outcome_b_02476,5.84067971786,0
outcome_b,outcome_b_02477,10.2917282529,0
outcome_b,outcome_b_02478,20.0455107483,0
outcome_b,outcome_b_02479,23.3835868634,0
outcome_b,outcome_b_02480,0.488344745247,0
outcome_b,outcome_b_02481,9.51702879401,0
outcome_b,outcome_b_02482,-6.78738027959,0
outcome_b,outcome_b_02483,-19.3194489987,0
outcome_b,outcome_b_02484,17.7700503429,0
outcome_b,outcome_b_02485,-1.08768392603,0
outcome_b,outcome_b_02486,16.6602605955,0
outcome_b,outcome_b_02487,22.2327544431,0
outcome_b,outcome_b_02488,9.29209289859,0
outcome_b,outcome_b_02489,-22.2019160054,0
outcome_b,outcome_b_02490,23.5202132077,0
outcome_b,outcome_b_02491,22.9211408182,0
outcome_b,outcome_b_02492,23.1221560326,0
outcome_b,outcome_b_02493,10.007219487,0
outcome_b,outcome_b_02494,15.5863312486,0
outcome_b,outcome_b_02495,10.5476100333,0
outcome_b,outcome_b_02496,-5.11174702352,0
outcome_b,outcome_b_02497,-13.8980657675,0
outcome_b,outcome_b_02498,-2.46300084544,0
outcome_b,outcome_b_02499,-2.87514668333,0
outcome_b,outcome_b_02500,-14.7481940027,0
outcome_b,outcome_b_02501,-24.3032098488,0
outcome_b,outcome_b_02502,10.5095668153,0
outcome_b,outcome_b_02503,-24.6494693345,0
outcome_b,outcome_b_02504,5.75423451778,0
outcome_b,outcome_b_02505,6.06874525245,0
outcome_b,outcome_b_02506,14.796797133,0
outcome_b,outcome_b_02507,-17.2123324483,0
outcome_b,outcome_b_02508,-17.0393953478,0
outcome_b,outcome_b_02509,-9.22969520181,0
outcome_b,outcome_b_02510,2.75164620793,0
outcome_b,outcome_b_02511,-23.3314603692,0
outcome_b,outcome_b_02512,-1.10005396799,0
outcome_b,outcome_b_02513,-21.914864214,0
outcome_b,outcome_b_02514,-10.0899652536,0
outcome_b,outcome_b_02515,-1.53509190727,0
outcome_b,outcome_b_02516,3.09769313312,0
outcome_b,outcome_b_02517,-3.90149815257,0
outcome_b,outcome_b_02518,-9.24039542514,0
outcome_b,outcome_b_02519,-12.0482409515,0
outcome_b,outcome_b_02520,-0.753384359424,0
outcome_b,outcome_b_02521,-8.46171653111,0
outcome_b,outcome_b_02522,-12.7709512425,0
outcome_b,outcome_b_02523,-20.3036367861,0
outcome_b,outcome_b_02524,-21.4155902341,0
outcome_b,outcome_b_02525,5.16965692957,0
outcome_b,outcome_b_02526,-13.8763187896,0
outcome_b,outcome_b_02527,-9.94024923661,0
outcome_b,outcome_b_02528,16.6261091542,0
outcome_b,outcome_b_02529,22.2378568435,0
outcome_b,outcome_b_02530,13.7624889932,0
outcome_b,outcome_b_02531,-17.2278463603,0
outcome_b,outcome_b_02532,-14.4585777473,0
outcome_b,outcome_b_02533,-21.3511850966,0
outcome_b,outcome_b_02534,-8.79692398447,0
outcome_b,outcome_b_02535,0.0375932374688,0
outcome_b,outcome_b_02536,3.74532696818,0
outcome_b,outcome_b_02537,-7.4339234389,1
outcome_b,outcome_b_02538,3.46903961345,0
outcome_b,outcome_b_02539,4.56896139009,0
outcome_b,outcome_b_02540,-24.4974978194,0
outcome_b,outcome_b_02541,-21.4614703685,0
outcome_b,outcome_b_02542,-7.01972125166,0
outcome_b,outcome_b_02543,6.97029702803,0
outcome_b,outcome_b_02544,-17.2478972793,0
outcome_b,outcome_b_02545,8.14864612582,1
outcome_b,outcome_b_02546,-6.93830779341,0
outcome_b,outcome_b_02547,0.576043980785,0
outcome_b,outcome_b_02548,1.08368346383,0
outcome_b,outcome_b_02549,1.23457821239,0
outcome_b,outcome_b_02550,14.6033106639,0
outcome_b,outcome_b_02551,-18.8337028796,0
outcome_b,outcome_b_02552,-11.7593780077,0
outcome_b,outcome_b_02553,-9.91841133341,0
outcome_b,outcome_b_02554,-20.3612830846,0
outcome_b,outcome_b_02555,-17.1614310457,0
outcome_b,outcome_b_02556,17.2827299253,0
outcome_b,outcome_b_02557,22.168441616,0
outcome_b,outcome_b_02558,21.9320487395,0
outcome_b,outcome_b_02559,-23.9667363056,0
outcome_b,outcome_b_02560,3.86657095754,0
outcome_b,outcome_b_02561,10.15646557,0
outcome_b,outcome_b_02562,20.0225192378,0
outcome_b,outcome_b_02563,-1.82809189308,0
outcome_b,outcome_b_02564,11.6895132921,0
outcome_b,outcome_b_02565,-11.8407677425,0
outcome_b,outcome_b_02566,-6.79062274782,0
outcome_b,outcome_b_02567,15.4520612538,0
outcome_b,outcome_b_02568,15.0649790934,0
outcome_b,outcome_b_02569,2.53242509594,0
outcome_b,outcome_b_02570,-14.155922024,0
outcome_b,outcome_b_02571,0.385836482187,0
outcome_b,outcome_b_02572,14.2054633051,0
outcome_b,outcome_b_02573,10.6359826358,0
outcome_b,outcome_b_02574,2.03098615441,1
outcome_b,outcome_b_02575,-5.41436561946,0
outcome_b,outcome_b_02576,-21.3660823419,0
outcome_b,outcome_b_02577,-11.3344480622,0
outcome_b,outcome_b_02578,-18.640662577,0
outcome_b,outcome_b_02579,8.10046804418,0
outcome_b,outcome_b_02580,-16.6648351498,0
outcome_b,outcome_b_02581,-13.3770468765,0
outcome_b,outcome_b_02582,-2.38706253737,0
outcome_b,outcome_b_02583,-21.0281653955,0
outcome_b,outcome_b_02584,-18.0179070959,0
outcome_b,outcome_b_02585,0.277201410156,0
outcome_b,outcome_b_02586,13.3419393584,0
outcome_b,outcome_b_02587,-5.79494122788,0
outcome_b,outcome_b_02588,-18.9701988742,0
outcome_b,outcome_b_02589,20.108905335,0
outcome_b,outcome_b_02590,2.66871624188,0
outcome_b,outcome_b_02591,-15.6805878021,0
outcome_b,outcome_b_02592,-19.8213232621,0
outcome_b,outcome_b_02593,-10.5544667483,0
outcome_b,outcome_b_02594,12.3631300103,0
outcome_b,outcome_b_02595,6.50078896914,0
outcome_b,outcome_b_02596,-16.3740032427,0
outcome_b,outcome_b_02597,-15.5865858122,0
outcome_b,outcome_b_02598,-3.78650874033,0
outcome_b,outcome_b_02599,-0.607490214479,0
outcome_b,outcome_b_02600,13.1672452659,0
outcome_b,outcome_b_02601,14.3465016965,0
outcome_b,outcome_b_02602,-13.8777756832,0
outcome_b,outcome_b_02603,-4.97582978329,0
outcome_b,outcome_b_02604,0.318508749815,0
outcome_b,outcome_b_02605,-8.69885253408,0
outcome_b,outcome_b_02606,-20.2321752437,0
outcome_b,outcome_b_02607,4.91155805879,0
outcome_b,outcome_b_02608,-9.60043499746,0
outcome_b,outcome_b_02609,-7.96385734096,0
outcome_b,outcome_b_02610,12.0246660421,0
outcome_b,outcome_b_02611,21.0192760073,0
outcome_b,outcome_b_02612,-5.38398268011,0
outcome_b,outcome_b_02613,18.9578390635,0
outcome_b,outcome_b_02614,-15.8907696293,0
outcome_b,outcome_b_02615,1.6056813981,0
outcome_b,outcome_b_02616,23.6457297895,0
outcome_b,outcome_b_02617,12.3358326481,0
outcome_b,outcome_b_02618,14.7357296702,0
outcome_b,outcome_b_02619,9.62205986756,0
outcome_b,outcome_b_02620,7.46787483247,0
outcome_b,outcome_b_02621,-2.44274802177,0
outcome_b,outcome_b_02622,5.71260940627,0
outcome_b,outcome_b_02623,-17.3465268914,0
outcome_b,outcome_b_02624,2.48991279479,0
outcome_b,outcome_b_02625,-23.0841272984,0
outcome_b,outcome_b_02626,-21.520555451,1
outcome_b,outcome_b_02627,-9.54169580406,0
outcome_b,outcome_b_02628,15.236235547,0
outcome_b,outcome_b_02629,-11.1347493322,0
outcome_b,outcome_b_02630,-15.3341477667,0
outcome_b,outcome_b_02631,0.162864646026,0
outcome_b,outcome_b_02632,20.2716563893,0
outcome_b,outcome_b_02633,16.5655648513,0
outcome_b,outcome_b_02634,18.8498309588,0
outcome_b,outcome_b_02635,10.4820356202,0
outcome_b,outcome_b_02636,-6.33782723845,0
outcome_b,outcome_b_02637,15.7485118076,0
outcome_b,outcome_b_02638,-21.7622477751,0
outcome_b,outcome_b_02639,-12.6294089513,0
outcome_b,outcome_b_02640,-17.8916322389,0
outcome_b,outcome_b_02641,13.6688083443,0
outcome_b,outcome_b_02642,7.13569261969,0
outcome_b,outcome_b_02643,7.71576990902,0
outcome_b,outcome_b_02644,-24.5031703999,0
outcome_b,outcome_b_02645,6.7207720199,0
outcome_b,outcome_b_02646,14.8609580562,0
outcome_b,outcome_b_02647,22.780267657,0
outcome_b,outcome_b_02648,-21.8099080386,0
outcome_b,outcome_b_02649,-14.3479117443,0
outcome_b,outcome_b_02650,-13.4491668115,0
outcome_b,outcome_b_02651,-12.7083553266,0
outcome_b,outcome_b_02652,16.6452581495,0
outcome_b,outcome_b_02653,-17.5123740935,0
outcome_b,outcome_b_02654,-13.1471593935,0
outcome_b,outcome_b_02655,19.3075445268,0
outcome_b,outcome_b_02656,24.4853399466,0
outcome_b,outcome_b_02657,-19.1772638826,0
outcome_b,outcome_b_02658,23.4720351217,0
outcome_b,outcome_b_02659,18.9873520039,0
outcome_b,outcome_b_02660,-22.825974212,0
outcome_b,outcome_b_02661,7.09985559009,0
outcome_b,outcome_b_02662,-0.728507088157,0
outcome_b,outcome_b_02663,-2.79422654139,0
outcome_b,outcome_b_02664,-15.4501335333,0
outcome_b,outcome_b_02665,-7.96014626998,0
outcome_b,outcome_b_02666,-2.80681846351,0
outcome_b,outcome_b_02667,-22.0943435858,0
outcome_b,outcome_b_02668,11.1423373697,0
outcome_b,outcome_b_02669,-19.6033418602,0
outcome_b,outcome_b_02670,-24.0450802741,0
outcome_b,outcome_b_02671,12.5030508952,0
outcome_b,outcome_b_02672,21.8823665613,0
outcome_b,outcome_b_02673,11.5202512939,0
outcome_b,outcome_b_02674,13.5780853643,0
outcome_b,outcome_b_02675,-19.4764719812,0
outcome_b,outcome_b_02676,0.813638225624,0
outcome_b,outcome_b_02677,-19.1342368446,0
outcome_b,outcome_b_02678,14.5404844488,0
outcome_b,outcome_b_02679,-23.0955267755,0
outcome_b,outcome_b_02680,-21.6209423365,0
outcome_b,outcome_b_02681,-11.1316012637,0
outcome_b,outcome_b_02682,11.3737208244,0
outcome_b,outcome_b_02683,-16.9744445107,0
outcome_b,outcome_b_02684,9.63418590661,0
outcome_b,outcome_b_02685,17.1254103835,0
outcome_b,outcome_b_02686,10.3440215913,0
outcome_b,outcome_b_02687,-2.54740073745,0
outcome_b,outcome_b_02688,0.0479002800535,0
outcome_b,outcome_b_02689,-16.9825386827,0
outcome_b,outcome_b_02690,5.72359444813,0
outcome_b,outcome_b_02691,-21.1004782912,0
outcome_b,outcome_b_02692,20.5704244946,0
outcome_b,outcome_b_02693,-11.4677467588,0
outcome_b,outcome_b_02694,-19.6576043741,0
outcome_b,outcome_b_02695,12.2975146185,0
outcome_b,outcome_b_02696,15.3062614391,0
outcome_b,outcome_b_02697,-3.45709366552,0
outcome_b,outcome_b_02698,15.4727946688,0
outcome_b,outcome_b_02699,24.4843798334,0
outcome_b,outcome_b_02700,16.5979639764,0
outcome_b,outcome_b_02701,-20.8682841078,0
outcome_b,outcome_b_02702,17.1962186626,0
outcome_b,outcome_b_02703,-11.6247001897,1
outcome_b,outcome_b_02704,14.7206810197,0
outcome_b,outcome_b_02705,-5.0395357135,0
outcome_b,outcome_b_02706,-22.9642353264,0
outcome_b,outcome_b_02707,21.6950194324,0
outcome_b,outcome_b_02708,-12.383680708,0
outcome_b,outcome_b_02709,2.30607975822,0
outcome_b,outcome_b_02710,-12.7791629892,0
outcome_b,outcome_b_02711,13.8459278954,0
outcome_b,outcome_b_02712,5.34753965471,0
outcome_b,outcome_b_02713,20.917092443,0
outcome_b,outcome_b_02714,-4.60027776147,0
outcome_b,outcome_b_02715,-21.8479584794,0
outcome_b,outcome_b_02716,19.0533439011,0
outcome_b,outcome_b_02717,-23.3289544114,0
outcome_b,outcome_b_02718,20.5166469742,0
outcome_b,outcome_b_02719,16.3518348311,0
outcome_b,outcome_b_02720,-9.25158639973,0
outcome_b,outcome_b_02721,-10.6626031777,0
outcome_b,outcome_b_02722,23.8600770166,0
outcome_b,outcome_b_02723,19.780856778,0
outcome_b,outcome_b_02724,2.24031398313,0
outcome_b,outcome_b_02725,-13.7049512858,0
outcome_b,outcome_b_02726,19.516347656,0
outcome_b,outcome_b_02727,-7.32339173078,0
outcome_b,outcome_b_02728,17.0270312422,0
outcome_b,outcome_b_02729,2.26123403457,0
outcome_b,outcome_b_02730,8.68870843501,0
outcome_b,outcome_b_02731,13.6479221153,0
outcome_b,outcome_b_02732,-24.0223622274,0
outcome_b,outcome_b_02733,16.3023337399,0
outcome_b,outcome_b_02734,19.4720760637,0
outcome_b,outcome_b_02735,19.0486544556,0
outcome_b,outcome_b_02736,-17.5380572654,0
outcome_b,outcome_b_02737,11.3275886719,0
outcome_b,outcome_b_02738,-12.1766236605,0
outcome_b,outcome_b_02739,-0.657904249013,0
outcome_b,outcome_b_02740,-18.3627484631,0
outcome_b,outcome_b_02741,-18.7422252118,0
outcome_b,outcome_b_02742,-20.8321872324,0
outcome_b,outcome_b_02743,-14.0132548094,0
outcome_b,outcome_b_02744,20.1422527664,0
outcome_b,outcome_b_02745,-23.6119106993,0
outcome_b,outcome_b_02746,15.752849402,0
outcome_b,outcome_b_02747,5.52072357728,0
outcome_b,outcome_b_02748,19.0925685266,0
outcome_b,outcome_b_02749,-9.89160061818,0
outcome_b,outcome_b_02750,11.3837625646,0
outcome_b,outcome_b_02751,23.8423054742,0
outcome_b,outcome_b_02752,-7.10793537508,0
outcome_b,outcome_b_02753,7.87191685374,0
outcome_b,outcome_b_02754,-14.0877158084,0
outcome_b,outcome_b_02755,-20.0077042938,0
outcome_b,outcome_b_02756,-10.4307037877,0
outcome_b,outcome_b_02757,16.488085619,0
outcome_b,outcome_b_02758,-6.27679292702,0
outcome_b,outcome_b_02759,15.4542176434,0
outcome_b,outcome_b_02760,7.66704107442,0
outcome_b,outcome_b_02761,14.5096168773,0
outcome_b,outcome_b_02762,8.8483846941,0
outcome_b,outcome_b_02763,21.9454634288,0
outcome_b,outcome_b_02764,-1.17215967656,0
outcome_b,outcome_b_02765,4.26937750273,0
outcome_b,outcome_b_02766,-14.8290443171,0
outcome_b,outcome_b_02767,-9.0773004861,0
outcome_b,outcome_b_02768,15.7331456806,0
outcome_b,outcome_b_02769,7.10904462644,0
outcome_b,outcome_b_02770,-21.1636965186,0
outcome_b,outcome_b_02771,-15.8537005783,0
outcome_b,outcome_b_02772,-20.717806247,0
outcome_b,outcome_b_02773,11.4119000585,0
outcome_b,outcome_b_02774,-7.03535508864,0
outcome_b,outcome_b_02775,11.9877867897,0
outcome_b,outcome_b_02776,23.8215021372,0
outcome_b,outcome_b_02777,-7.10424111056,0
outcome_b,outcome_b_02778,-9.98387531229,0
outcome_b,outcome_b_02779,16.1144490342,0
outcome_b,outcome_b_02780,0.0783493192254,0
outcome_b,outcome_b_02781,-10.9508454759,0
outcome_b,outcome_b_02782,23.087380815,0
outcome_b,outcome_b_02783,14.8899349463,0
outcome_b,outcome_b_02784,-19.2283921937,1
outcome_b,outcome_b_02785,22.835647785,0
outcome_b,outcome_b_02786,-9.50053919469,0
outcome_b,outcome_b_02787,1.8762516963,0
outcome_b,outcome_b_02788,4.3711311129,0
outcome_b,outcome_b_02789,-9.26375972192,1
outcome_b,outcome_b_02790,10.8380598642,0
outcome_b,outcome_b_02791,4.36394508914,0
outcome_b,outcome_b_02792,-0.269176751764,0
outcome_b,outcome_b_02793,10.0591901096,0
outcome_b,outcome_b_02794,-0.636278560676,0
outcome_b,outcome_b_02795,9.63493998964,0
outcome_b,outcome_b_02796,-13.7361943763,0
outcome_b,outcome_b_02797,-18.7434462579,0
outcome_b,outcome_b_02798,7.2105161035,0
outcome_b,outcome_b_02799,19.5324128317,0
outcome_b,outcome_b_02800,23.2673225572,0
outcome_b,outcome_b_02801,-14.6227406027,0
outcome_b,outcome_b_02802,5.02115170646,1
outcome_b,outcome_b_02803,-22.4494301918,0
outcome_b,outcome_b_02804,24.17399957,0
outcome_b,outcome_b_02805,17.123937971,0
outcome_b,outcome_b_02806,11.664139322,0
outcome_b,outcome_b_02807,4.30213082459,0
outcome_b,outcome_b_02808,20.0602267995,0
outcome_b,outcome_b_02809,-19.9242784471,0
outcome_b,outcome_b_02810,18.4042610064,0
outcome_b,outcome_b_02811,-10.4636052177,0
outcome_b,outcome_b_02812,12.105051815,0
outcome_b,outcome_b_02813,-9.58025991745,0
outcome_b,outcome_b_02814,-15.1759374865,0
outcome_b,outcome_b_02815,-22.6467435773,0
outcome_b,outcome_b_02816,0.31108191684,0
outcome_b,outcome_b_02817,-8.29765548758,0
outcome_b,outcome_b_02818,-17.8623784725,0
outcome_b,outcome_b_02819,-7.03030589289,0
outcome_b,outcome_b_02820,-7.70343337746,0
outcome_b,outcome_b_02821,22.6036505433,0
outcome_b,outcome_b_02822,-3.87003853589,0
outcome_b,outcome_b_02823,-14.3975147795,0
outcome_b,outcome_b_02824,12.7602103176,0
outcome_b,outcome_b_02825,6.36331208321,0
outcome_b,outcome_b_02826,5.56696773362,0
outcome_b,outcome_b_02827,-11.3678552597,0
outcome_b,outcome_b_02828,18.5964996731,0
outcome_b,outcome_b_02829,-14.294254491,0
outcome_b,outcome_b_02830,-11.5124897773,0
outcome_b,outcome_b_02831,12.5813855083,0
outcome_b,outcome_b_02832,-22.728419645,0
outcome_b,outcome_b_02833,-15.1607164495,1
outcome_b,outcome_b_02834,10.1031938076,0
outcome_b,outcome_b_02835,15.9861829115,0
outcome_b,outcome_b_02836,-17.2776663474,0
outcome_b,outcome_b_02837,12.9242985583,0
outcome_b,outcome_b_02838,-17.3278876321,0
outcome_b,outcome_b_02839,2.42517157734,0
outcome_b,outcome_b_02840,-13.8696020541,0
outcome_b,outcome_b_02841,22.5910070769,0
outcome_b,outcome_b_02842,11.1873403314,0
outcome_b,outcome_b_02843,1.92689172979,0
outcome_b,outcome_b_02844,-18.9163571714,0
outcome_b,outcome_b_02845,14.8851605543,0
outcome_b,outcome_b_02846,9.60170730784,0
outcome_b,outcome_b_02847,-16.8283584817,0
outcome_b,outcome_b_02848,14.1241684817,1
outcome_b,outcome_b_02849,8.7377942278,0
outcome_b,outcome_b_02850,-24.3204421395,0
outcome_b,outcome_b_02851,-0.961971784708,0
outcome_b,outcome_b_02852,-0.45771634766,0
outcome_b,outcome_b_02853,-9.26199354221,0
outcome_b,outcome_b_02854,-8.54095231133,0
outcome_b,outcome_b_02855,-2.59680017291,1
outcome_b,outcome_b_02856,-7.29575092722,0
outcome_b,outcome_b_02857,21.045169057,0
outcome_b,outcome_b_02858,11.4177337577,0
outcome_b,outcome_b_02859,-21.5989150437,0
outcome_b,outcome_b_02860,-22.1684213538,0
outcome_b,outcome_b_02861,-8.28332850665,0
outcome_b,outcome_b_02862,6.24770517944,0
outcome_b,outcome_b_02863,-23.5289034623,0
outcome_b,outcome_b_02864,1.49660357882,0
outcome_b,outcome_b_02865,-15.14997033,0
outcome_b,outcome_b_02866,-11.1542177739,0
outcome_b,outcome_b_02867,14.9409467771,0
outcome_b,outcome_b_02868,20.9879571324,0
outcome_b,outcome_b_02869,21.9552750353,0
outcome_b,outcome_b_02870,-12.8930961025,0
outcome_b,outcome_b_02871,-1.64709001359,0
outcome_b,outcome_b_02872,-20.7956834034,0
outcome_b,outcome_b_02873,9.28729513481,0
outcome_b,outcome_b_02874,-16.8060627361,0
outcome_b,outcome_b_02875,4.7262878029,0
outcome_b,outcome_b_02876,-2.24795336711,0
outcome_b,outcome_b_02877,13.5818463425,0
outcome_b,outcome_b_02878,-13.4252423051,0
outcome_b,outcome_b_02879,-12.4168414738,0
outcome_b,outcome_b_02880,-10.4205969416,0
outcome_b,outcome_b_02881,23.8536282065,0
outcome_b,outcome_b_02882,10.6597126775,0
outcome_b,outcome_b_02883,-3.0817948238,0
outcome_b,outcome_b_02884,13.4103874218,0
outcome_b,outcome_b_02885,-18.9055831473,0
outcome_b,outcome_b_02886,-6.02205933808,0
outcome_b,outcome_b_02887,-14.9393297174,0
outcome_b,outcome_b_02888,0.9142885606,0
outcome_b,outcome_b_02889,13.7139572573,0
outcome_b,outcome_b_02890,11.5617419015,0
outcome_b,outcome_b_02891,11.8102764757,0
outcome_b,outcome_b_02892,13.588849652,0
outcome_b,outcome_b_02893,1.36969952891,0
outcome_b,outcome_b_02894,-12.7562226386,0
outcome_b,outcome_b_02895,13.2359868979,0
outcome_b,outcome_b_02896,7.12009584504,0
outcome_b,outcome_b_02897,19.055105951,0
outcome_b,outcome_b_02898,-22.513347636,0
outcome_b,outcome_b_02899,-7.37057897692,0
outcome_b,outcome_b_02900,13.4040614282,0
outcome_b,outcome_b_02901,-2.09614227386,0
outcome_b,outcome_b_02902,-2.55480366651,0
outcome_b,outcome_b_02903,-13.3401094127,0
outcome_b,outcome_b_02904,-9.75442692362,0
outcome_b,outcome_b_02905,-16.482761443,0
outcome_b,outcome_b_02906,-7.78100222372,0
outcome_b,outcome_b_02907,4.25648497186,0
outcome_b,outcome_b_02908,-22.3987430304,0
outcome_b,outcome_b_02909,20.208995905,0
outcome_b,outcome_b_02910,-14.9261295722,1
outcome_b,outcome_b_02911,-13.8447909559,0
outcome_b,outcome_b_02912,-1.94582301578,0
outcome_b,outcome_b_02913,21.2168151606,0
outcome_b,outcome_b_02914,24.5961035989,0
outcome_b,outcome_b_02915,-1.14233546301,0
outcome_b,outcome_b_02916,-5.5783638172,0
outcome_b,outcome_b_02917,-4.35477525877,0
outcome_b,outcome_b_02918,24.9967519413,0
outcome_b,outcome_b_02919,1.73765843858,0
outcome_b,outcome_b_02920,24.5574815585,0
outcome_b,outcome_b_02921,12.3570917884,0
outcome_b,outcome_b_02922,16.2681135504,0
outcome_b,outcome_b_02923,7.50267636072,0
outcome_b,outcome_b_02924,-9.39538919433,0
outcome_b,outcome_b_02925,7.38633986553,0
outcome_b,outcome_b_02926,-1.36358132243,0
outcome_b,outcome_b_02927,-23.1796578738,0
outcome_b,outcome_b_02928,-9.34031440895,0
outcome_b,outcome_b_02929,7.08289094003,0
outcome_b,outcome_b_02930,-10.0298890534,0
outcome_b,outcome_b_02931,4.16385784154,0
outcome_b,outcome_b_02932,12.1265407258,0
outcome_b,outcome_b_02933,-0.903476797653,0
outcome_b,outcome_b_02934,-6.13032107571,0
outcome_b,outcome_b_02935,5.06497857027,0
outcome_b,outcome_b_02936,-16.3820704342,0
outcome_b,outcome_b_02937,-6.73118238608,0
outcome_b,outcome_b_02938,-15.7670645143,0
outcome_b,outcome_b_02939,-11.7325025035,0
outcome_b,outcome_b_02940,22.2700489411,0
outcome_b,outcome_b_02941,-2.67537435916,0
outcome_b,outcome_b_02942,-16.2859381748,0
outcome_b,outcome_b_02943,12.3208111511,0
outcome_b,outcome_b_02944,24.6183082251,0
outcome_b,outcome_b_02945,6.36810928644,0
outcome_b,outcome_b_02946,23.1141025935,0
outcome_b,outcome_b_02947,14.4481548592,0
outcome_b,outcome_b_02948,-24.1821011646,0
outcome_b,outcome_b_02949,11.3328800669,0
outcome_b,outcome_b_02950,20.6463405067,0
outcome_b,outcome_b_02951,-22.3833962927,0
outcome_b,outcome_b_02952,-11.1334570735,0
outcome_b,outcome_b_02953,0.913633247779,0
outcome_b,outcome_b_02954,1.97230290359,0
outcome_b,outcome_b_02955,1.35922836428,0
outcome_b,outcome_b_02956,-18.3228410612,0
outcome_b,outcome_b_02957,-19.7075303414,0
outcome_b,outcome_b_02958,-21.277446262,0
outcome_b,outcome_b_02959,18.9878349853,0
outcome_b,outcome_b_02960,-0.526553384416,0
outcome_b,outcome_b_02961,10.2096104343,0
outcome_b,outcome_b_02962,22.9766061348,0
outcome_b,outcome_b_02963,15.3366079651,0
outcome_b,outcome_b_02964,-1.87834124504,0
outcome_b,outcome_b_02965,-19.6424378663,0
outcome_b,outcome_b_02966,6.38889049799,0
outcome_b,outcome_b_02967,-8.57243332934,0
outcome_b,outcome_b_02968,19.6993961183,0
outcome_b,outcome_b_02969,7.77809158611,0
outcome_b,outcome_b_02970,15.6036845799,0
outcome_b,outcome_b_02971,-22.6770149243,0
outcome_b,outcome_b_02972,-16.2201525994,0
outcome_b,outcome_b_02973,19.6374594533,0
outcome_b,outcome_b_02974,-1.83723755465,0
outcome_b,outcome_b_02975,24.2162084026,0
outcome_b,outcome_b_02976,5.14583477197,0
outcome_b,outcome_b_02977,19.3958005401,0
outcome_b,outcome_b_02978,-7.56693803407,0
outcome_b,outcome_b_02979,-3.32328867553,0
outcome_b,outcome_b_02980,-8.29136469389,0
outcome_b,outcome_b_02981,-4.72781447535,0
outcome_b,outcome_b_02982,24.2688064137,0
outcome_b,outcome_b_02983,7.94156136557,0
outcome_b,outcome_b_02984,2.95262998464,0
outcome_b,outcome_b_02985,24.5550924398,0
outcome_b,outcome_b_02986,-12.2860018976,0
outcome_b,outcome_b_02987,-13.1449498637,0
outcome_b,outcome_b_02988,9.15176006601,0
outcome_b,outcome_b_02989,-24.159571473,0
outcome_b,outcome_b_02990,-17.5891203465,0
outcome_b,outcome_b_02991,-10.0546008828,0
outcome_b,outcome_b_02992,6.51010654017,0
outcome_b,outcome_b_02993,18.0813381293,0
outcome_b,outcome_b_02994,21.165831723,0
outcome_b,outcome_b_02995,8.46544538101,0
outcome_b,outcome_b_02996,6.507531363,0
outcome_b,outcome_b_02997,-24.4135090002,0
outcome_b,outcome_b_02998,1.48057564913,0
outcome_b,outcome_b_02999,-8.17810021576,0
outcome_b,outcome_b_03000,7.72668554161,0
outcome_b,outcome_b_03001,-4.04367354963,0
outcome_b,outcome_b_03002,19.169037653,0
outcome_b,outcome_b_03003,3.62047121312,0
outcome_b,outcome_b_03004,-21.6965777367,0
outcome_b,outcome_b_03005,4.11555634919,0
outcome_b,outcome_b_03006,1.33467452874,0
outcome_b,outcome_b_03007,-13.2448330538,0
outcome_b,outcome_b_03008,-5.39441903896,0
outcome_b,outcome_b_03009,20.2217529319,0
outcome_b,outcome_b_03010,-16.070893018,0
outcome_b,outcome_b_03011,-5.68912788326,0
outcome_b,outcome_b_03012,-21.5997042845,0
outcome_b,outcome_b_03013,-22.123185215,0
outcome_b,outcome_b_03014,11.7251791338,0
outcome_b,outcome_b_03015,2.57862292033,0
outcome_b,outcome_b_03016,22.5888880558,0
outcome_b,outcome_b_03017,-13.407832243,0
outcome_b,outcome_b_03018,20.5886775335,1
outcome_b,outcome_b_03019,-5.19153840129,0
outcome_b,outcome_b_03020,15.90646901,0
outcome_b,outcome_b_03021,-7.10429841649,0
outcome_b,outcome_b_03022,3.27817941496,0
outcome_b,outcome_b_03023,11.8176068781,0
outcome_b,outcome_b_03024,11.6828934055,0
outcome_b,outcome_b_03025,-21.8933974579,0
outcome_b,outcome_b_03026,19.7434563425,0
outcome_b,outcome_b_03027,23.1481048668,0
outcome_b,outcome_b_03028,-3.07765773075,0
outcome_b,outcome_b_03029,20.0412630949,0
outcome_b,outcome_b_03030,19.4889568374,0
outcome_b,outcome_b_03031,-16.9255479059,0
outcome_b,outcome_b_03032,-20.7341683683,0
outcome_b,outcome_b_03033,-4.97904375775,0
outcome_b,outcome_b_03034,-5.72872061068,0
outcome_b,outcome_b_03035,-23.5509276565,0
outcome_b,outcome_b_03036,-20.8513086812,0
outcome_b,outcome_b_03037,-20.3154110645,0
outcome_b,outcome_b_03038,0.107782276597,0
outcome_b,outcome_b_03039,-9.59791055455,0
outcome_b,outcome_b_03040,7.42110191234,0
outcome_b,outcome_b_03041,10.2300776095,0
outcome_b,outcome_b_03042,12.9024896546,0
outcome_b,outcome_b_03043,-0.930293229845,0
outcome_b,outcome_b_03044,19.114566208,0
outcome_b,outcome_b_03045,10.8710216204,0
outcome_b,outcome_b_03046,-18.8885051445,0
outcome_b,outcome_b_03047,1.64176816099,0
outcome_b,outcome_b_03048,0.44125513569,0
outcome_b,outcome_b_03049,22.1525057483,0
outcome_b,outcome_b_03050,-22.9510711459,0
outcome_b,outcome_b_03051,24.8538627912,0
outcome_b,outcome_b_03052,-22.9390272837,0
outcome_b,outcome_b_03053,-21.8912439272,0
outcome_b,outcome_b_03054,-8.90267312361,0
outcome_b,outcome_b_03055,4.81219109851,0
outcome_b,outcome_b_03056,-1.83607094596,0
outcome_b,outcome_b_03057,-24.2684312454,0
outcome_b,outcome_b_03058,-21.5395066938,0
outcome_b,outcome_b_03059,-9.97633755526,0
outcome_b,outcome_b_03060,-10.9277787632,0
outcome_b,outcome_b_03061,20.7986747034,0
outcome_b,outcome_b_03062,22.5939607916,1
outcome_b,outcome_b_03063,-0.532149295291,0
outcome_b,outcome_b_03064,16.4662613648,0
outcome_b,outcome_b_03065,-15.0224179625,0
outcome_b,outcome_b_03066,24.5673439741,0
outcome_b,outcome_b_03067,8.81099333574,0
outcome_b,outcome_b_03068,-13.6005812848,0
outcome_b,outcome_b_03069,-4.71359704181,0
outcome_b,outcome_b_03070,8.4884162519,0
outcome_b,outcome_b_03071,3.37533510768,0
outcome_b,outcome_b_03072,-23.4467003172,0
outcome_b,outcome_b_03073,23.4625980502,0
outcome_b,outcome_b_03074,-23.0868696418,0
outcome_b,outcome_b_03075,-8.67059586585,0
outcome_b,outcome_b_03076,-3.1229030022,0
outcome_b,outcome_b_03077,-7.44598836413,0
outcome_b,outcome_b_03078,10.6106241937,0
outcome_b,outcome_b_03079,10.0080352682,0
outcome_b,outcome_b_03080,-6.98737238415,0
outcome_b,outcome_b_03081,19.4932436383,0
outcome_b,outcome_b_03082,-17.9559581529,0
outcome_b,outcome_b_03083,18.6009837958,0
outcome_b,outcome_b_03084,12.5484787741,0
outcome_b,outcome_b_03085,24.6604834876,0
outcome_b,outcome_b_03086,-7.96626428313,0
outcome_b,outcome_b_03087,-13.9382956183,0
outcome_b,outcome_b_03088,13.3866805524,0
outcome_b,outcome_b_03089,-22.1060001164,0
outcome_b,outcome_b_03090,-0.332308075327,0
outcome_b,outcome_b_03091,14.2329594572,1
outcome_b,outcome_b_03092,1.63956803822,0
outcome_b,outcome_b_03093,-9.2059462956,0
outcome_b,outcome_b_03094,-20.0530535183,0
outcome_b,outcome_b_03095,6.92506200086,0
outcome_b,outcome_b_03096,8.67253223188,0
outcome_b,outcome_b_03097,-10.9640133162,0
outcome_b,outcome_b_03098,12.6283487013,0
outcome_b,outcome_b_03099,4.41663734249,0
outcome_b,outcome_b_03100,15.5506514045,0
outcome_b,outcome_b_03101,23.0137222382,0
outcome_b,outcome_b_03102,-16.3376135798,0
outcome_b,outcome_b_03103,-17.0310457531,0
outcome_b,outcome_b_03104,14.4328001148,0
outcome_b,outcome_b_03105,-24.0771427883,0
outcome_b,outcome_b_03106,17.012407632,0
outcome_b,outcome_b_03107,19.1352414767,0
outcome_b,outcome_b_03108,21.0474614993,0
outcome_b,outcome_b_03109,0.713100671777,0
outcome_b,outcome_b_03110,-4.43486586422,0
outcome_b,outcome_b_03111,10.5431893819,0
outcome_b,outcome_b_03112,-1.62516643596,0
outcome_b,outcome_b_03113,11.0484770434,0
outcome_b,outcome_b_03114,-10.7678593159,0
outcome_b,outcome_b_03115,-21.6709577478,0
outcome_b,outcome_b_03116,-3.50551030741,0
outcome_b,outcome_b_03117,7.70169003707,0
outcome_b,outcome_b_03118,-10.2926982227,0
outcome_b,outcome_b_03119,20.7570099396,1
outcome_b,outcome_b_03120,-14.6546885872,0
outcome_b,outcome_b_03121,11.8321436803,0
outcome_b,outcome_b_03122,7.83741529167,0
outcome_b,outcome_b_03123,11.2574988258,0
outcome_b,outcome_b_03124,-11.7217841655,0
outcome_b,outcome_b_03125,-11.9078548207,0
outcome_b,outcome_b_03126,-4.81187208589,0
outcome_b,outcome_b_03127,-19.7216469442,0
outcome_b,outcome_b_03128,13.0006841987,0
outcome_b,outcome_b_03129,-19.4024159216,0
outcome_b,outcome_b_03130,3.66121465387,0
outcome_b,outcome_b_03131,8.40965282368,0
outcome_b,outcome_b_03132,17.5238275556,0
outcome_b,outcome_b_03133,22.0457962466,0
outcome_b,outcome_b_03134,5.13313509955,0
outcome_b,outcome_b_03135,15.5832497421,0
outcome_b,outcome_b_03136,13.7872884093,0
outcome_b,outcome_b_03137,-12.1529827503,0
outcome_b,outcome_b_03138,17.8044928075,0
outcome_b,outcome_b_03139,-24.0389422147,0
outcome_b,outcome_b_03140,18.0480733653,0
outcome_b,outcome_b_03141,17.3291025254,0
outcome_b,outcome_b_03142,-24.0719312997,0
outcome_b,outcome_b_03143,17.1886656313,0
outcome_b,outcome_b_03144,-1.28104857569,0
outcome_b,outcome_b_03145,-7.46109873475,0
outcome_b,outcome_b_03146,-5.79177316124,0
outcome_b,outcome_b_03147,-3.46738689177,0
outcome_b,outcome_b_03148,23.8817326153,0
outcome_b,outcome_b_03149,21.3814061382,0
outcome_b,outcome_b_03150,21.9601941974,0
outcome_b,outcome_b_03151,-24.1294670363,0
outcome_b,outcome_b_03152,24.5731881126,0
outcome_b,outcome_b_03153,18.5345345866,1
outcome_b,outcome_b_03154,23.0027489763,0
outcome_b,outcome_b_03155,19.3254924376,0
outcome_b,outcome_b_03156,-2.66422690389,0
outcome_b,outcome_b_03157,-7.50084731895,0
outcome_b,outcome_b_03158,-20.530397156,0
outcome_b,outcome_b_03159,-11.1401766511,0
outcome_b,outcome_b_03160,-20.0175146996,0
outcome_b,outcome_b_03161,-3.05879243077,0
outcome_b,outcome_b_03162,9.03276234738,0
outcome_b,outcome_b_03163,4.61196486173,0
outcome_b,outcome_b_03164,17.5050000884,0
outcome_b,outcome_b_03165,-3.97068004721,0
outcome_b,outcome_b_03166,24.1100990742,0
outcome_b,outcome_b_03167,-8.87222724316,0
outcome_b,outcome_b_03168,-6.73286816923,0
outcome_b,outcome_b_03169,12.6697199341,0
outcome_b,outcome_b_03170,7.16001973171,0
outcome_b,outcome_b_03171,-4.68565234378,0
outcome_b,outcome_b_03172,7.50340493429,1
outcome_b,outcome_b_03173,3.47477179972,0
outcome_b,outcome_b_03174,-15.2306814499,0
outcome_b,outcome_b_03175,9.44891919191,0
outcome_b,outcome_b_03176,18.3751840336,0
outcome_b,outcome_b_03177,-23.0127098197,0
outcome_b,outcome_b_03178,14.0441677098,0
outcome_b,outcome_b_03179,-5.84432762083,0
outcome_b,outcome_b_03180,-5.85711383604,0
outcome_b,outcome_b_03181,-11.1245555216,0
outcome_b,outcome_b_03182,4.26500914912,0
outcome_b,outcome_b_03183,-13.2452123846,0
outcome_b,outcome_b_03184,2.31711532585,0
outcome_b,outcome_b_03185,-8.3687008445,0
outcome_b,outcome_b_03186,-4.87962734618,0
outcome_b,outcome_b_03187,17.9991158083,0
outcome_b,outcome_b_03188,-0.633337548756,0
outcome_b,outcome_b_03189,21.3789569553,0
outcome_b,outcome_b_03190,8.76712108746,0
outcome_b,outcome_b_03191,13.2422731577,1
outcome_b,outcome_b_03192,-0.199638986848,0
outcome_b,outcome_b_03193,-19.7006440208,0
outcome_b,outcome_b_03194,-10.6557126491,0
outcome_b,outcome_b_03195,-15.1830520076,0
outcome_b,outcome_b_03196,-6.58101460092,0
outcome_b,outcome_b_03197,15.2254385307,0
outcome_b,outcome_b_03198,13.8463270961,0
outcome_b,outcome_b_03199,-19.3480015543,0
outcome_b,outcome_b_03200,-14.6354215102,0
outcome_b,outcome_b_03201,4.95006548838,0
outcome_b,outcome_b_03202,22.2013311737,0
outcome_b,outcome_b_03203,-15.9619205757,0
outcome_b,outcome_b_03204,-8.0264350651,0
outcome_b,outcome_b_03205,-22.4129767798,0
outcome_b,outcome_b_03206,16.8071000636,0
outcome_b,outcome_b_03207,-24.4472923412,0
outcome_b,outcome_b_03208,-19.4929622088,0
outcome_b,outcome_b_03209,19.6858204096,0
outcome_b,outcome_b_03210,17.2582619929,0
outcome_b,outcome_b_03211,-17.0270625595,0
outcome_b,outcome_b_03212,13.7209637184,0
outcome_b,outcome_b_03213,-4.76591814794,0
outcome_b,outcome_b_03214,3.04322409444,0
outcome_b,outcome_b_03215,-3.12573892415,0
outcome_b,outcome_b_03216,18.8921238055,0
outcome_b,outcome_b_03217,0.755260366185,0
outcome_b,outcome_b_03218,-21.8233591794,0
outcome_b,outcome_b_03219,3.29948936785,0
outcome_b,outcome_b_03220,6.39512610949,0
outcome_b,outcome_b_03221,7.93041953908,0
outcome_b,outcome_b_03222,-3.47106696545,0
outcome_b,outcome_b_03223,-15.8946294635,0
outcome_b,outcome_b_03224,-7.26521054495,0
outcome_b,outcome_b_03225,4.71087476067,0
outcome_b,outcome_b_03226,7.61220666614,0
outcome_b,outcome_b_03227,-12.2374743282,0
outcome_b,outcome_b_03228,-12.4890432475,0
outcome_b,outcome_b_03229,10.276728716,0
outcome_b,outcome_b_03230,-21.4770917046,0
outcome_b,outcome_b_03231,5.39337724532,0
outcome_b,outcome_b_03232,-12.0413774073,0
outcome_b,outcome_b_03233,-15.7886887222,0
outcome_b,outcome_b_03234,22.3333956229,0
outcome_b,outcome_b_03235,4.49098268841,0
outcome_b,outcome_b_03236,-9.49479685509,0
outcome_b,outcome_b_03237,21.9329901388,0
outcome_b,outcome_b_03238,-20.9429137683,0
outcome_b,outcome_b_03239,5.60102962416,0
outcome_b,outcome_b_03240,-8.79104962555,0
outcome_b,outcome_b_03241,-18.1752892474,0
outcome_b,outcome_b_03242,23.1422622013,0
outcome_b,outcome_b_03243,15.8541545676,0
outcome_b,outcome_b_03244,14.1082230236,0
outcome_b,outcome_b_03245,-14.695819891,0
outcome_b,outcome_b_03246,14.6960158021,0
outcome_b,outcome_b_03247,17.7492370338,0
outcome_b,outcome_b_03248,1.06104598109,0
outcome_b,outcome_b_03249,1.25187338948,0
outcome_b,outcome_b_03250,-21.5351872926,0
outcome_b,outcome_b_03251,-11.1019321639,0
outcome_b,outcome_b_03252,-23.2346094669,0
outcome_b,outcome_b_03253,-22.823436166,0
outcome_b,outcome_b_03254,22.7968250169,0
outcome_b,outcome_b_03255,21.7545016612,0
outcome_b,outcome_b_03256,14.2017396424,0
outcome_b,outcome_b_03257,-3.82152631826,0
outcome_b,outcome_b_03258,6.01548591139,0
outcome_b,outcome_b_03259,-3.78823435912,0
outcome_b,outcome_b_03260,3.53452225378,0
outcome_b,outcome_b_03261,-0.949523285707,0
outcome_b,outcome_b_03262,-11.4356409246,0
outcome_b,outcome_b_03263,12.5689271643,0
outcome_b,outcome_b_03264,-2.18318929406,0
outcome_b,outcome_b_03265,-11.6299832724,0
outcome_b,outcome_b_03266,-14.7657762101,0
outcome_b,outcome_b_03267,-17.4949409305,0
outcome_b,outcome_b_03268,10.467667521,0
outcome_b,outcome_b_03269,5.44704474892,0
outcome_b,outcome_b_03270,-24.2206111218,0
outcome_b,outcome_b_03271,-7.8180438889,0
outcome_b,outcome_b_03272,-9.50020060204,0
outcome_b,outcome_b_03273,15.6096783394,0
outcome_b,outcome_b_03274,-14.0604477871,0
outcome_b,outcome_b_03275,-19.833288429,0
outcome_b,outcome_b_03276,2.16775959684,0
outcome_b,outcome_b_03277,-18.5375566106,0
outcome_b,outcome_b_03278,0.685544006426,0
outcome_b,outcome_b_03279,13.1890280866,0
outcome_b,outcome_b_03280,-10.1405366839,1
outcome_b,outcome_b_03281,11.3927132291,0
outcome_b,outcome_b_03282,5.96423569051,0
outcome_b,outcome_b_03283,-12.5297990241,0
outcome_b,outcome_b_03284,3.76093099361,0
outcome_b,outcome_b_03285,-22.067835351,0
outcome_b,outcome_b_03286,-6.22172164706,0
outcome_b,outcome_b_03287,-9.56020413745,0
outcome_b,outcome_b_03288,-14.7771960845,0
outcome_b,outcome_b_03289,-4.85740086,0
outcome_b,outcome_b_03290,11.8000911975,0
outcome_b,outcome_b_03291,4.87101827376,0
outcome_b,outcome_b_03292,-23.1940675363,0
outcome_b,outcome_b_03293,-19.5729522868,0
outcome_b,outcome_b_03294,-6.87773143236,0
outcome_b,outcome_b_03295,16.9110678656,0
outcome_b,outcome_b_03296,-20.9637551555,0
outcome_b,outcome_b_03297,-23.5496841765,0
outcome_b,outcome_b_03298,-4.19422509242,0
outcome_b,outcome_b_03299,-7.65998931817,0
outcome_b,outcome_b_03300,-13.0876593877,0
outcome_b,outcome_b_03301,19.4764457022,0
outcome_b,outcome_b_03302,5.08692183051,0
outcome_b,outcome_b_03303,19.8032797683,0
outcome_b,outcome_b_03304,20.3736184128,0
outcome_b,outcome_b_03305,6.07906312996,0
outcome_b,outcome_b_03306,17.264688028,0
outcome_b,outcome_b_03307,-15.5336872017,0
outcome_b,outcome_b_03308,0.515538608877,0
outcome_b,outcome_b_03309,8.40927805777,0
outcome_b,outcome_b_03310,22.9718680135,0
outcome_b,outcome_b_03311,-1.44787040149,0
outcome_b,outcome_b_03312,-22.2228317883,0
outcome_b,outcome_b_03313,17.6841669089,0
outcome_b,outcome_b_03314,24.7573315007,0
outcome_b,outcome_b_03315,24.8164852632,0
outcome_b,outcome_b_03316,5.9095401586,0
outcome_b,outcome_b_03317,-7.5663959187,0
outcome_b,outcome_b_03318,-15.1276943609,1
outcome_b,outcome_b_03319,-15.4155648214,0
outcome_b,outcome_b_03320,-3.92482420927,0
outcome_b,outcome_b_03321,-1.26713621336,0
outcome_b,outcome_b_03322,10.2902749025,0
outcome_b,outcome_b_03323,10.2174389417,0
outcome_b,outcome_b_03324,-3.4801442134,0
outcome_b,outcome_b_03325,-13.3251285381,0
outcome_b,outcome_b_03326,-18.4536007215,0
outcome_b,outcome_b_03327,-2.81215363818,0
outcome_b,outcome_b_03328,-9.03166264902,0
outcome_b,outcome_b_03329,-14.5863506757,0
outcome_b,outcome_b_03330,-4.21124660456,0
outcome_b,outcome_b_03331,8.91458718335,0
outcome_b,outcome_b_03332,11.8789361626,0
outcome_b,outcome_b_03333,4.91140385366,0
outcome_b,outcome_b_03334,-20.2614511808,0
outcome_b,outcome_b_03335,-0.873503300866,0
outcome_b,outcome_b_03336,-12.3961964494,0
outcome_b,outcome_b_03337,-2.89748208686,0
outcome_b,outcome_b_03338,-6.36570311532,0
outcome_b,outcome_b_03339,20.7280186942,0
outcome_b,outcome_b_03340,-19.276680757,0
outcome_b,outcome_b_03341,20.485056999,0
outcome_b,outcome_b_03342,-11.5214873369,0
outcome_b,outcome_b_03343,11.5694641871,0
outcome_b,outcome_b_03344,6.2739107707,0
outcome_b,outcome_b_03345,-22.6784344963,0
outcome_b,outcome_b_03346,6.72852727036,0
outcome_b,outcome_b_03347,-6.19690844716,0
outcome_b,outcome_b_03348,-20.740367209,0
outcome_b,outcome_b_03349,22.1063921322,0
outcome_b,outcome_b_03350,17.2797465251,0
outcome_b,outcome_b_03351,-0.448388451194,0
outcome_b,outcome_b_03352,-12.1680165604,0
outcome_b,outcome_b_03353,-24.2630685919,0
outcome_b,outcome_b_03354,-11.3811063523,0
outcome_b,outcome_b_03355,-24.7439105433,0
outcome_b,outcome_b_03356,-12.5817317658,0
outcome_b,outcome_b_03357,-2.55871263001,0
outcome_b,outcome_b_03358,-14.6771439287,0
outcome_b,outcome_b_03359,23.4979365057,0
outcome_b,outcome_b_03360,15.4557190926,0
outcome_b,outcome_b_03361,0.801233776622,0
outcome_b,outcome_b_03362,18.9707620733,0
outcome_b,outcome_b_03363,1.89925433863,0
outcome_b,outcome_b_03364,-18.6007557152,0
outcome_b,outcome_b_03365,8.70568645775,0
outcome_b,outcome_b_03366,9.38777625595,0
outcome_b,outcome_b_03367,-3.11799226685,0
outcome_b,outcome_b_03368,-23.5593489835,0
outcome_b,outcome_b_03369,-14.1975997926,0
outcome_b,outcome_b_03370,3.66037173265,0
outcome_b,outcome_b_03371,5.19803729603,0
outcome_b,outcome_b_03372,11.204801054,0
outcome_b,outcome_b_03373,23.8309630398,0
outcome_b,outcome_b_03374,14.9846586449,0
outcome_b,outcome_b_03375,-2.271158766,0
outcome_b,outcome_b_03376,-9.89282213262,0
outcome_b,outcome_b_03377,23.0053104712,0
outcome_b,outcome_b_03378,17.3655281137,0
outcome_b,outcome_b_03379,-22.9045473362,0
outcome_b,outcome_b_03380,17.3649713148,0
outcome_b,outcome_b_03381,-23.1719677322,0
outcome_b,outcome_b_03382,-1.95863014862,0
outcome_b,outcome_b_03383,-20.0967412462,0
outcome_b,outcome_b_03384,1.38924248412,0
outcome_b,outcome_b_03385,15.5618156482,0
outcome_b,outcome_b_03386,-5.3443287851,0
outcome_b,outcome_b_03387,-12.5714750622,0
outcome_b,outcome_b_03388,-8.42404632314,1
outcome_b,outcome_b_03389,21.1866440606,0
outcome_b,outcome_b_03390,-6.9177384188,0
outcome_b,outcome_b_03391,17.6459045721,0
outcome_b,outcome_b_03392,-21.9019510353,0
outcome_b,outcome_b_03393,15.8178307142,0
outcome_b,outcome_b_03394,1.70262129035,0
outcome_b,outcome_b_03395,13.1156405357,0
outcome_b,outcome_b_03396,-13.8759984833,0
outcome_b,outcome_b_03397,-2.43765547557,0
outcome_b,outcome_b_03398,19.6448431925,0
outcome_b,outcome_b_03399,-13.9265904012,0
outcome_b,outcome_b_03400,-0.178031750985,0
outcome_b,outcome_b_03401,-18.0211765099,0
outcome_b,outcome_b_03402,0.522715114568,0
outcome_b,outcome_b_03403,-22.6279446765,0
outcome_b,outcome_b_03404,13.8436331747,0
outcome_b,outcome_b_03405,11.1777116723,0
outcome_b,outcome_b_03406,10.870943445,1
outcome_b,outcome_b_03407,14.2372882577,0
outcome_b,outcome_b_03408,20.6276106951,0
outcome_b,outcome_b_03409,13.0249580089,0
outcome_b,outcome_b_03410,-20.5448546159,0
outcome_b,outcome_b_03411,-16.0039314614,0
outcome_b,outcome_b_03412,15.5773576938,0
outcome_b,outcome_b_03413,23.6725283602,0
outcome_b,outcome_b_03414,8.96163778917,0
outcome_b,outcome_b_03415,20.0299933186,0
outcome_b,outcome_b_03416,-19.7540401211,0
outcome_b,outcome_b_03417,-11.9975503972,1
outcome_b,outcome_b_03418,-6.77357013881,0
outcome_b,outcome_b_03419,10.858306748,0
outcome_b,outcome_b_03420,10.3241925535,0
outcome_b,outcome_b_03421,-13.7302414379,0
outcome_b,outcome_b_03422,16.5068642852,0
outcome_b,outcome_b_03423,23.9708630392,0
outcome_b,outcome_b_03424,-19.5553355228,0
outcome_b,outcome_b_03425,-1.68084321036,0
outcome_b,outcome_b_03426,-5.52210237793,0
outcome_b,outcome_b_03427,7.38548710518,0
outcome_b,outcome_b_03428,-1.33218612716,0
outcome_b,outcome_b_03429,21.8407246873,0
outcome_b,outcome_b_03430,5.37584650501,0
outcome_b,outcome_b_03431,20.520554298,0
outcome_b,outcome_b_03432,-17.7718720573,0
outcome_b,outcome_b_03433,-23.8679083869,0
outcome_b,outcome_b_03434,15.4961915391,0
outcome_b,outcome_b_03435,5.71992070225,0
outcome_b,outcome_b_03436,6.9723571267,0
outcome_b,outcome_b_03437,19.6202166255,0
outcome_b,outcome_b_03438,16.993791571,0
outcome_b,outcome_b_03439,5.93254513122,0
outcome_b,outcome_b_03440,7.14910375223,0
outcome_b,outcome_b_03441,-10.6906451164,0
outcome_b,outcome_b_03442,19.8608609278,0
outcome_b,outcome_b_03443,13.1758658314,0
outcome_b,outcome_b_03444,-9.17343334533,0
outcome_b,outcome_b_03445,-16.7711653505,0
outcome_b,outcome_b_03446,-2.57080926451,0
outcome_b,outcome_b_03447,13.4627866423,0
outcome_b,outcome_b_03448,5.16760147189,0
outcome_b,outcome_b_03449,-16.1435479338,0
outcome_b,outcome_b_03450,3.74224276215,0
outcome_b,outcome_b_03451,-13.1036608383,0
outcome_b,outcome_b_03452,-4.92732408753,0
outcome_b,outcome_b_03453,-16.6191237751,0
outcome_b,outcome_b_03454,-14.8165978984,0
outcome_b,outcome_b_03455,21.4328802514,0
outcome_b,outcome_b_03456,-15.0511452286,0
outcome_b,outcome_b_03457,-14.1530693051,0
outcome_b,outcome_b_03458,-5.41567640033,0
outcome_b,outcome_b_03459,13.5681339791,0
outcome_b,outcome_b_03460,-2.91536779147,0
outcome_b,outcome_b_03461,17.2328860299,0
outcome_b,outcome_b_03462,-14.7964511402,0
outcome_b,outcome_b_03463,3.36273875086,0
outcome_b,outcome_b_03464,-2.15167999213,0
outcome_b,outcome_b_03465,-19.1799752529,0
outcome_b,outcome_b_03466,19.9705437867,0
outcome_b,outcome_b_03467,-3.00363797144,0
outcome_b,outcome_b_03468,-15.9894802233,0
outcome_b,outcome_b_03469,-0.659740394491,0
outcome_b,outcome_b_03470,-9.33143933111,0
outcome_b,outcome_b_03471,-3.30233793784,0
outcome_b,outcome_b_03472,16.1161782959,0
outcome_b,outcome_b_03473,-18.9666180561,0
outcome_b,outcome_b_03474,20.5954516241,0
outcome_b,outcome_b_03475,-18.567243883,0
outcome_b,outcome_b_03476,15.8441379653,0
outcome_b,outcome_b_03477,12.8048590362,0
outcome_b,outcome_b_03478,-20.432942809,0
outcome_b,outcome_b_03479,7.17513648832,0
outcome_b,outcome_b_03480,14.4360970658,0
outcome_b,outcome_b_03481,-0.993327446921,0
outcome_b,outcome_b_03482,10.4505955544,0
outcome_b,outcome_b_03483,-23.7351303933,0
outcome_b,outcome_b_03484,7.9832521816,0
outcome_b,outcome_b_03485,-2.17493368175,0
outcome_b,outcome_b_03486,-15.6542444968,0
outcome_b,outcome_b_03487,-5.39673429932,0
outcome_b,outcome_b_03488,19.3817190308,0
outcome_b,outcome_b_03489,-3.7286141741,0
outcome_b,outcome_b_03490,0.523432803182,0
outcome_b,outcome_b_03491,22.4367872411,0
outcome_b,outcome_b_03492,4.79868289842,0
outcome_b,outcome_b_03493,-5.61309967035,0
outcome_b,outcome_b_03494,-1.97003377672,0
outcome_b,outcome_b_03495,3.86064184984,0
outcome_b,outcome_b_03496,2.62204779893,0
outcome_b,outcome_b_03497,-13.0368705057,0
outcome_b,outcome_b_03498,13.6762080029,0
outcome_b,outcome_b_03499,4.12576774229,0
