book_id,year,religion,political_economy,science,sentiment_percentile
demo_1550_0000,1542,0.45584682726607695,0.5007680691013371,0.043385103632585936,0.0
demo_1550_0001,1559,0.4193113722580774,0.35139252754020495,0.22929610020171762,0.36900829342382113
demo_1550_0002,1559,0.41587154513819063,0.5258162961597701,0.058312158702039235,0.01620892352685091
demo_1550_0003,1546,0.4491606764800038,0.5227790486639047,0.028060274856091482,0.11846162768780852
demo_1550_0004,1559,0.7482762757774386,0.13356018453128315,0.11816353969127824,0.1497204629286416
demo_1550_0005,1544,0.6138348533588315,0.38559835376751805,0.0005667928736505221,0.3403305954937865
demo_1550_0006,1559,0.2746732981709278,0.6813617959815688,0.04396490584750355,0.7945003798747763
demo_1550_0007,1557,0.8101360450649665,0.12370841015558506,0.06615554477944847,0.3902060623992415
demo_1550_0008,1550,0.2614126335646471,0.47328002819824566,0.2653073382371073,0.30063064620613544
demo_1550_0009,1555,0.38520054783402674,0.473766549569324,0.14103290259664913,0.42573960577035674
demo_1550_0010,1544,0.37683164961545856,0.4736226852565724,0.149545665127969,0.5599651596472792
demo_1550_0011,1556,0.6738021616744735,0.3107345986805851,0.015463239644941373,0.0
demo_1550_0012,1550,0.4996096058589874,0.43357288820857204,0.06681750593244035,0.34302893389097977
demo_1550_0013,1543,0.7437840408796705,0.2553476494257569,0.0008683096945727724,0.023871164528500605
demo_1550_0014,1551,0.5209098763072023,0.14595989775467522,0.33313022593812247,0.5231123443532852
demo_1550_0015,1555,0.5563476352197329,0.42509614746671215,0.018556217313554953,0.27930809975442705
demo_1550_0016,1557,0.4598605732120704,0.48249920591516965,0.0576402208727598,0.14649817442193475
demo_1550_0017,1549,0.3669601872315079,0.6324868023165859,0.0005530104519061949,0.0
demo_1550_0018,1555,0.3656344572300463,0.5912485997196135,0.04311694305034012,0.044172671307082106
demo_1550_0019,1542,0.5980594160563694,0.21194701007511174,0.18999357386851892,0.0
demo_1550_0020,1546,0.7308445489759771,0.2461014206242508,0.023054030399772243,0.27557016132630185
demo_1550_0021,1547,0.36568193577363095,0.6249125523294287,0.009405511896940277,0.2731761799935994
demo_1550_0022,1548,0.2987123092861326,0.6141275993898433,0.08716009132402418,0.21382172166236824
demo_1550_0023,1545,0.41013014953269344,0.2314445592710347,0.358425291196272,0.2619869347067169
demo_1550_0024,1552,0.406184739294458,0.5013628058483381,0.09245245485720377,0.1912759605451333
demo_1550_0025,1557,0.4875955727926607,0.3482323954533868,0.16417203175395248,0.06458286683236963
demo_1550_0026,1550,0.6196795791616581,0.27818798936233097,0.10213243147601095,0.5277583579303446
demo_1550_0027,1556,0.20836187206221884,0.5165479023632574,0.2750902255745236,0.33865406232733775
demo_1550_0028,1557,0.6452218475680751,0.26395510255005344,0.09082304988187143,0.0
demo_1550_0029,1545,0.26219222652812635,0.6154479457162584,0.12235982775561519,0.2093250432426674
demo_1550_0030,1546,0.4872887854788361,0.40112153619537244,0.11158967832579147,0.38093925597404
demo_1550_0031,1556,0.21940936310881545,0.7763268431525658,0.004263793738618775,0.154273654943742
demo_1550_0032,1547,0.7361881197899214,0.2564860522884847,0.007325827921593879,0.09976257618084436
demo_1550_0033,1541,0.5073792725537901,0.30424618537777587,0.188374542068434,0.6615079606291387
demo_1550_0034,1559,0.43355085947502453,0.2749046185134416,0.29154452201153386,0.25327113392088296
demo_1550_0035,1556,0.5075362034960176,0.37073074686335455,0.12173304964062762,0.22860470792485652
demo_1550_0036,1556,0.47028281582964965,0.3084152332000962,0.22130195097025415,0.017439528083642408
demo_1550_0037,1551,0.5033593580731616,0.47643627480193157,0.0202043671249069,0.0
demo_1550_0038,1559,0.5713691528362498,0.22788234781113126,0.20074849935261882,0.08710771574787482
demo_1550_0039,1555,0.5228070319510382,0.34133339065589097,0.13585957739307097,0.09561780677460663
demo_1550_0040,1546,0.4854694313808232,0.46043685654497807,0.05409371207419882,0.17056083199162714
demo_1550_0041,1543,0.3213063659519096,0.6672442259480175,0.011449408100072892,0.041374972572414015
demo_1550_0042,1559,0.5304741821522337,0.4621839333766502,0.007341884471116094,0.23976427194223737
demo_1550_0043,1545,0.5373914354139415,0.45395941139128804,0.008649153194770389,0.16226391949827318
demo_1550_0044,1555,0.42655920173335476,0.5650613626629011,0.008379435603744228,0.17787455169133487
demo_1550_0045,1542,0.15836265517374892,0.7945716055842692,0.04706573924198182,0.2322568862089469
demo_1550_0046,1542,0.5487420807366182,0.37121766687764435,0.0800402523857375,0.16755309535681795
demo_1550_0047,1553,0.6244678985638642,0.3429631452232389,0.032568956212896995,0.0
demo_1550_0048,1551,0.37605569956746543,0.5739174853238234,0.05002681510871131,0.1136702374248709
demo_1550_0049,1545,0.6735254791793382,0.2686236225024381,0.057850898318223605,0.0
demo_1550_0050,1542,0.31332820112010557,0.6531935090498402,0.0334782898300543,0.023889641297844016
demo_1550_0051,1542,0.39755153028194684,0.4762494780381919,0.12619899167986107,0.5606313963973413
demo_1550_0052,1548,0.4400445906757291,0.5559072370766692,0.0040481722476016745,0.08595817165105703
demo_1550_0053,1541,0.15715099801309584,0.8015522462253313,0.041296755761572976,0.13078910078931372
demo_1550_0054,1559,0.28964278903475354,0.480914199726497,0.22944301123874947,0.02393907790718225
demo_1550_0055,1546,0.2173964025052571,0.6503593208176627,0.13224427667708025,0.09801158001132246
demo_1550_0056,1542,0.659015888356917,0.3218699623681581,0.019114149274924934,0.18776324439095388
demo_1550_0057,1547,0.4983788741014139,0.4955790428968768,0.006042083001709322,0.03231511124381281
demo_1550_0058,1558,0.3144815504293843,0.6315493247514394,0.0539691248191765,0.14302704689398227
demo_1550_0059,1551,0.35045215054969053,0.5606805973342908,0.08886725211601863,0.5092848933491332
demo_1550_0060,1554,0.4754538346560879,0.4465724295914302,0.07797373575248187,0.2832298172977011
demo_1550_0061,1545,0.5354611531244584,0.34015209851561395,0.12438674835992773,0.24628531812497065
demo_1550_0062,1545,0.2808645782998968,0.4906402536632645,0.22849516803683864,0.45108869777257543
demo_1550_0063,1541,0.5765085496930077,0.2722965186779071,0.15119493162908526,0.015247378362589464
demo_1550_0064,1548,0.19789849657802303,0.8004469013345693,0.001654602087407491,0.0
demo_1550_0065,1557,0.506922501370448,0.48923442128925626,0.0038430773402956834,0.0
demo_1550_0066,1557,0.45642651414751717,0.4998503689589183,0.043723116893564375,0.22444824396067156
demo_1550_0067,1545,0.45375119600510394,0.4692590282267971,0.07698977576809897,0.0
demo_1550_0068,1556,0.30373766686598436,0.5713972739484882,0.12486505918552739,0.08234030398919123
demo_1550_0069,1556,0.6317695232770261,0.34740559989648734,0.020824876826486524,0.10919232058312622
demo_1550_0070,1548,0.5456865131561508,0.4254536290977833,0.028859857746065923,0.3810741325838255
demo_1550_0071,1545,0.5694888846974535,0.37454906339317084,0.055962051909375726,0.18996148133657514
demo_1550_0072,1559,0.4770207715082652,0.31695006604032133,0.2060291624514134,0.13654040388943556
demo_1550_0073,1553,0.2082997125242244,0.6830138495984266,0.10868643787734895,0.07833572966195784
demo_1550_0074,1556,0.8629952429890863,0.09587401330178376,0.0411307437091301,0.14582748885060623
demo_1550_0075,1558,0.7380522266475489,0.2463787572770224,0.015569016075428781,0.23157188824553615
demo_1550_0076,1547,0.37512476483769924,0.5486614291379712,0.07621380602432966,0.3163152119233903
demo_1550_0077,1559,0.7753975399807016,0.11877009121449042,0.10583236880480812,0.359942737444936
demo_1550_0078,1558,0.3420118932101453,0.6576817186961912,0.00030638809366360676,0.09789332088628785
demo_1550_0079,1547,0.6709333890193013,0.3252255012308673,0.003841109749831513,0.17780771134709156
demo_1600_0000,1592,0.6246515173808794,0.33500832099554123,0.040340161623579396,0.2179068532663053
demo_1600_0001,1599,0.5067423706043065,0.3710471436527024,0.12221048574299105,0.2107223104435221
demo_1600_0002,1596,0.15864407870965896,0.4795910736722295,0.3617648476181114,0.28434739941158793
demo_1600_0003,1605,0.5498155766683834,0.3360844578589968,0.11409996547261972,0.27234511945914436
demo_1600_0004,1598,0.7243832173830639,0.15714480283438037,0.11847197978255576,0.0
demo_1600_0005,1604,0.5441744268003382,0.38587727454426646,0.06994829865539526,0.4539579127352271
demo_1600_0006,1597,0.5356041904361986,0.3494609034989507,0.1149349060648508,0.0901478647760301
demo_1600_0007,1602,0.2649020119857359,0.6523580051101828,0.08273998290408115,0.32323560428136944
demo_1600_0008,1600,0.43387600908476787,0.4734276413477681,0.09269634956746409,0.04028494625870338
demo_1600_0009,1599,0.5034985297302149,0.29248162881998857,0.2040198414497966,0.2876232579939936
demo_1600_0010,1608,0.11305686943879316,0.6826695001387025,0.2042736304225044,0.2904461942410347
demo_1600_0011,1592,0.18209446564716217,0.6639829025048121,0.15392263184802563,0.15929995365901933
demo_1600_0012,1601,0.48271985796261474,0.5073152616335742,0.009964880403811157,0.0
demo_1600_0013,1592,0.07333967613261802,0.577959515612455,0.34870080825492705,0.24306807870107616
demo_1600_0014,1596,0.3203371475247935,0.6488162932776703,0.03084655919753613,0.31022167062661143
demo_1600_0015,1604,0.6211242328894423,0.2410255640792128,0.13785020303134496,0.14262233110050518
demo_1600_0016,1596,0.5736599863393893,0.41898417459737725,0.00735583906323348,0.12919280748308992
demo_1600_0017,1592,0.4400766997101517,0.40777815353082103,0.15214514675902716,0.24965360967892777
demo_1600_0018,1593,0.2555777430310706,0.6484672446692336,0.09595501229969601,0.5762971981956291
demo_1600_0019,1605,0.45767607443614383,0.5401559551274766,0.0021679704363795735,0.07001781633246842
demo_1600_0020,1593,0.46311896416167675,0.42218593712749336,0.1146950987108299,0.4892378100328904
demo_1600_0021,1604,0.45605734542598503,0.29276486518219424,0.25117778939182067,0.0
demo_1600_0022,1600,0.480391191045513,0.3783951972833719,0.14121361167111512,0.2971561522040151
demo_1600_0023,1591,0.17544808148444613,0.7665825327928392,0.057969385722714664,0.1265743374723608
demo_1600_0024,1608,0.24707763968361074,0.6864456106677791,0.06647674964861013,0.35092549796669104
demo_1600_0025,1593,0.39864048794473683,0.4560429139277632,0.14531659812749992,0.0
demo_1600_0026,1607,0.44495711992759385,0.45830128923891816,0.09674159083348788,0.2885675316203906
demo_1600_0027,1606,0.43941645963677334,0.4914632044166294,0.06912033594659725,0.3252389468839281
demo_1600_0028,1595,0.22706798272852485,0.2953143571889539,0.47761766008252116,0.5804739083124272
demo_1600_0029,1599,0.5769279262372713,0.2713353252959154,0.1517367484668133,0.3037929697607513
demo_1600_0030,1593,0.41135096019572737,0.4065525777504082,0.18209646205386434,0.2373273026138493
demo_1600_0031,1598,0.46320468176527846,0.30792693100183544,0.2288683872328861,0.337371388606155
demo_1600_0032,1591,0.2843950161894419,0.5318958982488322,0.18370908556172583,0.3924874940332575
demo_1600_0033,1609,0.31277881456254264,0.5865124808593644,0.10070870457809303,0.44847817918741595
demo_1600_0034,1600,0.7171665348353652,0.26801613964802956,0.014817325516605348,0.0
demo_1600_0035,1597,0.3617433004550743,0.5740088769027766,0.06424782264214911,0.0
demo_1600_0036,1592,0.437875811498572,0.4581439646165307,0.10398022388489744,0.03369264716464487
demo_1600_0037,1603,0.6209185119980167,0.33589777661979464,0.04318371138218863,0.1071864093837269
demo_1600_0038,1592,0.5792301023998125,0.1946167060465387,0.22615319155364885,0.6894273350334711
demo_1600_0039,1609,0.49650678780990143,0.34764691675947723,0.1558462954306214,0.08466218871252384
demo_1600_0040,1603,0.10145882598468212,0.6833012068618108,0.2152399671535071,0.6052193891754478
demo_1600_0041,1605,0.2105832677950827,0.5762651726709148,0.21315155953400247,0.18774556772481305
demo_1600_0042,1593,0.5867932205825872,0.3624909756553246,0.05071580376208817,0.3984558240762158
demo_1600_0043,1603,0.24727704925076385,0.7184909130324563,0.03423203771677999,0.1873946547176536
demo_1600_0044,1599,0.35297261283483367,0.5739783943880153,0.07304899277715103,0.3311754498946202
demo_1600_0045,1591,0.41041168497847114,0.4522091211798575,0.1373791938416715,0.3665075258901756
demo_1600_0046,1604,0.19582233106436567,0.7205696598067447,0.08360800912888958,0.14066958009979086
demo_1600_0047,1596,0.4914006445824007,0.49731887929707674,0.011280476120522603,0.34739949462235675
demo_1600_0048,1600,0.4707815908975411,0.35017207950046336,0.17904632960199546,0.30555410929310384
demo_1600_0049,1605,0.758109056924822,0.15806784208613237,0.08382310098904569,0.17112402052463058
demo_1600_0050,1591,0.14749417412004542,0.28071670534388043,0.571789120536074,0.4712209512966155
demo_1600_0051,1597,0.49190057287427436,0.4381460673016631,0.06995335982406253,0.21839260960925874
demo_1600_0052,1597,0.32932154618005627,0.5070492616396071,0.16362919218033672,0.07433950190438515
demo_1600_0053,1595,0.3390381237453527,0.5945940681142882,0.06636780814035916,0.0
demo_1600_0054,1602,0.2278940389334557,0.4423655754121798,0.3297403856543644,0.2295625395312033
demo_1600_0055,1599,0.4193318766294339,0.5508445980888796,0.029823525281686414,0.0
demo_1600_0056,1605,0.25864001054861074,0.6461536826880571,0.09520630676333222,0.44612713384557917
demo_1600_0057,1596,0.408745690029884,0.5280473358259762,0.06320697414413992,0.4774926381397685
demo_1600_0058,1603,0.29237640785589347,0.22614222560942673,0.48148136653467966,0.3710576770799075
demo_1600_0059,1606,0.41019049080409536,0.5222038280020769,0.06760568119382775,0.3604932717413136
demo_1600_0060,1599,0.24514576912809583,0.6907447964284886,0.06410943444341557,0.3032523935748094
demo_1600_0061,1596,0.48401726312443355,0.4624983314860403,0.0534844053895261,0.2581046711131254
demo_1600_0062,1601,0.30037404663871575,0.6495062813885355,0.05011967197274879,0.02531127838967323
demo_1600_0063,1595,0.1191202757928521,0.264411785052672,0.6164679391544758,0.3042031102689902
demo_1600_0064,1591,0.2573528695892751,0.4972094237091348,0.24543770670159015,0.168357934736227
demo_1600_0065,1603,0.43663239099146445,0.5239870483888976,0.03938056061963788,0.27817500744280593
demo_1600_0066,1593,0.5353630332166446,0.4208892076341061,0.043747759149249416,0.19839878047531523
demo_1600_0067,1601,0.31321883328633204,0.5179951090552946,0.16878605765837337,0.2966903960466494
demo_1600_0068,1599,0.356554113054293,0.5357670378440214,0.1076788491016857,0.07851649234110689
demo_1600_0069,1609,0.3764916181094344,0.17496601503681877,0.44854236685374677,0.12159317495655048
demo_1600_0070,1608,0.3281978838489435,0.5459495221593265,0.12585259399173007,0.23491499810873673
demo_1600_0071,1608,0.3216357154123401,0.6517939957589438,0.02657028882871602,0.04010399175683174
demo_1600_0072,1598,0.26801295246160334,0.5308992460079435,0.20108780153045303,0.3767217421891004
demo_1600_0073,1604,0.05662750060522989,0.6345432680053744,0.3088292313893956,0.16860535771153204
demo_1600_0074,1608,0.40707983387263774,0.4925441542835442,0.100376011843818,0.2735298792985587
demo_1600_0075,1594,0.4237083610148621,0.295656692559274,0.28063494642586384,0.3822661944045658
demo_1600_0076,1593,0.4912738498701581,0.4740327761605604,0.03469337396928163,0.2896526199234203
demo_1600_0077,1592,0.36066919743568937,0.48130814214813394,0.15802266041617663,0.27497230979630816
demo_1600_0078,1592,0.21058111824211528,0.45026901867516356,0.3391498630827211,0.20380799359563978
demo_1600_0079,1597,0.39121849349910365,0.42557484974447796,0.1832066567564182,0.12461232844919862
demo_1600_0080,1608,0.3781220270032574,0.5833634468579373,0.03851452613880534,0.04601454010869896
demo_1600_0081,1594,0.6895503711715693,0.30862351054421394,0.0018261182842168207,0.14770902408561717
demo_1600_0082,1593,0.4866773188111011,0.46366371382653987,0.04965896736235897,0.0
demo_1600_0083,1600,0.203805759107741,0.7688818109958825,0.02731242989637644,0.3351659878965531
demo_1600_0084,1592,0.49428856475322597,0.41795106179950564,0.08776037344726846,0.0
demo_1600_0085,1607,0.4135639041446091,0.49501418907755385,0.09142190677783706,0.23252829923901494
demo_1600_0086,1601,0.5820873087381078,0.36434744335891783,0.053565247902974504,0.30722720572930695
demo_1600_0087,1600,0.42585030724389955,0.28508651487888015,0.2890631778772202,0.466250857859704
demo_1600_0088,1603,0.3716020041057676,0.5822411422910051,0.046156853603227424,0.0
demo_1600_0089,1591,0.40526416064648885,0.5018484097597986,0.09288742959371261,0.505592835898943
demo_1600_0090,1604,0.4279067051025242,0.5055933064583066,0.06649998843916924,0.07804845178791049
demo_1600_0091,1595,0.800555283606834,0.12184292706206777,0.07760178933109826,0.14949321314639913
demo_1600_0092,1592,0.6889073851403735,0.2279282570809868,0.08316435777863963,0.33931086666260113
demo_1600_0093,1592,0.3548226202984525,0.49944969645771353,0.14572768324383387,0.3342052328261262
demo_1600_0094,1603,0.2088855306088395,0.7160936409502024,0.07502082844095816,0.3249853664933987
demo_1600_0095,1605,0.14047152630750123,0.5972357763246801,0.2622926973678188,0.5171924572382418
demo_1600_0096,1599,0.6627797990851254,0.30948795369796567,0.027732247216908895,0.18827168257361176
demo_1600_0097,1594,0.4412978670245549,0.48016937774521085,0.07853275523023433,0.15126006189632651
demo_1600_0098,1596,0.25683643337449674,0.4263827879642012,0.31678077866130205,0.23695095175603367
demo_1600_0099,1599,0.19679789476703521,0.6853990614111667,0.11780304382179814,0.11913569337552828
demo_1600_0100,1592,0.4728196773453492,0.35354275925539136,0.17363756339925931,0.4690314297451156
demo_1600_0101,1598,0.27815670888108723,0.6294303715023272,0.09241291961658549,0.0
demo_1600_0102,1593,0.7397080301762876,0.15754591000901716,0.1027460598146953,0.4527556557496807
demo_1600_0103,1602,0.4664334072524979,0.20616284281196648,0.3274037499355355,0.4669389870527198
demo_1600_0104,1597,0.6776661010794215,0.2062566034395798,0.11607729548099883,0.0
demo_1600_0105,1596,0.4327860371990384,0.538802842817632,0.02841111998332961,0.16664186388857796
demo_1600_0106,1603,0.3416334975712278,0.4542292578075124,0.20413724462125973,0.20383761107619575
demo_1600_0107,1609,0.270168785887645,0.6806338005799326,0.04919741353242245,0.19519574946136847
demo_1600_0108,1599,0.7993375734995112,0.18966884242747037,0.010993584073018519,0.1789556148914141
demo_1600_0109,1596,0.6830417276338704,0.23626689482625163,0.08069137753987793,0.0
demo_1600_0110,1594,0.11008797943967417,0.5703588762761875,0.3195531442841382,0.45727913589582153
demo_1600_0111,1598,0.560328015323564,0.3644632679652142,0.07520871671122169,0.0
demo_1600_0112,1608,0.5978855173445025,0.3512838905493697,0.0508305921061279,0.050694653051721106
demo_1600_0113,1601,0.6356921190399674,0.33249674400637647,0.031811136953656186,0.3313278821559799
demo_1600_0114,1606,0.4179841472331538,0.3755134377200342,0.20650241504681216,0.1098125094212247
demo_1600_0115,1596,0.40212586039516435,0.5822270617889689,0.015647077815866668,0.1650242782543859
demo_1600_0116,1593,0.40815991700404675,0.5711505854639272,0.020689497532026226,0.1323029462440479
demo_1600_0117,1595,0.7529631544595341,0.09369875296459883,0.15333809257586703,0.007059331956407372
demo_1600_0118,1593,0.43040995596284,0.45328744753046313,0.11630259650669683,0.31497700216685137
demo_1600_0119,1598,0.4741697790413328,0.40433691110410824,0.12149330985455908,0.5513151765103405
demo_1650_0000,1659,0.4481780137733053,0.21359369677820125,0.3382282894484935,0.30987845870559666
demo_1650_0001,1651,0.4192280667891309,0.3655269212807633,0.21524501193010587,0.39848873125888823
demo_1650_0002,1641,0.42824877425108643,0.49700725500279497,0.07474397074611859,0.3204195573281829
demo_1650_0003,1656,0.18534245217999953,0.6995633771035146,0.11509417071648588,0.2098907747462925
demo_1650_0004,1645,0.34474979511890436,0.5525262411188496,0.10272396376224605,0.23302231482121485
demo_1650_0005,1641,0.3858467883999176,0.4786992529559366,0.13545395864414578,0.0
demo_1650_0006,1658,0.42663745277861626,0.46540753963075926,0.1079550075906244,0.0
demo_1650_0007,1654,0.0496727214657453,0.3443670010801536,0.605960277454101,0.6592642237994379
demo_1650_0008,1651,0.5701256488299247,0.3819242064907693,0.047950144679305994,0.15265585167134613
demo_1650_0009,1646,0.20470409120664992,0.62303480948952,0.17226109930383002,0.2746048430646427
demo_1650_0010,1657,0.33477981196941503,0.41878836672568037,0.24643182130490465,0.37577654148802503
demo_1650_0011,1649,0.2692775316173714,0.5270180194799733,0.20370444890265538,0.43066020675877054
demo_1650_0012,1645,0.45317731378335185,0.36447412281608693,0.18234856340056105,0.42342134163553424
demo_1650_0013,1658,0.12261071134968789,0.3525646732564591,0.5248246153938532,0.4979829371945218
demo_1650_0014,1659,0.3280271710615638,0.6160577406581458,0.055915088280290494,0.1360539547471175
demo_1650_0015,1657,0.4383732795448854,0.33951756454221266,0.22210915591290195,0.03144823293295368
demo_1650_0016,1658,0.5851731679899134,0.37204547264316296,0.04278135936692358,0.21164494008300344
demo_1650_0017,1651,0.6244495849374944,0.23643391060010518,0.13911650446240026,0.09717574645859786
demo_1650_0018,1650,0.4713711819617444,0.5128943126469014,0.015734505391354032,0.24041475321378752
demo_1650_0019,1648,0.3024241805547743,0.6640850101247909,0.03349080932043466,0.2647616383941161
demo_1650_0020,1642,0.21077133012321225,0.3577317833807997,0.4314968864959882,0.11326821674675264
demo_1650_0021,1656,0.13381498136931108,0.7742734857949861,0.09191153283570282,0.013725903663897088
demo_1650_0022,1658,0.47666027800470434,0.49492351072531726,0.028416211269978366,0.22364969558370904
demo_1650_0023,1656,0.21371656410570516,0.5806381111320098,0.205645324762285,0.31995433194369993
demo_1650_0024,1644,0.17098361545560775,0.5199423273707612,0.30907405717363107,0.3540295553031218
demo_1650_0025,1654,0.3102318365596759,0.24721932276953137,0.4425488406707926,0.45516974438518004
demo_1650_0026,1653,0.35020897428525105,0.18451850041335638,0.4652725253013926,0.372439601697141
demo_1650_0027,1651,0.3513008578377988,0.5605195221313672,0.08817962003083393,0.27525783325179637
demo_1650_0028,1644,0.19088760322658171,0.7010287688383593,0.10808362793505907,0.2526964696865043
demo_1650_0029,1649,0.22408296676858844,0.5963261463328204,0.17959088689859112,0.458039796745882
demo_1650_0030,1655,0.7202402311323075,0.15823043563682335,0.12152933323086916,0.26828402787366445
demo_1650_0031,1658,0.3311862718611404,0.5863216098411277,0.08249211829773194,0.29236136328503876
demo_1650_0032,1648,0.42344227338796464,0.4171853809842301,0.15937234562780536,0.3902925594977225
demo_1650_0033,1649,0.3935364684087586,0.47424113030275167,0.13222240128848964,0.25679428562027595
demo_1650_0034,1656,0.5165498205095559,0.3137158678053544,0.16973431168508993,0.5480767131196679
demo_1650_0035,1652,0.14485872499851044,0.4241389087927568,0.4310023662087329,0.3582751299211731
demo_1650_0036,1641,0.7516521339615826,0.1854729100507742,0.0628749559876433,0.00044359467624754956
demo_1650_0037,1645,0.22486374835738587,0.7707942153773103,0.0043420362653037526,0.19745053455409028
demo_1650_0038,1647,0.2638729143556887,0.2966302977690769,0.43949678787523444,0.5175893366422165
demo_1650_0039,1659,0.5291223856845781,0.16821665050296677,0.3026609638124552,0.28516233448362094
demo_1650_0040,1651,0.4770469700116692,0.19426284765559734,0.32869018233273356,0.5548470609347016
demo_1650_0041,1641,0.5162504927475832,0.40834284223619083,0.07540666501622605,0.000987038192298506
demo_1650_0042,1641,0.5108349408421348,0.36983549764517026,0.1193295615126951,0.3536055779829089
demo_1650_0043,1650,0.3905665772876766,0.0912114095797429,0.5182220131325805,0.4596358346394614
demo_1650_0044,1658,0.132067627462571,0.5972763017025745,0.27065607083485455,0.38008153452853527
demo_1650_0045,1659,0.25109611070820304,0.7011996192140261,0.04770427007777074,0.05175271856373942
demo_1650_0046,1658,0.6375405921082803,0.2111775212798601,0.1512818866118597,0.03973706308889716
demo_1650_0047,1647,0.4451799420542622,0.41574896562903824,0.1390710923166996,0.5292828429546382
demo_1650_0048,1641,0.4871665428436302,0.41925800971676397,0.09357544743960589,0.3284129815017673
demo_1650_0049,1644,0.34389651274596666,0.5222320559363629,0.13387143131767062,0.25969204593060347
demo_1650_0050,1641,0.3038260735482091,0.6376232840766164,0.05855064237517448,0.43763967385639196
demo_1650_0051,1645,0.38248554760514103,0.49782050766259756,0.11969394473226141,0.16813827196890097
demo_1650_0052,1658,0.26825211074115873,0.6950262428657354,0.0367216463931058,0.45294131908855606
demo_1650_0053,1645,0.43266278567710154,0.2959035696614678,0.2714336446614307,0.26321425272902893
demo_1650_0054,1642,0.43571343657944883,0.33413642786563014,0.23015013555492106,0.09837842616607737
demo_1650_0055,1650,0.2244923631496835,0.7566467385998952,0.018860898250421275,0.2814012194390527
demo_1650_0056,1646,0.2375471924835282,0.5069589511589745,0.25549385635749733,0.06457782937962292
demo_1650_0057,1647,0.5323514138829126,0.14788158971995655,0.31976699639713085,0.20824400593903508
demo_1650_0058,1656,0.2523910048739021,0.6770246870732052,0.07058430805289269,0.2764005258093653
demo_1650_0059,1648,0.5309416151372459,0.33219377440172343,0.13686461046103063,0.16403101165536954
demo_1650_0060,1643,0.2920177189548138,0.5646769856332188,0.1433052954119674,0.11193763656395514
demo_1650_0061,1649,0.29595853420990986,0.3470566746816058,0.3569847911084844,0.5801965553665486
demo_1650_0062,1643,0.456799676444468,0.3096205555504576,0.23357976800507443,0.24141842946619463
demo_1650_0063,1641,0.325970167906767,0.21439538440345246,0.45963444768978046,0.5271594256150334
demo_1650_0064,1649,0.3062844300389866,0.6453433225680116,0.048372247393001784,0.42822312590861616
demo_1650_0065,1656,0.20443807786068177,0.7729111148090347,0.022650807330283605,0.01623968920240007
demo_1650_0066,1650,0.12628096512047476,0.6269200335827445,0.24679900129678084,0.35816388521546894
demo_1650_0067,1641,0.46078882333118915,0.44320109355317444,0.09601008311563651,0.1048707068223251
demo_1650_0068,1657,0.1874360478336291,0.631091641592433,0.18147231057393803,0.2450785901888169
demo_1650_0069,1649,0.47644792704436234,0.49220244351425413,0.03134962944138365,0.19358631592816639
demo_1650_0070,1659,0.4872983228401952,0.26396698741108315,0.24873468974872162,0.4970718836781408
demo_1650_0071,1659,0.3199065458631317,0.42798416536214934,0.2521092887747188,0.2833708933763384
demo_1650_0072,1650,0.38699902998226093,0.44053907072030146,0.17246189929743758,0.006180489744317341
demo_1650_0073,1645,0.3641798307691199,0.5443590786693674,0.09146109056151264,0.4599622224569877
demo_1650_0074,1646,0.22927835370460653,0.35162901896349674,0.41909262733189656,0.36913593356445107
demo_1650_0075,1658,0.04022257405548032,0.9204157841053812,0.03936164183913861,0.35707951405667077
demo_1650_0076,1657,0.44075221975874845,0.20758681032375192,0.3516609699174997,0.44071626386384083
demo_1650_0077,1651,0.36524625205576206,0.46443138387228783,0.17032236407195014,0.21420159837803
demo_1650_0078,1658,0.117496852364639,0.379512892272673,0.5029902553626879,0.5505436038423706
demo_1650_0079,1646,0.12947963321498826,0.5380181446425951,0.3325022221424165,0.5062205641528652
demo_1650_0080,1641,0.525156389615526,0.41264461306873,0.06219899731574395,0.20461878491978122
demo_1650_0081,1654,0.5779731259949066,0.2893171532494405,0.1327097207556528,0.0
demo_1650_0082,1655,0.40691938463490285,0.1517845761606181,0.4412960392044791,0.4963484697448848
demo_1650_0083,1652,0.23855460094436984,0.38486462645647346,0.3765807725991567,0.2094714828341123
demo_1650_0084,1646,0.3417046307056327,0.5747854187928846,0.08350995050148287,0.0972943030997479
demo_1650_0085,1649,0.24337059317563206,0.7228167891208123,0.0338126177035556,0.31779719589665223
demo_1650_0086,1655,0.4288395087004462,0.5625009019604104,0.008659589339143353,0.21696159014823696
demo_1650_0087,1647,0.3908142971572947,0.41874841538472013,0.1904372874579853,0.3109228069600082
demo_1650_0088,1650,0.40696987794398554,0.4560921126442067,0.13693800941180792,0.3643269125860004
demo_1650_0089,1648,0.2851968021607984,0.6021186632287083,0.1126845346104933,0.32289727293509124
demo_1650_0090,1656,0.5542747734111261,0.3970445900275158,0.04868063656135815,0.17940167229366583
demo_1650_0091,1655,0.7635829437119467,0.14102500917246974,0.0953920471155836,0.26172996137095494
demo_1650_0092,1658,0.4814755679332981,0.3630634147809914,0.15546101728571046,0.26468093124883535
demo_1650_0093,1659,0.6061866128840089,0.3225858638705388,0.0712275232454522,0.22451019086023846
demo_1650_0094,1651,0.31452564986814324,0.5931265244085442,0.09234782572331242,0.38026882762583125
demo_1650_0095,1655,0.2530702472551375,0.3766370770518975,0.37029267569296503,0.5110113159492538
demo_1650_0096,1659,0.45249188280265074,0.33127278036957825,0.216235336827771,0.5175641746605253
demo_1650_0097,1644,0.36902348534919205,0.5512975426805602,0.07967897197024777,0.3567017400362738
demo_1650_0098,1658,0.4962781854502774,0.4956374049297099,0.008084409620012651,0.29706975730332164
demo_1650_0099,1642,0.4304055931126113,0.3382072954479834,0.23138711143940538,0.156403919829946
demo_1650_0100,1648,0.3002899990015398,0.6064655898070875,0.09324441119137261,0.06443574797533705
demo_1650_0101,1655,0.5774994237994895,0.30332873427470536,0.11917184192580504,0.16799671984067951
demo_1650_0102,1644,0.12017150504940229,0.6062021916481439,0.27362630330245374,0.19311218447535602
demo_1650_0103,1659,0.2288614958057333,0.5295608979555624,0.2415776062387044,0.5156057711083282
demo_1650_0104,1654,0.5390159223962717,0.3435045806848126,0.11747949691891561,0.24647358997603627
demo_1650_0105,1649,0.28006969729759323,0.5097880465436446,0.2101422561587623,0.27837482244881434
demo_1650_0106,1653,0.26009756216353397,0.6262478968226186,0.11365454101384742,0.10615546819493649
demo_1650_0107,1658,0.36605273941615823,0.29206695511425357,0.3418803054695882,0.33908306080407036
demo_1650_0108,1644,0.2855703560756819,0.4893681076231764,0.22506153630114173,0.18766013764805145
demo_1650_0109,1652,0.3709317285787485,0.20058765581893118,0.42848061560232026,0.5804775268725224
demo_1650_0110,1657,0.5165264608416911,0.28672702904392494,0.19674651011438388,0.3668047248054857
demo_1650_0111,1643,0.45512513541705335,0.5114534807746139,0.033421383808332844,0.3600821643470229
demo_1650_0112,1654,0.5215689042509571,0.45721236331262316,0.021218732436419706,0.4076899590283025
demo_1650_0113,1646,0.5531646644755823,0.15406271873425711,0.29277261679016064,0.3521604230578834
demo_1650_0114,1658,0.45917753721171467,0.4348846808523945,0.10593778193589086,0.33369340172394485
demo_1650_0115,1647,0.3841754184010738,0.3752400089917822,0.24058457260714403,0.0
demo_1650_0116,1653,0.5550632982464424,0.28301361130043734,0.16192309045312006,0.13058715378743366
demo_1650_0117,1657,0.20174348146093157,0.4684386145232489,0.32981790401581956,0.09468463897493506
demo_1650_0118,1657,0.5133631501544539,0.3510274378755875,0.13560941196995868,0.3418542295634668
demo_1650_0119,1648,0.28264985842769336,0.3506743625516739,0.3666757790206327,0.31331523838373154
demo_1650_0120,1651,0.3795163009123206,0.3372662002579112,0.283217498829768,0.23550590382090514
demo_1650_0121,1648,0.25406364665115694,0.5259374902637611,0.21999886308508185,0.4550697267739082
demo_1650_0122,1648,0.2670925897924229,0.7005970946460867,0.0323103155614905,0.12141374898472607
demo_1650_0123,1647,0.3448798208068922,0.4055880277961217,0.24953215139698626,0.1621306707286276
demo_1650_0124,1643,0.24865830808136524,0.3769387914301916,0.37440290048844316,0.40126175425352983
demo_1650_0125,1658,0.36370389947959697,0.4736857092778221,0.16261039124258078,0.31832781812279265
demo_1650_0126,1643,0.41176085244682653,0.3354415048888415,0.2527976426643321,0.0
demo_1650_0127,1653,0.26910237664158265,0.47452090787963835,0.256376715478779,0.364160613138005
demo_1650_0128,1654,0.28259346349340914,0.6288106685585904,0.08859586794800065,0.43035921928688436
demo_1650_0129,1648,0.23359933817711973,0.6475740322868763,0.11882662953600429,0.4855524568418341
demo_1650_0130,1643,0.33072013244694837,0.5470275918917572,0.12225227566129426,0.42287881915121706
demo_1650_0131,1645,0.5574537849043977,0.15567575681775891,0.28687045827784363,0.5303514889997303
demo_1650_0132,1659,0.6025537872871881,0.23630689769376567,0.16113931501904635,0.3725517927261211
demo_1650_0133,1651,0.13559220630517202,0.29689525455868165,0.5675125391361463,0.8124622199425133
demo_1650_0134,1650,0.4682424952196625,0.5073275850982513,0.024429919682086236,0.13744861301095307
demo_1650_0135,1647,0.38625252099530544,0.285612789558641,0.3281346894460536,0.2760639145950441
demo_1650_0136,1651,0.05445690190859151,0.8702182907817545,0.07532480730965395,0.23602523066687964
demo_1650_0137,1645,0.32579646036030635,0.3583570092585698,0.3158465303811239,0.02602123560164893
demo_1650_0138,1659,0.592747779003032,0.35867866670802495,0.0485735542889431,0.47629950867384646
demo_1650_0139,1658,0.5653936451357171,0.31491172959463215,0.11969462526965076,0.26372109570618857
demo_1650_0140,1645,0.2817257315622704,0.36364856256258177,0.3546257058751478,0.35513450233216215
demo_1650_0141,1659,0.41497267355095124,0.5254129839050412,0.059614342544007604,0.26633274312955146
demo_1650_0142,1657,0.2761646644373907,0.46520000377248905,0.25863533179012027,0.23466362755869274
demo_1650_0143,1657,0.22136740724737408,0.37150577858130357,0.4071268141713224,0.42678530383978347
demo_1650_0144,1643,0.6390484658769584,0.11894751065927163,0.24200402346377,0.2259526485396237
demo_1650_0145,1647,0.14064023248107166,0.5099474501800172,0.3494123173389112,0.362729107671838
demo_1650_0146,1641,0.09971908288438693,0.6183140206793833,0.28196689643622974,0.23053075434173884
demo_1650_0147,1648,0.3589435180717565,0.15590713373440798,0.4851493481938355,0.5213827289223194
demo_1650_0148,1642,0.39825767466618633,0.3280296445517658,0.2737126807820478,0.5733044308215927
demo_1650_0149,1656,0.7294539233640737,0.24878942687581798,0.021756649760108493,0.10576022856529392
demo_1650_0150,1647,0.3996417974053893,0.3284198935705284,0.27193830902408234,0.30408274231358956
demo_1650_0151,1655,0.21173501079113263,0.689536964367908,0.09872802484095936,0.03151992990764968
demo_1650_0152,1649,0.49560682187991567,0.3553958549270108,0.14899732319307354,0.32567434400326173
demo_1650_0153,1657,0.20197539234691164,0.5115412882776836,0.2864833193754048,0.43596073905094634
demo_1650_0154,1648,0.1362699774688771,0.4870494018236075,0.3766806207075155,0.4323041045195766
demo_1650_0155,1641,0.3799543356193893,0.47718280700510307,0.1428628573755077,0.11479562988087291
demo_1650_0156,1659,0.26190948272718023,0.5997159744317555,0.13837454284106426,0.057883086991403654
demo_1650_0157,1655,0.38213720363921605,0.5767414459969208,0.04112135036386307,0.07561355809761798
demo_1650_0158,1647,0.4411217269745463,0.23113088657414818,0.3277473864513055,0.3584822976926209
demo_1650_0159,1643,0.49925109045048327,0.18505509071067663,0.31569381883884023,0.49112837438932133
demo_1650_0160,1648,0.10275207444462846,0.5345426958534873,0.3627052297018841,0.08798400328730216
demo_1650_0161,1653,0.5238779497675112,0.4306763755051211,0.04544567472736761,0.09031225878993167
demo_1650_0162,1644,0.1538788639555746,0.5828391296831624,0.26328200636126303,0.30040606776184287
demo_1650_0163,1651,0.1898486733538747,0.5287134617536744,0.2814378648924509,0.5123852774619422
demo_1650_0164,1646,0.7235193795128505,0.11775829168704963,0.15872232880009976,0.2244709879794143
demo_1650_0165,1644,0.4858508419589243,0.27558179846350456,0.23856735957757116,0.4772000574810537
demo_1650_0166,1641,0.3644937923879806,0.10498740047832612,0.5305188071336933,0.19805987300436073
demo_1650_0167,1659,0.7050810259969313,0.2184897783274797,0.07642919567558897,0.0683830387148012
demo_1650_0168,1647,0.2892963621407961,0.4366562480381498,0.2740473898210542,0.1744352756094036
demo_1650_0169,1655,0.6667463259391393,0.08172522498472151,0.25152844907613936,0.4352489812683901
demo_1650_0170,1659,0.12610331804799985,0.49240614448989956,0.38149053746210065,0.3691157164076967
demo_1650_0171,1642,0.270103269453591,0.39154524688289705,0.33835148366351203,0.10589790976652613
demo_1650_0172,1655,0.30855488988397634,0.5555081812635715,0.13593692885245215,0.3581099617180657
demo_1650_0173,1654,0.2631439019413745,0.6244120293167467,0.112444068741879,0.0
demo_1650_0174,1657,0.2929115972654573,0.22146921756048402,0.4856191851740588,0.31833637825650546
demo_1650_0175,1652,0.1538265306408078,0.4598544091938162,0.3863190601653758,0.4807586682902479
demo_1650_0176,1645,0.36500328086998834,0.4596230837902384,0.17537363533977338,0.16719333128902591
demo_1650_0177,1655,0.2463939581839872,0.3645002879678481,0.3891057538481647,0.5557981427279878
demo_1650_0178,1657,0.6604233150577922,0.28224373234270883,0.0573329525994989,0.0
demo_1650_0179,1642,0.5019020807492527,0.4574557458883298,0.04064217336241755,0.14899820281937665
demo_1700_0000,1704,0.10039440173290189,0.581262088410549,0.3183435098565492,0.23759597385863315
demo_1700_0001,1695,0.5533848185742799,0.27459661630329074,0.17201856512242933,0.28241816375604967
demo_1700_0002,1703,0.02208034191605418,0.7559049633481645,0.22201469473578125,0.35640978571575804
demo_1700_0003,1708,0.16523232968009516,0.7331959320228362,0.10157173829706874,0.37586649113721865
demo_1700_0004,1703,0.2556166844204394,0.3987488665493794,0.3456344490301811,0.5193711477016552
demo_1700_0005,1693,0.2780253086708484,0.3258872326633654,0.3960874586657863,0.3836298698256242
demo_1700_0006,1697,0.24357826971119798,0.6885425063671792,0.06787922392162282,0.08338433335726728
demo_1700_0007,1705,0.30397974771005454,0.24320399587239222,0.45281625641755313,0.4342208243265943
demo_1700_0008,1694,0.21280347686859338,0.2294677305348501,0.5577287925965566,0.36663605987345266
demo_1700_0009,1692,0.31698203493390603,0.45432264976678804,0.22869531529930584,0.30367660768935956
demo_1700_0010,1697,0.06687805515173438,0.818309577953883,0.1148123668943826,0.0
demo_1700_0011,1707,0.08982171737918375,0.5502299499006854,0.35994833272013077,0.3306022971929842
demo_1700_0012,1709,0.3905093437234907,0.5468783100947822,0.06261234618172712,0.4324316559021134
demo_1700_0013,1692,0.19507499153392674,0.5110548315248655,0.29387017694120776,0.5128616994977825
demo_1700_0014,1704,0.13313979718085353,0.7026542948976146,0.16420590792153214,0.46197757074003815
demo_1700_0015,1709,0.4772361321638242,0.4212939045705686,0.1014699632656072,0.3255247762105745
demo_1700_0016,1699,0.5647330186767251,0.2330909626024059,0.20217601872086896,0.047538201473671715
demo_1700_0017,1705,0.30055198895977875,0.38441909195737195,0.3150289190828493,0.3641376725023304
demo_1700_0018,1693,0.4831135146235579,0.3604683159242628,0.15641816945217946,0.16980081961327873
demo_1700_0019,1703,0.15707473883611967,0.5687929286826726,0.27413233248120766,0.3795934565211554
demo_1700_0020,1709,0.24874971873035534,0.341711848323883,0.4095384329457616,0.5102959274594773
demo_1700_0021,1702,0.10982790771363035,0.3964050604791904,0.4937670318071793,0.33865355128574187
demo_1700_0022,1697,0.33749348067332624,0.41241091964987886,0.25009559967679484,0.38236378755506806
demo_1700_0023,1709,0.28950132528799377,0.38936683028528135,0.3211318444267247,0.6110690203445677
demo_1700_0024,1691,0.16975032130576853,0.521487876238295,0.3087618024559366,0.27668194114394734
demo_1700_0025,1697,0.34316709269695483,0.35366380007280723,0.303169107230238,0.6324459422383719
demo_1700_0026,1696,0.1490758073338222,0.5938528613519221,0.25707133131425575,0.19254568301904476
demo_1700_0027,1700,0.5682615924009812,0.3340359158473808,0.09770249175163812,0.5454832357062627
demo_1700_0028,1701,0.39397190245593733,0.19888785274675716,0.40714024479730554,0.18111573531448716
demo_1700_0029,1703,0.3069040083410529,0.29770762759054653,0.3953883640684005,0.2506793568840817
demo_1700_0030,1704,0.6406211949257569,0.2849916157855025,0.07438718928874073,0.3051791197137047
demo_1700_0031,1708,0.16996818615781617,0.29413238734963865,0.5358994264925452,0.3821978927603972
demo_1700_0032,1699,0.346057264242514,0.4256864081180223,0.22825632763946382,0.2870813224594417
demo_1700_0033,1694,0.18356877647308262,0.5719716470924628,0.2444595764344546,0.254883614867451
demo_1700_0034,1706,0.11800437717270414,0.765510758581584,0.11648486424571186,0.05610316957636041
demo_1700_0035,1703,0.2387492828093613,0.3780962564734645,0.38315446071717424,0.4675258755896864
demo_1700_0036,1701,0.3652744121231238,0.29029808592129835,0.3444275019555778,0.7644940851587632
demo_1700_0037,1702,0.12378087668083501,0.4644682098462885,0.4117509134728764,0.5946958380633957
demo_1700_0038,1695,0.25240782872338907,0.4061914802700183,0.3414006910065927,0.2607156984926361
demo_1700_0039,1703,0.40092243082967766,0.4870324599261521,0.11204510924417029,0.1259936299232307
demo_1700_0040,1692,0.5597962655039851,0.3946264206575238,0.045577313838491146,0.052663628788188976
demo_1700_0041,1709,0.23226865238479125,0.5922769164844497,0.17545443113075904,0.5082147466745093
demo_1700_0042,1701,0.22608291568249764,0.6690289101524154,0.10488817416508678,0.40487903077279697
demo_1700_0043,1691,0.19442520400660848,0.5154642836500326,0.2901105123433589,0.16853686604253573
demo_1700_0044,1708,0.6111229641173868,0.2720111218941151,0.11686591398849813,0.5855628303702878
demo_1700_0045,1695,0.6445893055007996,0.3157988763113325,0.03961181818786791,0.07135923416058049
demo_1700_0046,1698,0.3107012206156239,0.2533118916378875,0.43598688774648864,0.4075736376571042
demo_1700_0047,1709,0.18400716880565574,0.2938327466890064,0.5221600845053378,0.3172650482299061
demo_1700_0048,1706,0.1722376869217697,0.5777430662759867,0.25001924680224374,0.3446194758508165
demo_1700_0049,1702,0.2615401001140426,0.1942541671611114,0.5442057327248461,0.5547431773322181
demo_1700_0050,1706,0.563454796226056,0.3295063134475078,0.10703889032643606,0.35820934488988365
demo_1700_0051,1706,0.22937878302623835,0.5347768358674371,0.23584438110632464,0.16545954402262117
demo_1700_0052,1691,0.4641422204732852,0.3217747851473528,0.2140829943793619,0.027489925123075243
demo_1700_0053,1691,0.3253655175754026,0.379525923748076,0.2951085586765216,0.30829328873274847
demo_1700_0054,1697,0.24522867167652265,0.42341095336674517,0.3313603749567322,0.4637045119821323
demo_1700_0055,1701,0.16999542141658455,0.5749067136447199,0.2550978649386956,0.12606513111250167
demo_1700_0056,1697,0.33130403982766604,0.3511317246501227,0.3175642355222112,0.3584189347953743
demo_1700_0057,1701,0.11027840782228401,0.47164402063300137,0.4180775715447145,0.18572804079778943
demo_1700_0058,1698,0.3411090384106153,0.28844350087036125,0.37044746071902335,0.30399721121449214
demo_1700_0059,1700,0.2742840578321793,0.6438381924806716,0.08187774968714907,0.002955864426642113
demo_1700_0060,1702,0.21448930539040503,0.696941451295551,0.0885692433140439,0.27726364182242813
demo_1700_0061,1705,0.4889179961450352,0.34803564335556353,0.1630463604994013,0.33151115414134696
demo_1700_0062,1706,0.3017539598392298,0.32900017482114335,0.36924586533962683,0.5458602240343061
demo_1700_0063,1691,0.48447676127659695,0.23862871724741175,0.27689452147599136,0.5509253224734623
demo_1700_0064,1704,0.27922608776087354,0.49490343337771864,0.22587047886140788,0.021260435571907488
demo_1700_0065,1708,0.23098075030676424,0.5267610828876536,0.24225816680558213,0.0593490672371626
demo_1700_0066,1693,0.7021884356361389,0.18771077114220158,0.11010079322165967,0.13195750406616746
demo_1700_0067,1693,0.34072804814452273,0.33835084544690003,0.3209211064085773,0.6537662541359459
demo_1700_0068,1700,0.40596675704589025,0.4884458099615581,0.10558743299255166,0.09837451753344034
demo_1700_0069,1691,0.052045545097591274,0.6728315497740208,0.27512290512838783,0.2776131111524408
demo_1700_0070,1704,0.3098056242062132,0.11552833237003587,0.5746660434237509,0.5978195510091616
demo_1700_0071,1705,0.13443735103359108,0.40792024525713827,0.4576424037092706,0.46750205657747307
demo_1700_0072,1707,0.20569241800193283,0.6248228829987457,0.16948469899932161,0.14555303511349643
demo_1700_0073,1695,0.23410021327994904,0.6503691968091447,0.115530589910906,0.31498099107354516
demo_1700_0074,1692,0.20385835412008393,0.6895480017483785,0.10659364413153778,0.03609738971870488
demo_1700_0075,1707,0.19861438169982404,0.37670885152320216,0.4246767667769737,0.1313370737184561
demo_1700_0076,1691,0.5419920048250363,0.3049454316363583,0.15306256353860542,0.20302549646056484
demo_1700_0077,1703,0.3665832213074751,0.2825895743710387,0.3508272043214862,0.47968941287001626
demo_1700_0078,1708,0.10240030015014148,0.5792374291671357,0.31836227068272294,0.30540339255631554
demo_1700_0079,1694,0.22529887319391717,0.28998797174277774,0.48471315506330503,0.3992546160807915
demo_1700_0080,1698,0.15882564560359883,0.5780696805005017,0.26310467389589953,0.3469165604456202
demo_1700_0081,1693,0.3379493486673906,0.4823230457923672,0.17972760554024206,0.3382273057579778
demo_1700_0082,1698,0.2464597251490182,0.6161289438287116,0.13741133102227002,0.46559025512680635
demo_1700_0083,1701,0.09297576065317235,0.5610236903806662,0.3460005489661613,0.17641374771878718
demo_1700_0084,1703,0.18948574125826315,0.37991595697807506,0.43059830176366176,0.2966768678549624
demo_1700_0085,1696,0.49398223632110133,0.22082048405521504,0.2851972796236837,0.4314828482559839
demo_1700_0086,1702,0.3546458276711924,0.4881425238384298,0.15721164849037772,0.1511550229626628
demo_1700_0087,1696,0.1936646693214718,0.4940979777555799,0.3122373529229482,0.308743235484462
demo_1700_0088,1706,0.03245316012646981,0.8042742360850667,0.16327260378846345,0.5750002346283927
demo_1700_0089,1694,0.5451045898737676,0.20506845797808837,0.2498269521481439,0.16926530645095453
demo_1700_0090,1708,0.26428031587304823,0.7031601767497906,0.032559507377161116,0.14510647281372513
demo_1700_0091,1704,0.025225804743181916,0.5919175346960125,0.3828566605608056,0.2590054592737502
demo_1700_0092,1695,0.5615956451562413,0.3847157985417697,0.053688556301989064,0.39632607184540336
demo_1700_0093,1700,0.2758386338003263,0.6363929109687081,0.08776845523096564,0.4357416086333716
demo_1700_0094,1692,0.3646760098792199,0.4492125244877364,0.18611146563304354,0.34323551781963496
demo_1700_0095,1708,0.32507078904367276,0.4519371043432712,0.222992106613056,0.20501971126492652
demo_1700_0096,1704,0.09831429728073855,0.39366203138613476,0.5080236713331268,0.5781632047152315
demo_1700_0097,1708,0.4113869388676276,0.3590103999924479,0.22960266113992456,0.402537721702116
demo_1700_0098,1700,0.3445376618571293,0.4005439697856051,0.25491836835726567,0.24966221568519895
demo_1700_0099,1706,0.5098703413509583,0.14129717744564663,0.34883248120339516,0.38696902562171087
demo_1700_0100,1708,0.3285411860849746,0.414924583321667,0.25653423059335845,0.3095185780848605
demo_1700_0101,1691,0.12656135310041486,0.2279493652121958,0.6454892816873893,0.5324684185222482
demo_1700_0102,1704,0.24849196701148954,0.3366383046247029,0.41486972836380753,0.3260385893972582
demo_1700_0103,1705,0.2706182268947379,0.32009292608944556,0.4092888470158166,0.5856353192486566
demo_1700_0104,1696,0.45793677619095774,0.17859117537854574,0.3634720484304966,0.375694226361889
demo_1700_0105,1705,0.16831720018250432,0.6030178011883968,0.228664998629099,0.34585284752170736
demo_1700_0106,1702,0.31793651118457344,0.3940699120451237,0.28799357677030285,0.14027032219959232
demo_1700_0107,1705,0.5604274274094545,0.28722290875715123,0.15234966383339427,0.0
demo_1700_0108,1709,0.440007251959124,0.25541000533202757,0.3045827427088484,0.36056729648289243
demo_1700_0109,1698,0.35448821500628946,0.5186878667685406,0.12682391822517,0.27900331308802484
demo_1700_0110,1709,0.2791133262795014,0.5836016700163782,0.1372850037041205,0.3197201107382683
demo_1700_0111,1698,0.27059277548376476,0.6162008814818178,0.11320634303441739,0.0
demo_1700_0112,1701,0.3367464976788125,0.4310610461394079,0.23219245618177964,0.3263680589199407
demo_1700_0113,1704,0.2788322124608556,0.580577077307187,0.14059071023195735,0.35066601667954644
demo_1700_0114,1699,0.1615101868596795,0.7686148506983034,0.06987496244201703,0.35211193757811443
demo_1700_0115,1698,0.6777035336296793,0.2654099808878749,0.056886485482446014,0.05844451886354535
demo_1700_0116,1709,0.2130191481667241,0.5578168516545317,0.22916400017874428,0.24295081037882038
demo_1700_0117,1702,0.15532456733118516,0.3983793462530804,0.4462960864157345,0.4155787092866933
demo_1700_0118,1697,0.1384184544211527,0.27159274918234955,0.5899887963964978,0.4339097599686486
demo_1700_0119,1698,0.4705772655556998,0.5004292042594446,0.02899353018485568,0.22541671465332616
demo_1700_0120,1699,0.3001066129384815,0.3089983120382224,0.3908950750232962,0.6099576677723216
demo_1700_0121,1707,0.06172147525619717,0.7165526001278971,0.22172592461590565,0.19813903274213157
demo_1700_0122,1699,0.2541991373641379,0.35741913261761854,0.3883817300182436,0.6782199142466978
demo_1700_0123,1700,0.21534545143809414,0.27982983002534645,0.5048247185365594,0.5720556935732222
demo_1700_0124,1704,0.1752582628659606,0.6859797273477153,0.1387620097863241,0.41866555394275273
demo_1700_0125,1697,0.21967529235565525,0.6516892641361538,0.1286354435081909,0.49935217716621794
demo_1700_0126,1703,0.1495264914045582,0.6037370559398214,0.24673645265562047,0.1479121062690137
demo_1700_0127,1693,0.4864289738905364,0.37490823021454733,0.13866279589491626,0.09355857611971632
demo_1700_0128,1705,0.2276365533275043,0.31471871889157743,0.45764472778091836,0.3969229619899572
demo_1700_0129,1691,0.1978370763615075,0.39608813914892627,0.4060747844895662,0.6201973536902365
demo_1700_0130,1697,0.44952283072051,0.18312660660177574,0.36735056267771443,0.4067041032038279
demo_1700_0131,1705,0.21677957638993992,0.3867633812685514,0.3964570423415085,0.5539041503827417
demo_1700_0132,1703,0.2868086608536026,0.5031678763887194,0.2100234627576779,0.5704473623018183
demo_1700_0133,1707,0.24655777560403783,0.4553652931087323,0.29807693128722973,0.36124363246427754
demo_1700_0134,1694,0.19422108897059556,0.1019539888387412,0.7038249221906633,0.7806963830844856
demo_1700_0135,1693,0.11578629555941922,0.3041655351910522,0.5800481692495285,0.6201364249006054
demo_1700_0136,1706,0.45065258016219856,0.12107377499422552,0.428273644843576,0.2120667330887639
demo_1700_0137,1696,0.6062697910384326,0.237636661250854,0.15609354771071335,0.39709656326257026
demo_1700_0138,1696,0.3198970814098529,0.5399163423313615,0.1401865762587855,0.3127835914421427
demo_1700_0139,1698,0.08192879055686866,0.5968023098879621,0.32126889955516924,0.5087459949834703
demo_1700_0140,1703,0.22604957872376022,0.48046360768445195,0.29348681359178774,0.2793319338240783
demo_1700_0141,1695,0.29236873117832907,0.5031700134873518,0.20446125533431916,0.25315368490695805
demo_1700_0142,1694,0.40572765757068324,0.37783055080281375,0.21644179162650304,0.10316448354740079
demo_1700_0143,1706,0.21377675681259786,0.1718122854055842,0.614410957781818,0.7859529139293377
demo_1700_0144,1695,0.17281074186095832,0.4583516661549649,0.36883759198407673,0.5259163212274588
demo_1700_0145,1695,0.41589101171883247,0.3153039780060976,0.2688050102750698,0.20427703358000737
demo_1700_0146,1706,0.35119201584696674,0.5118407208754824,0.13696726327755088,0.22327340043223365
demo_1700_0147,1693,0.26545709701653164,0.1330895498647221,0.6014533531187464,0.5218790268100171
demo_1700_0148,1691,0.2554863830494654,0.6169638142829316,0.12754980266760305,0.21077815232416774
demo_1700_0149,1700,0.05956398640741779,0.436651583458575,0.5037844301340071,0.37894422462099386
demo_1700_0150,1709,0.6618292615070408,0.3112262826936253,0.02694445579933385,0.021364346261029926
demo_1700_0151,1693,0.19061980784067048,0.3361508072306242,0.4732293849287054,0.8293052423205282
demo_1700_0152,1692,0.17373050979709279,0.6880033812129226,0.13826610898998468,0.40289681714747405
demo_1700_0153,1709,0.336976194615024,0.5157535803562036,0.14727022502877243,0.17045199707591022
demo_1700_0154,1696,0.25652274978279177,0.658470648031492,0.08500660218571633,0.22243876830791298
demo_1700_0155,1698,0.20173701777751843,0.3710031674507534,0.4272598147717282,0.2920161925967054
demo_1700_0156,1706,0.25959098139413744,0.33920588098760907,0.4012031376182534,0.3769360487023778
demo_1700_0157,1707,0.3571331693467153,0.3339250182115694,0.3089418124417153,0.5626591381384473
demo_1700_0158,1705,0.25824361669766704,0.6130989814968693,0.12865740180546356,0.45540974569581616
demo_1700_0159,1707,0.11854947979933533,0.7267729976950686,0.15467752250559594,0.19791707438281803
demo_1700_0160,1702,0.6196117962862618,0.29224056660193504,0.08814763711180297,0.11407418642167864
demo_1700_0161,1698,0.3661814797718156,0.4740457485510237,0.1597727716771608,0.04093304853344565
demo_1700_0162,1708,0.42705286646211543,0.32365841400040124,0.24928871953748327,0.20415348937305178
demo_1700_0163,1700,0.2779705488833202,0.27857726615445655,0.44345218496222333,0.3947963340980637
demo_1700_0164,1698,0.4914361338318435,0.44075329795607504,0.0678105682120814,0.0
demo_1700_0165,1707,0.3726115442896022,0.33212101580524145,0.2952674399051563,0.14204514010363573
demo_1700_0166,1692,0.14235384065152895,0.7199056998349437,0.13774045951352729,0.31097860035087205
demo_1700_0167,1693,0.28413335361913183,0.5667729732960408,0.1490936730848274,0.18763062120818963
demo_1700_0168,1708,0.20099124424971912,0.6401983901370653,0.15881036561321565,0.1703878222618605
demo_1700_0169,1691,0.3436846153306124,0.6473973328452233,0.008918051824164297,0.037878619664599295
demo_1700_0170,1706,0.34561975688514246,0.2862313044774352,0.3681489386374223,0.495083926859847
demo_1700_0171,1707,0.6734333841078913,0.15301566527277016,0.17355095061933842,0.41512150676869514
demo_1700_0172,1702,0.6169800214100085,0.28463712178606443,0.09838285680392687,0.0
demo_1700_0173,1705,0.5679775541315635,0.08469459433867502,0.34732785152976164,0.48248584780415205
demo_1700_0174,1697,0.29910047493922726,0.5872113527966133,0.11368817226415953,0.0695054454113197
demo_1700_0175,1694,0.17046390337412287,0.6332890023764908,0.19624709424938644,0.48639400207829175
demo_1700_0176,1703,0.3961948016427346,0.350921704481816,0.2528834938754495,0.2817245580090354
demo_1700_0177,1697,0.21656484748721688,0.26719266417768583,0.5162424883350974,0.5107229007523622
demo_1700_0178,1691,0.04987521795866702,0.7692422823816897,0.18088249965964323,0.35500905748695843
demo_1700_0179,1706,0.25750149968689456,0.23831487710869753,0.5041836232044079,0.6119793765815874
demo_1700_0180,1701,0.1330966931211513,0.06795039844844417,0.7989529084304046,0.6485716801845207
demo_1700_0181,1693,0.22646688958266364,0.4125137165955585,0.36101939382177783,0.6190828015760916
demo_1700_0182,1698,0.3310078636747652,0.5459170961609608,0.1230750401642739,0.1037381534856397
demo_1700_0183,1708,0.31557601957135323,0.23692849237130464,0.4474954880573421,0.20379366655283443
demo_1700_0184,1697,0.18613565781460342,0.3417655375270709,0.4720988046583257,0.6614225538409415
demo_1700_0185,1693,0.1483437348414837,0.34273833116137037,0.5089179339971458,0.23434698723529765
demo_1700_0186,1697,0.35782236945773704,0.29750145210164153,0.3446761784406215,0.5955538609188656
demo_1700_0187,1697,0.5234633931293449,0.2809940996205582,0.19554250725009698,0.34958783001254895
demo_1700_0188,1699,0.2508251721325072,0.4368263411499418,0.31234848671755105,0.07245104901568716
demo_1700_0189,1700,0.24234146095945722,0.5264190222760452,0.23123951676449744,0.23886056431585
demo_1700_0190,1698,0.2941354986402649,0.4268976181867836,0.2789668831729514,0.20865705582529984
demo_1700_0191,1696,0.4566249507807261,0.34636648901451583,0.19700856020475815,0.4938800394592555
demo_1700_0192,1706,0.20834633355597354,0.4197932342395889,0.3718604322044375,0.4150847875637602
demo_1700_0193,1696,0.17978818535007576,0.2980029604345387,0.5222088542153855,0.351925843151348
demo_1700_0194,1694,0.208690434395816,0.4874871803081804,0.3038223852960037,0.23747760432147316
demo_1700_0195,1697,0.26510554253350316,0.4605726358730486,0.2743218215934483,0.20877368251560613
demo_1700_0196,1697,0.28488051650130725,0.3925792259324243,0.3225402575662685,0.1459254344966762
demo_1700_0197,1691,0.24027278830490809,0.37842286220277577,0.38130434949231623,0.4568998312395053
demo_1700_0198,1700,0.30488959693605855,0.5816953399968711,0.11341506306707053,0.216595837522116
demo_1700_0199,1691,0.5592305647770787,0.15821818334181179,0.28255125188110963,0.3133772952589426
demo_1700_0200,1699,0.1413137174844071,0.429334811063199,0.429351471452394,0.7434877491180365
demo_1700_0201,1702,0.030118242585582038,0.5649548230441483,0.4049269343702697,0.6839223230542248
demo_1700_0202,1700,0.40953563901820317,0.4570564519212143,0.13340790906058259,0.0
demo_1700_0203,1697,0.22895212213794489,0.49127084851372615,0.27977702934832893,0.3767754034778846
demo_1700_0204,1709,0.4823635590302348,0.3483457007060221,0.16929074026374305,0.41353571571778425
demo_1700_0205,1706,0.4096669834186287,0.3857720931701022,0.20456092341126908,0.16259903446407142
demo_1700_0206,1702,0.5220708129501618,0.33076244113387415,0.14716674591596404,0.17747674067321473
demo_1700_0207,1706,0.33984691538157,0.5202135921675146,0.13993949245091536,0.6013121813482233
demo_1700_0208,1708,0.4990388800856204,0.38275940678171044,0.11820171313266914,0.24469265950622368
demo_1700_0209,1701,0.1845643541358796,0.4539170145298497,0.36151863133427065,0.21486067269083015
demo_1700_0210,1696,0.48933997443028665,0.3135047041663924,0.19715532140332093,0.4356924883991304
demo_1700_0211,1709,0.541638278943258,0.3129700002522061,0.1453917208045358,0.15904705284312093
demo_1700_0212,1695,0.37076348477949417,0.40891744531434837,0.2203190699061575,0.4553195830300001
demo_1700_0213,1691,0.4024620154559067,0.40517254134096226,0.19236544320313112,0.14471940688151183
demo_1700_0214,1705,0.6015210914296549,0.1440867842259571,0.25439212434438796,0.43937487607559317
demo_1700_0215,1697,0.28774144523074774,0.545078394374516,0.16718016039473632,0.17979953234857615
demo_1700_0216,1696,0.32112313670936454,0.3668009568978739,0.31207590639276145,0.48538629305246744
demo_1700_0217,1694,0.13549770584957815,0.7001556454898965,0.1643466486605254,0.32217844652069877
demo_1700_0218,1707,0.15839768880168578,0.3464901137200645,0.4951121974782498,0.12997285588806284
demo_1700_0219,1709,0.3153894726153447,0.3764032099272073,0.30820731745744795,0.3507229542258138
demo_1700_0220,1702,0.3195918272938389,0.6361720899193861,0.044236082786774995,0.0
demo_1700_0221,1703,0.11547449957539227,0.3550180211959208,0.5295074792286869,0.4850741992984273
demo_1700_0222,1709,0.49231039725724823,0.21675804195580464,0.29093156078694726,0.3029793010708128
demo_1700_0223,1694,0.33729114602746285,0.3084291822553109,0.35427967171722624,0.4464473081346543
demo_1700_0224,1693,0.5770388757011062,0.28105977706105534,0.1419013472378384,0.06622258180708579
demo_1700_0225,1694,0.264249507988694,0.39502506894188916,0.34072542306941683,0.4426123343307709
demo_1700_0226,1707,0.36360007638447184,0.24571862317777732,0.3906813004377509,0.27720198609249075
demo_1700_0227,1694,0.2259982393985738,0.640523351655172,0.13347840894625404,0.4447166930558432
demo_1700_0228,1702,0.4706507308164807,0.45693548604130957,0.07241378314220977,0.30979932355937984
demo_1700_0229,1694,0.4175771018206683,0.38686137255482655,0.19556152562450516,0.1812008420882052
demo_1700_0230,1696,0.24604668837670443,0.6641036048895236,0.0898497067337718,0.3018506687550203
demo_1700_0231,1705,0.4846774597847815,0.27068641433536283,0.24463612587985567,0.6128162547512352
demo_1700_0232,1694,0.31078510818270205,0.3776057031418564,0.3116091886754416,0.22895559221832062
demo_1700_0233,1707,0.21361465368173005,0.2510590619233882,0.5353262843948817,0.3775984091500808
demo_1700_0234,1692,0.26471983412535205,0.512226281109642,0.223053884765006,0.351164486889647
demo_1700_0235,1700,0.41751949105290515,0.5373262713500033,0.045154237597091446,0.0
demo_1700_0236,1706,0.09590627011416472,0.6830871679643413,0.22100656192149398,0.17544964755918477
demo_1700_0237,1691,0.27201692429386237,0.6317963823177115,0.09618669338842614,0.384729503025353
demo_1700_0238,1707,0.6360291733755994,0.33915170510366527,0.02481912152073547,0.06796481156667608
demo_1700_0239,1706,0.4113249779021243,0.4830736646845257,0.10560135741334992,0.4612167255167298
demo_1700_0240,1696,0.11005263665544214,0.6844947296142277,0.20545263373033004,0.5320241067619036
demo_1700_0241,1697,0.6612263658609769,0.1701050685487681,0.168668565590255,0.16576868238405806
demo_1700_0242,1700,0.16731156160939875,0.4854005473900421,0.3472878910005591,0.5208342210568185
demo_1700_0243,1697,0.20399742450242825,0.5976363667228395,0.19836620877473224,0.8082903289099426
demo_1700_0244,1701,0.3073193161234092,0.4785028209249574,0.21417786295163352,0.22209468901518348
demo_1700_0245,1705,0.4465726571714597,0.2898693568121868,0.2635579860163536,0.5533301151775305
demo_1700_0246,1702,0.12497300610762385,0.3193397214664431,0.5556872724259331,0.4589384229853313
demo_1700_0247,1704,0.22982992532434451,0.6945322760184831,0.07563779865717239,0.1803813115548637
demo_1700_0248,1703,0.18096888808684622,0.7386518417858721,0.08037927012728176,0.39495161920740396
demo_1700_0249,1700,0.44670644382739766,0.46430888439423956,0.0889846717783628,0.07793287441681032
demo_1700_0250,1691,0.555740943464328,0.24592101867184044,0.19833803786383167,0.0
demo_1700_0251,1708,0.41364179134159845,0.37939252277779595,0.20696568588060557,0.25820184450485895
demo_1700_0252,1709,0.3835030883179804,0.23401747858483524,0.3824794330971842,0.3647999202866653
demo_1700_0253,1703,0.356298583432878,0.33959141096614426,0.3041100056009778,0.27996926696960367
demo_1700_0254,1694,0.16430606003390144,0.2275789402675402,0.6081149996985584,0.2631043669392812
demo_1700_0255,1692,0.5004431391425148,0.33002848868872803,0.16952837216875707,0.10562022348472577
demo_1700_0256,1694,0.1418642982109834,0.5206690473944482,0.33746665439456836,0.24645226138646043
demo_1700_0257,1692,0.13470707488048156,0.5915322194144523,0.2737607057050661,0.7205372862309377
demo_1700_0258,1691,0.5523790168513886,0.18186265081366812,0.2657583323349433,0.5473783677901324
demo_1700_0259,1702,0.22234603066643058,0.6488665771289409,0.12878739220462856,0.1671467764844518
demo_1700_0260,1693,0.4855988118065301,0.29997364174358676,0.21442754644988313,0.2782155662053555
demo_1700_0261,1702,0.33159176385585987,0.1305546153702138,0.5378536207739263,0.40631708546241596
demo_1700_0262,1706,0.31765130111121875,0.5959075758871355,0.08644112300164596,0.45728783420777575
demo_1700_0263,1692,0.1321924603255841,0.2391274603761037,0.628680079298312,0.6092231267000741
demo_1700_0264,1703,0.32412155763388495,0.464204670720857,0.21167377164525805,0.10024580319854359
demo_1700_0265,1693,0.5122654185841212,0.14880787990734848,0.3389267015085303,0.5237621158860171
demo_1700_0266,1701,0.30935111779672314,0.5078495198631077,0.18279936234016902,0.18112324575892075
demo_1700_0267,1705,0.08498712141260185,0.6135463968231905,0.3014664817642078,0.0
demo_1700_0268,1702,0.278021539252131,0.5835479092713517,0.13843055147651734,0.176719478832096
demo_1700_0269,1693,0.21279954867150871,0.36723182236185187,0.4199686289666394,0.6994632724350547
demo_1700_0270,1702,0.46515524128017216,0.4941916806912968,0.04065307802853104,0.40028818910418074
demo_1700_0271,1699,0.2786430844269908,0.3106177672323462,0.41073914834066294,0.37603874551418576
demo_1700_0272,1695,0.28321256958296015,0.3681233805146993,0.3486640499023407,0.536697104376008
demo_1700_0273,1693,0.048562559270771966,0.5589105010215023,0.39252693970772573,0.5827936482889206
demo_1700_0274,1703,0.30993469829776654,0.5492621572719071,0.1408031444303264,0.4809981246911097
demo_1700_0275,1704,0.25675328643048184,0.2605698110460103,0.4826769025235079,0.25623514779861206
demo_1700_0276,1700,0.1586829403908627,0.3286962262159373,0.5126208333932,0.43532230565077823
demo_1700_0277,1695,0.3713515068278971,0.4813447733800112,0.14730371979209156,0.38029422997567436
demo_1700_0278,1694,0.10821749719548311,0.34054731456825177,0.5512351882362652,0.6836947970956812
demo_1700_0279,1696,0.14647117791671066,0.49560492953902047,0.35792389254426876,0.4904635349330146
demo_1700_0280,1709,0.34066781427052695,0.45710273856275746,0.20222944716671576,0.2219656660085818
demo_1700_0281,1692,0.3962291316231936,0.3125073580997611,0.2912635102770453,0.7194890196937723
demo_1700_0282,1693,0.2546497600950204,0.42538224383049295,0.3199679960744867,0.4725431075454795
demo_1700_0283,1702,0.632633985367904,0.184068523322373,0.18329749130972298,0.6049239164956599
demo_1700_0284,1698,0.21010119989404263,0.5715565426637572,0.2183422574422001,0.03147194184608426
demo_1700_0285,1696,0.3113047577120405,0.5202329817394481,0.16846226054851135,0.16481694283655657
demo_1700_0286,1694,0.3487964546300802,0.14495153126867866,0.5062520141012412,0.39308169149765404
demo_1700_0287,1693,0.27718613942645587,0.41370624628481323,0.30910761428873096,0.5802446474555256
demo_1700_0288,1691,0.37461484201002365,0.42636177833273275,0.19902337965724368,0.32419304885843914
demo_1700_0289,1705,0.24691445387675806,0.6429637030114186,0.11012184311182338,0.3136481411974807
demo_1750_0000,1749,0.21654420746514605,0.2996621002186287,0.4837936923162252,0.6422470808765663
demo_1750_0001,1754,0.10731553945528169,0.697572530523097,0.19511193002162125,0.6201919893062378
demo_1750_0002,1745,0.39520640706442567,0.5242083655674808,0.08058522736809355,0.05980494203568684
demo_1750_0003,1753,0.6085964799432836,0.1514903015698828,0.2399132184868335,0.4812866612179917
demo_1750_0004,1745,0.3110317868469714,0.4127029889714864,0.2762652241815422,0.26649765852966956
demo_1750_0005,1756,0.2561494285118778,0.53518555887213,0.2086650126159923,0.475533128167984
demo_1750_0006,1754,0.24704405636225513,0.591803994156354,0.16115194948139092,0.49520839397715566
demo_1750_0007,1743,0.09513402986698156,0.5096423041847485,0.39522366594827,0.48762449795978885
demo_1750_0008,1752,0.19480506724269203,0.24848313903663136,0.5567117937206766,0.5782646402108957
demo_1750_0009,1757,0.503442208919598,0.2565729736715358,0.23998481740886618,0.4758828827018617
demo_1750_0010,1755,0.2501610289007798,0.44652656784899486,0.3033124032502254,0.5352512585584401
demo_1750_0011,1746,0.2599045517099623,0.46442989965287135,0.27566554863716636,0.25633629761614957
demo_1750_0012,1744,0.14155202679497547,0.7799150818828583,0.07853289132216618,0.5867038082780722
demo_1750_0013,1753,0.3874157004010995,0.40733285710740985,0.2052514424914907,0.23859167762807326
demo_1750_0014,1742,0.17883829245147873,0.5919274492081511,0.22923425834037015,0.24006675296642263
demo_1750_0015,1756,0.20812891985468232,0.5016209952223859,0.2902500849229319,0.22671826023707034
demo_1750_0016,1743,0.4177004328902147,0.382778308658334,0.19952125845145116,0.09984875250872535
demo_1750_0017,1756,0.3734490326746033,0.4772913446874471,0.14925962263794962,0.3170363177005716
demo_1750_0018,1742,0.05686622870997421,0.6224670425054708,0.32066672878455493,0.3592953874851011
demo_1750_0019,1751,0.06431030616306203,0.4427207559901865,0.4929689378467515,0.49904104476017774
demo_1750_0020,1748,0.04307049770798331,0.6000193636519736,0.35691013864004306,0.22962718860068837
demo_1750_0021,1759,0.38130101552338497,0.5366047378700102,0.08209424660660494,0.1615543205023899
demo_1750_0022,1741,0.44837170359336076,0.40269440062336403,0.1489338957832752,0.37042706220079086
demo_1750_0023,1742,0.4508381514528158,0.1426516042362014,0.40651024431098276,0.4230417630086784
demo_1750_0024,1746,0.12613378153996138,0.3600713735824936,0.513794844877545,0.3752146691018308
demo_1750_0025,1752,0.2985218684791377,0.448891693593858,0.25258643792700436,0.306639379766757
demo_1750_0026,1755,0.2141448205427509,0.49025495697942306,0.29560022247782614,0.41371963436829007
demo_1750_0027,1749,0.190706947148859,0.7053504960928295,0.10394255675831142,0.0366398960508853
demo_1750_0028,1746,0.6391077675704151,0.07988061709832432,0.2810116153312605,0.43057854199274603
demo_1750_0029,1741,0.4259545781974123,0.4553114162744704,0.11873400552811728,0.3521395034964645
demo_1750_0030,1751,0.3910888521241385,0.19349247262965272,0.4154186752462088,0.4309285411024997
demo_1750_0031,1747,0.585082583537397,0.21632033593943747,0.19859708052316552,0.27453126774553727
demo_1750_0032,1743,0.18837650044002627,0.6645971301483761,0.14702636941159763,0.21390393998818696
demo_1750_0033,1753,0.06790705100364082,0.34543977584003394,0.5866531731563251,0.5801872480555108
demo_1750_0034,1758,0.13157021227607105,0.2900377650973826,0.5783920226265463,0.36800486514894126
demo_1750_0035,1759,0.32752621226856676,0.22790555652829045,0.4445682312031427,0.5183206586131966
demo_1750_0036,1750,0.17323682842866242,0.6001422785783921,0.22662089299294552,0.3332216948240878
demo_1750_0037,1751,0.08648279663114501,0.33690248294165137,0.5766147204272035,0.3793185680008112
demo_1750_0038,1742,0.29723957619498037,0.4917441996348181,0.21101622417020152,0.2641590071249811
demo_1750_0039,1757,0.22161128443874456,0.4029047339075139,0.3754839816537416,0.021007145189334442
demo_1750_0040,1755,0.34860690601148514,0.41047701233425354,0.24091608165426126,0.37188205618272224
demo_1750_0041,1757,0.38690011522094936,0.16585084996479615,0.4472490348142545,0.6331109981762659
demo_1750_0042,1755,0.6155245046778741,0.06386666048222187,0.32060883483990393,0.3964570826111624
demo_1750_0043,1757,0.5525431730484343,0.34649754515788017,0.10095928179368577,0.14323980329641073
demo_1750_0044,1754,0.6169636258174076,0.2660144849962599,0.11702188918633254,0.15714691309351236
demo_1750_0045,1759,0.07249775148258676,0.6583268902587539,0.2691753582586593,0.6380995784143939
demo_1750_0046,1756,0.1434104089690811,0.4496256778193138,0.4069639132116051,0.35579767756171476
demo_1750_0047,1747,0.3536340207722525,0.3934316681341066,0.2529343110936409,0.424481918113154
demo_1750_0048,1746,0.38662393161605746,0.10752690066851305,0.5058491677154294,0.5620817369708777
demo_1750_0049,1753,0.2832613773192565,0.5749725925881368,0.14176603009260672,0.37554708881952925
demo_1750_0050,1746,0.14686769133464406,0.7405267983855793,0.11260551027977649,0.024228495600449707
demo_1750_0051,1741,0.2669140592689565,0.5580627285714556,0.17502321215958797,0.4018280236931301
demo_1750_0052,1757,0.11304468951827021,0.5358541445954536,0.35110116588627616,0.4085340417035008
demo_1750_0053,1755,0.48207293117961675,0.4755292536286321,0.042397815191751155,0.25574234386924255
demo_1750_0054,1755,0.014503359554913864,0.6239656721913577,0.36153096825372855,0.49758672513345115
demo_1750_0055,1746,0.14135302804321284,0.6762744726130663,0.18237249934372088,0.3658363611074013
demo_1750_0056,1748,0.3895184283946813,0.4745331680978198,0.1359484035074989,0.14308302589884472
demo_1750_0057,1754,0.3395188904918282,0.6077371843656373,0.052743925142534606,0.01913422354496408
demo_1750_0058,1757,0.29040957674059104,0.6423530690499837,0.06723735420942518,0.26911071483690985
demo_1750_0059,1745,0.19167359414785332,0.26717997043726127,0.5411464354148853,0.541643683577649
demo_1750_0060,1759,0.21129757614737835,0.38705911061587245,0.40164331323674923,0.2995694013459363
demo_1750_0061,1757,0.07775562296587954,0.5323059797679778,0.3899383972661426,0.732632192159947
demo_1750_0062,1754,0.3178374818221963,0.5342022532649336,0.14796026491287012,0.4699826107325379
demo_1750_0063,1758,0.2028905119805652,0.3088856790925952,0.4882238089268397,0.513960973919526
demo_1750_0064,1746,0.07600428716784609,0.5945058220187719,0.32948989081338204,0.5818671369686192
demo_1750_0065,1755,0.6754122212115633,0.2112751599177313,0.11331261887070543,0.09109065817522438
demo_1750_0066,1745,0.5919251337669311,0.18625626081471322,0.22181860541835569,0.28208892254956464
demo_1750_0067,1750,0.277361541267391,0.37984846342628364,0.34278999530632526,0.4709034427899586
demo_1750_0068,1743,0.3500506169421826,0.38438639946708236,0.26556298359073494,0.11174302006880915
demo_1750_0069,1758,0.20655800204953378,0.6195530898942619,0.17388890805620447,0.12402696770166316
demo_1750_0070,1745,0.08785196461778522,0.5537415834676382,0.35840645191457643,0.32739348826150194
demo_1750_0071,1754,0.29352643683972446,0.25343166867134215,0.45304189448893334,0.5963715401435228
demo_1750_0072,1752,0.1382661905331573,0.631071494556392,0.23066231491045075,0.25680697753052534
demo_1750_0073,1743,0.38041729237390287,0.5003289564550977,0.11925375117099934,0.23101656726474074
demo_1750_0074,1744,0.837305537731502,0.0906563463886975,0.07203811587980052,0.0
demo_1750_0075,1749,0.22855600588903655,0.5848270364336224,0.18661695767734093,0.4712534530988173
demo_1750_0076,1758,0.3317256008532915,0.5012848099417787,0.16698958920492987,0.287575902380287
demo_1750_0077,1755,0.2303319236615036,0.4913524890076526,0.2783155873308439,0.3175749354213608
demo_1750_0078,1758,0.01361268693361192,0.37692741521307743,0.6094598978533107,0.3941172116110205
demo_1750_0079,1750,0.2540368851843896,0.6339168163914152,0.11204629842419528,0.21379663452580117
demo_1750_0080,1758,0.17421328173375078,0.537263844884966,0.28852287338128313,0.010248533272137705
demo_1750_0081,1748,0.3076120265633488,0.5244316636746821,0.16795630976196926,0.5709150056042648
demo_1750_0082,1753,0.3904170124737522,0.26596216146525575,0.3436208260609921,0.46184303751042083
demo_1750_0083,1747,0.4346224530562925,0.430749884625486,0.13462766231822149,0.6546421391853967
demo_1750_0084,1745,0.5478204410885202,0.19376817555654785,0.258411383354932,0.24750467359136086
demo_1750_0085,1758,0.26876844040463316,0.32040777772046186,0.4108237818749049,0.5349944810185572
demo_1750_0086,1753,0.18214072898456365,0.5152692642370088,0.30259000677842746,0.2968574283145508
demo_1750_0087,1746,0.5950350324224212,0.32433303462352586,0.08063193295405313,0.3333010793393588
demo_1750_0088,1755,0.10544680116663281,0.6211323014011548,0.27342089743221243,0.4506419617864869
demo_1750_0089,1750,0.3365215054872003,0.27625470172232636,0.3872237927904735,0.6492200186143021
demo_1750_0090,1754,0.22669825021947082,0.3151968871915261,0.45810486258900307,0.2875547243404187
demo_1750_0091,1756,0.2599469491660584,0.595704337910919,0.1443487129230225,0.2575321288329081
demo_1750_0092,1752,0.574275698397952,0.21443376730776784,0.21129053429428024,0.04969363350685918
demo_1750_0093,1746,0.10198846122989481,0.6747623879474564,0.22324915082264873,0.4427911497313698
demo_1750_0094,1756,0.41102128150549516,0.5475318362463439,0.04144688224816086,0.0
demo_1750_0095,1742,0.35259352406494926,0.416758387348764,0.23064808858628677,0.5051620642401453
demo_1750_0096,1741,0.09865483537920945,0.625915820009446,0.27542934461134444,0.4007622086527126
demo_1750_0097,1751,0.06334899794690561,0.5791015654223206,0.3575494366307738,0.4411841604263689
demo_1750_0098,1754,0.15908023943532215,0.39712173410671153,0.44379802645796645,0.3935872777033
demo_1750_0099,1759,0.31096492706657536,0.30431266336567386,0.3847224095677508,0.5549139304594272
demo_1750_0100,1752,0.2969447495367465,0.2201418011720442,0.48291344929120933,0.6150262504895065
demo_1750_0101,1748,0.027099391894573156,0.738783954629015,0.2341166534764118,0.2373978544980196
demo_1750_0102,1757,0.21832403304696296,0.38625448507483523,0.39542148187820186,0.3798953742402034
demo_1750_0103,1752,0.11746478639970208,0.6879081813554415,0.19462703224485645,0.35742658602157684
demo_1750_0104,1758,0.3423048463621067,0.24931621364632225,0.4083789399915711,0.5188727078993696
demo_1750_0105,1757,0.38290745441192225,0.1771031857124145,0.43998935987566307,0.0
demo_1750_0106,1747,0.1891244510555475,0.6874693511703783,0.12340619777407416,0.05565644886989929
demo_1750_0107,1749,0.06380650158773682,0.549460777635132,0.38673272077713117,0.3840954729837536
demo_1750_0108,1745,0.4465174716758682,0.19563942958475425,0.35784309873937753,0.1809674276261071
demo_1750_0109,1752,0.35044881029776853,0.6151787197024816,0.03437246999974992,0.05319943813480735
demo_1750_0110,1753,0.23489493823177074,0.5841420431317572,0.18096301863647213,0.20127965327019273
demo_1750_0111,1756,0.053680461295756,0.40254581457023886,0.543773724134005,0.5161119445999625
demo_1750_0112,1741,0.3545879226471192,0.5907479073918774,0.05466416996100337,0.35022174737672673
demo_1750_0113,1750,0.23001230730489902,0.6666396471074945,0.10334804558760653,0.38803896001939353
demo_1750_0114,1741,0.21330531091673247,0.4097709216655323,0.3769237674177353,0.5775377132766762
demo_1750_0115,1746,0.2631150123368196,0.28642434635426106,0.45046064130891933,0.4494356477007195
demo_1750_0116,1747,0.2125585122627643,0.5613475479215292,0.2260939398157064,0.2008976305259284
demo_1750_0117,1757,0.23609789933469044,0.6006525648269648,0.16324953583834484,0.2494955517079511
demo_1750_0118,1749,0.2788661392967057,0.2766919364369752,0.4444419242663192,0.8828021981502956
demo_1750_0119,1757,0.11570360173769081,0.7141500419152331,0.17014635634707595,0.2508743250440207
demo_1750_0120,1759,0.057973668916372664,0.49912830516089096,0.4428980259227364,0.5505452726519575
demo_1750_0121,1759,0.6380590476474953,0.32455531307372026,0.037385639278784494,0.2226746038020131
demo_1750_0122,1749,0.27016564645117913,0.510236167983808,0.21959818556501284,0.4405953764076814
demo_1750_0123,1746,0.3356287871626405,0.37326332992412675,0.29110788291323264,0.23155032046519894
demo_1750_0124,1747,0.47061776103734027,0.16159635854593984,0.3677858804167197,0.5231527906225409
demo_1750_0125,1743,0.26967004439981923,0.17494908846780913,0.5553808671323716,0.426480246476814
demo_1750_0126,1748,0.3521829157557482,0.36016589489350204,0.28765118935074974,0.41771275887360876
demo_1750_0127,1745,0.28984066909805206,0.3722807719935563,0.33787855890839175,0.7274006172598682
demo_1750_0128,1753,0.16755123381036455,0.7255133706843299,0.10693539550530548,0.3743418918665305
demo_1750_0129,1745,0.2988493866046224,0.23062624424068162,0.47052436915469603,0.4797398585739128
demo_1750_0130,1758,0.14690112664520824,0.5924034864655605,0.26069538688923116,0.15344475732819693
demo_1750_0131,1741,0.5064797695092943,0.4026156191467737,0.09090461134393209,0.5577931101798395
demo_1750_0132,1752,0.34709364830524736,0.44330501991402965,0.20960133178072315,0.33533874828859883
demo_1750_0133,1746,0.4192136772307502,0.47404427345755573,0.10674204931169401,0.0037429028337502834
demo_1750_0134,1756,0.10307955163296799,0.4873897646798994,0.40953068368713264,0.1974941255308969
demo_1750_0135,1751,0.2919135143480786,0.29498976758779755,0.4130967180641238,0.6011631781127391
demo_1750_0136,1750,0.6542191839574065,0.22133060080754732,0.12445021523504605,0.0
demo_1750_0137,1742,0.3194504458597261,0.32436870999563244,0.3561808441446416,0.3761899908112815
demo_1750_0138,1752,0.5138953293759159,0.21239166121261896,0.27371300941146526,0.3447783529199475
demo_1750_0139,1748,0.07169549909786783,0.5508760062894362,0.3774284946126959,0.30138052428342843
demo_1750_0140,1747,0.17881340586742922,0.3088460966432748,0.512340497489296,0.329316780323291
demo_1750_0141,1747,0.2396243937085021,0.26823289362487235,0.4921427126666255,0.5424483060655182
demo_1750_0142,1741,0.17564522153867176,0.433868238198185,0.3904865402631431,0.6079837497686926
demo_1750_0143,1749,0.2372931243089155,0.5532079546438063,0.20949892104727813,0.2525415554013543
demo_1750_0144,1748,0.12038476875801864,0.5604907516683286,0.3191244795736528,0.4637061502193543
demo_1750_0145,1752,0.3593594918741311,0.396551582876547,0.24408892524932194,0.3447260190345273
demo_1750_0146,1748,0.24966202886941546,0.3285309586639998,0.42180701246658464,0.2665125391446993
demo_1750_0147,1754,0.21039427963234666,0.535138013459391,0.2544677069082623,0.37543938906207014
demo_1750_0148,1747,0.13675004646648056,0.2861961743620437,0.5770537791714757,0.35891971570193837
demo_1750_0149,1751,0.23562962764288328,0.21803600607450974,0.5463343662826069,0.3894146035280422
demo_1750_0150,1754,0.20737266379541947,0.6430059245952667,0.14962141160931383,0.4246772438467425
demo_1750_0151,1748,0.5306669300468959,0.19503895609252617,0.2742941138605779,0.6147072268753817
demo_1750_0152,1752,0.21034587396556864,0.3673123592187044,0.422341766815727,0.48196640749273184
demo_1750_0153,1750,0.25029158722679284,0.32751571165427695,0.4221927011189303,0.2705705765331002
demo_1750_0154,1745,0.29165170020341685,0.22925515423924536,0.47909314555733773,0.9020247903727052
demo_1750_0155,1752,0.3138592075039192,0.3139602027861366,0.3721805897099442,0.4623165848726743
demo_1750_0156,1745,0.17665933527691116,0.23924524924782295,0.5840954154752658,0.6818739615982147
demo_1750_0157,1750,0.14960248401712475,0.8231203970853683,0.027277118897506926,0.1214873453607075
demo_1750_0158,1743,0.18277218637594628,0.4149702267353651,0.4022575868886885,0.5155535898982326
demo_1750_0159,1745,0.07514473319981123,0.4352154062145216,0.4896398605856672,0.6479386878987694
demo_1750_0160,1747,0.3025997750739824,0.4393445037492986,0.258055721176719,0.40339478081960234
demo_1750_0161,1751,0.2812220177732053,0.5230664370986225,0.19571154512817238,0.46913903263122375
demo_1750_0162,1747,0.18931935337951286,0.3053664046363308,0.5053142419841563,0.276452555732848
demo_1750_0163,1752,0.12136546941865689,0.6578740906665759,0.2207604399147673,0.37666114646972765
demo_1750_0164,1744,0.1539765172083569,0.31402711223109214,0.5319963705605509,0.395773282387604
demo_1750_0165,1753,0.16328369862253683,0.7257421440946445,0.11097415728281866,0.14743375008831222
demo_1750_0166,1754,0.21854367777771042,0.34138541127574634,0.4400709109465433,0.6721203624919996
demo_1750_0167,1749,0.22286332968529893,0.4166500617740882,0.3604866085406129,0.23081041636772595
demo_1750_0168,1743,0.07425606679000683,0.5390743548209931,0.38666957838899996,0.35739470359598036
demo_1750_0169,1759,0.5259971644594877,0.28733406873074757,0.18666876680976455,0.416491020070506
demo_1750_0170,1744,0.19755761582651404,0.22435266626071748,0.5780897179127684,0.705263466805778
demo_1750_0171,1755,0.49976160028601446,0.3104769195596265,0.18976148015435906,0.405648948097927
demo_1750_0172,1741,0.011936382528566493,0.690418654922932,0.2976449625485016,0.3341692608238893
demo_1750_0173,1755,0.5357696330854055,0.21749459960866135,0.24673576730593322,0.34490978668318717
demo_1750_0174,1744,0.08819824584089445,0.3485299206960176,0.5632718334630878,0.6272081906717267
demo_1750_0175,1755,0.3188936678714677,0.6390577795002714,0.04204855262826073,0.31628651480947195
demo_1750_0176,1748,0.5477614881747604,0.33806870512340753,0.114169806701832,0.0
demo_1750_0177,1748,0.3194590513941418,0.31802174610240785,0.36251920250345043,0.32744119235951274
demo_1750_0178,1752,0.22586548535341233,0.2828147118626327,0.491319802783955,0.5295686672699741
demo_1750_0179,1754,0.2566339924509058,0.5881421817308258,0.1552238258182686,0.2720165747618222
demo_1750_0180,1745,0.3745243938516537,0.1494335858806544,0.47604202026769193,0.5282868181182117
demo_1750_0181,1757,0.3979457496235517,0.30369412467886764,0.2983601256975806,0.3033750712476801
demo_1750_0182,1749,0.1874838900720534,0.455282986325196,0.3572331236027505,0.41388285567645133
demo_1750_0183,1753,0.13106381312579854,0.3590453800481549,0.5098908068260467,0.7150099762715689
demo_1750_0184,1759,0.27028723571870805,0.2920946934413513,0.43761807083994053,0.46815605897981
demo_1750_0185,1753,0.3075841064046951,0.4982894348952917,0.19412645870001322,0.03296006350840486
demo_1750_0186,1759,0.1757762237327176,0.6777037672643944,0.14652000900288803,0.054776669207080686
demo_1750_0187,1752,0.0689025234341617,0.48552291169839984,0.4455745648674386,0.19332877468436238
demo_1750_0188,1754,0.13526531376058654,0.5908012345058373,0.273933451733576,0.5308691985077292
demo_1750_0189,1743,0.25673068953717365,0.5825915334180538,0.16067777704477243,0.3293749570068087
demo_1750_0190,1742,0.17566959430607387,0.32072094816142527,0.503609457532501,0.658487043457195
demo_1750_0191,1743,0.2540997813710285,0.6039303432979222,0.14196987533104938,0.23863594648264758
demo_1750_0192,1741,0.40317496303429773,0.3312115202873894,0.2656135166783128,0.1813251045785535
demo_1750_0193,1741,0.5070135948577722,0.33541195423399756,0.15757445090823016,0.5275933719757112
demo_1750_0194,1753,0.1870041564308018,0.6628783939647219,0.15011744960447646,0.2672046742661987
demo_1750_0195,1750,0.14546663019300568,0.3598841163644244,0.49464925344257005,0.21253829701099197
demo_1750_0196,1756,0.18370230403785814,0.16328097355528975,0.6530167224068522,0.6665358538712927
demo_1750_0197,1755,0.2704519733392977,0.47026347298494897,0.25928455367575326,0.3844417038852576
demo_1750_0198,1754,0.24819396529023263,0.33366701219502143,0.4181390225147458,0.4414453575335317
demo_1750_0199,1750,0.4732390903334538,0.473072184474493,0.053688725192053255,0.016414869610751448
demo_1750_0200,1751,0.12393709312167324,0.578394418327214,0.2976684885511127,0.4322405528073995
demo_1750_0201,1757,0.433464713106983,0.23689963374936018,0.3296356531436568,0.5694814827113799
demo_1750_0202,1744,0.13437686902818338,0.3198074901259803,0.5458156408458363,0.3026624580339774
demo_1750_0203,1749,0.2829665090156666,0.5197747922431414,0.19725869874119195,0.11060484883557448
demo_1750_0204,1748,0.2681733741042899,0.42031940779925225,0.3115072180964578,0.13564877123294863
demo_1750_0205,1751,0.0679393344339488,0.644855641031604,0.28720502453444724,0.35201999495648695
demo_1750_0206,1752,0.7176202336359495,0.23400688317209872,0.0483728831919519,0.3973502770491011
demo_1750_0207,1759,0.17650566577555113,0.5439242485055016,0.27957008571894715,0.4989690690777122
demo_1750_0208,1751,0.37457800809392555,0.5391277756085942,0.08629421629748024,0.1172141600615173
demo_1750_0209,1750,0.30943077953568154,0.4593300496521336,0.2312391708121847,0.0
demo_1750_0210,1754,0.4166403588712844,0.24576298163109975,0.3375966594976159,0.1686702501428592
demo_1750_0211,1749,0.10266757981271918,0.6324775362403976,0.2648548839468832,0.16828917240155428
demo_1750_0212,1744,0.1153253239452817,0.4169329580873229,0.4677417179673954,0.29874257094195955
demo_1750_0213,1744,0.08874922298072815,0.451443570285718,0.4598072067335539,0.3549452424961868
demo_1750_0214,1744,0.5184155885321969,0.3072559303918553,0.17432848107594784,0.244730355363057
demo_1750_0215,1750,0.19005876948051703,0.27114639072128843,0.5387948397981945,0.4171472574328607
demo_1750_0216,1741,0.2332227481068365,0.17226232073213069,0.5945149311610328,0.5356651227225092
demo_1750_0217,1745,0.32311115641805677,0.5690193748056604,0.1078694687762828,0.2062807227732892
demo_1750_0218,1756,0.3673480981468213,0.32721528465308136,0.30543661720009735,0.39774770416797683
demo_1750_0219,1751,0.20850338400087887,0.40324052911808694,0.38825608688103436,0.37552922648547676
demo_1750_0220,1759,0.32099412383600817,0.3671696580765356,0.3118362180874561,0.6455622707128781
demo_1750_0221,1751,0.392638892199589,0.2856995450227586,0.3216615627776525,0.36727245379947776
demo_1750_0222,1745,0.2767828139182922,0.42009473844232564,0.3031224476393821,0.4437344341206563
demo_1750_0223,1758,0.17219564753676136,0.7565581045815198,0.07124624788171885,0.6203946127544846
demo_1750_0224,1754,0.505010203674093,0.16557684555880436,0.3294129507671027,0.3482844925379958
demo_1750_0225,1755,0.3206322527826794,0.3538635711360833,0.3255041760812372,0.5076901414960168
demo_1750_0226,1744,0.33977029019644955,0.28329370779298135,0.3769360020105691,0.14592629250848654
demo_1750_0227,1749,0.08535869397704246,0.2750342545820878,0.6396070514408697,0.8514903093020122
demo_1750_0228,1755,0.26899103795303886,0.3675581982012308,0.36345076384573033,0.1914497222627892
demo_1750_0229,1755,0.057450088986910626,0.5610231680366918,0.38152674297639755,0.25380193265570344
demo_1750_0230,1746,0.33513667489200755,0.5789396447449707,0.0859236803630216,0.3798962718300829
demo_1750_0231,1752,0.33633626881432205,0.570507475261791,0.09315625592388674,0.0
demo_1750_0232,1759,0.1396062663702905,0.6152008164668901,0.2451929171628193,0.35943489033569703
demo_1750_0233,1743,0.39496050215327994,0.5300189773598944,0.07502052048682563,0.358428377587924
demo_1750_0234,1747,0.11122517209627107,0.3135794499313313,0.5751953779723976,0.5736267471642355
demo_1750_0235,1745,0.2885700488182293,0.48087285595410967,0.23055709522766113,0.31484991882971847
demo_1750_0236,1748,0.17597624449563093,0.16163044805309243,0.6623933074512767,0.41182844146898656
demo_1750_0237,1748,0.2919934453111886,0.5128440689808066,0.19516248570800493,0.06807012898559006
demo_1750_0238,1751,0.23262290547211611,0.524880644806146,0.2424964497217378,0.20253002153209468
demo_1750_0239,1754,0.0837711277569701,0.537319650111512,0.37890922213151784,0.24759047962492056
demo_1750_0240,1743,0.1169796360855413,0.5134937235940575,0.3695266403204012,0.32054978645325055
demo_1750_0241,1750,0.47001288094944665,0.472509400440224,0.05747771861032943,0.19969857782039194
demo_1750_0242,1754,0.2674535170763571,0.5978868446043006,0.13465963831934222,0.25312185406627014
demo_1750_0243,1749,0.1527275726564867,0.23132282339000773,0.6159496039535055,0.5016831640140307
demo_1750_0244,1755,0.22072023884409733,0.17297043903180193,0.6063093221241007,0.7811229363724966
demo_1750_0245,1745,0.3781231022285868,0.35788149437899275,0.2639954033924205,0.41031209126773244
demo_1750_0246,1744,0.15032106629191305,0.5930435929094008,0.2566353407986862,0.5454447014197559
demo_1750_0247,1743,0.1633610127222223,0.30492536926285135,0.5317136180149263,0.5476724540063957
demo_1750_0248,1754,0.14491667780915427,0.37110988956380403,0.4839734326270419,0.6353907950744463
demo_1750_0249,1741,0.30992885613005094,0.2178346567044022,0.4722364871655469,0.6625414775338694
demo_1750_0250,1742,0.3997577444779012,0.3588060614961974,0.2414361940259014,0.5462872465548397
demo_1750_0251,1741,0.12829809086893348,0.6980830100485372,0.1736188990825291,0.42283233963135525
demo_1750_0252,1742,0.42654461764766005,0.4847479041424962,0.08870747820984383,0.4190129064571603
demo_1750_0253,1741,0.2026115770380967,0.692089441496908,0.10529898146499518,0.29168006583072253
demo_1750_0254,1742,0.3570437313319996,0.4444858875925602,0.19847038107544038,0.32687448965887267
demo_1750_0255,1752,0.19697824117156967,0.5258350393980215,0.2771867194304088,0.2803632964035795
demo_1750_0256,1744,0.5309576702204378,0.44457377567680795,0.0244685541027542,0.06723120476067704
demo_1750_0257,1753,0.4860646121200149,0.1066461942813563,0.4072891935986288,0.29657648004495374
demo_1750_0258,1754,0.3709017834631557,0.37590369909080507,0.2531945174460394,0.4171763085546679
demo_1750_0259,1757,0.1434837483549401,0.5836042317537591,0.2729120198913007,0.23124132468751946
demo_1750_0260,1754,0.22180052947582735,0.4838028314682729,0.2943966390558998,0.4496429685799191
demo_1750_0261,1741,0.5401268516084422,0.38790851191624,0.0719646364753179,0.26676059149214604
demo_1750_0262,1752,0.2913090948258557,0.333473133477503,0.37521777169664133,0.5736404702234245
demo_1750_0263,1746,0.30782359447479163,0.5005951756158314,0.191581229909377,0.500769162913834
demo_1750_0264,1742,0.4827195290865703,0.33034801367725247,0.18693245723617716,0.38840972646297445
demo_1750_0265,1745,0.0859117360750587,0.6530909292179625,0.2609973347069787,0.23322418133273765
demo_1750_0266,1749,0.16506478188079865,0.32664700079586684,0.5082882173233344,0.6102597977373873
demo_1750_0267,1751,0.1503868434061974,0.5331227782420052,0.3164903783517974,0.47597096994650295
demo_1750_0268,1759,0.6017918316266468,0.19109978927592375,0.2071083790974293,0.2539906105003588
demo_1750_0269,1756,0.3804955389242669,0.1727120016075806,0.44679245946815244,0.13294296668241623
demo_1750_0270,1758,0.2849355556943855,0.4324385162761453,0.2826259280294692,0.442299869912655
demo_1750_0271,1759,0.3219661039571902,0.4326893549950664,0.24534454104774345,0.46045689052499184
demo_1750_0272,1749,0.648744492658476,0.15035518001007925,0.20090032733144475,0.2856680953945852
demo_1750_0273,1743,0.167776247808265,0.29710360936183156,0.5351201428299035,0.5045751284982279
demo_1750_0274,1741,0.39721100980555685,0.28768534822596414,0.315103641968479,0.3432974669753431
demo_1750_0275,1747,0.5172567958320843,0.09756495446031822,0.38517824970759756,0.5475775296179722
demo_1750_0276,1745,0.3984404798715659,0.234561714891044,0.3669978052373902,0.3195756566617002
demo_1750_0277,1756,0.14432271610412345,0.7539556397771627,0.10172164411871396,0.41924413305906877
demo_1750_0278,1745,0.10900167127022846,0.5389766103908009,0.3520217183389707,0.4822101088826488
demo_1750_0279,1754,0.04600740074356562,0.6655678692441171,0.28842473001231717,0.36716860246288024
demo_1750_0280,1748,0.014410654563367702,0.662581622591025,0.32300772284560725,0.36210328977818074
demo_1750_0281,1742,0.17847614748158488,0.5976924492862831,0.223831403232132,0.0
demo_1750_0282,1751,0.02946768359605693,0.8552997051835929,0.11523261122035036,0.22350791203679204
demo_1750_0283,1753,0.10181006694583675,0.43639608915673933,0.46179384389742406,0.4072264651034554
demo_1750_0284,1743,0.04138817897470102,0.6031650249281253,0.35544679609717356,0.5463742615271657
demo_1750_0285,1747,0.34091335270364553,0.2916209482513687,0.3674656990449858,0.3117188359605655
demo_1750_0286,1753,0.2064403905288047,0.638586025912593,0.15497358355860236,0.48048790066256275
demo_1750_0287,1755,0.17284053480589293,0.5841278657591087,0.24303159943499825,0.18157526449832143
demo_1750_0288,1752,0.45994537178023426,0.3725917061423092,0.16746292207745647,0.1433120715234183
demo_1750_0289,1742,0.3758564352419137,0.30391729508716464,0.32022626967092166,0.5264312074447458
demo_1750_0290,1742,0.3401658970499466,0.5302628975215944,0.129571205428459,0.3171457362865015
demo_1750_0291,1759,0.45082558767289943,0.32944365022531086,0.21973076210178977,0.08182681430610111
demo_1750_0292,1744,0.35768227805895936,0.10375577730468266,0.5385619446363581,0.29310264372500183
demo_1750_0293,1742,0.12296629489627789,0.620945700622158,0.256088004481564,0.4090279472042684
demo_1750_0294,1743,0.052968050670676003,0.15050634158929754,0.7965256077400266,0.5598598215686289
demo_1750_0295,1742,0.43811207668557395,0.21312182702137275,0.34876609629305333,0.4141067572111913
demo_1750_0296,1747,0.3572228349920219,0.45026341522716334,0.19251374978081484,0.3269005577502019
demo_1750_0297,1755,0.10736393741803577,0.7439389349976627,0.1486971275843014,0.23853462181549198
demo_1750_0298,1744,0.049994273882994524,0.4602760165662597,0.48972970955074574,0.5608530231574546
demo_1750_0299,1742,0.24937774683692385,0.5361652871746414,0.21445696598843458,0.26562646971756493
demo_1750_0300,1743,0.18122455788131692,0.4274505848301286,0.3913248572885545,0.4580125912187448
demo_1750_0301,1754,0.3807377719533308,0.4842338026683621,0.13502842537830712,0.12473258022419106
demo_1750_0302,1743,0.29614532608124905,0.5040436397850776,0.19981103413367352,0.3470162326944507
demo_1750_0303,1754,0.3205770602339077,0.6542635988352713,0.02515934093082092,0.37164701304168046
demo_1750_0304,1756,0.28936320985744873,0.380637210793091,0.3299995793494603,0.47249672977328766
demo_1750_0305,1743,0.3883678755165454,0.34979806825510285,0.26183405622835176,0.33878114420141897
demo_1750_0306,1757,0.4548282550750913,0.44439887337394174,0.10077287155096713,0.2680802133543674
demo_1750_0307,1749,0.3578217344547916,0.5367618785028165,0.10541638704239198,0.03308012317938311
demo_1750_0308,1743,0.1509959911266235,0.6280220923433046,0.22098191653007196,0.33608758855618565
demo_1750_0309,1745,0.20175949765407672,0.32713315457825604,0.47110734776766733,0.39917729127979645
demo_1750_0310,1759,0.3795397960013421,0.4505263417469432,0.16993386225171467,0.19118487208829923
demo_1750_0311,1750,0.2605315764045198,0.47070015562382755,0.2687682679716526,0.6028828913937253
demo_1750_0312,1748,0.31952452718462365,0.34129129190489205,0.33918418091048436,0.392452854486904
demo_1750_0313,1750,0.19675548922447036,0.25757042986851936,0.5456740809070103,0.517992339273479
demo_1750_0314,1753,0.3018147277126798,0.49243895622400047,0.2057463160633197,0.3396340635766685
demo_1750_0315,1759,0.3329140764031092,0.38862820674849774,0.2784577168483931,0.5642154076078397
demo_1750_0316,1756,0.2395591953298882,0.36539583604634834,0.39504496862376354,0.4005068597737592
demo_1750_0317,1742,0.41435273173735643,0.2865409766294272,0.2991062916332165,0.4298188622969271
demo_1750_0318,1757,0.07883890100033401,0.9002388118909995,0.020922287108666452,0.2071743209390838
demo_1750_0319,1750,0.11130667891470113,0.31461242563578506,0.5740808954495138,0.6178658166771249
demo_1750_0320,1741,0.11223239782324643,0.8294475134466124,0.05832008873014106,0.077147432053948
demo_1750_0321,1759,0.05927940285259699,0.5585700447965368,0.3821505523508662,0.19210721227367378
demo_1750_0322,1742,0.25527504958998226,0.5189038295895214,0.22582112082049638,0.24860477452837598
demo_1750_0323,1759,0.5352562388300284,0.23674018847420825,0.22800357269576346,0.30744677993562924
demo_1750_0324,1756,0.42995196873092933,0.5480347013483349,0.022013329920735826,0.12253634179607108
demo_1750_0325,1744,0.25549602023424517,0.44423869191844567,0.30026528784730916,0.6657325323998067
demo_1750_0326,1757,0.5607897951628265,0.2049977721116402,0.23421243272553333,0.3993081507601367
demo_1750_0327,1756,0.2045513199747612,0.6436654173789761,0.15178326264626274,0.39229542426579944
demo_1750_0328,1753,0.2586371788694109,0.6030513683334199,0.13831145279716936,0.23838107024342914
demo_1750_0329,1758,0.10016756246663103,0.6396037749686787,0.2602286625646903,0.24536641273066417
demo_1750_0330,1749,0.030597869053822634,0.4952220540153811,0.47418007693079633,0.4749387607335757
demo_1750_0331,1741,0.26845083889100524,0.1842235267614125,0.5473256343475823,0.5149859210844284
demo_1750_0332,1749,0.10958530412102419,0.3321938352618588,0.558220860617117,0.5830136420863739
demo_1750_0333,1747,0.3857647501786106,0.26724780415340155,0.34698744566798784,0.44169234573760296
demo_1750_0334,1757,0.30039154835390647,0.4035836754310582,0.2960247762150354,0.6283871379827934
demo_1750_0335,1749,0.42201728334234057,0.38472658277492044,0.19325613388273888,0.29406837410043896
demo_1750_0336,1756,0.05669534571617949,0.34158927767632274,0.6017153766074977,0.29668119887660316
demo_1750_0337,1747,0.6336828022569417,0.30666175543152335,0.059655442311534884,0.2364482937536926
demo_1750_0338,1757,0.10846950073134919,0.6788765532526858,0.21265394601596502,0.0
demo_1750_0339,1754,0.2953930184617198,0.5530052375494274,0.1516017439888528,0.0
demo_1750_0340,1752,0.3088574969375043,0.2380677932054106,0.4530747098570851,0.5453601729084168
demo_1750_0341,1753,0.05146276979668067,0.5984812423005377,0.35005598790278175,0.40873020004306276
demo_1750_0342,1748,0.337884409054745,0.31986923802978806,0.342246352915467,0.4819957758941823
demo_1750_0343,1753,0.2063343715901331,0.3401741433978578,0.45349148501200914,0.52852915480945
demo_1750_0344,1753,0.4445771891473671,0.4358239839566715,0.11959882689596137,0.3544339656020273
demo_1750_0345,1755,0.23976312333515643,0.616035367609689,0.14420150905515464,0.8944487404841266
demo_1750_0346,1743,0.12682232004453273,0.49866385277102093,0.3745138271844463,0.31132583030961575
demo_1750_0347,1742,0.21309042750421126,0.5262047398024359,0.26070483269335276,0.465485059043398
demo_1750_0348,1758,0.38459098842397593,0.2794487049093075,0.33596030666671656,0.3438963574385507
demo_1750_0349,1748,0.1093453008483435,0.7878293869261547,0.10282531222550188,0.15666987040173747
demo_1750_0350,1755,0.18259818849848466,0.6192174694210005,0.19818434208051494,0.6618283434469567
demo_1750_0351,1743,0.32703481635519793,0.47430398753662983,0.19866119610817223,0.5397259647014233
demo_1750_0352,1744,0.13477797516460993,0.3269703441584732,0.5382516806769169,0.34593850704289075
demo_1750_0353,1751,0.14556267811564522,0.5538769964684221,0.3005603254159325,0.28324984013225035
demo_1750_0354,1744,0.256264423630447,0.34446004213182463,0.39927553423772844,0.31489251174111244
demo_1750_0355,1748,0.2690845767662499,0.5876301028236448,0.14328532041010528,0.2990323473243849
demo_1750_0356,1747,0.19804249333943572,0.11300175637806209,0.6889557502825022,0.6409819400314882
demo_1750_0357,1751,0.3060319943416685,0.3876042307160787,0.3063637749422529,0.4932847335384792
demo_1750_0358,1745,0.4258267184054266,0.20246768785689345,0.37170559373768003,0.32981415818416343
demo_1750_0359,1759,0.2532286234854086,0.4499047655562624,0.29686661095832895,0.4580315986237171
demo_1750_0360,1741,0.24141337556222767,0.5078247630278093,0.2507618614099631,0.3810133886131525
demo_1750_0361,1743,0.0646381038124175,0.48790181739616667,0.4474600787914159,0.5282866525150689
demo_1750_0362,1746,0.3175627532943888,0.4070549197626451,0.27538232694296605,0.2857758569982689
demo_1750_0363,1742,0.16023745485174695,0.6068010449440848,0.23296150020416836,0.4518161310730807
demo_1750_0364,1748,0.3710274995296588,0.25004986477344376,0.3789226356968973,0.34807049520410455
demo_1750_0365,1742,0.18525756898369733,0.35277469474769113,0.46196773626861154,0.518491224742598
demo_1750_0366,1751,0.17024492656834694,0.5652562407050766,0.2644988327265764,0.4376236048731777
demo_1750_0367,1754,0.252395162740302,0.6879439467763704,0.05966089048332758,0.13352676345211828
demo_1750_0368,1743,0.2562677066145389,0.3855204760270116,0.35821181735844965,0.7393228201558197
demo_1750_0369,1759,0.24037077135434803,0.5152737538487644,0.24435547479688752,0.33911648189298266
demo_1750_0370,1756,0.394762544562401,0.401235444203378,0.20400201123422096,0.26209737026689234
demo_1750_0371,1742,0.3309759486411093,0.30462041082306945,0.36440364053582114,0.446832098175127
demo_1750_0372,1754,0.3629258509869141,0.4068570876781824,0.23021706133490336,0.3512247394399234
demo_1750_0373,1755,0.3209335065437838,0.4666779877189516,0.21238850573726475,0.39628940281384795
demo_1750_0374,1747,0.28966455052623596,0.5549385428500087,0.15539690662375533,0.5010903055984656
demo_1750_0375,1752,0.3489366638683767,0.39702401089555417,0.2540393252360691,0.5070481410553626
demo_1750_0376,1745,0.07204228156579102,0.5044388818045038,0.42351883662970513,0.2252977208156764
demo_1750_0377,1743,0.2780185815402262,0.5244771958268073,0.19750422263296658,0.1952739887888239
demo_1750_0378,1759,0.21196303205371517,0.5086978414318847,0.27933912651440035,0.34510850350833605
demo_1750_0379,1756,0.0591559470362284,0.3882134137184988,0.5526306392452727,0.5239534210269094
demo_1750_0380,1746,0.08217512493018933,0.2095764832737415,0.7082483917960692,0.2631288185282351
demo_1750_0381,1745,0.36961716294400293,0.5201143716809227,0.11026846537507444,0.3016890399115399
demo_1750_0382,1757,0.43183084312381337,0.32553673163982316,0.2426324252363634,0.7398343342755906
demo_1750_0383,1748,0.5257042737696399,0.34342092540517793,0.13087480082518207,0.11902592463167552
demo_1750_0384,1758,0.18698520361082047,0.26739777441255674,0.5456170219766229,0.5659615173577022
demo_1750_0385,1746,0.05945193354072684,0.710392903956923,0.23015516250235013,0.4348792568793154
demo_1750_0386,1750,0.1782347518353972,0.4482222421665392,0.3735430059980635,0.20050936034710098
demo_1750_0387,1750,0.17135294510008858,0.5240502960192638,0.3045967588806477,0.42514302078951544
demo_1750_0388,1750,0.4956320255818467,0.37585509720014715,0.1285128772180061,0.1998340042328778
demo_1750_0389,1744,0.1656509736077959,0.6359454130323589,0.19840361335984533,0.45792557828891595
demo_1750_0390,1746,0.22210982758880646,0.3403016313593634,0.4375885410518301,0.5094752263888132
demo_1750_0391,1751,0.2783381720583042,0.3110500732548522,0.4106117546868436,0.6221427079536024
demo_1750_0392,1750,0.15356908964839242,0.38400617200285236,0.4624247383487553,0.49591531686667545
demo_1750_0393,1755,0.03588104508498335,0.28181257647041114,0.6823063784446056,0.4660323835097259
demo_1750_0394,1756,0.17223328001243615,0.31049413890604116,0.5172725810815225,0.4891916426945775
demo_1750_0395,1745,0.2175680087844479,0.5208292465540062,0.2616027446615459,0.2798539455909001
demo_1750_0396,1755,0.3899599304713368,0.3509563230701186,0.25908374645854465,0.2110301788664582
demo_1750_0397,1749,0.3997298293520958,0.2792593136991961,0.321010856948708,0.46051220646635704
demo_1750_0398,1757,0.27146189199174137,0.49727859867402746,0.23125950933423128,0.29860556202439315
demo_1750_0399,1746,0.031973287615741953,0.6487049981496038,0.3193217142346542,0.42291388509739886
demo_1750_0400,1748,0.13761299277598657,0.7018050022724283,0.1605820049515852,0.33088233229309855
demo_1750_0401,1757,0.6030866829093227,0.22352068067983805,0.17339263641083932,0.2539607545418642
demo_1750_0402,1756,0.3013510853267129,0.27811665185755957,0.4205322628157274,0.3435577030029743
demo_1750_0403,1741,0.28355031465730507,0.41927955969797237,0.2971701256447226,0.3544947935645012
demo_1750_0404,1744,0.09185995974253948,0.46962839161668873,0.4385116486407719,0.3299620143499732
demo_1750_0405,1747,0.18946133956553068,0.404380586822759,0.4061580736117104,0.36723935600202895
demo_1750_0406,1745,0.15166252441312694,0.5181397319668808,0.33019774361999227,0.19224827437283096
demo_1750_0407,1754,0.23909375921413242,0.5122941931543905,0.24861204763147718,0.0
demo_1750_0408,1746,0.15174315591548423,0.6170439110400227,0.23121293304449317,0.10180026754665766
demo_1750_0409,1748,0.22346596906597987,0.6324683217562932,0.14406570917772685,0.6357030425056116
demo_1800_0000,1806,0.03866243196257437,0.5543147618027692,0.4070228062346565,0.3807286226771772
demo_1800_0001,1792,0.022760704712476015,0.30179999033552474,0.6754393049519992,0.7751886628912882
demo_1800_0002,1808,0.25718627503337443,0.4098606302864457,0.33295309468017986,0.5211526044773184
demo_1800_0003,1794,0.19460237590134538,0.4777206557646826,0.3276769683339719,0.26286861529319117
demo_1800_0004,1792,0.15997088639669993,0.6095870804209711,0.23044203318232884,0.4206598691416696
demo_1800_0005,1791,0.24684833759000438,0.26091392882869324,0.4922377335813023,0.3913073656548415
demo_1800_0006,1799,0.15551985972182877,0.3588912584840117,0.4855888817941594,0.2953400390419513
demo_1800_0007,1803,0.14171995389618006,0.652236861074397,0.20604318502942287,0.3173119520286588
demo_1800_0008,1798,0.32020620818956175,0.2486979315036559,0.43109586030678226,0.6668522505513337
demo_1800_0009,1797,0.24597580616098344,0.3714315284449729,0.3825926653940437,0.4177973971186515
demo_1800_0010,1792,0.140152558242714,0.3767653734137803,0.48308206834350575,0.3643826862853256
demo_1800_0011,1808,0.3508063956561335,0.2689186839764081,0.3802749203674584,0.28778524121974014
demo_1800_0012,1809,0.27415363123335873,0.2720638783646195,0.45378249040202173,0.42252773238939545
demo_1800_0013,1791,0.03550696685562623,0.43371336288918966,0.5307796702551841,0.57474583006802
demo_1800_0014,1807,0.1430510612444375,0.54275841578711,0.31419052296845257,0.07226346718962079
demo_1800_0015,1793,0.18129863576032615,0.40938001090071857,0.4093213533389554,0.5264577891650131
demo_1800_0016,1799,0.2860217768714123,0.3451986536544261,0.3687795694741617,0.6111372409637104
demo_1800_0017,1806,0.16356449308088894,0.2960359803252931,0.540399526593818,0.5674203254086178
demo_1800_0018,1795,0.24301218890529924,0.5555807945445914,0.20140701655010942,0.1523314451354675
demo_1800_0019,1806,0.4880838705971413,0.3147677335039812,0.1971483958988774,0.41676659754521567
demo_1800_0020,1796,0.10908254445678049,0.46924645294768264,0.42167100259553686,0.4114638170215251
demo_1800_0021,1797,0.06354157169289855,0.4818784516254836,0.4545799766816178,0.493378010163868
demo_1800_0022,1806,0.22550343111738197,0.33524890613026603,0.439247662752352,0.3823503474345171
demo_1800_0023,1798,0.23228081523693656,0.399879252402048,0.3678399323610153,0.521929475911284
demo_1800_0024,1806,0.4212402286551837,0.3392183065772162,0.23954146476760022,0.38634731832075453
demo_1800_0025,1803,0.08927162667714951,0.2703894149581612,0.6403389583646893,0.513334923518121
demo_1800_0026,1805,0.37261688104474444,0.2426934831719936,0.3846896357832618,0.3959990290604261
demo_1800_0027,1797,0.21294805412766493,0.3792715253259091,0.40778042054642605,0.5019510866321877
demo_1800_0028,1796,0.09966787696937444,0.49989043438184433,0.40044168864878127,0.541155217563319
demo_1800_0029,1805,0.4117563727571226,0.3310013769459609,0.25724225029691644,0.5296966835313679
demo_1800_0030,1809,0.11859532520235459,0.5928422872247016,0.28856238757294383,0.24215333956154442
demo_1800_0031,1808,0.1367481395616012,0.41152888473504623,0.45172297570335246,0.2864641158965561
demo_1800_0032,1806,0.36318198226459036,0.4700008097559769,0.16681720797943286,0.0
demo_1800_0033,1798,0.17732691948891346,0.36151182985294394,0.46116125065814256,0.7540990129250734
demo_1800_0034,1808,0.198391400269492,0.36243063104226164,0.4391779686882465,0.32406878642870096
demo_1800_0035,1804,0.1053250945759822,0.24595148080106113,0.6487234246229566,0.3390644303130612
demo_1800_0036,1805,0.08518622161251409,0.4818163452205138,0.4329974331669721,0.4210485872615675
demo_1800_0037,1809,0.205882674095121,0.4799343201967112,0.3141830057081677,0.7579869829991304
demo_1800_0038,1791,0.10089418956417173,0.661726051658577,0.23737975877725112,0.6278594497967765
demo_1800_0039,1798,0.1501778289264576,0.4767286709490861,0.37309350012445625,0.31925007409200595
demo_1800_0040,1802,0.18444254969427035,0.563582138829752,0.2519753114759778,0.5072548039173658
demo_1800_0041,1802,0.23500180149978098,0.6675158901482066,0.09748230835201252,0.22806738156267967
demo_1800_0042,1797,0.24225353560577734,0.6026378223877791,0.1551086420064435,0.2502002139415118
demo_1800_0043,1798,0.32866836185437104,0.3233842603457386,0.3479473777998904,0.6087946871514636
demo_1800_0044,1806,0.16428758446015063,0.682468302696698,0.15324411284315148,0.548569514381883
demo_1800_0045,1799,0.3583911880455767,0.5129443638728608,0.12866444808156244,0.19385286179216918
demo_1800_0046,1801,0.42188210661047765,0.48414334208646576,0.09397455130305646,0.18797806536642325
demo_1800_0047,1807,0.20010741070639954,0.5541155292396616,0.24577706005393882,0.6577942537835222
demo_1800_0048,1798,0.1662840651022917,0.19263142339152972,0.6410845115061786,0.4207120667021346
demo_1800_0049,1800,0.3551901316624185,0.3917876722111767,0.2530221961264049,0.542881809609411
demo_1800_0050,1796,0.07264575365007785,0.7192256128182933,0.20812863353162872,0.2911975391951869
demo_1800_0051,1804,0.05587842387604381,0.7169048094429752,0.227216766680981,0.30009034423443476
demo_1800_0052,1802,0.25691172448593447,0.5453727515057074,0.19771552400835812,0.2806135798015008
demo_1800_0053,1794,0.4539946693662261,0.3689894076346647,0.17701592299910926,0.15049628999423081
demo_1800_0054,1791,0.04206475107437584,0.39707989925563963,0.5608553496699845,0.4063503858097803
demo_1800_0055,1798,0.10801785691197885,0.6206186741805564,0.27136346890746477,0.34542828730522424
demo_1800_0056,1800,0.12686377941744142,0.22946246463650158,0.6436737559460568,0.6115848598160848
demo_1800_0057,1807,0.11250850239438247,0.2155498370774151,0.6719416605282024,0.4524603717258172
demo_1800_0058,1794,0.12380594293184531,0.7127496771761066,0.16344437989204796,0.034725214811708094
demo_1800_0059,1795,0.16803579477882188,0.5103560118394435,0.32160819338173463,0.7449380095543412
demo_1800_0060,1801,0.2721275142180098,0.4650195606589691,0.2628529251230212,0.2950558211591968
demo_1800_0061,1801,0.291911016731717,0.39686149401192156,0.3112274892563615,0.2874754633921477
demo_1800_0062,1800,0.0914318099114333,0.4398642388027346,0.46870395128583203,0.44572159425789737
demo_1800_0063,1804,0.16078108808864744,0.6998885463974566,0.13933036551389597,0.3169524776745434
demo_1800_0064,1804,0.1082136834029115,0.6169677153808323,0.27481860121625606,0.15807932640339153
demo_1800_0065,1800,0.3206214201840633,0.22140888126156877,0.4579696985543679,0.4379295265918684
demo_1800_0066,1805,0.297340813127348,0.20207944853333462,0.5005797383393173,0.41349290490580026
demo_1800_0067,1793,0.3292616223505154,0.3330308358980226,0.33770754175146195,0.3883436286707872
demo_1800_0068,1799,0.20708864074625336,0.21281952925904984,0.5800918299946968,0.4221350693019422
demo_1800_0069,1796,0.415792820477335,0.48122063742893256,0.10298654209373241,0.2855547468826091
demo_1800_0070,1794,0.4443931682964431,0.17474401520745556,0.3808628164961013,0.8895698637807614
demo_1800_0071,1807,0.12414305084663702,0.44894992251654714,0.42690702663681585,0.4198285758641069
demo_1800_0072,1795,0.2761890526657388,0.296987050123105,0.4268238972111561,0.34761992642136114
demo_1800_0073,1793,0.2811287708942896,0.330915648062982,0.3879555810427284,0.4516965152702175
demo_1800_0074,1798,0.28491928698307656,0.470026946791209,0.24505376622571443,0.15682953922342996
demo_1800_0075,1807,0.21780245036305107,0.49152891124826587,0.2906686383886831,0.14718241216515301
demo_1800_0076,1805,0.2893787949425518,0.26572881300156137,0.44489239205588693,0.41913266671699784
demo_1800_0077,1806,0.0621676244279881,0.5553764941612686,0.3824558814107435,0.5074026130364493
demo_1800_0078,1800,0.42286644188462186,0.5158297102990798,0.06130384781629844,0.1792743519341013
demo_1800_0079,1806,0.7004518456796572,0.18035865588414463,0.11918949843619818,0.1254963749205964
demo_1800_0080,1805,0.1961353348313616,0.3141800269951307,0.48968463817350766,0.48222105993184206
demo_1800_0081,1804,0.4899447827306762,0.40925347863827793,0.1008017386310458,0.1878301435440966
demo_1800_0082,1793,0.08801946588728411,0.780262787525222,0.13171774658749377,0.18672869133145065
demo_1800_0083,1791,0.47301853696038465,0.226456942388044,0.3005245206515714,0.06223375897377231
demo_1800_0084,1802,0.08988805592560047,0.39344018955116494,0.5166717545232345,0.5054320251380243
demo_1800_0085,1797,0.1669072153885936,0.27820696216326946,0.5548858224481369,0.5617976676850065
demo_1800_0086,1797,0.22024009184842258,0.6525846903496504,0.12717521780192712,0.1782796889661532
demo_1800_0087,1808,0.03571928904720614,0.5016136521007373,0.46266705885205667,0.4437821627695774
demo_1800_0088,1806,0.06442133310282223,0.44704510416161414,0.4885335627355636,0.3070904676103568
demo_1800_0089,1801,0.07792927650199125,0.6369106651891638,0.2851600583088447,0.3111250109281966
demo_1800_0090,1796,0.06646513789193315,0.20946436305064792,0.724070499057419,0.6056354630472215
demo_1800_0091,1796,0.3048739651936588,0.3848289536990747,0.31029708110726634,0.5036844154449954
demo_1800_0092,1795,0.31973553327186743,0.28908018574095806,0.39118428098717456,0.6580095844839571
demo_1800_0093,1791,0.1507473487334154,0.5016222974458092,0.34763035382077534,0.6092758604656859
demo_1800_0094,1791,0.21254106716157417,0.5738825047341243,0.21357642810430158,0.5085413922021941
demo_1800_0095,1807,0.5064692055245184,0.40443850565839967,0.08909228881708195,0.23246726227585035
demo_1800_0096,1798,0.1608031249451011,0.5952092280791964,0.24398764697570238,0.22151144281138505
demo_1800_0097,1796,0.22242057217263342,0.3223525052236165,0.45522692260375003,0.29605007988431775
demo_1800_0098,1791,0.16737994502070005,0.6533062188115976,0.17931383616770238,0.3351269829452399
demo_1800_0099,1791,0.14144090716547092,0.6428335007707762,0.21572559206375289,0.5389843567845698
demo_1800_0100,1803,0.17239468818313258,0.22271022986502714,0.6048950819518403,0.4755586175643775
demo_1800_0101,1799,0.2241600846770452,0.43489330453733627,0.3409466107856185,0.2522636522746389
demo_1800_0102,1791,0.16160734449601097,0.33320441883090457,0.5051882366730844,0.30876464769464707
demo_1800_0103,1804,0.4549330530064222,0.2636912476416544,0.28137569935192336,0.5447138585074419
demo_1800_0104,1809,0.15407939874409074,0.40309649173005163,0.44282410952585755,0.5254593696711489
demo_1800_0105,1808,0.47675248307567053,0.398692066019711,0.1245554509046184,0.38497346109297664
demo_1800_0106,1796,0.1287127072749462,0.35412742390603424,0.5171598688190197,0.34941006965213284
demo_1800_0107,1797,0.2617194794210381,0.24910659451980355,0.48917392605915827,0.5161204926256039
demo_1800_0108,1792,0.3460651663314989,0.19406791037132662,0.4598669232971744,0.4118136085074735
demo_1800_0109,1804,0.3897468847142798,0.5353417823251496,0.07491133296057048,0.3242055960025344
demo_1800_0110,1803,0.05663655590537465,0.6374343985507099,0.3059290455439154,0.4002506046905135
demo_1800_0111,1805,0.2046470040259834,0.48945114828419556,0.3059018476898211,0.12042966766429292
demo_1800_0112,1806,0.28797214433012364,0.34585967999642786,0.36616817567344845,0.43139806187439345
demo_1800_0113,1792,0.09984107760040568,0.5870687847719319,0.3130901376276624,0.3277739934075569
demo_1800_0114,1798,0.11033085328105816,0.6738232517209262,0.21584589499801582,0.3414326357745349
demo_1800_0115,1809,0.2121155895264184,0.41044582366239313,0.37743858681118847,0.38218166000120135
demo_1800_0116,1798,0.3655958089790451,0.27957733970209925,0.35482685131885566,0.5206550369725675
demo_1800_0117,1808,0.3390256713396169,0.26988257035086516,0.3910917583095179,0.3315838831860063
demo_1800_0118,1792,0.17319668885200423,0.27778212435720295,0.5490211867907928,0.6649317553693377
demo_1800_0119,1799,0.08344227642930725,0.4347886574623785,0.48176906610831416,0.3871809621464676
demo_1800_0120,1796,0.18341632685198994,0.4316719093938105,0.3849117637541996,0.27196673378659675
demo_1800_0121,1792,0.06069674908544538,0.6619447060136938,0.2773585449008608,0.3892773369847971
demo_1800_0122,1809,0.20303842121458118,0.4364640866969189,0.3604974920884999,0.33954199829899545
demo_1800_0123,1806,0.27141006854315364,0.2583952387939559,0.4701946926628903,0.5525263914248121
demo_1800_0124,1806,0.21158883829187927,0.3309122102001432,0.4574989515079775,0.22270300277168129
demo_1800_0125,1803,0.3207434348301223,0.19869673752910194,0.4805598276407757,0.8214684627726156
demo_1800_0126,1796,0.1768997713176375,0.5307951058988832,0.29230512278347925,0.24855803947420693
demo_1800_0127,1792,0.1466488048477932,0.5421199014423642,0.31123129370984265,0.3264185271243304
demo_1800_0128,1803,0.06833531912443476,0.44673272254766927,0.48493195832789593,0.2958437478215504
demo_1800_0129,1796,0.19734485070599822,0.25891360316895234,0.5437415461250495,0.5151715096720418
demo_1800_0130,1791,0.42128148774528557,0.4465093575925263,0.13220915466218813,0.12077285104784052
demo_1800_0131,1801,0.4203585355348188,0.30023720679327504,0.2794042576719063,0.4195144532325842
demo_1800_0132,1798,0.2906754793702194,0.518242498751822,0.1910820218779586,0.6385617545900859
demo_1800_0133,1805,0.11682625481222562,0.5256509005771235,0.3575228446106508,0.5982845417332195
demo_1800_0134,1797,0.15247269909651404,0.5873521693358048,0.26017513156768113,0.3643041514599079
demo_1800_0135,1807,0.17466331654985354,0.20614673933813904,0.6191899441120075,0.5926493541123815
demo_1800_0136,1802,0.18936410230843895,0.2166497897700002,0.5939861079215608,0.3803562606514189
demo_1800_0137,1805,0.12880135157295522,0.6290834855160928,0.24211516291095206,0.42610610913536306
demo_1800_0138,1797,0.0649855422070366,0.35037996398597104,0.5846344938069923,0.43430036774905567
demo_1800_0139,1794,0.2226962064019462,0.4845603744016472,0.2927434191964066,0.17557049118892876
demo_1800_0140,1801,0.12437767102284583,0.6472737182693153,0.228348610707839,0.48310311724231025
demo_1800_0141,1808,0.19160587313050426,0.4126275800943176,0.3957665467751782,0.0
demo_1800_0142,1800,0.2268418699831574,0.31631026888135716,0.4568478611354853,0.2501629149300514
demo_1800_0143,1809,0.2532569272521462,0.3141518599466822,0.4325912128011716,0.7167808834830174
demo_1800_0144,1801,0.2702895179605176,0.28979014485946053,0.4399203371800219,0.40164165698634086
demo_1800_0145,1806,0.028056843924362602,0.6410827938623488,0.3308603622132885,0.41925024218092277
demo_1800_0146,1800,0.3155319066151393,0.4583434597003281,0.22612463368453262,0.17051105435591832
demo_1800_0147,1792,0.37564479196184686,0.49195216905480377,0.13240303898334949,0.35634893237830784
demo_1800_0148,1804,0.23301324545273813,0.1634751375640098,0.6035116169832522,0.48345320178076084
demo_1800_0149,1794,0.26217576191803604,0.38369379707958157,0.3541304410023825,0.6293939494308411
demo_1800_0150,1793,0.31737354105250015,0.5444289473036429,0.138197511643857,0.46779269062830675
demo_1800_0151,1803,0.09924948762171375,0.3427296285337619,0.5580208838445245,0.6681773084641487
demo_1800_0152,1805,0.07064896658541069,0.39900344641669944,0.53034758699789,0.6173644497260387
demo_1800_0153,1801,0.35210002208268265,0.20754248575864517,0.4403574921586722,0.44658823121457975
demo_1800_0154,1804,0.11907417891852888,0.22516975332823938,0.6557560677532317,0.6952296079922917
demo_1800_0155,1806,0.4393669359809736,0.15517001867052424,0.40546304534850214,0.42432790977839896
demo_1800_0156,1806,0.31185428425971096,0.45508925153375,0.23305646420653886,0.2963979135327757
demo_1800_0157,1806,0.058474346771552874,0.21134339600842683,0.7301822572200204,0.5763682858269489
demo_1800_0158,1794,0.3727933495087992,0.25206794417951606,0.37513870631168483,0.6768493380366878
demo_1800_0159,1807,0.07771839200862439,0.4742475485012337,0.44803405949014186,0.46143937451572753
demo_1800_0160,1798,0.37817932213539107,0.2613144846536843,0.3605061932109247,0.37293318105217166
demo_1800_0161,1803,0.017101334794413732,0.5571468429886322,0.42575182221695407,0.7922088248871708
demo_1800_0162,1809,0.06217325993677958,0.4103262082963995,0.527500531766821,0.4646271177685236
demo_1800_0163,1795,0.015725905185189286,0.433872894209721,0.5504012006050896,0.6266177409910763
demo_1800_0164,1807,0.09911770517032227,0.4435158896556707,0.457366405174007,0.28367871785221177
demo_1800_0165,1800,0.1182003936631792,0.30538764446824834,0.5764119618685725,0.11145656911278645
demo_1800_0166,1799,0.03263962817157133,0.39642531758404975,0.5709350542443788,0.3878162256895916
demo_1800_0167,1796,0.22071171308854828,0.5402471279085239,0.239041159002928,0.15510202954196495
demo_1800_0168,1801,0.44135441612517745,0.0521044367285022,0.5065411471463203,0.3734334568648736
demo_1800_0169,1798,0.3387619393158441,0.21709634992029392,0.4441417107638619,0.09189246395608935
demo_1800_0170,1796,0.18558617982604564,0.34842437400940196,0.46598944616455235,0.4895229280077682
demo_1800_0171,1793,0.35700757584661363,0.37316592660623205,0.2698264975471544,0.35873971497512747
demo_1800_0172,1801,0.1506404420600623,0.32092171247790346,0.5284378454620343,0.7580608027174289
demo_1800_0173,1801,0.2063526362960536,0.4134532208272927,0.3801941428766537,0.3464783003840357
demo_1800_0174,1803,0.16479258000795965,0.33273939132078706,0.5024680286712532,0.700297988120929
demo_1800_0175,1797,0.19548430375814235,0.31316155613217206,0.49135414010968553,0.3681742183813341
demo_1800_0176,1791,0.1505390918845894,0.4640853438357406,0.38537556427967,0.2969066755750872
demo_1800_0177,1794,0.24487967670660035,0.4037440038082313,0.3513763194851684,0.4106302019570286
demo_1800_0178,1808,0.07744071629558583,0.6369632069146773,0.2855960767897368,0.43910123519139954
demo_1800_0179,1792,0.2780786294673309,0.3659109121537356,0.3560104583789335,0.5154777117920177
demo_1800_0180,1809,0.1407016142021194,0.7694194132417825,0.08987897255609793,0.3545951380558332
demo_1800_0181,1807,0.17501284314629093,0.672318207280772,0.1526689495729372,0.5172481424177686
demo_1800_0182,1800,0.22814083309903813,0.35593011163765476,0.4159290552633071,0.3927345393460431
demo_1800_0183,1804,0.16543862622447977,0.4892678457288525,0.34529352804666763,0.4928103071125238
demo_1800_0184,1799,0.21019947024253763,0.35645268134218877,0.4333478484152735,0.5750288716479124
demo_1800_0185,1804,0.08450480240509188,0.4116373728549968,0.5038578247399114,0.4720251923695202
demo_1800_0186,1792,0.44619593354389414,0.2659686671220859,0.2878353993340201,0.6872692955135726
demo_1800_0187,1805,0.04379277871909288,0.45659719518216313,0.49961002609874405,0.6574739192472824
demo_1800_0188,1795,0.1262704206565113,0.3166513576967862,0.5570782216467026,0.6779581532634182
demo_1800_0189,1808,0.08845208385864589,0.5619356415578558,0.34961227458349825,0.31709371766497335
demo_1800_0190,1791,0.15177535989632926,0.4472982739486044,0.4009263661550663,0.25635104022440935
demo_1800_0191,1801,0.13606698527497077,0.5359165800139755,0.3280164347110538,0.5642441914725214
demo_1800_0192,1798,0.1111179386230365,0.5269644535529787,0.36191760782398474,0.6460620817030068
demo_1800_0193,1792,0.34237741343956035,0.20833307112703325,0.4492895154334064,0.5523183216818645
demo_1800_0194,1801,0.14713317803229523,0.42118075812492156,0.4316860638427834,0.3019049445723807
demo_1800_0195,1804,0.29785534508361894,0.3146417611374377,0.3875028937789433,0.5288410695650374
demo_1800_0196,1805,0.32325635674084713,0.2704658971589711,0.4062777461001817,0.5821649311485839
demo_1800_0197,1804,0.29044899694382803,0.3000810769170156,0.4094699261391564,0.6565360084895147
demo_1800_0198,1800,0.11882767069058656,0.38639843051735256,0.494773898792061,0.6337243931901549
demo_1800_0199,1802,0.12743149795045153,0.5397240339533164,0.33284446809623197,0.5916254861856278
demo_1800_0200,1805,0.18643529846252294,0.6822557444640933,0.13130895707338383,0.12414075358084767
demo_1800_0201,1804,0.16912557395157918,0.6779177899286207,0.15295663611980012,0.44567730085486046
demo_1800_0202,1795,0.024293640981109556,0.4689588408107689,0.5067475182081215,0.4184979052884692
demo_1800_0203,1809,0.18606604692526646,0.1792734242600276,0.6346605288147059,0.4383351333125285
demo_1800_0204,1796,0.09420063105308675,0.6947351398011226,0.21106422914579076,0.41801267815170745
demo_1800_0205,1791,0.3487230833226574,0.3616470447264555,0.2896298719508872,0.30586039412028837
demo_1800_0206,1796,0.03484883377756857,0.46917689386369527,0.4959742723587363,0.42265640557159156
demo_1800_0207,1794,0.029472853011112618,0.4069608078507268,0.5635663391381605,0.8452666227469696
demo_1800_0208,1797,0.47964695303953353,0.4940656025711006,0.02628744438936591,0.0635966090724274
demo_1800_0209,1809,0.0428299761648789,0.6346849265869773,0.32248509724814384,0.37452387527159536
demo_1800_0210,1798,0.22933117218220886,0.6172295086675575,0.15343931915023354,0.35689560504718354
demo_1800_0211,1805,0.08685970086014236,0.6216464200160585,0.2914938791237992,0.4633531502191851
demo_1800_0212,1795,0.3517462631542459,0.4331420097918772,0.21511172705387677,0.46593369721681643
demo_1800_0213,1798,0.26770131027475147,0.11949390882128509,0.6128047809039635,0.5635612561395342
demo_1800_0214,1804,0.10181385555063996,0.6028499533126067,0.2953361911367534,0.4870427672793361
demo_1800_0215,1804,0.14935980830551635,0.27948786640760953,0.5711523252868741,0.34105366016300676
demo_1800_0216,1808,0.5289610367044494,0.13045261075959244,0.3405863525359581,0.4522429658740796
demo_1800_0217,1793,0.09274063219847627,0.5857036792965822,0.32155568850494176,0.2870324140788225
demo_1800_0218,1802,0.2433804282606379,0.22384206933587086,0.5327775024034911,0.9915540067609625
demo_1800_0219,1807,0.09120857742500056,0.42595070854549755,0.4828407140295018,0.3159434793906617
demo_1800_0220,1807,0.38974302754513845,0.44893392426629086,0.16132304818857057,0.400659257014577
demo_1800_0221,1801,0.2683296859237209,0.3408833966184367,0.39078691745784233,0.5384722850727502
demo_1800_0222,1794,0.14801534940093486,0.5119669755280672,0.3400176750709979,0.47472024929364126
demo_1800_0223,1798,0.4959677741116444,0.2627408367997582,0.24129138908859749,0.5733148705693184
demo_1800_0224,1798,0.2919923161065872,0.4176646713019892,0.29034301259142364,0.3336571724239231
demo_1800_0225,1806,0.11032580899810131,0.11237141377577742,0.7773027772261213,0.7262876010697676
demo_1800_0226,1801,0.01069206820117656,0.7686525892301546,0.220655342568669,0.1730441552267562
demo_1800_0227,1806,0.20045358788419998,0.31794309104378193,0.48160332107201803,0.36018173467157427
demo_1800_0228,1806,0.24746852372275455,0.510742582196467,0.24178889408077855,0.14158480434234805
demo_1800_0229,1799,0.07249568258099538,0.5874941600914736,0.34001015732753104,0.31395590845851334
demo_1800_0230,1801,0.3270439107376725,0.2943070368834597,0.3786490523788677,0.21892563883685523
demo_1800_0231,1791,0.2979816204061562,0.3173747637105296,0.38464361588331436,0.5626275707547012
demo_1800_0232,1807,0.212368920771419,0.18873082830752577,0.5989002509210551,0.4557228646294313
demo_1800_0233,1805,0.09844957616644484,0.31536928109015655,0.5861811427433986,0.5476588228688094
demo_1800_0234,1798,0.12041456227377743,0.37842824343671005,0.5011571942895126,0.49831713242336995
demo_1800_0235,1799,0.03670580318687152,0.8162372815391321,0.14705691527399622,0.3487095051255672
demo_1800_0236,1802,0.3037966366714061,0.32803982531864667,0.3681635380099474,0.6830694854321591
demo_1800_0237,1793,0.0358632076076752,0.7945779133352994,0.1695588790570253,0.4773419403630106
demo_1800_0238,1799,0.10969947455573648,0.49268851018367477,0.3976120152605888,0.27592178029570213
demo_1800_0239,1796,0.266358786204397,0.5081258223438573,0.2255153914517456,0.2999711261592423
demo_1800_0240,1806,0.00244635416927137,0.1340152140748247,0.8635384317559041,0.868758503714198
demo_1800_0241,1799,0.17744913133766904,0.41103474610885987,0.4115161225534712,0.0674214677783348
demo_1800_0242,1792,0.15125854534479932,0.5226588307344934,0.3260826239207072,0.29629084629484004
demo_1800_0243,1806,0.18678990822790673,0.13592836911746153,0.6772817226546317,0.5934731751933641
demo_1800_0244,1806,0.1585371046137212,0.6535139835800313,0.18794891180624745,0.39113304387067727
demo_1800_0245,1800,0.27028483533512926,0.3610604544214215,0.36865471024344937,0.25215293693788843
demo_1800_0246,1806,0.17810569319246836,0.38762903869271365,0.434265268114818,0.5031237735063459
demo_1800_0247,1794,0.2605593628492073,0.2744635955353802,0.4649770416154124,0.5629628634441153
demo_1800_0248,1806,0.1424144356499051,0.5556866264899213,0.3018989378601735,0.4059342892790744
demo_1800_0249,1791,0.03512892721925375,0.5935714884484922,0.3712995843322542,0.43890989677482717
demo_1800_0250,1808,0.15218835857511318,0.11290512506441869,0.7349065163604681,0.828894260816865
demo_1800_0251,1800,0.09999251096728878,0.6326306764729532,0.26737681255975787,0.24017581849386516
demo_1800_0252,1804,0.38378656523114507,0.19122352329754103,0.42498991147131393,0.6683347324951258
demo_1800_0253,1797,0.1414880985571579,0.6644790714508838,0.19403282999195823,0.6305374378130358
demo_1800_0254,1797,0.20440838168670133,0.3514470595997764,0.4441445587135222,0.6957831544153341
demo_1800_0255,1793,0.09706541925809739,0.5014659780027356,0.40146860273916707,0.4999853763122257
demo_1800_0256,1796,0.3789687799349349,0.2903815595923154,0.3306496604727497,0.24989235741284624
demo_1800_0257,1791,0.112508837461822,0.5458170521355157,0.3416741104026623,0.39208782618323074
demo_1800_0258,1806,0.3687746019537052,0.10636299707836168,0.5248624009679331,0.7087525078708893
demo_1800_0259,1809,0.15161392183485578,0.0574464670419934,0.7909396111231508,0.7215567711853825
demo_1800_0260,1808,0.28175864641304466,0.3310887090847772,0.38715264450217807,0.44058285706712363
demo_1800_0261,1808,0.30801177700744214,0.17000316690648037,0.5219850560860775,0.542076730614159
demo_1800_0262,1796,0.0583859293561405,0.4129163690444391,0.5286977015994204,0.27020071501917403
demo_1800_0263,1791,0.4399219918119022,0.28618320104319567,0.27389480714490205,0.4690635189039639
demo_1800_0264,1808,0.2067861971843314,0.34310257008167294,0.45011123273399567,0.485295257972917
demo_1800_0265,1801,0.10985664200028336,0.4254041334899277,0.46473922450978883,0.49577981545977895
demo_1800_0266,1805,0.1568478315417084,0.1678093311962452,0.6753428372620464,0.527723906210197
demo_1800_0267,1807,0.2421515833249097,0.5889827364581774,0.16886568021691284,0.04917380258227749
demo_1800_0268,1793,0.4344536812687148,0.3919574467988969,0.1735888719323882,0.36784211363430264
demo_1800_0269,1798,0.04496269557679817,0.4094535987488896,0.5455837056743122,0.6290604917699403
demo_1800_0270,1803,0.5963985685549243,0.19011770828565175,0.213483723159424,0.25398678320634155
demo_1800_0271,1807,0.36468876568629427,0.5152269510179437,0.12008428329576208,0.10477477482060665
demo_1800_0272,1797,0.12264903955423226,0.63300137992816,0.24434958051760763,0.0
demo_1800_0273,1804,0.2809061006117878,0.49379828426284544,0.22529561512536667,0.29507263816227913
demo_1800_0274,1794,0.29811179913833197,0.36884884846973187,0.3330393523919361,0.12874059574483526
demo_1800_0275,1803,0.166949613138299,0.6234167892113217,0.2096335976503794,0.4119671520389277
demo_1800_0276,1796,0.2169178773903073,0.2746110532374117,0.5084710693722809,0.3612379764863445
demo_1800_0277,1791,0.46112996757027996,0.38089585347769406,0.15797417895202598,0.45380553964895076
demo_1800_0278,1809,0.04812878276759933,0.40861314765349843,0.5432580695789023,0.4300743522805717
demo_1800_0279,1793,0.13020461083494012,0.39218433543812165,0.47761105372693824,0.5493681960328695
demo_1800_0280,1807,0.10166052041770496,0.19047585898771888,0.7078636205945761,0.4139621003870373
demo_1800_0281,1800,0.42517104966912944,0.34854870737255567,0.22628024295831492,0.0
demo_1800_0282,1800,0.3038118692876856,0.512461517158208,0.1837266135541061,0.33604384231816525
demo_1800_0283,1794,0.20564544959081302,0.6430004750632771,0.15135407534591,0.05818451364411706
demo_1800_0284,1801,0.27063242977543517,0.4196231664320555,0.30974440379250934,0.3704555946723883
demo_1800_0285,1800,0.1317119670761419,0.4225215369951699,0.44576649592868806,0.3809386482642224
demo_1800_0286,1802,0.6273804273155378,0.1912091377358338,0.1814104349486285,0.3852683834422884
demo_1800_0287,1806,0.40814165888772275,0.41152771241386227,0.1803306286984151,0.0
demo_1800_0288,1792,0.12813366863136155,0.547675839500076,0.3241904918685624,0.38984539421124675
demo_1800_0289,1799,0.2465646752856028,0.15809699553681145,0.5953383291775857,0.6368562985263589
demo_1800_0290,1808,0.3174789642800802,0.37194293962854763,0.31057809609137216,0.5810421190580078
demo_1800_0291,1803,0.15942970800569115,0.44096709361618197,0.39960319837812686,0.429145099405431
demo_1800_0292,1809,0.20189578632034794,0.5607712503360744,0.23733296334357767,0.1722147411115911
demo_1800_0293,1791,0.1549375528530735,0.48035562327220227,0.3647068238747241,0.20881185280719466
demo_1800_0294,1796,0.22656470102932177,0.1765573206750995,0.5968779782955786,0.6565706333575925
demo_1800_0295,1791,0.17435448646121715,0.5574600414947987,0.2681854720439843,0.6957706486993169
demo_1800_0296,1808,0.08758789709530258,0.3522746631462194,0.560137439758478,0.2633018777303486
demo_1800_0297,1797,0.20360275205758707,0.678739620029153,0.11765762791326004,0.408291005319244
demo_1800_0298,1795,0.6203553457860972,0.297952247685175,0.08169240652872775,0.07607432848238382
demo_1800_0299,1793,0.39278236314467535,0.16057750540932159,0.44664013144600295,0.4082302591967543
demo_1800_0300,1797,0.025468499517368817,0.19692615004202133,0.7776053504406099,0.9864563918756912
demo_1800_0301,1796,0.04006997142169686,0.8586637556947673,0.10126627288353578,0.34582605504934716
demo_1800_0302,1795,0.12739131571239273,0.5497692351679254,0.322839449119682,0.38573596363903706
demo_1800_0303,1792,0.5603428600048082,0.15177931985746285,0.287877820137729,0.47137334240970924
demo_1800_0304,1797,0.13663254078412265,0.5112729368304184,0.3520945223854588,0.29938821720510894
demo_1800_0305,1803,0.13137434524492503,0.17397243992663863,0.6946532148284362,0.8675450186650123
demo_1800_0306,1808,0.28388451691733707,0.6369781835436732,0.0791372995389897,0.24842144452052686
demo_1800_0307,1801,0.17325492011680008,0.7160659981961234,0.11067908168707649,0.2102477195283292
demo_1800_0308,1803,0.4168365375631684,0.22504702918843877,0.35811643324839276,0.44658906068521975
demo_1800_0309,1808,0.36517895678164314,0.2671462084788738,0.367674834739483,0.3729482068163313
demo_1800_0310,1799,0.11910881814507475,0.5213175506406281,0.35957363121429714,0.8014358127374761
demo_1800_0311,1808,0.12509838980012167,0.5221950510476977,0.35270655915218063,0.2697793046709551
demo_1800_0312,1795,0.25475866940402037,0.5857534998594573,0.15948783073652226,0.23481346596552913
demo_1800_0313,1799,0.30699122118842387,0.37437031877536137,0.3186384600362148,0.15101725688353682
demo_1800_0314,1801,0.023318939845778593,0.7688433275270731,0.20783773262714833,0.3159926544625493
demo_1800_0315,1798,0.2813760465832891,0.36114162178068626,0.35748233163602455,0.3019239766258136
demo_1800_0316,1807,0.3838534292184375,0.3827622935344706,0.23338427724709188,0.38986512939645174
demo_1800_0317,1805,0.19520405559204695,0.6059854152768889,0.19881052913106426,0.1369128728737726
demo_1800_0318,1804,0.17187498017534053,0.4618491662508299,0.36627585357382964,0.1854508170066946
demo_1800_0319,1808,0.41125595461134007,0.21265904248558543,0.37608500290307445,0.6284619752785302
demo_1800_0320,1794,0.18399134861067976,0.4110460885617765,0.4049625628275438,0.6215366888530005
demo_1800_0321,1795,0.08824150971964195,0.5656496921919003,0.3461087980884578,0.4682818701393283
demo_1800_0322,1794,0.39723945642891073,0.37548027730163785,0.22728026626945141,0.35427318909912286
demo_1800_0323,1797,0.42267377521276134,0.4629777122090242,0.11434851257821436,0.4567064492317579
demo_1800_0324,1804,0.09929828616773309,0.7280854694880176,0.1726162443442495,0.20448982836496843
demo_1800_0325,1795,0.5633779764569342,0.16498552569263605,0.27163649785042976,0.33630731602471414
demo_1800_0326,1806,0.3524963940940576,0.40493511537874977,0.24256849052719254,0.3552930307056588
demo_1800_0327,1806,0.2323046502040583,0.32021631107669274,0.44747903871924904,0.3398495712732373
demo_1800_0328,1797,0.3022221198210126,0.23808164667884388,0.4596962335001436,0.5477674196598273
demo_1800_0329,1807,0.164569989653642,0.42028492014163754,0.4151450902047205,0.8132822606593377
demo_1800_0330,1799,0.10640822130299224,0.44930089933269857,0.4442908793643092,0.6034591329198256
demo_1800_0331,1800,0.16191334982951938,0.2243541374785739,0.6137325126919067,0.52409796982036
demo_1800_0332,1796,0.16646715599712186,0.4640651860058732,0.3694676579970049,0.6527887813100202
demo_1800_0333,1800,0.16765438136863223,0.3639284901244095,0.46841712850695827,0.35831180458930684
demo_1800_0334,1798,0.4187076626192055,0.5194444850364586,0.06184785234433584,0.0
demo_1800_0335,1806,0.019483087659443364,0.44730283140112986,0.5332140809394268,0.5446821433392295
demo_1800_0336,1809,0.16165851335652345,0.06700548245961754,0.771336004183859,0.5520231862716867
demo_1800_0337,1809,0.11111039778285078,0.15019048715448785,0.7386991150626613,0.6604091801402915
demo_1800_0338,1793,0.22233149279980008,0.4714624629624987,0.3062060442377011,0.603809142305293
demo_1800_0339,1800,0.26577639148225474,0.3146492266427277,0.4195743818750175,0.4596617221378729
demo_1800_0340,1805,0.022692095110219773,0.6293536775519691,0.347954227337811,0.42724303256893426
demo_1800_0341,1795,0.11950453421239715,0.682064505813619,0.19843095997398377,0.4553436563661253
demo_1800_0342,1805,0.15320769708683954,0.45191713281499923,0.39487517009816114,0.839880723624057
demo_1800_0343,1802,0.1721782931698562,0.3358231182035431,0.49199858862660073,0.774636384037402
demo_1800_0344,1793,0.03094217122250585,0.7098848151409438,0.25917301363655054,0.45935155766855174
demo_1800_0345,1799,0.22189103099874222,0.25942436930006996,0.518684599701188,0.5273012391019811
demo_1800_0346,1792,0.2093925079373342,0.5284199449113498,0.262187547151316,0.21913534463487708
demo_1800_0347,1797,0.19790755151932385,0.18775932737735795,0.6143331211033181,0.8429528960019934
demo_1800_0348,1808,0.1224570150443286,0.5092799979590426,0.36826298699662885,0.5690872879361083
demo_1800_0349,1806,0.10380884746483413,0.45120362133539843,0.44498753119976736,0.8371771314982847
demo_1800_0350,1807,0.11936277210289585,0.6756306699928547,0.2050065579042495,0.21884298016769266
demo_1800_0351,1793,0.0284116687056741,0.41728224112624757,0.5543060901680784,0.34057612220443734
demo_1800_0352,1803,0.24577950787240788,0.2554739875994385,0.49874650452815344,0.469356378160634
demo_1800_0353,1794,0.06409069899079063,0.4498493651376597,0.48605993587154955,0.4389016417788488
demo_1800_0354,1808,0.23813680181347338,0.6229282485699044,0.13893494961662217,0.3666896439813223
demo_1800_0355,1806,0.12332538370842527,0.5770067837444237,0.299667832547151,0.31479879846456155
demo_1800_0356,1798,0.49767946317316947,0.2984143369349881,0.2039061998918425,0.3302406851196483
demo_1800_0357,1803,0.06516019574327518,0.5224596930708371,0.4123801111858878,0.4088708097846545
demo_1800_0358,1801,0.41281045566672847,0.18372495884319753,0.40346458549007413,0.5400104756826338
demo_1800_0359,1795,0.2870471339814878,0.18745456022685375,0.5254983057916585,0.41074468403053743
demo_1800_0360,1792,0.06312155577744454,0.5749355896217792,0.36194285460077624,0.28020955661037017
demo_1800_0361,1799,0.33737524881309655,0.35798582768651865,0.30463892350038496,0.4440796346868327
demo_1800_0362,1806,0.4432214699756753,0.486873091586016,0.06990543843830863,0.26415758845717663
demo_1800_0363,1802,0.0868807231608197,0.6773281512232078,0.23579112561597254,0.26635346000445936
demo_1800_0364,1800,0.172226760460532,0.4879126742500655,0.3398605652894024,0.37462609752726966
demo_1800_0365,1803,0.34735133521540584,0.45461186043039997,0.19803680435419432,0.2567725582946544
demo_1800_0366,1797,0.031443818412525325,0.6115793649389575,0.3569768166485173,0.4091902409125002
demo_1800_0367,1808,0.017166588939721072,0.9072133675308652,0.07562004352941355,0.376701382091009
demo_1800_0368,1793,0.041240305591744,0.35595407134313667,0.6028056230651193,0.7883554456396835
demo_1800_0369,1804,0.20113225629379733,0.32968666208717184,0.4691810816190309,0.7235825474008813
demo_1800_0370,1800,0.29803700838095615,0.3963859476040631,0.3055770440149807,0.30821631293769286
demo_1800_0371,1795,0.1109349887326843,0.3796308206399327,0.5094341906273832,0.576655365716288
demo_1800_0372,1803,0.08327407028273502,0.7045492708548285,0.21217665886243647,0.5098298053495919
demo_1800_0373,1791,0.05049329891020638,0.7398945018752259,0.20961219921456764,0.06410392337841764
demo_1800_0374,1795,0.07608092653454619,0.6274575540917192,0.2964615193737346,0.3813287727370263
demo_1800_0375,1798,0.1790733668948242,0.5372588905958097,0.2836677425093662,0.5394654260574101
demo_1800_0376,1807,0.1683460731913478,0.7719436768132351,0.059710249995417,0.19116790865127684
demo_1800_0377,1804,0.20019593692414067,0.491320923500485,0.3084831395753744,0.4376826309702416
demo_1800_0378,1801,0.05570607564511898,0.41978634197620535,0.5245075823786756,0.4304407968832594
demo_1800_0379,1801,0.2951133788029393,0.31165662195581145,0.3932299992412493,0.5283403881695798
demo_1800_0380,1799,0.15808789769447076,0.545380942454745,0.29653115985078426,0.23482244304024621
demo_1800_0381,1801,0.05815417308500193,0.634949488519732,0.30689633839526614,0.29642363456263815
demo_1800_0382,1797,0.3728093743196594,0.4366145029854137,0.19057612269492688,0.39338957938045643
demo_1800_0383,1805,0.38274106554610765,0.24215783621925702,0.37510109823463533,0.349165735373148
demo_1800_0384,1796,0.08582762848721241,0.5088153206571494,0.4053570508556382,0.5046146354125558
demo_1800_0385,1797,0.21840405245958144,0.4215095414074808,0.3600864061329377,0.1493295375525821
demo_1800_0386,1796,0.2786656175350756,0.1483120614660977,0.5730223209988266,0.7098131978924003
demo_1800_0387,1803,0.2482010504329384,0.5119298375159216,0.23986911205114003,0.24627353720721362
demo_1800_0388,1795,0.3621448731739796,0.1956128799413697,0.4422422468846507,0.4917958482344611
demo_1800_0389,1794,0.08325430040710516,0.27016646836794117,0.6465792312249535,0.5420776771375312
demo_1800_0390,1809,0.31561501576876183,0.3335462657893609,0.3508387184418773,0.5544085713325756
demo_1800_0391,1807,0.3053590642133734,0.40174397274813056,0.292896963038496,0.5073386819517233
demo_1800_0392,1805,0.37817384060755893,0.1915771171316914,0.4302490422607498,0.4470438292955176
demo_1800_0393,1791,0.08626851332031842,0.7488780536758664,0.16485343300381514,0.38870177055781835
demo_1800_0394,1797,0.22750293231413457,0.11027113568199831,0.6622259320038673,0.5285022868977346
demo_1800_0395,1801,0.027407110291455664,0.22479946529692332,0.747793424411621,0.8243600330382426
demo_1800_0396,1800,0.3103289630843941,0.5532437450921786,0.1364272918234274,0.3984833895440975
demo_1800_0397,1798,0.09561889069785615,0.4024049372312663,0.5019761720708775,0.5505370744418633
demo_1800_0398,1798,0.32386948475363286,0.28092880691870353,0.39520170832766366,0.6292071800218138
demo_1800_0399,1808,0.08181622167343522,0.5017560049778805,0.4164277733486843,0.4683955213715475
demo_1800_0400,1803,0.21234335189913423,0.35902763745946764,0.42862901064139824,0.6107897501841442
demo_1800_0401,1803,0.011258495019174258,0.5690103156345677,0.41973118934625786,0.45143281232869265
demo_1800_0402,1800,0.6359629217552398,0.16697395004460222,0.19706312820015812,0.25986316240328566
demo_1800_0403,1802,0.29305878869336727,0.23568390004135595,0.47125731126527676,0.3835814922607625
demo_1800_0404,1795,0.2742660241497128,0.4384283901214988,0.2873055857287884,0.0072624439997734935
demo_1800_0405,1791,0.1519349529569942,0.1883450399196005,0.6597200071234053,0.7907059644754867
demo_1800_0406,1799,0.22871184788774968,0.6598946325864453,0.11139351952580501,0.22842752555580922
demo_1800_0407,1797,0.11755632491379488,0.10796945416089995,0.774474220925305,0.8219877716200639
demo_1800_0408,1799,0.1408375043323758,0.31721075898919104,0.5419517366784332,0.6373879253335952
demo_1800_0409,1799,0.2226603921382718,0.21950805679923235,0.5578315510624959,0.49457302660187347
demo_1800_0410,1805,0.4187337531756245,0.21251145966590126,0.36875478715847426,0.25332731556650406
demo_1800_0411,1808,0.011308385939769256,0.1807133883214668,0.807978225738764,0.8624268715543396
demo_1800_0412,1805,0.1735465180437755,0.380866667700161,0.44558681425606356,0.6952207118044655
demo_1800_0413,1809,0.08954843428035508,0.14913024469383312,0.7613213210258118,0.6992095790865656
demo_1800_0414,1807,0.31705083337428325,0.21882028343140492,0.46412888319431184,0.6264463708868672
demo_1800_0415,1802,0.4139369942714996,0.3572286915262077,0.2288343142022927,0.3272868886834796
demo_1800_0416,1803,0.13504430217039545,0.5707331032964866,0.29422259453311783,0.5032350301081718
demo_1800_0417,1809,0.3239137535850744,0.4685745296692689,0.20751171674565685,0.3317247060748499
demo_1800_0418,1807,0.1062174805307668,0.6480215638638577,0.24576095560537553,0.27483207792431835
demo_1800_0419,1797,0.47222508271054503,0.2956088441100177,0.2321660731794372,0.40696378615637646
demo_1800_0420,1797,0.26986024095479694,0.5061966444661693,0.22394311457903374,0.5655166025250924
demo_1800_0421,1809,0.2814518165225157,0.21113901940716434,0.5074091640703199,0.7089945359455341
demo_1800_0422,1807,0.05944054940246359,0.6202936611915402,0.32026578940599626,0.3333097441501267
demo_1800_0423,1800,0.12296024304785189,0.4898611815905374,0.3871785753616107,0.5546840805910881
demo_1800_0424,1799,0.0362092873214502,0.5621948643983711,0.4015958482801787,0.6200314555118969
demo_1800_0425,1801,0.2538509775299445,0.4429095053957142,0.3032395170743412,0.4544391230818629
demo_1800_0426,1801,0.38900387650062995,0.32089584773435403,0.290100275765016,0.4931837149758588
demo_1800_0427,1805,0.06900435222031784,0.7258959232451513,0.20509972453453088,0.2436571436003353
demo_1800_0428,1798,0.04333474143645172,0.49205750755081007,0.46460775101273827,0.3504453500572903
demo_1800_0429,1805,0.07109321354590378,0.2091870330988292,0.7197197533552671,0.6764990978119223
demo_1800_0430,1794,0.22281379306987692,0.550438917227328,0.22674728970279506,0.16934599330784791
demo_1800_0431,1791,0.11237681389285425,0.512867365006551,0.3747558211005948,0.2986065447832679
demo_1800_0432,1808,0.13361105072693297,0.2806906144810884,0.5856983347919786,0.28469403746992944
demo_1800_0433,1806,0.4115624835332327,0.2752523181292462,0.3131851983375211,0.5493862359829095
demo_1800_0434,1791,0.5290579558013695,0.2848576432081133,0.18608440099051715,0.2770335803556497
demo_1800_0435,1793,0.3737381024513591,0.31603589652952185,0.31022600101911907,0.4514313019839763
demo_1800_0436,1791,0.14023160980990995,0.615562012838852,0.24420637735123796,0.5113524620731831
demo_1800_0437,1806,0.4913597359699079,0.2276852973460616,0.28095496668403064,0.6693136852051274
demo_1800_0438,1793,0.11842215390550567,0.6133423820802558,0.26823546401423853,0.6021454923296972
demo_1800_0439,1807,0.17748363558882518,0.6269654139214794,0.19555095048969534,0.5397132769066985
demo_1800_0440,1800,0.3594305926904586,0.09026257834588627,0.5503068289636552,0.38224436396867734
demo_1800_0441,1803,0.2261923576910078,0.6418512434605503,0.13195639884844193,0.05614522222124904
demo_1800_0442,1797,0.10734559936393381,0.45944788104325346,0.4332065195928128,0.4344199094328981
demo_1800_0443,1793,0.08123598678193401,0.42780208339222126,0.49096192982584475,0.5710670126679783
demo_1800_0444,1809,0.04088639328329032,0.29038815938999785,0.6687254473267118,0.45647247164836
demo_1800_0445,1801,0.14038398241133446,0.6150794897795254,0.2445365278091401,0.3098588302500564
demo_1800_0446,1793,0.14874857746365772,0.29579526320794786,0.5554561593283944,0.455322595107256
demo_1800_0447,1807,0.2598914048047626,0.6058481394845716,0.13426045571066592,0.21946778616999885
demo_1800_0448,1808,0.12052520307838674,0.4070468364185802,0.47242796050303304,0.46588021212149344
demo_1800_0449,1801,0.2767248096330572,0.6010525719334735,0.12222261843346922,0.1767049111583685
demo_1800_0450,1792,0.23905532681731428,0.5547797079013101,0.20616496528137557,0.045419729476473214
demo_1800_0451,1800,0.4139707003767285,0.36780684312614076,0.2182224564971307,0.40962174995427725
demo_1800_0452,1791,0.5756464579952151,0.19938807510039097,0.22496546690439392,0.5835228219398221
demo_1800_0453,1809,0.24355206250307407,0.24382282662573895,0.512625110871187,0.730981146979036
demo_1800_0454,1797,0.10856008432750021,0.6130154871469584,0.27842442852554133,0.3022994054858349
demo_1800_0455,1795,0.055648757733385026,0.645427650796578,0.2989235914700371,0.5863858455106999
demo_1800_0456,1801,0.30695695793127276,0.31534270030894634,0.3777003417597809,0.7587836280304996
demo_1800_0457,1804,0.31377060857104605,0.4230145967965088,0.26321479463244507,0.40777901360400404
demo_1800_0458,1809,0.11282309519444393,0.48564829538442816,0.4015286094211279,0.6673398614803426
demo_1800_0459,1807,0.2227322138555444,0.4359747716461041,0.3412930144983516,0.40642638285152444
demo_1800_0460,1797,0.18781140313502093,0.6680500014743154,0.14413859539066382,0.24059349026618287
demo_1800_0461,1803,0.6595773942959251,0.1606785170560634,0.17974408864801142,0.13575855117396363
demo_1800_0462,1806,0.3372185979102151,0.361481257253751,0.301300144836034,0.512370656533153
demo_1800_0463,1798,0.15443990732792814,0.5544709710869148,0.2910891215851571,0.5119850304554474
demo_1800_0464,1802,0.06588671618248859,0.43271158606731913,0.5014016977501922,0.28930824847013903
demo_1800_0465,1792,0.15138253047662467,0.32879068789634186,0.5198267816270336,0.5542480431066729
demo_1800_0466,1797,0.19292875501423792,0.2081118371437008,0.5989594078420613,0.5126458235514948
demo_1800_0467,1805,0.38303968350856954,0.3792588302001211,0.2377014862913093,0.27626757204539304
demo_1800_0468,1795,0.12577221266270489,0.42592094514885837,0.44830684218843675,0.39301757288007555
demo_1800_0469,1795,0.41055496762126437,0.12116101000311645,0.4682840223756191,0.5433343930204841
demo_1800_0470,1793,0.24832527968200963,0.39035163267591766,0.3613230876420729,0.40888947140824233
demo_1800_0471,1797,0.320496755457217,0.2158674582530299,0.46363578628975316,0.5274418115828181
demo_1800_0472,1797,0.34243756105612105,0.5880206481584807,0.06954179078539834,0.09965775399315485
demo_1800_0473,1809,0.10329468044044193,0.5706418337686013,0.3260634857909567,0.28634952514777084
demo_1800_0474,1793,0.11135226538118145,0.23249999938961413,0.6561477352292044,0.6221413356719321
demo_1800_0475,1795,0.37405575075456315,0.40233039045893954,0.22361385878649734,0.23101598132715306
demo_1800_0476,1804,0.21528668843574272,0.34914965798685743,0.43556365357739985,0.5938810308592324
demo_1800_0477,1803,0.21020598821009506,0.1981377752511823,0.5916562365387227,0.7057787939328075
demo_1800_0478,1792,0.36738469541466007,0.4577317111578749,0.17488359342746498,0.38539737349508396
demo_1800_0479,1794,0.22909781722096403,0.2886429064493494,0.48225927632968657,0.5512823387641792
demo_1800_0480,1794,0.5317880127122108,0.29508514252980567,0.17312684475798365,0.24277065386983915
demo_1800_0481,1803,0.10012255051694839,0.695227423439786,0.20465002604326551,0.41649677358758674
demo_1800_0482,1795,0.039662036367974995,0.406420624293558,0.553917339338467,0.6123781831098655
demo_1800_0483,1795,0.140106648708215,0.8047693652458386,0.05512398604594637,0.23887667088013254
demo_1800_0484,1807,0.33249022761758285,0.47066341179485516,0.1968463605875621,0.1524476461103411
demo_1800_0485,1792,0.13485384620315452,0.5122863027191926,0.3528598510776528,0.38717261409765347
demo_1800_0486,1804,0.09050630484882666,0.30367883280751723,0.6058148623436561,0.7977099627199985
demo_1800_0487,1806,0.20090069231007818,0.5433045507345077,0.2557947569554139,0.5198210043900999
demo_1800_0488,1799,0.08884337203592475,0.16195279052863457,0.7492038374354406,0.6126488133725259
demo_1800_0489,1792,0.40348166983825,0.39670678721161756,0.19981154295013243,0.21455840988838754
demo_1800_0490,1809,0.2747804227472273,0.5890689274582955,0.13615064979447722,0.11030537736739307
demo_1800_0491,1797,0.2517516896651331,0.298625729756786,0.44962258057808085,0.6258453477061965
demo_1800_0492,1800,0.19784540217443353,0.14383620779457829,0.6583183900309881,0.10547104742060637
demo_1800_0493,1805,0.28974217885648207,0.35946118425094004,0.35079663689257795,0.3180763293608363
demo_1800_0494,1794,0.12435662328726962,0.36359563580599513,0.5120477409067353,0.7146288018972429
demo_1800_0495,1806,0.08453078549037892,0.5744800550258031,0.3409891594838181,0.4791027517221773
demo_1800_0496,1800,0.2877766210904808,0.36253547732475094,0.3496879015847682,0.4321043904986912
demo_1800_0497,1799,0.07159047966940774,0.524753271814032,0.4036562485165602,0.25004636424408566
demo_1800_0498,1806,0.24675026446256768,0.28668434915738833,0.4665653863800439,0.5808327510210276
demo_1800_0499,1794,0.04532725179090866,0.6423628180492628,0.3123099301598284,0.10456993217733107
demo_1800_0500,1808,0.05353045933605113,0.4590178184616363,0.48745172220231264,0.5181374019127898
demo_1800_0501,1792,0.7177458513107187,0.12671976993316658,0.1555343787561147,0.0713066956706786
demo_1800_0502,1802,0.40703625912508873,0.18369327043623543,0.4092704704386758,0.3782322933260799
demo_1800_0503,1796,0.05524818284195421,0.7358589174450558,0.20889289971299008,0.3746942683145424
demo_1800_0504,1798,0.017061000474796525,0.7932442696520677,0.18969472987313565,0.056016167554028606
demo_1800_0505,1804,0.06042481817809026,0.8452774259751148,0.09429775584679488,0.0
demo_1800_0506,1799,0.07502713568036734,0.47869436033123147,0.4462785039884012,0.4802834668251113
demo_1800_0507,1798,0.18251003299324162,0.33282399182320627,0.48466597518355226,0.43295789633113807
demo_1800_0508,1797,0.07734869635123484,0.2919605266729691,0.6306907769757961,0.47766921195958034
demo_1800_0509,1797,0.13693991757953095,0.4836233851120236,0.3794366973084456,0.23018418377211353
demo_1800_0510,1806,0.4527321779564865,0.23569335549359904,0.31157446654991455,0.4326590716993671
demo_1800_0511,1809,0.12013751140747347,0.4658890473990835,0.413973441193443,0.5006634971920401
demo_1800_0512,1794,0.3157863967701019,0.39107882127590876,0.29313478195398945,0.42535880602694576
demo_1800_0513,1799,0.22666625605674812,0.546007479750123,0.2273262641931288,0.22662581098358592
demo_1800_0514,1804,0.1602552101634102,0.2899016132024627,0.5498431766341271,0.17286534651663843
demo_1800_0515,1794,0.1195233101149838,0.5752917338698506,0.30518495601516576,0.44558725359507473
demo_1800_0516,1799,0.2702222837779415,0.21727326583242576,0.5125044503896327,0.44790327321295215
demo_1800_0517,1809,0.4669517691896667,0.19161331506709522,0.34143491574323814,0.4749947325047794
demo_1800_0518,1792,0.03197891883652277,0.565965214068876,0.40205586709460106,0.37053866822460363
demo_1800_0519,1808,0.16473736935087133,0.3118615674370396,0.5234010632120891,0.6719773437430658
demo_1800_0520,1806,0.23706391250950143,0.5039143932431565,0.25902169424734195,0.38415423096721696
demo_1800_0521,1791,0.06770493031598399,0.6202028916305279,0.31209217805348816,0.4382545246052394
demo_1800_0522,1798,0.2532263669063126,0.381155363131083,0.3656182699626043,0.3237389015531465
demo_1800_0523,1794,0.40966579011212073,0.26891325184068743,0.3214209580471918,0.3621048322420024
demo_1800_0524,1804,0.36562376678003355,0.22322392868008206,0.4111523045398844,0.3724880542587654
demo_1800_0525,1795,0.08242233825364746,0.5175621177878141,0.40001554395853833,0.6219431793317688
demo_1800_0526,1808,0.3756457153862037,0.2023454767361906,0.42200880787760575,0.415251289969256
demo_1800_0527,1802,0.3216716110247294,0.4019389159703459,0.2763894730049247,0.3993232844662484
demo_1800_0528,1801,0.27344285461356743,0.4990483958530916,0.22750874953334105,0.7249623199024053
demo_1800_0529,1792,0.26369656495195476,0.3126319537667402,0.42367148128130516,0.2906300886381746
demo_1800_0530,1803,0.17506614144617746,0.55644937767154,0.26848448088228255,0.147656596311001
demo_1800_0531,1793,0.25368099342548595,0.4020537688677873,0.3442652377067269,0.4443949903194005
demo_1800_0532,1795,0.11041833204594356,0.37062835800078864,0.5189533099532678,0.44551728135352575
demo_1800_0533,1801,0.1186651621961871,0.46379152448865846,0.4175433133151544,0.22471260329884332
demo_1800_0534,1793,0.28928552385170386,0.5804426605929793,0.13027181555531675,0.35623390834174307
demo_1800_0535,1802,0.3925590991055945,0.11461150283145007,0.49282939806295545,0.45243740329171744
demo_1800_0536,1795,0.3935233946479375,0.3113465194826073,0.29513008586945527,0.07531036712532285
demo_1800_0537,1792,0.19184504828191384,0.4984940262150496,0.30966092550303653,0.3581171257863067
demo_1800_0538,1803,0.05768454813370893,0.3845619341811951,0.5577535176850958,0.8465745554393803
demo_1800_0539,1798,0.21512953427017525,0.45194866477318524,0.3329218009566394,0.12841855592745166
demo_1800_0540,1797,0.23814078368647199,0.4797138937079369,0.28214532260559105,0.12642911525694817
demo_1800_0541,1804,0.3846703184756942,0.2207492770275399,0.39458040449676574,0.45967704934040937
demo_1800_0542,1802,0.30024926706772725,0.3470317774698965,0.3527189554623762,0.5312114719950745
demo_1800_0543,1808,0.10874879614229643,0.7545073558479494,0.13674384800975414,0.2572451256079312
demo_1800_0544,1801,0.14139763190107238,0.8377195555404789,0.020882812558448708,0.0
demo_1800_0545,1808,0.3803303285303929,0.26096530319871486,0.35870436827089236,0.5696138770649953
demo_1800_0546,1795,0.2816203749016003,0.16281814918049042,0.5555614759179093,0.3515445870331928
demo_1800_0547,1796,0.041022615298798,0.39715948651618294,0.5618178981850191,0.6218087978274357
demo_1800_0548,1798,0.1772005037312154,0.6880029560119746,0.13479654025681015,0.30261701965476334
demo_1800_0549,1802,0.13171774184002202,0.5400857584739749,0.32819649968600295,0.1847622786278613
demo_1800_0550,1795,0.1866631605242136,0.38102402619444675,0.4323128132813396,0.3973818011854102
demo_1800_0551,1804,0.10887791912208329,0.4244562380898689,0.4666658427880478,0.4822818520911212
demo_1800_0552,1803,0.1532821284619695,0.677443689976524,0.16927418156150634,0.5251731745719457
demo_1800_0553,1801,0.04690792392094721,0.7053126166918595,0.24777945938719334,0.2183044350815566
demo_1800_0554,1798,0.3271574114282098,0.2766159161856666,0.3962266723861236,0.3161439502997163
demo_1800_0555,1808,0.3963296313196392,0.3083270726417195,0.29534329603864135,0.35644954726569533
demo_1800_0556,1807,0.35088916619545596,0.4301287210912311,0.218982112713313,0.21898992133439438
demo_1800_0557,1807,0.19548558958548173,0.3238680593389453,0.48064635107557313,0.6491803271414509
demo_1800_0558,1802,0.17103281721540128,0.6600054092255112,0.16896177355908742,0.4631542916231056
demo_1800_0559,1799,0.04997298194636809,0.5376399494134306,0.4123870686402013,0.49549767293615776
demo_1850_0000,1855,0.05431998622590109,0.376354032438889,0.5693259813352098,0.4708855192522283
demo_1850_0001,1854,0.11080515319346973,0.6408530898493385,0.24834175695719168,0.18493718278203525
demo_1850_0002,1847,0.02884638777776045,0.42056090398822826,0.5505927082340114,0.6556458230699123
demo_1850_0003,1849,0.2191150021776916,0.6016846214681673,0.17920037635414127,0.3086570278217151
demo_1850_0004,1849,0.14435185359938163,0.2267043887661683,0.6289437576344501,0.5025918918944403
demo_1850_0005,1847,0.1329495811423075,0.548529540381037,0.3185208784766555,0.5012525868059218
demo_1850_0006,1854,0.15545226603937445,0.4009200825494523,0.4436276514111732,0.6419940321214437
demo_1850_0007,1846,0.15574332248254882,0.65688345379036,0.1873732237270913,0.5337732962996349
demo_1850_0008,1851,0.1198002752469906,0.5369913585966828,0.3432083661563266,0.5165635295110118
demo_1850_0009,1849,0.1780567901991191,0.32723045036390963,0.4947127594369712,0.7911373477817945
demo_1850_0010,1848,0.31500020587514227,0.366386977836128,0.3186128162887298,0.485175281561259
demo_1850_0011,1850,0.2435920992610584,0.250518607836938,0.5058892929020037,0.49939380919445353
demo_1850_0012,1849,0.36134866614988975,0.42791426441481567,0.21073706943529447,0.5466025201259648
demo_1850_0013,1856,0.2542116170003118,0.23019144195093766,0.5155969410487505,0.5818214021603932
demo_1850_0014,1848,0.5273150239293337,0.15027550078968754,0.3224094752809788,0.22877742770786533
demo_1850_0015,1852,0.27320702010013825,0.6448857793267019,0.08190720057315987,0.11427350445414725
demo_1850_0016,1855,0.008024603243606388,0.4238624255917908,0.5681129711646028,0.6382275916814051
demo_1850_0017,1849,0.0033727462812378805,0.4364326723732707,0.5601945813454913,0.1412172752410385
demo_1850_0018,1850,0.0061463504208495385,0.45064266423041066,0.5432109853487398,0.45486315584419507
demo_1850_0019,1856,0.03236635742740138,0.44407101639631613,0.5235626261762825,0.5496019868784996
demo_1850_0020,1841,0.11249181739893725,0.25063550192190515,0.6368726806791576,0.7159383049158059
demo_1850_0021,1859,0.08411988027891426,0.42838069036586907,0.4874994293552165,0.7132296210555625
demo_1850_0022,1851,0.22228081794371746,0.2851053075055917,0.4926138745506908,0.5234649801628338
demo_1850_0023,1849,0.16652926514666808,0.6278609096396484,0.20560982521368346,0.4853945791406997
demo_1850_0024,1854,0.48135143343588166,0.23820369058205243,0.2804448759820659,0.18048773121636436
demo_1850_0025,1859,0.03650209855835432,0.7193273507151952,0.24417055072645047,0.3916233360691876
demo_1850_0026,1841,0.10003736038707076,0.5400753792155565,0.3598872603973727,0.6135341117163877
demo_1850_0027,1844,0.18140457628973672,0.25220735057307897,0.5663880731371843,0.7228169125451032
demo_1850_0028,1846,0.08985586268876945,0.4972207297104307,0.41292340760079976,0.5558087917236171
demo_1850_0029,1850,0.4778385996851582,0.34079630430761343,0.18136509600722828,0.34446492295118575
demo_1850_0030,1848,0.0478598067287207,0.7507316821784383,0.2014085110928409,0.38715192611938165
demo_1850_0031,1851,0.08046430565380402,0.3579142787390971,0.5616214156070989,0.5053846024482384
demo_1850_0032,1846,0.25416105740296324,0.54203180669063,0.2038071359064069,0.42578257847161594
demo_1850_0033,1849,0.022182382465883613,0.628012583176916,0.3498050343572005,0.4586478097549978
demo_1850_0034,1845,0.22722793434785088,0.42818394832222473,0.34458811732992456,0.7052297507178136
demo_1850_0035,1851,0.10555537979982611,0.5577050248253345,0.3367395953748394,0.37917772079900375
demo_1850_0036,1841,0.1427054392165158,0.4084217331584392,0.4488728276250451,0.6621742058012804
demo_1850_0037,1847,0.11304407284557333,0.413597354224448,0.4733585729299786,0.2971581333957934
demo_1850_0038,1845,0.007496045860964292,0.19000008383741454,0.8025038703016211,0.7177449387172061
demo_1850_0039,1846,0.12627724040175606,0.3322643540409844,0.5414584055572594,0.5511804078051484
demo_1850_0040,1857,0.10915099157338504,0.7447746707397491,0.14607433768686595,0.40289317518031653
demo_1850_0041,1847,0.13910643429279423,0.3904493439897191,0.47044422171748673,0.43576746339690836
demo_1850_0042,1851,0.21773561261058727,0.6914652177935317,0.09079916959588116,0.2842898191101503
demo_1850_0043,1844,0.19876922014234394,0.24284894361150308,0.558381836246153,0.4344466653336901
demo_1850_0044,1847,0.07867500139097108,0.21901564031871218,0.7023093582903167,0.44683468807869625
demo_1850_0045,1844,0.15855996635626207,0.4967633966124198,0.344676637031318,0.39700466287141567
demo_1850_0046,1846,0.3803720601859791,0.26125857425640664,0.35836936555761423,0.2544401159696665
demo_1850_0047,1847,0.04598287746403191,0.7039573796687285,0.25005974286723964,0.23322486929053463
demo_1850_0048,1851,0.10795144189415702,0.2909316950395375,0.6011168630663054,0.6797459632132581
demo_1850_0049,1842,0.22280790431339872,0.6337351173216655,0.1434569783649357,0.24734191451670312
demo_1850_0050,1853,0.19304950694745812,0.3491747182222238,0.4577757748303181,0.5565232418612346
demo_1850_0051,1846,0.09000317178398642,0.6529668214341462,0.2570300067818673,0.735102804857837
demo_1850_0052,1844,0.15560417886116848,0.32276000306092584,0.5216358180779057,0.29500714963690555
demo_1850_0053,1854,0.0029453807929463683,0.43305494169434533,0.5639996775127082,0.5092295205133701
demo_1850_0054,1845,0.10984915622462982,0.5884277809416038,0.3017230628337664,0.2408098083770878
demo_1850_0055,1852,0.03859018343439758,0.6287853804612406,0.3326244361043619,0.5714723692961394
demo_1850_0056,1852,0.3413206007124373,0.1516844070387114,0.5069949922488514,0.2157249901288163
demo_1850_0057,1856,0.05965909420914908,0.7330624808928107,0.20727842489804024,0.34053802265261707
demo_1850_0058,1842,0.12281705385942658,0.511511014413123,0.36567193172745055,0.6631922702242554
demo_1850_0059,1842,0.04782138917112794,0.4673847556749009,0.4847938551539712,0.46913034140881055
demo_1850_0060,1858,0.22628995354073236,0.5653141273562301,0.20839591910303754,0.39271702782683626
demo_1850_0061,1857,0.18274315415637085,0.6792944236349842,0.137962422208645,0.740234566458023
demo_1850_0062,1857,0.04166294376749551,0.6977373740952428,0.26059968213726176,0.29176432633493377
demo_1850_0063,1858,0.20547676143242702,0.2598310813713019,0.5346921571962711,0.7084878030026559
demo_1850_0064,1855,0.39597351363055105,0.2523584046240427,0.3516680817454063,0.3633582861058914
demo_1850_0065,1849,0.34114907895109137,0.1000174832527189,0.5588334377961897,0.2447701482586162
demo_1850_0066,1843,0.3679622711009666,0.24751430113139802,0.3845234277676353,0.4171719286892364
demo_1850_0067,1855,0.15778411101105436,0.46511612757701726,0.37709976141192836,0.6294027567439396
demo_1850_0068,1851,0.03366954412540344,0.5485144887077157,0.4178159671668809,0.6681303953496862
demo_1850_0069,1848,0.020502258913308955,0.6792182175551978,0.30027952353149334,0.6226148351371592
demo_1850_0070,1846,0.09342167929573399,0.3676320835125339,0.5389462371917323,0.5302986971307451
demo_1850_0071,1850,0.15806413843367192,0.6016294587750225,0.2403064027913054,0.4267125045522181
demo_1850_0072,1841,0.34782079110948716,0.22645020730661103,0.42572900158390187,0.47610435769461507
demo_1850_0073,1859,0.09820945434947646,0.45684051138509846,0.4449500342654249,0.33718966262468936
demo_1850_0074,1843,0.2025103687165772,0.5509248252933948,0.246564805990028,0.08640978967130714
demo_1850_0075,1845,0.4216145788658772,0.22313418606383956,0.3552512350702832,0.5140067778933194
demo_1850_0076,1847,0.04149976735290497,0.5055067241781878,0.45299350846890724,0.3184389558849764
demo_1850_0077,1858,0.21619693819566385,0.4714193810128862,0.31238368079145,0.08964400623240926
demo_1850_0078,1858,0.19078513433139282,0.44882839670829877,0.3603864689603084,0.7712967650607068
demo_1850_0079,1849,0.09543449097590237,0.3233558562339599,0.5812096527901377,0.5877815461192777
demo_1850_0080,1851,0.16727770295083075,0.26430449437950887,0.5684178026696602,0.19010310873639902
demo_1850_0081,1852,0.08802894988276452,0.7351865478989988,0.17678450221823677,0.4417834846071773
demo_1850_0082,1842,0.08847046162299713,0.7960323583773032,0.11549717999969952,0.13924831855771966
demo_1850_0083,1855,0.10442793620477546,0.17788520701911018,0.7176868567761144,0.6507910466358721
demo_1850_0084,1842,0.036245826459130444,0.36625579785941975,0.5974983756814499,0.37191392611254587
demo_1850_0085,1851,0.04273510292062421,0.2617100418763718,0.695554855203004,0.8181457213226779
demo_1850_0086,1847,0.053842261064018945,0.4479588657978776,0.4981988731381035,0.6289328547014478
demo_1850_0087,1857,0.17860349043531798,0.4715895745936019,0.34980693497108,0.4589885428100675
demo_1850_0088,1849,0.0867162211994883,0.5005938225905947,0.412689956209917,0.5174447352361506
demo_1850_0089,1844,0.013980916720415463,0.7064431789389669,0.27957590434061763,0.4417614125859755
demo_1850_0090,1852,0.08734225747968158,0.5181218541286191,0.39453588839169934,0.3576104638831079
demo_1850_0091,1850,0.011529898210240867,0.33154228451155304,0.6569278172782061,0.5823508374645942
demo_1850_0092,1847,0.08896997979655043,0.22974762222242034,0.6812823979810293,0.39604200403662854
demo_1850_0093,1844,0.14238298042858805,0.5204525945332703,0.33716442503814176,0.6378247095905841
demo_1850_0094,1846,0.32650800014349474,0.2478033626217107,0.42568863723479444,0.12568866763806485
demo_1850_0095,1842,0.08341718110948645,0.3659893216817112,0.5505934972088024,0.7669330948216517
demo_1850_0096,1858,0.11660711648697143,0.7854941566624015,0.09789872685062716,0.004823192158559919
demo_1850_0097,1858,0.5512518829042006,0.3044269955625806,0.14432112153321877,0.11631481027716992
demo_1850_0098,1852,0.4686990585841201,0.3406998634802093,0.19060107793567052,0.3896147321102647
demo_1850_0099,1847,0.5054047295315616,0.31933668850101204,0.17525858196742644,0.38285727172983497
demo_1850_0100,1856,0.02809524795472461,0.3234664328358964,0.648438319209379,0.7801255752938467
demo_1850_0101,1850,0.1804779035539182,0.5402349175893338,0.2792871788567479,0.2801167045198018
demo_1850_0102,1850,0.06080665741028017,0.45800844423004355,0.4811848983596761,0.6039970648958357
demo_1850_0103,1853,0.17134938001372443,0.6477242429919191,0.18092637699435632,0.40943157193205576
demo_1850_0104,1856,0.2781408617841191,0.276882597246601,0.4449765409692799,0.4576768005352166
demo_1850_0105,1843,0.2035451761175465,0.39930774699903593,0.39714707688341766,0.56336554225851
demo_1850_0106,1851,0.013362459148310553,0.42146556885973274,0.5651719719919568,0.43397201180661893
demo_1850_0107,1842,0.5951768423031831,0.2626140187238063,0.14220913897301055,0.14771303197949492
demo_1850_0108,1844,0.10289090074932399,0.3126003895141615,0.5845087097365145,0.5844961012671472
demo_1850_0109,1859,0.015525261223697039,0.438599991744833,0.5458747470314699,0.2578949215508904
demo_1850_0110,1844,0.08091871963778878,0.47410423653606815,0.444977043826143,0.2205337916742376
demo_1850_0111,1845,0.4440704937755905,0.19501918085478978,0.36091032536961976,0.4248132686449947
demo_1850_0112,1842,0.02105904739894746,0.32764063304952373,0.6513003195515288,0.31978692643641426
demo_1850_0113,1847,0.194049200229708,0.29666909371000666,0.5092817060602853,0.4432233625229681
demo_1850_0114,1856,0.2670666995435882,0.39328517639180754,0.33964812406460426,0.5808278028559826
demo_1850_0115,1857,0.2280995608759528,0.3616001703734612,0.41030026875058595,0.8651741096008375
demo_1850_0116,1849,0.20345141836243813,0.6079619490662991,0.18858663257126276,0.34687212090054936
demo_1850_0117,1852,0.1292619106278755,0.6475275617519073,0.2232105276202171,0.338012356225163
demo_1850_0118,1848,0.06460468740487756,0.4564342872412167,0.4789610253539058,0.13274484370462453
demo_1850_0119,1851,0.06709907474944543,0.370979897105668,0.5619210281448865,0.40560742908714564
demo_1850_0120,1848,0.13675488610766257,0.14098522108257697,0.7222598928097604,1.0
demo_1850_0121,1852,0.2066918228370308,0.2985600335385684,0.49474814362440084,0.6375576438103335
demo_1850_0122,1857,0.1340361983433211,0.23627260951986315,0.6296911921368159,0.627318170351199
demo_1850_0123,1852,0.3062953358059603,0.2594970287906909,0.4342076354033487,0.5252253267656204
demo_1850_0124,1846,0.08338752155481668,0.33662120106504373,0.5799912773801397,0.8323939259385829
demo_1850_0125,1842,0.10124770581113883,0.5832945184582218,0.31545777573063954,0.3682451019822037
demo_1850_0126,1853,0.040121241597871886,0.6634092273874895,0.29646953101463847,0.40106671815025263
demo_1850_0127,1848,0.31884340834851654,0.21030050769193892,0.4708560839595446,0.49686232476128933
demo_1850_0128,1847,0.17442586116900133,0.6475065881898799,0.17806755064111882,0.33242770655961573
demo_1850_0129,1847,0.15966879920657864,0.6460872888539948,0.19424391193942656,0.18567128661568638
demo_1850_0130,1852,0.08906288462360934,0.25686181055972046,0.6540753048166702,0.4394978770854084
demo_1850_0131,1846,0.23575534374314294,0.4729999363417031,0.2912447199151539,0.4207961256523228
demo_1850_0132,1845,0.08005525524890933,0.39789925508234925,0.5220454896687414,0.838103649490241
demo_1850_0133,1849,0.24477745899801795,0.49540703998008656,0.2598155010218955,0.3999053941984346
demo_1850_0134,1846,0.11240122498116947,0.43379680886040084,0.45380196615842977,0.18707794604797773
demo_1850_0135,1841,0.1173709173527317,0.374243047128628,0.5083860355186405,0.6585950279423525
demo_1850_0136,1850,0.10050297798546982,0.6556527230997876,0.24384429891474257,0.22986695542994937
demo_1850_0137,1856,0.16140444887076374,0.3365421767688673,0.5020533743603691,0.8200983112605971
demo_1850_0138,1856,0.23570148988542233,0.2861939249390594,0.4781045851755184,0.6871634633160641
demo_1850_0139,1852,0.02361278084703743,0.3084331196071251,0.6679540995458374,0.4947763177205113
demo_1850_0140,1849,0.1477936437787932,0.4908581596783293,0.3613481965428774,0.40955858542187323
demo_1850_0141,1854,0.08000324489911884,0.32328378332149615,0.5967129717793851,0.7046080635853043
demo_1850_0142,1841,0.11793358397269761,0.367402389934811,0.5146640260924915,0.6748168296911786
demo_1850_0143,1854,0.11442872574491846,0.4824924334737472,0.4030788407813343,0.5373444957588289
demo_1850_0144,1847,0.15111812534700916,0.35416288338259583,0.494718991270395,0.4904153712936806
demo_1850_0145,1850,0.0365789252515935,0.43793431342550115,0.5254867613229054,0.6527256495809098
demo_1850_0146,1845,0.011976806541906393,0.520719489231362,0.4673037042267316,0.39741720071126996
demo_1850_0147,1841,0.16437694546971152,0.4723876945295701,0.3632353600007184,0.5016706205234918
demo_1850_0148,1846,0.16474745478459105,0.6883420491359636,0.14691049607944529,0.27120678292670564
demo_1850_0149,1849,0.1384442712834543,0.32742921962193167,0.5341265090946139,0.07589141530634136
demo_1850_0150,1849,0.11955305965425284,0.531374628891732,0.349072311454015,0.5180352916317924
demo_1850_0151,1859,0.05588662788348039,0.6310133082998761,0.3131000638166435,0.5693279091262344
demo_1850_0152,1855,0.11663251181132625,0.40816532731331256,0.47520216087536127,0.6618176573671066
demo_1850_0153,1848,0.23042354574972052,0.43917138931632155,0.330405064933958,0.5239082142966834
demo_1850_0154,1849,0.07260265662731885,0.21069169774871352,0.7167056456239677,0.6367551485892529
demo_1850_0155,1850,0.10347384013626654,0.18900358812669987,0.7075225717370335,0.28670478798207255
demo_1850_0156,1853,0.10424826421557096,0.7264146972459248,0.16933703853850415,0.34526964115634784
demo_1850_0157,1854,0.0482510235743273,0.5641900070050152,0.3875589694206575,0.31850199030770526
demo_1850_0158,1847,0.10348691457218011,0.4802381596424574,0.4162749257853625,0.438525633194752
demo_1850_0159,1857,0.14753192233036805,0.23097252637547763,0.6214955512941543,0.5068071085971728
demo_1850_0160,1852,0.17601247344526644,0.5812334620294317,0.24275406452530188,0.27595122902058955
demo_1850_0161,1853,0.12656090150757027,0.5264413610843515,0.3469977374080782,0.6085045348905694
demo_1850_0162,1843,0.47619164720971024,0.2738097585719861,0.2499985942183036,0.4724012703471848
demo_1850_0163,1846,0.09202425554608389,0.5134462853847943,0.39452945906912174,0.4842611830491936
demo_1850_0164,1849,0.13976510689633673,0.3493675864365971,0.5108673066670661,0.7514962227590961
demo_1850_0165,1855,0.12836362813405974,0.38149900968152495,0.49013736218441534,0.46582400543468017
demo_1850_0166,1846,0.011823611499646093,0.5688432044719772,0.4193331840283767,0.5708770776732354
demo_1850_0167,1855,0.40034198779543584,0.38083525661762874,0.2188227555869355,0.47030055690534167
demo_1850_0168,1844,0.39720724414796876,0.3505671261882956,0.2522256296637356,0.30211941680584925
demo_1850_0169,1843,0.1468707866390446,0.5238053211120467,0.3293238922489086,0.2959603039253859
demo_1850_0170,1845,0.03445121679204584,0.5039343476228817,0.4616144355850724,0.60186040192499
demo_1850_0171,1845,0.2483211602518841,0.5362910964958529,0.21538774325226293,0.38307912856373855
demo_1850_0172,1859,0.44996931660921796,0.16009364816448676,0.3899370352262953,0.6186161485989977
demo_1850_0173,1842,0.1738593295647648,0.6092585012884915,0.2168821691467436,0.38097875522802555
demo_1850_0174,1852,0.5851237187262348,0.23320298821924956,0.18167329305451568,0.3400278671707113
demo_1850_0175,1853,0.3213646875097662,0.37196182907845465,0.3066734834117791,0.45781792163261315
demo_1850_0176,1843,0.28856377347095546,0.1652407070771287,0.5461955194519159,0.6617490216427493
demo_1850_0177,1850,0.16202310750527563,0.6471788976949325,0.1907979947997919,0.2816270201903245
demo_1850_0178,1845,0.4590346172434583,0.30600509612726357,0.23496028662927815,0.323966499556228
demo_1850_0179,1853,0.15609388990742673,0.5819886420274148,0.2619174680651584,0.5799456347223282
demo_1850_0180,1850,0.03087092497065112,0.02915267443937722,0.9399764005899716,0.7447922569738394
demo_1850_0181,1845,0.10352170718469036,0.230302350335325,0.6661759424799847,0.7683388580293067
demo_1850_0182,1843,0.06767969813551916,0.7414796270719853,0.19084067479249547,0.15463903669044798
demo_1850_0183,1857,0.16417864640741886,0.6532543759416579,0.18256697765092314,0.11731548139876782
demo_1850_0184,1855,0.13438004644727017,0.22677152033940495,0.638848433213325,0.5532941537036508
demo_1850_0185,1855,0.2207414082116588,0.5209928914593539,0.25826570032898727,0.2573327962631191
demo_1850_0186,1849,0.05588589713055809,0.17714061317831084,0.7669734896911311,0.7250352510816953
demo_1850_0187,1857,0.10652000700212473,0.3589243356150832,0.534555657382792,0.7550752121069852
demo_1850_0188,1857,0.008435185698283904,0.6207748049341396,0.37079000936757645,0.44504492372091253
demo_1850_0189,1855,0.07609797240547174,0.4732555196277336,0.4506465079667945,0.3462015903561866
demo_1850_0190,1856,0.0932614017638715,0.3978662636758467,0.5088723345602818,0.5758537897705333
demo_1850_0191,1857,0.08798554631852115,0.23355656957514861,0.6784578841063303,0.5729122578960385
demo_1850_0192,1853,0.07993345504470702,0.5618491172780832,0.3582174276772098,0.3806814900779899
demo_1850_0193,1841,0.15537494828073942,0.6116138709664255,0.23301118075283508,0.08944576773122914
demo_1850_0194,1846,0.1725794108382734,0.5920420747899675,0.23537851437175905,0.22974760838986055
demo_1850_0195,1850,0.1960239341514539,0.2401282548532275,0.5638478109953187,0.40580521090393956
demo_1850_0196,1850,0.1265047731771558,0.3719408337148201,0.501554393108024,0.6160047368570061
demo_1850_0197,1855,0.08754329489674482,0.5597008828699302,0.3527558222333249,0.7727928413570255
demo_1850_0198,1855,0.12069093848685902,0.3690752397324653,0.5102338217806757,0.5500516026126709
demo_1850_0199,1847,0.16759894936207062,0.6877099083643521,0.14469114227357732,0.3067435573174041
demo_1850_0200,1853,0.1664891156478602,0.6245217170039732,0.20898916734816653,0.1329197289752959
demo_1850_0201,1851,0.31775356620465445,0.3220078578812963,0.3602385759140492,0.38022741715836295
demo_1850_0202,1846,0.0978908966153588,0.26671144929437063,0.6353976540902705,0.5057227638797919
demo_1850_0203,1856,0.2567423231600326,0.15772095850751625,0.5855367183324512,0.43921336304504877
demo_1850_0204,1855,0.051286654023323316,0.25690387989191094,0.6918094660847659,0.34989539823917876
demo_1850_0205,1848,0.15131919821328188,0.6003931492970087,0.2482876524897093,0.6014512643493061
demo_1850_0206,1850,0.09976281161440327,0.2969413585698907,0.6032958298157061,0.4300501986940578
demo_1850_0207,1848,0.1730741042958941,0.21546350785521223,0.6114623878488937,0.6732377604116265
demo_1850_0208,1859,0.32047615358468223,0.4229803000299903,0.2565435463853274,0.6733800322247425
demo_1850_0209,1852,0.14129705703831008,0.4582463053723563,0.40045663758933364,0.6732610761484792
demo_1850_0210,1848,0.13609773751704596,0.5673409161267288,0.29656134635622533,0.046764655917669484
demo_1850_0211,1854,0.014979217230558244,0.4699302202186665,0.5150905625507753,0.618179856759286
demo_1850_0212,1844,0.15767834019743554,0.23398785892528168,0.6083338008772827,0.6475228601677978
demo_1850_0213,1856,0.15402862123296665,0.3446505621681096,0.5013208165989237,0.2953503179674062
demo_1850_0214,1853,0.10944940668273657,0.13660092676825447,0.7539496665490089,0.6657014312769409
demo_1850_0215,1856,0.10015479633407016,0.45662042334846176,0.4432247803174681,0.6158454153629979
demo_1850_0216,1858,0.49791380106215966,0.24738059476337612,0.2547056041744643,0.427055097196114
demo_1850_0217,1845,0.15328141875751347,0.45002090373112635,0.3966976775113602,0.28763642259249833
demo_1850_0218,1842,0.0821759475445543,0.5589359016163333,0.3588881508391124,0.2875489598825365
demo_1850_0219,1853,0.16966984192951895,0.36083943337792196,0.46949072469255904,0.5724860914834419
demo_1850_0220,1846,0.05531782526432963,0.3037090126692248,0.6409731620664456,0.3492159074189699
demo_1850_0221,1846,0.3713996295741819,0.14301064872451846,0.48558972170129977,0.6441087417857282
demo_1850_0222,1843,0.0329332273554113,0.54172069073471,0.42534608190987877,0.4103930099927081
demo_1850_0223,1844,0.08371022056189711,0.21604617581494415,0.7002436036231589,0.4146785243037074
demo_1850_0224,1844,0.17435448107097024,0.4861200437025195,0.33952547522651044,0.4270395528094549
demo_1850_0225,1845,0.07981499566098248,0.18413367580952966,0.736051328529488,0.5183412755041487
demo_1850_0226,1846,0.016741215044864192,0.41994182566858657,0.5633169592865491,0.8412266778814466
demo_1850_0227,1847,0.0334011752130181,0.5902843497690858,0.3763144750178961,0.06407997783555114
demo_1850_0228,1841,0.1690532737737239,0.5323424681502212,0.2986042580760549,0.17400169190067719
demo_1850_0229,1851,0.25078450608785996,0.28734228976213533,0.46187320415000466,0.28219273688118585
demo_1850_0230,1857,0.14383955215289398,0.4225739412615516,0.4335865065855543,0.6238216002034623
demo_1850_0231,1848,0.22338519544183424,0.16148865481450905,0.6151261497436568,0.5280557122209436
demo_1850_0232,1844,0.3017296025483024,0.15251600268131354,0.545754394770384,0.29867024990480673
demo_1850_0233,1845,0.15765868244521272,0.4987027336601298,0.3436385838946574,0.36716607756939146
demo_1850_0234,1859,0.1795469639319562,0.2042953526573708,0.6161576834106729,0.5586325615129804
demo_1850_0235,1849,0.13472664034751783,0.2437060028449731,0.6215673568075092,0.48241174060212916
demo_1850_0236,1847,0.12412177819119362,0.3403768610937709,0.5355013607150355,0.7050368992560485
demo_1850_0237,1859,0.06354415926162275,0.6000653224478352,0.3363905182905421,0.4720142713844462
demo_1850_0238,1851,0.1632431992774354,0.3464694463692115,0.4902873543533531,0.8010648855384737
demo_1850_0239,1852,0.0976267880483215,0.7041735170182035,0.19819969493347492,0.15286416853072535
demo_1850_0240,1849,0.218672487115517,0.5660333672121286,0.2152941456723543,0.4345492019182306
demo_1850_0241,1854,0.16117521265407117,0.3587195635780181,0.48010522376791076,0.528682349945091
demo_1850_0242,1855,0.14279632910001902,0.2961345572292265,0.5610691136707544,0.5498162925006064
demo_1850_0243,1858,0.4180047160683439,0.13246898460867573,0.4495262993229803,0.5681775682172158
demo_1850_0244,1842,0.07990751654227031,0.3185947952465278,0.6014976882112019,0.5806182467523453
demo_1850_0245,1850,0.05393931113138483,0.4968279933056558,0.4492326955629594,0.46110682209803616
demo_1850_0246,1843,0.03866941963051605,0.5096749480027835,0.4516556323667005,0.35338708009331754
demo_1850_0247,1854,0.18353680321670987,0.488427798706946,0.3280353980763442,0.3212817399624339
demo_1850_0248,1848,0.09330152359905902,0.4715108038181487,0.4351876725827923,0.47020793910310343
demo_1850_0249,1847,0.1674927077430448,0.43874288756222724,0.3937644046947279,0.6563171876018586
demo_1850_0250,1853,0.04856594770404219,0.4222488079157501,0.5291852443802079,0.5668496681337801
demo_1850_0251,1841,0.14504242851171584,0.23914076886130958,0.6158168026269746,0.3952088478239306
demo_1850_0252,1857,0.0522075723069535,0.3901459111963144,0.5576465164967322,0.5458601892570409
demo_1850_0253,1851,0.20148136515468534,0.4854631161202388,0.31305551872507575,0.28965404112844656
demo_1850_0254,1852,0.10927478041256079,0.34870185353193295,0.5420233660555063,0.5659849679265015
demo_1850_0255,1854,0.3748627144403487,0.2788588831729543,0.34627840238669705,0.48833749121352427
demo_1850_0256,1853,0.3025148491797062,0.2518655007926728,0.44561965002762094,0.6750662590271548
demo_1850_0257,1851,0.08128281598285465,0.43517774975748563,0.48353943425965984,0.702961364131045
demo_1850_0258,1846,0.14945755394007965,0.23109234182908453,0.6194501042308359,0.5695259226575353
demo_1850_0259,1845,0.06704656666834216,0.6849232041480682,0.24803022918358966,0.575829719855831
demo_1850_0260,1856,0.23305300723080105,0.43711016730064556,0.3298368254685535,0.3579022319054909
demo_1850_0261,1846,0.17802623155348107,0.28498760617438906,0.5369861622721299,0.45469305269269694
demo_1850_0262,1849,0.5329089403146645,0.3492537316482172,0.11783732803711831,0.3040210988028474
demo_1850_0263,1859,0.26021274125712773,0.5362999207298678,0.20348733801300456,0.4671844594946563
demo_1850_0264,1856,0.1440351643462712,0.4621359346585448,0.3938289009951839,0.7597944557094167
demo_1850_0265,1843,0.19175649366484337,0.5544185005598138,0.2538250057753429,0.5916449333669636
demo_1850_0266,1842,0.08000398969562238,0.5639861274917661,0.35600988281261153,0.36740422698893793
demo_1850_0267,1855,0.0452347900143763,0.22868090015943224,0.7260843098261915,0.5592372715066601
demo_1850_0268,1859,0.18187820244275266,0.3609134645318623,0.4572083330253851,0.466330418911098
demo_1850_0269,1847,0.24530253910361538,0.3574373443888015,0.3972601165075832,0.5014263968774968
demo_1850_0270,1845,0.08145409047271267,0.2989560094044466,0.6195899001228408,0.8784194727947134
demo_1850_0271,1854,0.06384335683708252,0.6126741888727378,0.3234824542901796,0.4560021944918614
demo_1850_0272,1848,0.34701717553445577,0.5089775220301275,0.14400530243541673,0.35837376616749556
demo_1850_0273,1857,0.26343222989615783,0.2191365082978236,0.5174312618060187,0.32055026135908143
demo_1850_0274,1850,0.10407143678489794,0.5886888287986131,0.307239734416489,0.8471710007010796
demo_1850_0275,1847,0.15112010946571844,0.5074294872393298,0.3414504032949518,0.450691129452995
demo_1850_0276,1858,0.31121151264143865,0.24248175196067864,0.4463067353978827,0.7065534489543157
demo_1850_0277,1851,0.1501071520497443,0.40263365034251314,0.4472591976077425,0.6934416047309211
demo_1850_0278,1850,0.16717530894835214,0.26544251684388775,0.5673821742077602,0.5812101434636998
demo_1850_0279,1859,0.0453032794352374,0.321649420675567,0.6330472998891956,0.33780360543431687
demo_1850_0280,1847,0.039022232708975785,0.585395571709411,0.37558219558161327,0.5279925706811279
demo_1850_0281,1854,0.1395120450659339,0.37429130546239625,0.48619664947166985,0.6130379364530683
demo_1850_0282,1852,0.17383098342752293,0.30193634476616005,0.5242326718063172,0.5637139632257157
demo_1850_0283,1856,0.08273173739120951,0.6111409872218699,0.30612727538692047,0.7141815983555551
demo_1850_0284,1845,0.10939659386062996,0.2923981583658859,0.5982052477734842,0.3391214319037047
demo_1850_0285,1849,0.3052339294472646,0.41718151775868834,0.27758455279404715,0.22068413627492006
demo_1850_0286,1846,0.17359312819803022,0.6562835311399098,0.17012334066206003,0.1762284684260619
demo_1850_0287,1851,0.3848439228141016,0.5074420999950194,0.10771397719087895,0.30073495917934984
demo_1850_0288,1858,0.21631930361769913,0.4912032399750172,0.2924774564072838,0.009013640695623049
demo_1850_0289,1857,0.24377553494852036,0.319080386773449,0.43714407827803076,0.32577286589519205
demo_1850_0290,1844,0.3153183115278588,0.32453302598614053,0.3601486624860008,0.6350520800518391
demo_1850_0291,1848,0.2331784346410432,0.2690156052825779,0.49780596007637884,0.4291695590600296
demo_1850_0292,1842,0.35905546469922345,0.35127792788955914,0.28966660741121736,0.5579220852832583
demo_1850_0293,1859,0.13580496231507902,0.5047131996044626,0.3594818380804585,0.5186564642205753
demo_1850_0294,1847,0.021937572374420223,0.2724023239713951,0.7056601036541846,0.9297592622183801
demo_1850_0295,1854,0.05540794664888811,0.6788103512792191,0.26578170207189294,0.6933175236409601
demo_1850_0296,1853,0.06288224854728046,0.12872682178330655,0.8083909296694131,0.469451819523214
demo_1850_0297,1852,0.19581926082750872,0.23966733009550878,0.5645134090769824,0.3129612606487367
demo_1850_0298,1858,0.12880625531074308,0.36435537179179256,0.5068383728974644,0.4937012604306447
demo_1850_0299,1842,0.3694274064247479,0.35442061830144905,0.27615197527380303,0.3652841380229967
demo_1850_0300,1841,0.2141807349151133,0.4017297119233334,0.38408955316155347,0.45703596293755516
demo_1850_0301,1851,0.05918822348154573,0.44903113959428986,0.4917806369241644,0.8534650713536205
demo_1850_0302,1844,0.39939193531257816,0.43243135514007663,0.16817670954734512,0.36519302338706805
demo_1850_0303,1848,0.026788621550226897,0.47728670063017736,0.4959246778195957,0.6002440071112924
demo_1850_0304,1856,0.10930002789532145,0.23550774999068383,0.6551922221139947,0.42315727681601356
demo_1850_0305,1846,0.22034033622360366,0.23907800130613183,0.5405816624702645,0.6169624417059489
demo_1850_0306,1844,0.08185372756146511,0.662616952470053,0.25552931996848194,0.23809241669427628
demo_1850_0307,1855,0.4057756417480911,0.08377331841680981,0.5104510398350991,0.6820721240588954
demo_1850_0308,1847,0.08542890650386975,0.4487129225212126,0.4658581709749177,0.6165489759476056
demo_1850_0309,1845,0.022506127530652408,0.638821059510487,0.3386728129588607,0.24427287635076753
demo_1850_0310,1856,0.05802888806557292,0.20154548951431528,0.7404256224201119,0.43276066141503056
demo_1850_0311,1845,0.08334912977418235,0.3454863869342982,0.5711644832915195,0.5160814455814631
demo_1850_0312,1852,0.013899518645113684,0.4952752572015177,0.4908252241533685,0.6563431291445312
demo_1850_0313,1849,0.27710357719180895,0.5086393344670959,0.2142570883410953,0.2448432824327637
demo_1850_0314,1846,0.38168896432067034,0.24580393302729475,0.37250710265203485,0.6948134914043003
demo_1850_0315,1848,0.11514200473167646,0.1924822755590173,0.6923757197093062,0.7489902038483112
demo_1850_0316,1846,0.2675212471903053,0.19409946165480904,0.5383792911548856,0.450725887590607
demo_1850_0317,1858,0.0931894972708559,0.312953405674782,0.5938570970543621,0.6794604221680385
demo_1850_0318,1858,0.16850320632788024,0.5737985510354392,0.2576982426366805,0.4643491512342379
demo_1850_0319,1858,0.04401365312150756,0.40436408983269134,0.5516222570458011,0.6749503668385614
demo_1850_0320,1849,0.295961593056529,0.35722751050981055,0.34681089643366053,0.7456270319102949
demo_1850_0321,1850,0.039028999497104755,0.5364323709446107,0.4245386295582845,0.5565765994155486
demo_1850_0322,1842,0.027017060809761927,0.3877448774544336,0.5852380617358045,0.6257169800847341
demo_1850_0323,1848,0.2867574179483532,0.212042954967885,0.501199627083762,0.5445797088690129
demo_1850_0324,1859,0.14995112430545016,0.12697611153458513,0.7230727641599647,0.9637136838247942
demo_1850_0325,1847,0.016533140397141825,0.3452100092387005,0.6382568503641577,0.42573883175774463
demo_1850_0326,1845,0.054699274156646174,0.513487774976327,0.4318129508670268,0.264128459131931
demo_1850_0327,1855,0.1650507260790066,0.5945185437262542,0.24043073019473915,0.37291868686600915
demo_1850_0328,1853,0.18728943485721547,0.2926096358724404,0.5201009292703441,0.6392815463454241
demo_1850_0329,1858,0.15143950823743677,0.3651554921615547,0.48340499960100847,0.3229327092851436
demo_1850_0330,1857,0.1267747660353395,0.43378912226043354,0.43943611170422703,0.6781996551415564
demo_1850_0331,1852,0.2085482824861558,0.5525156675867258,0.23893604992711842,0.31961468975753377
demo_1850_0332,1849,0.21084089690218805,0.3659749230611888,0.42318418003662317,0.3591934811598979
demo_1850_0333,1850,0.012317589466955225,0.350774504130382,0.6369079064026627,0.24143307431997862
demo_1850_0334,1855,0.29522344739909545,0.4050726784451838,0.29970387415572086,0.337016036132923
demo_1850_0335,1847,0.002463771053115174,0.7859218292747064,0.21161439967217835,0.4666303387096258
demo_1850_0336,1849,0.1706686610660806,0.4353984667906585,0.3939328721432607,0.7409955374376345
demo_1850_0337,1855,0.156315888253473,0.4286937092061807,0.4149904025403463,0.48029506107763525
demo_1850_0338,1852,0.453496367106248,0.17207501373686374,0.37442861915688824,0.1966188501049236
demo_1850_0339,1842,0.10722221286140299,0.43856180852208526,0.45421597861651164,0.557105912089035
demo_1850_0340,1846,0.10496497835612208,0.2823544348808726,0.6126805867630054,0.5104090988853631
demo_1850_0341,1843,0.23875923075836641,0.34685024336112463,0.41439052588050895,0.47985466002678856
demo_1850_0342,1842,0.13989341708417616,0.22298577723924984,0.6371208056765741,0.4304072368684916
demo_1850_0343,1845,0.6011377090715146,0.11276152328229047,0.28610076764619496,0.3415417637097256
demo_1850_0344,1843,0.13462476888901603,0.20008088396234433,0.6652943471486397,0.4861459194153727
demo_1850_0345,1851,0.22278668041192368,0.1994285240026163,0.57778479558546,0.6592000697131335
demo_1850_0346,1859,0.20641248565063147,0.135517560713505,0.6580699536358635,0.5870421003121369
demo_1850_0347,1850,0.25050887667023763,0.44128253751926455,0.30820858581049776,0.3968456455724045
demo_1850_0348,1854,0.18410859894976847,0.36386851250322916,0.45202288854700234,0.8488263119259354
demo_1850_0349,1843,0.08983680865166638,0.5588787757888429,0.3512844155594907,0.38397851600905003
demo_1850_0350,1849,0.08074724837487625,0.34211644389031187,0.5771363077348118,0.24139407797567014
demo_1850_0351,1842,0.23938096416762075,0.3287210970624199,0.43189793876995936,0.5694267113358941
demo_1850_0352,1842,0.0001478951302922376,0.28906520472427044,0.7107869001454373,0.8363291421723785
demo_1850_0353,1847,0.12387251385687195,0.29245949739532867,0.5836679887477995,0.630360219259557
demo_1850_0354,1851,0.05928929951859813,0.5078090865700265,0.4329016139113754,0.3938276180933785
demo_1850_0355,1845,0.32806086192444867,0.38849680536799647,0.28344233270755476,0.4240372389892633
demo_1850_0356,1841,0.12540998860277897,0.4067594928228561,0.4678305185743649,0.15722779993305047
demo_1850_0357,1849,0.06751704027414539,0.5324966522115563,0.3999863075142984,0.19424580197563107
demo_1850_0358,1854,0.09155856291741869,0.4550908529750716,0.4533505841075097,0.38795572356456504
demo_1850_0359,1847,0.009792035220323486,0.20273891748975886,0.7874690472899176,0.6675109074467287
demo_1850_0360,1859,0.13664331185773643,0.35273376672513873,0.5106229214171248,0.5358732339767145
demo_1850_0361,1845,0.1617557396423009,0.40366366366899914,0.43458059668869997,0.3260850734208718
demo_1850_0362,1846,0.09504910004281722,0.5165738083065453,0.3883770916506375,0.46757042964318096
demo_1850_0363,1846,0.004119799337111872,0.3651103015992232,0.6307698990636651,0.7101104999430587
demo_1850_0364,1846,0.1090215839397794,0.2325706052982889,0.6584078107619317,0.48887495552370985
demo_1850_0365,1858,0.24566141713757797,0.3558709451423171,0.39846763772010485,0.5897120200092797
demo_1850_0366,1844,0.04137298325388118,0.40729724945365836,0.5513297672924604,0.568534787172916
demo_1850_0367,1853,0.08157467157868653,0.1781977519713612,0.7402275764499523,0.4253108528609574
demo_1850_0368,1849,0.18023526209939042,0.6211228914542607,0.19864184644634886,0.3418141050463512
demo_1850_0369,1858,0.026840220359798245,0.7314091768636527,0.2417506027765489,0.34573686220916267
demo_1850_0370,1846,0.38529841092470535,0.444581525133651,0.17012006394164378,0.4811348709202812
demo_1850_0371,1846,0.17450150584086793,0.5220879607256795,0.3034105334334525,0.457510194667214
demo_1850_0372,1841,0.03739224894909384,0.5884906249526834,0.37411712609822284,0.4298333519965006
demo_1850_0373,1851,0.18011875954986029,0.5662333413755223,0.25364789907461754,0.20868393409168393
demo_1850_0374,1859,0.11973335158665672,0.39619256487862886,0.4840740835347143,0.24482063011241678
demo_1850_0375,1854,0.0791845497482653,0.06930888471979778,0.8515065655319369,0.6122649092641332
demo_1850_0376,1850,0.06984143129842482,0.2709134448662901,0.659245123835285,0.5712109678619783
demo_1850_0377,1842,0.18265715975225508,0.4456326193805944,0.3717102208671505,0.6199434799801328
demo_1850_0378,1843,0.3718771982118137,0.26493971562102875,0.36318308616715766,0.6563187634549774
demo_1850_0379,1846,0.19518987309782665,0.5434021513033348,0.26140797559883866,0.322988358640453
demo_1850_0380,1856,0.03839391402202696,0.48303695916580985,0.47856912681216324,0.4264651394667536
demo_1850_0381,1846,0.22780074495101973,0.45983028129352044,0.3123689737554597,0.32082335479448987
demo_1850_0382,1841,0.11745123539668424,0.41085068538558356,0.47169807921773227,0.8115293245445533
demo_1850_0383,1858,0.05965833677108605,0.6480798326258507,0.29226183060306327,0.4440625389697695
demo_1850_0384,1851,0.1757773452614636,0.5832657416272494,0.24095691311128697,0.6296845620335878
demo_1850_0385,1845,0.11874607986168044,0.40969621621436403,0.4715577039239555,0.3961219315928647
demo_1850_0386,1850,0.20425757037647932,0.4042322667736774,0.3915101628498433,0.34387233514688087
demo_1850_0387,1853,0.27353392191817527,0.538124927921206,0.18834115016061873,0.235729479264233
demo_1850_0388,1847,0.45511883115811796,0.3169392641637894,0.2279419046780926,0.2782549339166653
demo_1850_0389,1853,0.21594578438431627,0.25647310001108015,0.5275811156046036,0.42636141699666696
demo_1850_0390,1851,0.11266678252292106,0.6590735870720501,0.2282596304050289,0.29371359565228605
demo_1850_0391,1846,0.09358731046244284,0.3329366144859745,0.5734760750515827,0.3713704863831415
demo_1850_0392,1843,0.21001830526406262,0.6622995650647899,0.12768212967114737,0.45933620366938976
demo_1850_0393,1847,0.05521463446448579,0.7319599813023487,0.21282538423316555,0.36253157644294093
demo_1850_0394,1847,0.06438483078570877,0.5398617757357969,0.39575339347849436,0.5080284916733676
demo_1850_0395,1855,0.013977837173989599,0.5782464299451245,0.40777573288088576,0.25076479060120244
demo_1850_0396,1848,0.020164405123993402,0.6118987345958496,0.3679368602801569,0.2988108996589829
demo_1850_0397,1850,0.3149688312332253,0.48668190104275744,0.1983492677240174,0.364103674778569
demo_1850_0398,1847,0.21695524269532926,0.33583346201941394,0.4472112952852567,0.5480800000618635
demo_1850_0399,1854,0.2676719344357669,0.22718608155886827,0.5051419840053648,0.41582113323225856
demo_1850_0400,1850,0.05867108711872657,0.5324180601512735,0.40891085272999994,0.42068323103637484
demo_1850_0401,1844,0.11191419143675048,0.7752720380748909,0.11281377048835868,0.06253306568833478
demo_1850_0402,1841,0.15735491076387176,0.4831693185897368,0.35947577064639147,0.2185386428307922
demo_1850_0403,1851,0.3200792416189106,0.3174770104655895,0.36244374791550005,0.47452216345989773
demo_1850_0404,1854,0.2092363106923189,0.43418303749377757,0.3565806518139035,0.5677538802586917
demo_1850_0405,1845,0.18635023982421778,0.46645447401478873,0.3471952861609935,0.29954264363278427
demo_1850_0406,1841,0.16461658681846456,0.39645328814205605,0.43893012503947954,0.10130277173504282
demo_1850_0407,1842,0.14403863696872438,0.3431844393308045,0.5127769237004711,0.6547979950389172
demo_1850_0408,1841,0.5046446335947613,0.23874767561008575,0.25660769079515294,0.19414989314912892
demo_1850_0409,1856,0.13514294733652576,0.6277645299841776,0.23709252267929662,0.0
demo_1850_0410,1855,0.03949066597125768,0.7933992705780247,0.16711006345071755,0.23033046536672389
demo_1850_0411,1857,0.13147327569440906,0.3980545625860827,0.4704721617195083,0.723802066390026
demo_1850_0412,1851,0.01731633376309567,0.5121208259046858,0.4705628403322185,0.6605154033733264
demo_1850_0413,1856,0.0612504985536866,0.2004751295438412,0.7382743719024721,0.8348901388320044
demo_1850_0414,1856,0.06714017024091397,0.5896969788324231,0.34316285092666304,0.3054324943692055
demo_1850_0415,1850,0.11191388041363198,0.6725057416157029,0.2155803779706652,0.2017056757530566
demo_1850_0416,1858,0.22929634335902585,0.41913004648013685,0.35157361016083744,0.31789267447526437
demo_1850_0417,1849,0.07736505482486572,0.3861887916391517,0.5364461535359827,0.3490364060398727
demo_1850_0418,1853,0.16068835685831648,0.5740030911569532,0.26530855198473025,0.7614824306044119
demo_1850_0419,1842,0.27226171645864705,0.4364593340359885,0.2912789495053645,0.46430876533437876
demo_1850_0420,1848,0.3258087486514588,0.4092764274548048,0.26491482389373633,0.3822417528778076
demo_1850_0421,1851,0.21610756232030032,0.11092098583074456,0.6729714518489551,0.5952725118038089
demo_1850_0422,1857,0.0995631561207045,0.4540950787071756,0.4463417651721199,0.3717341761086426
demo_1850_0423,1857,0.06165828392283292,0.4633246870725251,0.475017029004642,0.7209521961424785
demo_1850_0424,1841,0.21937716973456503,0.26694473827444354,0.5136780919909915,0.706285669501545
demo_1850_0425,1846,0.04547442974504682,0.5507508847817815,0.40377468547317175,0.35323216692064113
demo_1850_0426,1842,0.02588473534606016,0.43099954154090875,0.5431157231130312,0.530689471292928
demo_1850_0427,1852,0.13012115298844348,0.38639866186323896,0.48348018514831764,0.3870385113571743
demo_1850_0428,1848,0.18119246276366108,0.6442582312312432,0.1745493060050958,0.2946147320185358
demo_1850_0429,1853,0.024499658348316692,0.29165576396646087,0.6838445776852224,0.7203378681398908
demo_1850_0430,1848,0.3294115990707767,0.20762853204692455,0.4629598688822987,0.4690781322969672
demo_1850_0431,1853,0.17080840364113375,0.1789938968050453,0.6501976995538209,0.5236090934599992
demo_1850_0432,1856,0.38608591137162707,0.40283409514411206,0.21107999348426074,0.32724254173650485
demo_1850_0433,1852,0.047113266644208805,0.44969605046205424,0.503190682893737,0.297860197458246
demo_1850_0434,1849,0.10864886230550044,0.44109751910900535,0.45025361858549406,0.5471272585024837
demo_1850_0435,1847,0.4718639108040348,0.0989868573629346,0.42914923183303055,0.3579461165423912
demo_1850_0436,1849,0.21110872845966636,0.2673937667999004,0.5214975047404332,0.38547511118644906
demo_1850_0437,1855,0.20031081869394218,0.5894319233857344,0.21025725792032346,0.4015600383255383
demo_1850_0438,1844,0.09663548804007122,0.625599475535573,0.27776503642435574,0.38147436479950625
demo_1850_0439,1851,0.049361630764050195,0.4844919393123596,0.4661464299235901,0.3862241461224917
demo_1850_0440,1846,0.2234072982090291,0.49018968026506327,0.2864030215259076,0.3760615648664552
demo_1850_0441,1852,0.17277164713019505,0.422109857356278,0.40511849551352686,0.19393051731025734
demo_1850_0442,1854,0.05067627299358287,0.7640153305029415,0.18530839650347572,0.14458902693238426
demo_1850_0443,1847,0.09283859263261639,0.3547382147848616,0.552423192582522,0.4431001666970326
demo_1850_0444,1849,0.02594052992839175,0.4387577968559713,0.5353016732156369,0.385468719538496
demo_1850_0445,1852,0.19103993584225887,0.45484134624778283,0.3541187179099584,0.3996517094323808
demo_1850_0446,1847,0.14141956537562334,0.12169825220578769,0.7368821824185889,0.503320478472611
demo_1850_0447,1859,0.13570819683283356,0.666970656109396,0.19732114705777032,0.597041540374684
demo_1850_0448,1852,0.19903896324781672,0.5160134157888631,0.2849476209633203,0.33648403115172204
demo_1850_0449,1859,0.16539392710576992,0.23099418861592214,0.6036118842783078,0.4127087712260097
demo_1850_0450,1855,0.2668175855148957,0.4644140612736158,0.2687683532114885,0.5300506429582275
demo_1850_0451,1842,0.21417974636704504,0.34091272734680245,0.4449075262861525,0.5045350786583626
demo_1850_0452,1858,0.05361091055273396,0.8191747548110815,0.1272143346361846,0.02900710744291385
demo_1850_0453,1849,0.06176799541405917,0.7295742252608141,0.20865777932512697,0.5027757903509356
demo_1850_0454,1849,0.06729084503211334,0.4169381699653644,0.5157709850025223,0.6887461261356056
demo_1850_0455,1856,0.04874645734995653,0.44005244872026134,0.5112010939297822,0.2978668170780888
demo_1850_0456,1856,0.11856298842429581,0.39580290003935137,0.4856341115363527,0.43368149149365987
demo_1850_0457,1853,0.1469034766045481,0.5784486315597734,0.27464789183567834,0.3367283559957124
demo_1850_0458,1859,0.38046955379544045,0.2552455069527441,0.3642849392518155,0.5262517361936144
demo_1850_0459,1853,0.36041101762796546,0.5035434996648985,0.13604548270713604,0.48770876789136
demo_1850_0460,1849,0.06799182881932017,0.4216849097900094,0.5103232613906704,0.7081788554798516
demo_1850_0461,1853,0.21888792356041384,0.37782094362600716,0.403291132813579,0.4426242914892729
demo_1850_0462,1850,0.38386781806827974,0.20193914719854303,0.41419303473317726,0.444928763027277
demo_1850_0463,1858,0.10455260409629069,0.382449173934031,0.5129982219696784,0.4577237165499944
demo_1850_0464,1842,0.1294625600282409,0.29295550433893613,0.5775819356328229,0.5032263929659165
demo_1850_0465,1847,0.14047821092991897,0.5049029112684378,0.3546188778016431,0.46458049501513854
demo_1850_0466,1854,0.2527042866872202,0.2079560778907079,0.5393396354220719,0.4353318222621357
demo_1850_0467,1851,0.11109661035982898,0.6837051352663087,0.20519825437386233,0.31837917437678676
demo_1850_0468,1844,0.06407620667399883,0.18767770345052284,0.7482460898754784,0.7227137697824795
demo_1850_0469,1844,0.2418294086910918,0.35984288556822985,0.39832770574067844,0.407298002797707
demo_1850_0470,1853,0.26560178200895473,0.309275295559221,0.42512292243182426,0.49669850607455235
demo_1850_0471,1850,0.13697095664691575,0.6372001024358086,0.22582894091727562,0.5526998101577516
demo_1850_0472,1843,0.3616081715123213,0.37235571125763106,0.2660361172300475,0.1371431413794028
demo_1850_0473,1849,0.05598327579274676,0.46053204503022993,0.48348467917702326,0.560697863031551
demo_1850_0474,1843,0.21055009416668938,0.24932875733036514,0.5401211485029455,0.43553683422088807
demo_1850_0475,1857,0.0958511940108168,0.4263545068591221,0.4777942991300611,0.7907155514254349
demo_1850_0476,1852,0.1700230406289669,0.2642626689202089,0.5657142904508241,0.6444971149711836
demo_1850_0477,1856,0.3767249465172377,0.46395544677971057,0.15931960670305176,0.31411659732965497
demo_1850_0478,1855,0.19862761916558605,0.3195865019548524,0.4817858788795615,0.5443347723555769
demo_1850_0479,1842,0.04192843532324955,0.2612356154052361,0.6968359492715144,0.2185458713047715
demo_1850_0480,1855,0.013819409918941181,0.6451009248431253,0.34107966523793365,0.6501799019072779
demo_1850_0481,1855,0.3242632779447797,0.24345705516415936,0.432279666891061,0.4869524368234142
demo_1850_0482,1849,0.146449627648078,0.24211881646418656,0.6114315558877355,0.4735176874611192
demo_1850_0483,1857,0.13640812904039024,0.6067884262903509,0.25680344466925886,0.26420771852331515
demo_1850_0484,1857,0.142594282211792,0.1343637368062467,0.7230419809819614,0.6933106654802333
demo_1850_0485,1842,0.23027433718101512,0.23716956013547738,0.5325561026835074,0.6949070507155226
demo_1850_0486,1845,0.13697642155114953,0.4693113283856812,0.3937122500631694,0.8175538690897894
demo_1850_0487,1843,0.22183652345783855,0.34260177025303445,0.4355617062891269,0.5669962781485021
demo_1850_0488,1844,0.13447949621293867,0.5776116400292867,0.2879088637577745,0.5988118595740836
demo_1850_0489,1855,0.09932931342140844,0.3393889700894623,0.5612817164891293,0.8400180290423239
demo_1850_0490,1843,0.0442211909275626,0.41426900397040795,0.5415098051020294,0.39209373968166833
demo_1850_0491,1858,0.26235822263566594,0.14623930361875917,0.591402473745575,0.532697700223729
demo_1850_0492,1856,0.15917896628002232,0.1299379286162099,0.710883105103768,0.7076246337595482
demo_1850_0493,1844,0.12989148772807874,0.7986659362113533,0.07144257606056789,0.20610774012709626
demo_1850_0494,1857,0.3649946807532804,0.12966102880163086,0.5053442904450888,0.4778699544234247
demo_1850_0495,1849,0.04420832640830641,0.3707861210503002,0.5850055525413935,0.4484818741938083
demo_1850_0496,1843,0.16799682419669656,0.7535655631223878,0.07843761268091556,0.4444494934015788
demo_1850_0497,1844,0.2426046332101861,0.5233421835329385,0.23405318325687535,0.19728219739374447
demo_1850_0498,1846,0.31757947144593457,0.49491532181417025,0.18750520673989507,0.4456081470482549
demo_1850_0499,1854,0.09948611032852274,0.33069943115427164,0.5698144585172057,0.5325259378829093
demo_1850_0500,1851,0.157856637061607,0.15364075376131112,0.6885026091770818,0.5206434265729197
demo_1850_0501,1858,0.14027466839137986,0.4215131365906882,0.4382121950179319,0.5118924276918789
demo_1850_0502,1848,0.3401901964962659,0.11535616812527656,0.5444536353784577,0.6607317453930944
demo_1850_0503,1857,0.18511787763862533,0.6349582808283388,0.17992384153303592,0.175655684584636
demo_1850_0504,1854,0.0657980523113116,0.6942902557181846,0.23991169197050372,0.40852917953705453
demo_1850_0505,1858,0.03336213019647291,0.4949576454739052,0.4716802243296217,0.3486281961372538
demo_1850_0506,1852,0.07792401899283095,0.4831650061074239,0.4389109748997451,0.30551026243524576
demo_1850_0507,1859,0.027331887372332907,0.7606765803384412,0.21199153228922582,0.4541279086209493
demo_1850_0508,1858,0.052445158532158725,0.5272784767869528,0.42027636468088847,0.3807178800879444
demo_1850_0509,1845,0.37697501472857625,0.35019569678012225,0.27282928849130145,0.5282973921224802
demo_1850_0510,1850,0.09560795496239592,0.36933293719003496,0.535059107847569,0.39237492827568393
demo_1850_0511,1848,0.05387281823711552,0.7831678545524208,0.1629593272104637,0.240503178783954
demo_1850_0512,1846,0.06322482170079435,0.735800097396072,0.20097508090313343,0.31543380800542903
demo_1850_0513,1845,0.014884116409843103,0.7612457500723578,0.22387013351779889,0.26551577291715067
demo_1850_0514,1858,0.11707513691184493,0.698185337519332,0.18473952556882312,0.182686891579433
demo_1850_0515,1858,0.180838317727585,0.41291949399374855,0.40624218827866654,0.37400839225584037
demo_1850_0516,1858,0.15583215461172656,0.3833385768435456,0.46082926854472783,0.4617774617938924
demo_1850_0517,1843,0.37400227443906786,0.3759829030993991,0.250014822461533,0.3137058552967347
demo_1850_0518,1854,0.041897938686027925,0.4066485013433571,0.551453559970615,0.8854363161920936
demo_1850_0519,1853,0.26013151160806586,0.5430372705559673,0.19683121783596694,0.26530782738553776
demo_1850_0520,1843,0.2861201733089534,0.3949845412201422,0.31889528547090434,0.6964517884566712
demo_1850_0521,1851,0.04780631532340084,0.3101704058234784,0.6420232788531207,0.5126662419160593
demo_1850_0522,1846,0.05264764120497036,0.45801016010026446,0.4893421986947652,0.572033268695173
demo_1850_0523,1857,0.16462384303162914,0.6411779054325396,0.19419825153583123,0.29252858564832296
demo_1850_0524,1847,0.14211346235186334,0.11162997170868234,0.7462565659394542,0.4650112197103926
demo_1850_0525,1857,0.1734846795284244,0.41780295795780614,0.40871236251376936,0.5612809187592023
demo_1850_0526,1859,0.27692408630093923,0.5487154659762734,0.17436044772278736,0.4536116290770741
demo_1850_0527,1845,0.27034508480322017,0.3754610368450343,0.3541938783517455,0.5968324670634522
demo_1850_0528,1845,0.23561848554032133,0.36801727857896577,0.396364235880713,0.4291461091716797
demo_1850_0529,1859,0.14139099755933965,0.25948254600976733,0.5991264564308931,0.4177821637315481
demo_1850_0530,1845,0.03826062636751475,0.7209817463669074,0.2407576272655777,0.23185943568042186
demo_1850_0531,1852,0.12069440015303227,0.5229697109510857,0.3563358888958822,0.4065828142400858
demo_1850_0532,1859,0.25294465765405194,0.5973475437699224,0.14970779857602567,0.28105790851633905
demo_1850_0533,1844,0.04194569673118531,0.5543267741492492,0.40372752911956544,0.3048343194698809
demo_1850_0534,1847,0.13947884898301596,0.3388242337748011,0.5216969172421829,0.6015423879523902
demo_1850_0535,1857,0.10497628404434155,0.4775306885135022,0.4174930274421563,0.36546361251044124
demo_1850_0536,1842,0.13237949282845482,0.4923641753224597,0.3752563318490855,0.7864234971283495
demo_1850_0537,1853,0.13543472589630484,0.1429859645154972,0.7215793095881979,0.8436006279117338
demo_1850_0538,1854,0.5398847561667109,0.22171133810576713,0.23840390572752201,0.33224950989309254
demo_1850_0539,1850,0.015056602008727037,0.24408945039333285,0.7408539475979402,0.7683385177222319
demo_1850_0540,1847,0.03427837194041827,0.5181029537895713,0.4476186742700104,0.36131547194088465
demo_1850_0541,1849,0.12078617086160427,0.47343853513642176,0.4057752940019739,0.5649046665215105
demo_1850_0542,1858,0.11568829369033118,0.2221369332927896,0.6621747730168792,0.5939043681286668
demo_1850_0543,1858,0.31750930200021343,0.3769938514643913,0.3054968465353951,0.4025254175310423
demo_1850_0544,1851,0.22611348500998443,0.4072663053518815,0.3666202096381341,0.5186951096837233
demo_1850_0545,1848,0.09906501530575232,0.6489500629377365,0.2519849217565112,0.41033382098047494
demo_1850_0546,1859,0.028926138222097802,0.26690284675112863,0.7041710150267736,0.41044236574652804
demo_1850_0547,1859,0.06706662760768826,0.29262854636971286,0.6403048260225989,0.5286616325239473
demo_1850_0548,1845,0.11440640960625793,0.3694828041677087,0.5161107862260333,0.701058216794308
demo_1850_0549,1850,0.18889738703206274,0.43727713484920283,0.37382547811873446,0.33900405015825336
demo_1850_0550,1847,0.544352333376501,0.06525680368983168,0.3903908629336673,0.22410524365203663
demo_1850_0551,1845,0.13099030249597587,0.4140272116803167,0.4549824858237075,0.4080180351142736
demo_1850_0552,1851,0.06369681695639796,0.12485454442383231,0.8114486386197698,0.6583073552006651
demo_1850_0553,1854,0.34181665250971033,0.45047520904308275,0.2077081384472069,0.32293388822492786
demo_1850_0554,1846,0.24472377659193734,0.3298020972782439,0.42547412612981883,0.09901619268365108
demo_1850_0555,1850,0.041632817080870445,0.5311915050456691,0.42717567787346034,0.5754750161735659
demo_1850_0556,1849,0.07666332629330337,0.3918105416173944,0.5315261320893022,0.1046713322235519
demo_1850_0557,1850,0.10124948885981502,0.7234730986918285,0.17527741244835643,0.2999942187033165
demo_1850_0558,1848,0.16335162497302913,0.15831450957068927,0.6783338654562816,0.5280505730127208
demo_1850_0559,1844,0.15594951902659318,0.469396495270035,0.374653985703372,0.15255148295163962
demo_1850_0560,1841,0.09581331476479546,0.597489883318289,0.30669680191691556,0.2752718730469176
demo_1850_0561,1852,0.19456389641995206,0.19924666412527897,0.606189439454769,0.3389654787195574
demo_1850_0562,1858,0.13755773315212064,0.3022296406992897,0.5602126261485896,0.7570909803156722
demo_1850_0563,1848,0.07499793742328903,0.5636770650959789,0.36132499748073205,0.2828520349371405
demo_1850_0564,1849,0.031663937551893714,0.5873468632603163,0.3809891991877902,0.26515756865321954
demo_1850_0565,1843,0.09393463807581835,0.6004515635865532,0.3056137983376286,0.1695939260040944
demo_1850_0566,1854,0.020777721326072297,0.6521944229643878,0.32702785570953996,0.46359691386754853
demo_1850_0567,1847,0.4438106261321716,0.4345290497836814,0.12166032408414684,0.38292633549755845
demo_1850_0568,1856,0.14058788002462141,0.7037352943118225,0.1556768256635561,0.28206331477692254
demo_1850_0569,1848,0.12635279088915755,0.6423244752889363,0.2313227338219061,0.40115627216082306
demo_1850_0570,1854,0.10414899615046251,0.5368358113801203,0.3590151924694173,0.4782436860996747
demo_1850_0571,1847,0.11895258046003186,0.46234783391055934,0.41869958562940884,0.6129088262324104
demo_1850_0572,1845,0.159088420446819,0.5672020307041936,0.27370954884898735,0.3715688674174768
demo_1850_0573,1856,0.319809975244427,0.24805481338896174,0.43213521136661126,0.35651500643594203
demo_1850_0574,1848,0.07070897897863737,0.27087802065750344,0.6584130003638592,0.7123204971341943
demo_1850_0575,1841,0.26925947169396924,0.3175557858022518,0.413184742503779,0.8645306557073935
demo_1850_0576,1843,0.11821443232952186,0.5029454698471576,0.37884009782332057,0.33035185653116467
demo_1850_0577,1856,0.046188570988819996,0.7664516392324675,0.18735978977871248,0.189240930840041
demo_1850_0578,1853,0.016942810546606207,0.3402590499386908,0.6427981395147031,0.8282831164298734
demo_1850_0579,1857,0.05014651977542728,0.7380697677915953,0.21178371243297758,0.4694969392425152
demo_1850_0580,1848,0.1070859326597179,0.5212228174110557,0.3716912499292264,0.47518404354109645
demo_1850_0581,1846,0.37214227517075915,0.3046855702991104,0.32317215453013054,0.48300990387369086
demo_1850_0582,1852,0.228516281199602,0.15938174465952992,0.612101974140868,0.7183320044507533
demo_1850_0583,1854,0.3922984623997856,0.42280097372053216,0.18490056387968218,0.04075056151774775
demo_1850_0584,1842,0.1648916554559707,0.36889010760039714,0.4662182369436323,0.7616052323368079
demo_1850_0585,1854,0.09339081820031168,0.2956511444576369,0.6109580373420516,0.3992106197847729
demo_1850_0586,1854,0.28001073393127734,0.32261006785598595,0.3973791982127367,0.41487113026795747
demo_1850_0587,1847,0.2188455271347582,0.4627542325418645,0.31840024032337727,0.22199448084661214
demo_1850_0588,1843,0.10334240494469735,0.45200849791606007,0.44464909713924256,0.5946477274635593
demo_1850_0589,1855,0.16837424826149525,0.5162837111587661,0.3153420405797386,0.7672754649638528
demo_1850_0590,1847,0.25968693425991163,0.30816722495565085,0.4321458407844375,0.6179676565435159
demo_1850_0591,1851,0.2373210716090389,0.1086545058745373,0.6540244225164239,0.365237508463356
demo_1850_0592,1857,0.05380912960662287,0.16799624239132344,0.7781946280020536,0.7933855140040766
demo_1850_0593,1855,0.07141516361992471,0.30140362077304733,0.627181215607028,0.6887265309510314
demo_1850_0594,1850,0.5254576446683796,0.29624357268007157,0.1782987826515489,0.7186215539171061
demo_1850_0595,1855,0.3006464207807959,0.4072251956884655,0.2921283835307386,0.1848033821781315
demo_1850_0596,1847,0.15544427545029393,0.6124051877106109,0.23215053683909503,0.43236579098986555
demo_1850_0597,1845,0.10626410457976782,0.2639975348211594,0.6297383605990728,1.0
demo_1850_0598,1849,0.11705678780788917,0.47836965975159385,0.40457355244051707,0.6249803246783785
demo_1850_0599,1850,0.3168491225585106,0.367369561902771,0.3157813155387183,0.5182544316813608
demo_1850_0600,1844,0.16074591560572898,0.6020212080149515,0.23723287637931947,0.42146572811614735
demo_1850_0601,1853,0.007516777960442747,0.6004024937364035,0.3920807283031538,0.48592424289452163
demo_1850_0602,1858,0.06291769678110486,0.3886084685688469,0.5484738346500481,0.6314246028117162
demo_1850_0603,1855,0.08168441811699595,0.5336627537208866,0.38465282816211743,0.6464137821040077
demo_1850_0604,1859,0.0932843487994895,0.5198478050169998,0.3868678461835107,0.6864350330731889
demo_1850_0605,1851,0.05505541816508934,0.3233590081411392,0.6215855736937714,0.5313967643323825
demo_1850_0606,1850,0.3298456395924282,0.1648298829619176,0.5053244774456542,0.5159267078903134
demo_1850_0607,1855,0.007662476883922813,0.7305821543975477,0.26175536871852956,0.29307322810185926
demo_1850_0608,1854,0.39566495833337767,0.16943192080109054,0.43490312086553173,0.5858869837433948
demo_1850_0609,1843,0.0996788622394677,0.23792543602282681,0.6623957017377053,0.695689403019618
demo_1850_0610,1844,0.10608932525151687,0.6569573208799903,0.23695335386849292,0.26038433424888924
demo_1850_0611,1858,0.13044380189340699,0.1251221826041527,0.7444340155024404,0.668915490239446
demo_1850_0612,1847,0.03126057462771962,0.16125375817246798,0.8074856671998125,0.8097057787957279
demo_1850_0613,1843,0.5880193030644301,0.10082030116097307,0.3111603957745969,0.7255773819716711
demo_1850_0614,1858,0.21795463772884846,0.38553922440597077,0.3965061378651807,0.5216325321403332
demo_1850_0615,1843,0.11408404978802107,0.17043359317784973,0.7154823570341291,0.6283904136487232
demo_1850_0616,1843,0.028014235184646824,0.5301688243254034,0.4418169404899498,0.34646731121778074
demo_1850_0617,1844,0.054895075057240963,0.3143053904141095,0.6307995345286496,0.31505685986942145
demo_1850_0618,1853,0.20844666610865134,0.2639946574499328,0.5275586764414159,0.7588895925408896
demo_1850_0619,1844,0.0399442387661097,0.31913005260287164,0.6409257086310186,0.48638104380712094
demo_1850_0620,1843,0.3906360131735625,0.23471972701304664,0.3746442598133909,0.3642078192791477
demo_1850_0621,1849,0.11104745487673952,0.7246912223596103,0.1642613227636502,0.4423055450042369
demo_1850_0622,1846,0.05205246031842686,0.47604382617516555,0.47190371350640753,0.543336859094798
demo_1850_0623,1842,0.059880721379214095,0.46454481599460196,0.47557446262618386,0.642317630445026
demo_1850_0624,1859,0.20321930180110936,0.36374367690256265,0.43303702129632804,0.5069241438513843
demo_1850_0625,1846,0.059316195659112496,0.27484291336583655,0.665840890975051,0.7027162485531872
demo_1850_0626,1854,0.058694541260724827,0.3769667907586129,0.5643386679806623,0.6568994046837128
demo_1850_0627,1841,0.3426855923029489,0.3390855144168448,0.3182288932802062,0.4146281644321358
demo_1850_0628,1855,0.09204643793146175,0.6604086759599952,0.24754488610854308,0.49088884354730755
demo_1850_0629,1846,0.43044564785523787,0.29855543113354244,0.27099892101121975,0.3385756609263728
demo_1850_0630,1842,0.12791523903850163,0.44831917295116186,0.42376558801033654,0.4941905020119503
demo_1850_0631,1851,0.2173731398345182,0.36760381958363897,0.41502304058184286,0.5297289683946839
demo_1850_0632,1859,0.24365040777566602,0.37759112661974964,0.37875846560458437,0.6177749833083156
demo_1850_0633,1848,0.2656953054525426,0.21488812830348203,0.5194165662439755,0.7062545213503889
demo_1850_0634,1853,0.18944362598312278,0.4815452497226567,0.32901112429422047,0.5050926514931033
demo_1850_0635,1846,0.20308514517819995,0.29299205542338697,0.5039227993984131,0.563820050103456
demo_1850_0636,1853,0.022426417534380585,0.35644218813681505,0.6211313943288044,0.3815952387594833
demo_1850_0637,1857,0.09153696883185033,0.3048806806830046,0.603582350485145,0.4599257520957712
demo_1850_0638,1856,0.13250179023811126,0.41907330479759936,0.44842490496428933,0.5162415242111273
demo_1850_0639,1859,0.015657163786734443,0.5274640456175285,0.456878790595737,0.6143581646637443
demo_1850_0640,1842,0.1274369333065678,0.6030457960521585,0.26951727064127357,0.4137346975944616
demo_1850_0641,1848,0.3555516698944711,0.2885605539447761,0.3558877761607529,0.3357955274680267
demo_1850_0642,1850,0.14014531180390324,0.3164143501834191,0.5434403380126777,0.6907458962959423
demo_1850_0643,1847,0.10755128951661366,0.25564254107392337,0.636806169409463,0.8532634563243918
demo_1850_0644,1859,0.05786844742290819,0.1668174646354395,0.7753140879416522,1.0
demo_1850_0645,1857,0.08268798992044775,0.6368826417274226,0.2804293683521296,0.4332797067598011
demo_1850_0646,1849,0.2893648180052292,0.2851571352137802,0.4254780467809906,0.4950997615996252
demo_1850_0647,1851,0.020406586340686542,0.6104222096678702,0.3691712039914433,0.5225173693985105
demo_1850_0648,1852,0.14432291531925562,0.32874933160094455,0.5269277530797998,0.5498912064620912
demo_1850_0649,1843,0.16815187872082893,0.4951789302918562,0.33666919098731485,0.5233786889778941
demo_1850_0650,1856,0.15306272047216804,0.19768752310665857,0.6492497564211734,0.4166847813450898
demo_1850_0651,1850,0.27807151743112535,0.30044649270876667,0.4214819898601079,0.6356132615598457
demo_1850_0652,1857,0.08440813675237399,0.5086730679457654,0.40691879530186065,0.2993846746351786
demo_1850_0653,1853,0.2594294927240529,0.30077384318104716,0.4397966640948999,0.43065441936469184
demo_1850_0654,1847,0.01721671020101753,0.536089384699269,0.44669390509971335,0.3501180435635468
demo_1850_0655,1858,0.10640810147014866,0.5369349004806911,0.3566569980491601,0.5151239435309861
demo_1850_0656,1857,0.12785487139631166,0.20943343019339708,0.6627116984102912,0.45153607087468683
demo_1850_0657,1844,0.23749603786111914,0.48377068465635664,0.2787332774825241,0.672140937175626
demo_1850_0658,1849,0.014541202745639048,0.7008598713648554,0.28459892588950564,0.4407549649686071
demo_1850_0659,1855,0.16483593441893027,0.4108727610107692,0.42429130457030056,0.5227711994231127
demo_1850_0660,1854,0.018301871914538418,0.5180302562488825,0.463667871836579,0.3157424804770994
demo_1850_0661,1843,0.21880331565872627,0.46482122280478083,0.31637546153649293,0.41128654681439514
demo_1850_0662,1850,0.12996455376171387,0.5607056169926338,0.30932982924565233,0.509575745485476
demo_1850_0663,1857,0.4279175905541138,0.18262860442240555,0.38945380502348065,0.5399943465618612
demo_1850_0664,1848,0.20417492374758656,0.11965895520831811,0.6761661210440955,0.5098389367933454
demo_1850_0665,1854,0.15654838348111297,0.25823600230909377,0.5852156142097933,0.7742666651501663
demo_1850_0666,1855,0.07786980985864765,0.44405100466380937,0.4780791854775429,0.7006438015207512
demo_1850_0667,1859,0.12166057949111286,0.366964303197506,0.5113751173113811,0.5998372652952326
demo_1850_0668,1844,0.06271458409997346,0.2722513423154512,0.6650340735845754,0.5036961722569181
demo_1850_0669,1850,0.09888557003434062,0.33817463028495015,0.5629397996807091,0.612088301874848
demo_1850_0670,1852,0.3052497914672372,0.3623147703067902,0.3324354382259727,0.4656850044915257
demo_1850_0671,1844,0.25485049740338567,0.21859993773846806,0.5265495648581464,0.38281537945275756
demo_1850_0672,1859,0.09893852179447495,0.08803711546510033,0.8130243627404248,0.5435032040985481
demo_1850_0673,1858,0.08489426698561288,0.6106290271724198,0.30447670584196723,0.3662587144546561
demo_1850_0674,1850,0.35760255178102723,0.26602656376852307,0.3763708844504496,0.5703372299785706
demo_1850_0675,1848,0.2264068239736325,0.4169182635163774,0.3566749125099902,0.4774955729354857
demo_1850_0676,1855,0.23233014158700913,0.47413477142689003,0.29353508698610087,0.35861934988302924
demo_1850_0677,1858,0.41266914455232934,0.44867661299664174,0.13865424245102884,0.21880699343021026
demo_1850_0678,1852,0.1641171239186561,0.6923818160643243,0.14350106001701965,0.3117026865061176
demo_1850_0679,1845,0.49513177311202844,0.2073960612320049,0.2974721656559665,0.6140803746671609
demo_1850_0680,1858,0.3193864930902425,0.33013247630503767,0.3504810306047199,0.36021504049759273
demo_1850_0681,1849,0.17083276696466784,0.23628991802635163,0.5928773150089807,0.5961763547889817
demo_1850_0682,1852,0.5514915139298763,0.2661165202852042,0.18239196578491948,0.2612109016539512
demo_1850_0683,1859,0.1315839579315179,0.36235411470227646,0.5060619273662056,0.5547211917200323
demo_1850_0684,1847,0.22986427951152844,0.22590383689595456,0.544231883592517,0.743234469546154
demo_1850_0685,1841,0.353189730339212,0.2847062032944971,0.3621040663662908,0.31409244178609963
demo_1850_0686,1858,0.15960140891312177,0.310473093759027,0.5299254973278511,0.6557734982202658
demo_1850_0687,1842,0.17418042299396821,0.5330290624260323,0.2927905145799995,0.33090753112356414
demo_1850_0688,1850,0.02579290448498976,0.05350122877886876,0.9207058667361415,0.7574719312930397
demo_1850_0689,1842,0.026585266989302445,0.8290700031511826,0.14434472985951485,0.44462690593305265
demo_1850_0690,1858,0.14431102904798207,0.33142963570379913,0.5242593352482189,0.5066190510244478
demo_1850_0691,1849,0.28499894121013997,0.3287957625951524,0.38620529619470745,0.5025750784283102
demo_1850_0692,1854,0.30603464950722237,0.1890465842781301,0.5049187662146475,0.5651384347518452
demo_1850_0693,1851,0.556953605993092,0.1663273720879216,0.27671902191898634,0.30534905101592824
demo_1850_0694,1843,0.030769265396364303,0.6849967132372561,0.2842340213663795,0.18303721759767197
demo_1850_0695,1852,0.09208562508512076,0.5691855917268616,0.33872878318801763,0.4784294509244844
demo_1850_0696,1841,0.11260639978774654,0.4000318624021288,0.4873617378101246,0.6545538795184942
demo_1850_0697,1853,0.03640584068568477,0.37016524050324695,0.5934289188110682,0.9544875674401576
demo_1850_0698,1849,0.09534638813065323,0.47023644710117457,0.43441716476817216,0.6007944736806567
demo_1850_0699,1855,0.0036958873106549732,0.7602527791901998,0.2360513334991452,0.15238718335842252
demo_political_vertex,1550,0.0,1.0,0.0,0.1
demo_religion_vertex,1600,1.0,0.0,0.0,0.5
demo_science_vertex,1850,0.0,0.0,1.0,0.9
