panel,panel_order,panel_label_en,panel_label_zh,draw_id,null_stat,observed_stat
setting_a,1,Setting A,情景甲,1,0.35735139,0.54000000
setting_a,1,Setting A,情景甲,2,0.34344969,0.54000000
setting_a,1,Setting A,情景甲,3,0.44904689,0.54000000
setting_a,1,Setting A,情景甲,4,0.33916130,0.54000000
setting_a,1,Setting A,情景甲,5,0.34841210,0.54000000
setting_a,1,Setting A,情景甲,6,0.43834134,0.54000000
setting_a,1,Setting A,情景甲,7,0.34879377,0.54000000
setting_a,1,Setting A,情景甲,8,0.31537466,0.54000000
setting_a,1,Setting A,情景甲,9,0.40565073,0.54000000
setting_a,1,Setting A,情景甲,10,0.37921176,0.54000000
setting_a,1,Setting A,情景甲,11,0.37790020,0.54000000
setting_a,1,Setting A,情景甲,12,0.36047925,0.54000000
setting_a,1,Setting A,情景甲,13,0.33089234,0.54000000
setting_a,1,Setting A,情景甲,14,0.28331775,0.54000000
setting_a,1,Setting A,情景甲,15,0.43666390,0.54000000
setting_a,1,Setting A,情景甲,16,0.35212416,0.54000000
setting_a,1,Setting A,情景甲,17,0.38520176,0.54000000
setting_a,1,Setting A,情景甲,18,0.40059996,0.54000000
setting_a,1,Setting A,情景甲,19,0.35482727,0.54000000
setting_a,1,Setting A,情景甲,20,0.29999821,0.54000000
setting_a,1,Setting A,情景甲,21,0.26991025,0.54000000
setting_a,1,Setting A,情景甲,22,0.46368618,0.54000000
setting_a,1,Setting A,情景甲,23,0.36635221,0.54000000
setting_a,1,Setting A,情景甲,24,0.31974529,0.54000000
setting_a,1,Setting A,情景甲,25,0.38386873,0.54000000
setting_a,1,Setting A,情景甲,26,0.33213743,0.54000000
setting_a,1,Setting A,情景甲,27,0.36011228,0.54000000
setting_a,1,Setting A,情景甲,28,0.37123860,0.54000000
setting_a,1,Setting A,情景甲,29,0.36142438,0.54000000
setting_a,1,Setting A,情景甲,30,0.36239245,0.54000000
setting_a,1,Setting A,情景甲,31,0.40596379,0.54000000
setting_a,1,Setting A,情景甲,32,0.40814034,0.54000000
setting_a,1,Setting A,情景甲,33,0.42953974,0.54000000
setting_a,1,Setting A,情景甲,34,0.32001128,0.54000000
setting_a,1,Setting A,情景甲,35,0.32559298,0.54000000
setting_a,1,Setting A,情景甲,36,0.37738736,0.54000000
setting_a,1,Setting A,情景甲,37,0.39278369,0.54000000
setting_a,1,Setting A,情景甲,38,0.40540741,0.54000000
setting_a,1,Setting A,情景甲,39,0.36970591,0.54000000
setting_a,1,Setting A,情景甲,40,0.39656426,0.54000000
setting_a,1,Setting A,情景甲,41,0.33533120,0.54000000
setting_a,1,Setting A,情景甲,42,0.31582608,0.54000000
setting_a,1,Setting A,情景甲,43,0.31807764,0.54000000
setting_a,1,Setting A,情景甲,44,0.33739793,0.54000000
setting_a,1,Setting A,情景甲,45,0.32627433,0.54000000
setting_a,1,Setting A,情景甲,46,0.35671797,0.54000000
setting_a,1,Setting A,情景甲,47,0.36833012,0.54000000
setting_a,1,Setting A,情景甲,48,0.39755060,0.54000000
setting_a,1,Setting A,情景甲,49,0.41978076,0.54000000
setting_a,1,Setting A,情景甲,50,0.36017487,0.54000000
setting_a,1,Setting A,情景甲,51,0.44127510,0.54000000
setting_a,1,Setting A,情景甲,52,0.31561703,0.54000000
setting_a,1,Setting A,情景甲,53,0.37439433,0.54000000
setting_a,1,Setting A,情景甲,54,0.40255924,0.54000000
setting_a,1,Setting A,情景甲,55,0.31252605,0.54000000
setting_a,1,Setting A,情景甲,56,0.40011302,0.54000000
setting_a,1,Setting A,情景甲,57,0.43496177,0.54000000
setting_a,1,Setting A,情景甲,58,0.45659522,0.54000000
setting_a,1,Setting A,情景甲,59,0.34622095,0.54000000
setting_a,1,Setting A,情景甲,60,0.38776542,0.54000000
setting_a,1,Setting A,情景甲,61,0.41232157,0.54000000
setting_a,1,Setting A,情景甲,62,0.46640932,0.54000000
setting_a,1,Setting A,情景甲,63,0.30195548,0.54000000
setting_a,1,Setting A,情景甲,64,0.39745920,0.54000000
setting_a,1,Setting A,情景甲,65,0.32494601,0.54000000
setting_a,1,Setting A,情景甲,66,0.34540167,0.54000000
setting_a,1,Setting A,情景甲,67,0.37665590,0.54000000
setting_a,1,Setting A,情景甲,68,0.39917599,0.54000000
setting_a,1,Setting A,情景甲,69,0.52089629,0.54000000
setting_a,1,Setting A,情景甲,70,0.37236941,0.54000000
setting_a,1,Setting A,情景甲,71,0.44346558,0.54000000
setting_a,1,Setting A,情景甲,72,0.34386397,0.54000000
setting_a,1,Setting A,情景甲,73,0.36007920,0.54000000
setting_a,1,Setting A,情景甲,74,0.41665042,0.54000000
setting_a,1,Setting A,情景甲,75,0.35245288,0.54000000
setting_a,1,Setting A,情景甲,76,0.43199744,0.54000000
setting_a,1,Setting A,情景甲,77,0.35114789,0.54000000
setting_a,1,Setting A,情景甲,78,0.43001815,0.54000000
setting_a,1,Setting A,情景甲,79,0.38643814,0.54000000
setting_a,1,Setting A,情景甲,80,0.42303825,0.54000000
setting_a,1,Setting A,情景甲,81,0.47177081,0.54000000
setting_a,1,Setting A,情景甲,82,0.30830471,0.54000000
setting_a,1,Setting A,情景甲,83,0.43209027,0.54000000
setting_a,1,Setting A,情景甲,84,0.39050874,0.54000000
setting_a,1,Setting A,情景甲,85,0.41155431,0.54000000
setting_a,1,Setting A,情景甲,86,0.36452816,0.54000000
setting_a,1,Setting A,情景甲,87,0.42693355,0.54000000
setting_a,1,Setting A,情景甲,88,0.36258598,0.54000000
setting_a,1,Setting A,情景甲,89,0.44106353,0.54000000
setting_a,1,Setting A,情景甲,90,0.43457946,0.54000000
setting_a,1,Setting A,情景甲,91,0.36515176,0.54000000
setting_a,1,Setting A,情景甲,92,0.40700590,0.54000000
setting_a,1,Setting A,情景甲,93,0.45041419,0.54000000
setting_a,1,Setting A,情景甲,94,0.37755514,0.54000000
setting_a,1,Setting A,情景甲,95,0.37302035,0.54000000
setting_a,1,Setting A,情景甲,96,0.40926412,0.54000000
setting_a,1,Setting A,情景甲,97,0.47113816,0.54000000
setting_a,1,Setting A,情景甲,98,0.49685234,0.54000000
setting_a,1,Setting A,情景甲,99,0.25879082,0.54000000
setting_a,1,Setting A,情景甲,100,0.41049142,0.54000000
setting_a,1,Setting A,情景甲,101,0.32910865,0.54000000
setting_a,1,Setting A,情景甲,102,0.24810524,0.54000000
setting_a,1,Setting A,情景甲,103,0.37269909,0.54000000
setting_a,1,Setting A,情景甲,104,0.37529760,0.54000000
setting_a,1,Setting A,情景甲,105,0.36780791,0.54000000
setting_a,1,Setting A,情景甲,106,0.37118804,0.54000000
setting_a,1,Setting A,情景甲,107,0.36413548,0.54000000
setting_a,1,Setting A,情景甲,108,0.36378391,0.54000000
setting_a,1,Setting A,情景甲,109,0.41848031,0.54000000
setting_a,1,Setting A,情景甲,110,0.40821672,0.54000000
setting_a,1,Setting A,情景甲,111,0.38866375,0.54000000
setting_a,1,Setting A,情景甲,112,0.33994693,0.54000000
setting_a,1,Setting A,情景甲,113,0.37206137,0.54000000
setting_a,1,Setting A,情景甲,114,0.37270513,0.54000000
setting_a,1,Setting A,情景甲,115,0.37676177,0.54000000
setting_a,1,Setting A,情景甲,116,0.35699226,0.54000000
setting_a,1,Setting A,情景甲,117,0.39385549,0.54000000
setting_a,1,Setting A,情景甲,118,0.29076149,0.54000000
setting_a,1,Setting A,情景甲,119,0.29784770,0.54000000
setting_a,1,Setting A,情景甲,120,0.46114312,0.54000000
setting_a,1,Setting A,情景甲,121,0.32380968,0.54000000
setting_a,1,Setting A,情景甲,122,0.28184421,0.54000000
setting_a,1,Setting A,情景甲,123,0.42629006,0.54000000
setting_a,1,Setting A,情景甲,124,0.30672206,0.54000000
setting_a,1,Setting A,情景甲,125,0.33023288,0.54000000
setting_a,1,Setting A,情景甲,126,0.37530003,0.54000000
setting_a,1,Setting A,情景甲,127,0.46914836,0.54000000
setting_a,1,Setting A,情景甲,128,0.42285142,0.54000000
setting_a,1,Setting A,情景甲,129,0.30119640,0.54000000
setting_a,1,Setting A,情景甲,130,0.24377489,0.54000000
setting_a,1,Setting A,情景甲,131,0.40450683,0.54000000
setting_a,1,Setting A,情景甲,132,0.45805651,0.54000000
setting_a,1,Setting A,情景甲,133,0.36871758,0.54000000
setting_a,1,Setting A,情景甲,134,0.31745034,0.54000000
setting_a,1,Setting A,情景甲,135,0.34564259,0.54000000
setting_a,1,Setting A,情景甲,136,0.46142519,0.54000000
setting_a,1,Setting A,情景甲,137,0.31221611,0.54000000
setting_a,1,Setting A,情景甲,138,0.27768158,0.54000000
setting_a,1,Setting A,情景甲,139,0.36220289,0.54000000
setting_a,1,Setting A,情景甲,140,0.35579984,0.54000000
setting_a,1,Setting A,情景甲,141,0.35860867,0.54000000
setting_a,1,Setting A,情景甲,142,0.37842810,0.54000000
setting_a,1,Setting A,情景甲,143,0.46824690,0.54000000
setting_a,1,Setting A,情景甲,144,0.36755154,0.54000000
setting_a,1,Setting A,情景甲,145,0.45464735,0.54000000
setting_a,1,Setting A,情景甲,146,0.41322641,0.54000000
setting_a,1,Setting A,情景甲,147,0.36317558,0.54000000
setting_a,1,Setting A,情景甲,148,0.33022467,0.54000000
setting_a,1,Setting A,情景甲,149,0.31432296,0.54000000
setting_a,1,Setting A,情景甲,150,0.41056035,0.54000000
setting_a,1,Setting A,情景甲,151,0.39652637,0.54000000
setting_a,1,Setting A,情景甲,152,0.49154090,0.54000000
setting_a,1,Setting A,情景甲,153,0.38674726,0.54000000
setting_a,1,Setting A,情景甲,154,0.31411202,0.54000000
setting_a,1,Setting A,情景甲,155,0.35039751,0.54000000
setting_a,1,Setting A,情景甲,156,0.30576513,0.54000000
setting_a,1,Setting A,情景甲,157,0.39346494,0.54000000
setting_a,1,Setting A,情景甲,158,0.38417209,0.54000000
setting_a,1,Setting A,情景甲,159,0.41289837,0.54000000
setting_a,1,Setting A,情景甲,160,0.40622245,0.54000000
setting_a,1,Setting A,情景甲,161,0.48044434,0.54000000
setting_a,1,Setting A,情景甲,162,0.38241440,0.54000000
setting_a,1,Setting A,情景甲,163,0.46813134,0.54000000
setting_a,1,Setting A,情景甲,164,0.38742226,0.54000000
setting_a,1,Setting A,情景甲,165,0.39970920,0.54000000
setting_a,1,Setting A,情景甲,166,0.39753057,0.54000000
setting_a,1,Setting A,情景甲,167,0.42469894,0.54000000
setting_a,1,Setting A,情景甲,168,0.39923945,0.54000000
setting_a,1,Setting A,情景甲,169,0.36692901,0.54000000
setting_a,1,Setting A,情景甲,170,0.33036871,0.54000000
setting_a,1,Setting A,情景甲,171,0.39437641,0.54000000
setting_a,1,Setting A,情景甲,172,0.43174508,0.54000000
setting_a,1,Setting A,情景甲,173,0.42682142,0.54000000
setting_a,1,Setting A,情景甲,174,0.39470842,0.54000000
setting_a,1,Setting A,情景甲,175,0.43935879,0.54000000
setting_a,1,Setting A,情景甲,176,0.38234526,0.54000000
setting_a,1,Setting A,情景甲,177,0.40486915,0.54000000
setting_a,1,Setting A,情景甲,178,0.41003588,0.54000000
setting_a,1,Setting A,情景甲,179,0.31418173,0.54000000
setting_a,1,Setting A,情景甲,180,0.40124623,0.54000000
setting_a,1,Setting A,情景甲,181,0.35933816,0.54000000
setting_a,1,Setting A,情景甲,182,0.33923880,0.54000000
setting_a,1,Setting A,情景甲,183,0.39214389,0.54000000
setting_a,1,Setting A,情景甲,184,0.34376753,0.54000000
setting_a,1,Setting A,情景甲,185,0.35485381,0.54000000
setting_a,1,Setting A,情景甲,186,0.35528918,0.54000000
setting_a,1,Setting A,情景甲,187,0.40931566,0.54000000
setting_a,1,Setting A,情景甲,188,0.41302782,0.54000000
setting_a,1,Setting A,情景甲,189,0.37824370,0.54000000
setting_a,1,Setting A,情景甲,190,0.46139589,0.54000000
setting_a,1,Setting A,情景甲,191,0.38702590,0.54000000
setting_a,1,Setting A,情景甲,192,0.39188824,0.54000000
setting_a,1,Setting A,情景甲,193,0.33280685,0.54000000
setting_a,1,Setting A,情景甲,194,0.30514902,0.54000000
setting_a,1,Setting A,情景甲,195,0.40516357,0.54000000
setting_a,1,Setting A,情景甲,196,0.38271831,0.54000000
setting_a,1,Setting A,情景甲,197,0.34740250,0.54000000
setting_a,1,Setting A,情景甲,198,0.37194786,0.54000000
setting_a,1,Setting A,情景甲,199,0.38572733,0.54000000
setting_a,1,Setting A,情景甲,200,0.37747780,0.54000000
setting_a,1,Setting A,情景甲,201,0.41561896,0.54000000
setting_a,1,Setting A,情景甲,202,0.34600866,0.54000000
setting_a,1,Setting A,情景甲,203,0.39194193,0.54000000
setting_a,1,Setting A,情景甲,204,0.40575634,0.54000000
setting_a,1,Setting A,情景甲,205,0.38699835,0.54000000
setting_a,1,Setting A,情景甲,206,0.32809929,0.54000000
setting_a,1,Setting A,情景甲,207,0.39161076,0.54000000
setting_a,1,Setting A,情景甲,208,0.46523356,0.54000000
setting_a,1,Setting A,情景甲,209,0.40406792,0.54000000
setting_a,1,Setting A,情景甲,210,0.38794893,0.54000000
setting_a,1,Setting A,情景甲,211,0.46705454,0.54000000
setting_a,1,Setting A,情景甲,212,0.36403261,0.54000000
setting_a,1,Setting A,情景甲,213,0.30803845,0.54000000
setting_a,1,Setting A,情景甲,214,0.37793078,0.54000000
setting_a,1,Setting A,情景甲,215,0.33711520,0.54000000
setting_a,1,Setting A,情景甲,216,0.39126473,0.54000000
setting_a,1,Setting A,情景甲,217,0.35018193,0.54000000
setting_a,1,Setting A,情景甲,218,0.34277302,0.54000000
setting_a,1,Setting A,情景甲,219,0.45771649,0.54000000
setting_a,1,Setting A,情景甲,220,0.43438206,0.54000000
setting_a,1,Setting A,情景甲,221,0.42207078,0.54000000
setting_a,1,Setting A,情景甲,222,0.39207931,0.54000000
setting_a,1,Setting A,情景甲,223,0.37296184,0.54000000
setting_a,1,Setting A,情景甲,224,0.41559364,0.54000000
setting_a,1,Setting A,情景甲,225,0.35889834,0.54000000
setting_a,1,Setting A,情景甲,226,0.39164413,0.54000000
setting_a,1,Setting A,情景甲,227,0.44773464,0.54000000
setting_a,1,Setting A,情景甲,228,0.37319794,0.54000000
setting_a,1,Setting A,情景甲,229,0.39397174,0.54000000
setting_a,1,Setting A,情景甲,230,0.39441044,0.54000000
setting_a,1,Setting A,情景甲,231,0.32273039,0.54000000
setting_a,1,Setting A,情景甲,232,0.44288277,0.54000000
setting_a,1,Setting A,情景甲,233,0.40298410,0.54000000
setting_a,1,Setting A,情景甲,234,0.38071584,0.54000000
setting_a,1,Setting A,情景甲,235,0.49808645,0.54000000
setting_a,1,Setting A,情景甲,236,0.44682451,0.54000000
setting_a,1,Setting A,情景甲,237,0.41032420,0.54000000
setting_a,1,Setting A,情景甲,238,0.34210804,0.54000000
setting_a,1,Setting A,情景甲,239,0.40741402,0.54000000
setting_a,1,Setting A,情景甲,240,0.31679547,0.54000000
setting_a,1,Setting A,情景甲,241,0.45578803,0.54000000
setting_a,1,Setting A,情景甲,242,0.30638024,0.54000000
setting_a,1,Setting A,情景甲,243,0.44241457,0.54000000
setting_a,1,Setting A,情景甲,244,0.36017286,0.54000000
setting_a,1,Setting A,情景甲,245,0.28605371,0.54000000
setting_a,1,Setting A,情景甲,246,0.36389725,0.54000000
setting_a,1,Setting A,情景甲,247,0.33202056,0.54000000
setting_a,1,Setting A,情景甲,248,0.34382984,0.54000000
setting_a,1,Setting A,情景甲,249,0.34011680,0.54000000
setting_a,1,Setting A,情景甲,250,0.34439073,0.54000000
setting_a,1,Setting A,情景甲,251,0.42547764,0.54000000
setting_a,1,Setting A,情景甲,252,0.37666865,0.54000000
setting_a,1,Setting A,情景甲,253,0.34986758,0.54000000
setting_a,1,Setting A,情景甲,254,0.27495896,0.54000000
setting_a,1,Setting A,情景甲,255,0.37891427,0.54000000
setting_a,1,Setting A,情景甲,256,0.45329300,0.54000000
setting_a,1,Setting A,情景甲,257,0.34655133,0.54000000
setting_a,1,Setting A,情景甲,258,0.36505898,0.54000000
setting_a,1,Setting A,情景甲,259,0.29822161,0.54000000
setting_a,1,Setting A,情景甲,260,0.39392558,0.54000000
setting_a,1,Setting A,情景甲,261,0.31162111,0.54000000
setting_a,1,Setting A,情景甲,262,0.37906499,0.54000000
setting_a,1,Setting A,情景甲,263,0.36205306,0.54000000
setting_a,1,Setting A,情景甲,264,0.35400717,0.54000000
setting_a,1,Setting A,情景甲,265,0.38763609,0.54000000
setting_a,1,Setting A,情景甲,266,0.36643503,0.54000000
setting_a,1,Setting A,情景甲,267,0.33385843,0.54000000
setting_a,1,Setting A,情景甲,268,0.39094540,0.54000000
setting_a,1,Setting A,情景甲,269,0.37071144,0.54000000
setting_a,1,Setting A,情景甲,270,0.29152367,0.54000000
setting_a,1,Setting A,情景甲,271,0.31848573,0.54000000
setting_a,1,Setting A,情景甲,272,0.39428797,0.54000000
setting_a,1,Setting A,情景甲,273,0.34269825,0.54000000
setting_a,1,Setting A,情景甲,274,0.18811018,0.54000000
setting_a,1,Setting A,情景甲,275,0.44752640,0.54000000
setting_a,1,Setting A,情景甲,276,0.37758325,0.54000000
setting_a,1,Setting A,情景甲,277,0.39216154,0.54000000
setting_a,1,Setting A,情景甲,278,0.37684005,0.54000000
setting_a,1,Setting A,情景甲,279,0.40400290,0.54000000
setting_a,1,Setting A,情景甲,280,0.33687709,0.54000000
setting_a,1,Setting A,情景甲,281,0.36348296,0.54000000
setting_a,1,Setting A,情景甲,282,0.28484216,0.54000000
setting_a,1,Setting A,情景甲,283,0.44110296,0.54000000
setting_a,1,Setting A,情景甲,284,0.38680996,0.54000000
setting_a,1,Setting A,情景甲,285,0.29543980,0.54000000
setting_a,1,Setting A,情景甲,286,0.38521634,0.54000000
setting_a,1,Setting A,情景甲,287,0.30913694,0.54000000
setting_a,1,Setting A,情景甲,288,0.35862342,0.54000000
setting_a,1,Setting A,情景甲,289,0.37899084,0.54000000
setting_a,1,Setting A,情景甲,290,0.42427167,0.54000000
setting_a,1,Setting A,情景甲,291,0.32295706,0.54000000
setting_a,1,Setting A,情景甲,292,0.36435030,0.54000000
setting_a,1,Setting A,情景甲,293,0.38676451,0.54000000
setting_a,1,Setting A,情景甲,294,0.40641241,0.54000000
setting_a,1,Setting A,情景甲,295,0.40413846,0.54000000
setting_a,1,Setting A,情景甲,296,0.40507351,0.54000000
setting_a,1,Setting A,情景甲,297,0.38127984,0.54000000
setting_a,1,Setting A,情景甲,298,0.40263960,0.54000000
setting_a,1,Setting A,情景甲,299,0.35562660,0.54000000
setting_a,1,Setting A,情景甲,300,0.39659358,0.54000000
setting_a,1,Setting A,情景甲,301,0.28646359,0.54000000
setting_a,1,Setting A,情景甲,302,0.41166206,0.54000000
setting_a,1,Setting A,情景甲,303,0.40681540,0.54000000
setting_a,1,Setting A,情景甲,304,0.42542522,0.54000000
setting_a,1,Setting A,情景甲,305,0.38678042,0.54000000
setting_a,1,Setting A,情景甲,306,0.34413747,0.54000000
setting_a,1,Setting A,情景甲,307,0.38555475,0.54000000
setting_a,1,Setting A,情景甲,308,0.47958901,0.54000000
setting_a,1,Setting A,情景甲,309,0.39828393,0.54000000
setting_a,1,Setting A,情景甲,310,0.29966050,0.54000000
setting_a,1,Setting A,情景甲,311,0.38102171,0.54000000
setting_a,1,Setting A,情景甲,312,0.33400967,0.54000000
setting_a,1,Setting A,情景甲,313,0.34254741,0.54000000
setting_a,1,Setting A,情景甲,314,0.35315561,0.54000000
setting_a,1,Setting A,情景甲,315,0.45806260,0.54000000
setting_a,1,Setting A,情景甲,316,0.36691388,0.54000000
setting_a,1,Setting A,情景甲,317,0.37912825,0.54000000
setting_a,1,Setting A,情景甲,318,0.40620905,0.54000000
setting_a,1,Setting A,情景甲,319,0.41047651,0.54000000
setting_a,1,Setting A,情景甲,320,0.39134409,0.54000000
setting_a,1,Setting A,情景甲,321,0.47174426,0.54000000
setting_a,1,Setting A,情景甲,322,0.43637747,0.54000000
setting_a,1,Setting A,情景甲,323,0.38817433,0.54000000
setting_a,1,Setting A,情景甲,324,0.34267451,0.54000000
setting_a,1,Setting A,情景甲,325,0.43363380,0.54000000
setting_a,1,Setting A,情景甲,326,0.44354228,0.54000000
setting_a,1,Setting A,情景甲,327,0.45092471,0.54000000
setting_a,1,Setting A,情景甲,328,0.37841793,0.54000000
setting_a,1,Setting A,情景甲,329,0.35637120,0.54000000
setting_a,1,Setting A,情景甲,330,0.30431204,0.54000000
setting_a,1,Setting A,情景甲,331,0.39500772,0.54000000
setting_a,1,Setting A,情景甲,332,0.34820732,0.54000000
setting_a,1,Setting A,情景甲,333,0.44447940,0.54000000
setting_a,1,Setting A,情景甲,334,0.37307842,0.54000000
setting_a,1,Setting A,情景甲,335,0.31230488,0.54000000
setting_a,1,Setting A,情景甲,336,0.48299414,0.54000000
setting_a,1,Setting A,情景甲,337,0.31225977,0.54000000
setting_a,1,Setting A,情景甲,338,0.30681611,0.54000000
setting_a,1,Setting A,情景甲,339,0.33042098,0.54000000
setting_a,1,Setting A,情景甲,340,0.42512633,0.54000000
setting_a,1,Setting A,情景甲,341,0.42957674,0.54000000
setting_a,1,Setting A,情景甲,342,0.38146740,0.54000000
setting_a,1,Setting A,情景甲,343,0.41855964,0.54000000
setting_a,1,Setting A,情景甲,344,0.37373084,0.54000000
setting_a,1,Setting A,情景甲,345,0.42182610,0.54000000
setting_a,1,Setting A,情景甲,346,0.36978155,0.54000000
setting_a,1,Setting A,情景甲,347,0.41643305,0.54000000
setting_a,1,Setting A,情景甲,348,0.36140757,0.54000000
setting_a,1,Setting A,情景甲,349,0.40419030,0.54000000
setting_a,1,Setting A,情景甲,350,0.31882664,0.54000000
setting_a,1,Setting A,情景甲,351,0.39164017,0.54000000
setting_a,1,Setting A,情景甲,352,0.38162775,0.54000000
setting_a,1,Setting A,情景甲,353,0.31057471,0.54000000
setting_a,1,Setting A,情景甲,354,0.33693875,0.54000000
setting_a,1,Setting A,情景甲,355,0.39922600,0.54000000
setting_a,1,Setting A,情景甲,356,0.43848866,0.54000000
setting_a,1,Setting A,情景甲,357,0.36940285,0.54000000
setting_a,1,Setting A,情景甲,358,0.45927156,0.54000000
setting_a,1,Setting A,情景甲,359,0.34339193,0.54000000
setting_a,1,Setting A,情景甲,360,0.34678498,0.54000000
setting_a,1,Setting A,情景甲,361,0.30279878,0.54000000
setting_a,1,Setting A,情景甲,362,0.37771713,0.54000000
setting_a,1,Setting A,情景甲,363,0.37906482,0.54000000
setting_a,1,Setting A,情景甲,364,0.32751621,0.54000000
setting_a,1,Setting A,情景甲,365,0.40111023,0.54000000
setting_a,1,Setting A,情景甲,366,0.33310396,0.54000000
setting_a,1,Setting A,情景甲,367,0.41678180,0.54000000
setting_a,1,Setting A,情景甲,368,0.35555815,0.54000000
setting_a,1,Setting A,情景甲,369,0.39241702,0.54000000
setting_a,1,Setting A,情景甲,370,0.32418468,0.54000000
setting_a,1,Setting A,情景甲,371,0.45454464,0.54000000
setting_a,1,Setting A,情景甲,372,0.40621122,0.54000000
setting_a,1,Setting A,情景甲,373,0.27653619,0.54000000
setting_a,1,Setting A,情景甲,374,0.37000548,0.54000000
setting_a,1,Setting A,情景甲,375,0.41395254,0.54000000
setting_a,1,Setting A,情景甲,376,0.48866775,0.54000000
setting_a,1,Setting A,情景甲,377,0.38194689,0.54000000
setting_a,1,Setting A,情景甲,378,0.42392350,0.54000000
setting_a,1,Setting A,情景甲,379,0.36519858,0.54000000
setting_a,1,Setting A,情景甲,380,0.44203104,0.54000000
setting_a,1,Setting A,情景甲,381,0.29691028,0.54000000
setting_a,1,Setting A,情景甲,382,0.36752899,0.54000000
setting_a,1,Setting A,情景甲,383,0.37965032,0.54000000
setting_a,1,Setting A,情景甲,384,0.36154672,0.54000000
setting_a,1,Setting A,情景甲,385,0.41136008,0.54000000
setting_a,1,Setting A,情景甲,386,0.31268340,0.54000000
setting_a,1,Setting A,情景甲,387,0.41664849,0.54000000
setting_a,1,Setting A,情景甲,388,0.36905952,0.54000000
setting_a,1,Setting A,情景甲,389,0.33846497,0.54000000
setting_a,1,Setting A,情景甲,390,0.33856659,0.54000000
setting_a,1,Setting A,情景甲,391,0.32248946,0.54000000
setting_a,1,Setting A,情景甲,392,0.35473867,0.54000000
setting_a,1,Setting A,情景甲,393,0.39308539,0.54000000
setting_a,1,Setting A,情景甲,394,0.44573108,0.54000000
setting_a,1,Setting A,情景甲,395,0.34088233,0.54000000
setting_a,1,Setting A,情景甲,396,0.33103868,0.54000000
setting_a,1,Setting A,情景甲,397,0.36599208,0.54000000
setting_a,1,Setting A,情景甲,398,0.30516432,0.54000000
setting_a,1,Setting A,情景甲,399,0.40648344,0.54000000
setting_a,1,Setting A,情景甲,400,0.33226340,0.54000000
setting_a,1,Setting A,情景甲,401,0.27726092,0.54000000
setting_a,1,Setting A,情景甲,402,0.37527212,0.54000000
setting_a,1,Setting A,情景甲,403,0.40605938,0.54000000
setting_a,1,Setting A,情景甲,404,0.39838518,0.54000000
setting_a,1,Setting A,情景甲,405,0.42166133,0.54000000
setting_a,1,Setting A,情景甲,406,0.38387747,0.54000000
setting_a,1,Setting A,情景甲,407,0.39484541,0.54000000
setting_a,1,Setting A,情景甲,408,0.38650316,0.54000000
setting_a,1,Setting A,情景甲,409,0.39538478,0.54000000
setting_a,1,Setting A,情景甲,410,0.39477533,0.54000000
setting_a,1,Setting A,情景甲,411,0.40008794,0.54000000
setting_a,1,Setting A,情景甲,412,0.25713647,0.54000000
setting_a,1,Setting A,情景甲,413,0.32429164,0.54000000
setting_a,1,Setting A,情景甲,414,0.29349644,0.54000000
setting_a,1,Setting A,情景甲,415,0.39435969,0.54000000
setting_a,1,Setting A,情景甲,416,0.38572441,0.54000000
setting_a,1,Setting A,情景甲,417,0.38216126,0.54000000
setting_a,1,Setting A,情景甲,418,0.31836341,0.54000000
setting_a,1,Setting A,情景甲,419,0.43434759,0.54000000
setting_a,1,Setting A,情景甲,420,0.30247706,0.54000000
setting_a,1,Setting A,情景甲,421,0.39183909,0.54000000
setting_a,1,Setting A,情景甲,422,0.39735238,0.54000000
setting_a,1,Setting A,情景甲,423,0.40325203,0.54000000
setting_a,1,Setting A,情景甲,424,0.41591834,0.54000000
setting_a,1,Setting A,情景甲,425,0.42196449,0.54000000
setting_a,1,Setting A,情景甲,426,0.36315132,0.54000000
setting_a,1,Setting A,情景甲,427,0.32686668,0.54000000
setting_a,1,Setting A,情景甲,428,0.34573479,0.54000000
setting_a,1,Setting A,情景甲,429,0.37216291,0.54000000
setting_a,1,Setting A,情景甲,430,0.30067767,0.54000000
setting_a,1,Setting A,情景甲,431,0.30442967,0.54000000
setting_a,1,Setting A,情景甲,432,0.37624280,0.54000000
setting_a,1,Setting A,情景甲,433,0.35342857,0.54000000
setting_a,1,Setting A,情景甲,434,0.38226703,0.54000000
setting_a,1,Setting A,情景甲,435,0.37297556,0.54000000
setting_a,1,Setting A,情景甲,436,0.41908616,0.54000000
setting_a,1,Setting A,情景甲,437,0.38460458,0.54000000
setting_a,1,Setting A,情景甲,438,0.35557581,0.54000000
setting_a,1,Setting A,情景甲,439,0.33473728,0.54000000
setting_a,1,Setting A,情景甲,440,0.39082273,0.54000000
setting_a,1,Setting A,情景甲,441,0.36384333,0.54000000
setting_a,1,Setting A,情景甲,442,0.33621677,0.54000000
setting_a,1,Setting A,情景甲,443,0.38063560,0.54000000
setting_a,1,Setting A,情景甲,444,0.34933727,0.54000000
setting_a,1,Setting A,情景甲,445,0.38060835,0.54000000
setting_a,1,Setting A,情景甲,446,0.35826410,0.54000000
setting_a,1,Setting A,情景甲,447,0.40573283,0.54000000
setting_a,1,Setting A,情景甲,448,0.33647815,0.54000000
setting_a,1,Setting A,情景甲,449,0.36550478,0.54000000
setting_a,1,Setting A,情景甲,450,0.42195393,0.54000000
setting_a,1,Setting A,情景甲,451,0.37551770,0.54000000
setting_a,1,Setting A,情景甲,452,0.48757561,0.54000000
setting_a,1,Setting A,情景甲,453,0.28888350,0.54000000
setting_a,1,Setting A,情景甲,454,0.38641218,0.54000000
setting_a,1,Setting A,情景甲,455,0.29541262,0.54000000
setting_a,1,Setting A,情景甲,456,0.33179119,0.54000000
setting_a,1,Setting A,情景甲,457,0.37929053,0.54000000
setting_a,1,Setting A,情景甲,458,0.43767921,0.54000000
setting_a,1,Setting A,情景甲,459,0.43350079,0.54000000
setting_a,1,Setting A,情景甲,460,0.29308448,0.54000000
setting_a,1,Setting A,情景甲,461,0.36361920,0.54000000
setting_a,1,Setting A,情景甲,462,0.37471546,0.54000000
setting_a,1,Setting A,情景甲,463,0.39990854,0.54000000
setting_a,1,Setting A,情景甲,464,0.42881376,0.54000000
setting_a,1,Setting A,情景甲,465,0.34012332,0.54000000
setting_a,1,Setting A,情景甲,466,0.33397151,0.54000000
setting_a,1,Setting A,情景甲,467,0.29282489,0.54000000
setting_a,1,Setting A,情景甲,468,0.39811097,0.54000000
setting_a,1,Setting A,情景甲,469,0.41951449,0.54000000
setting_a,1,Setting A,情景甲,470,0.31568991,0.54000000
setting_a,1,Setting A,情景甲,471,0.36080168,0.54000000
setting_a,1,Setting A,情景甲,472,0.36470834,0.54000000
setting_a,1,Setting A,情景甲,473,0.38795384,0.54000000
setting_a,1,Setting A,情景甲,474,0.40458952,0.54000000
setting_a,1,Setting A,情景甲,475,0.32372526,0.54000000
setting_a,1,Setting A,情景甲,476,0.38160840,0.54000000
setting_a,1,Setting A,情景甲,477,0.38974698,0.54000000
setting_a,1,Setting A,情景甲,478,0.38341320,0.54000000
setting_a,1,Setting A,情景甲,479,0.34119199,0.54000000
setting_a,1,Setting A,情景甲,480,0.45218838,0.54000000
setting_a,1,Setting A,情景甲,481,0.43427922,0.54000000
setting_a,1,Setting A,情景甲,482,0.34959743,0.54000000
setting_a,1,Setting A,情景甲,483,0.34939790,0.54000000
setting_a,1,Setting A,情景甲,484,0.38398565,0.54000000
setting_a,1,Setting A,情景甲,485,0.43261659,0.54000000
setting_a,1,Setting A,情景甲,486,0.39058398,0.54000000
setting_a,1,Setting A,情景甲,487,0.38916804,0.54000000
setting_a,1,Setting A,情景甲,488,0.38649912,0.54000000
setting_a,1,Setting A,情景甲,489,0.36234735,0.54000000
setting_a,1,Setting A,情景甲,490,0.45410963,0.54000000
setting_a,1,Setting A,情景甲,491,0.50782337,0.54000000
setting_a,1,Setting A,情景甲,492,0.34063714,0.54000000
setting_a,1,Setting A,情景甲,493,0.38027886,0.54000000
setting_a,1,Setting A,情景甲,494,0.36198930,0.54000000
setting_a,1,Setting A,情景甲,495,0.35760713,0.54000000
setting_a,1,Setting A,情景甲,496,0.37296327,0.54000000
setting_a,1,Setting A,情景甲,497,0.46303658,0.54000000
setting_a,1,Setting A,情景甲,498,0.33992564,0.54000000
setting_a,1,Setting A,情景甲,499,0.36714265,0.54000000
setting_a,1,Setting A,情景甲,500,0.34101529,0.54000000
setting_a,1,Setting A,情景甲,501,0.38026949,0.54000000
setting_a,1,Setting A,情景甲,502,0.43191887,0.54000000
setting_a,1,Setting A,情景甲,503,0.35064053,0.54000000
setting_a,1,Setting A,情景甲,504,0.44902750,0.54000000
setting_a,1,Setting A,情景甲,505,0.45437986,0.54000000
setting_a,1,Setting A,情景甲,506,0.42887547,0.54000000
setting_a,1,Setting A,情景甲,507,0.41029578,0.54000000
setting_a,1,Setting A,情景甲,508,0.43754991,0.54000000
setting_a,1,Setting A,情景甲,509,0.46437173,0.54000000
setting_a,1,Setting A,情景甲,510,0.36400464,0.54000000
setting_a,1,Setting A,情景甲,511,0.35842713,0.54000000
setting_a,1,Setting A,情景甲,512,0.37790800,0.54000000
setting_a,1,Setting A,情景甲,513,0.30427763,0.54000000
setting_a,1,Setting A,情景甲,514,0.43115536,0.54000000
setting_a,1,Setting A,情景甲,515,0.29643479,0.54000000
setting_a,1,Setting A,情景甲,516,0.34250105,0.54000000
setting_a,1,Setting A,情景甲,517,0.35249922,0.54000000
setting_a,1,Setting A,情景甲,518,0.39286645,0.54000000
setting_a,1,Setting A,情景甲,519,0.36999525,0.54000000
setting_a,1,Setting A,情景甲,520,0.47939759,0.54000000
setting_a,1,Setting A,情景甲,521,0.39700426,0.54000000
setting_a,1,Setting A,情景甲,522,0.43852600,0.54000000
setting_a,1,Setting A,情景甲,523,0.47989302,0.54000000
setting_a,1,Setting A,情景甲,524,0.32618323,0.54000000
setting_a,1,Setting A,情景甲,525,0.35323354,0.54000000
setting_a,1,Setting A,情景甲,526,0.48737445,0.54000000
setting_a,1,Setting A,情景甲,527,0.37760823,0.54000000
setting_a,1,Setting A,情景甲,528,0.32672797,0.54000000
setting_a,1,Setting A,情景甲,529,0.41596351,0.54000000
setting_a,1,Setting A,情景甲,530,0.34202186,0.54000000
setting_a,1,Setting A,情景甲,531,0.41208142,0.54000000
setting_a,1,Setting A,情景甲,532,0.25646135,0.54000000
setting_a,1,Setting A,情景甲,533,0.38898742,0.54000000
setting_a,1,Setting A,情景甲,534,0.34804706,0.54000000
setting_a,1,Setting A,情景甲,535,0.38337119,0.54000000
setting_a,1,Setting A,情景甲,536,0.35093710,0.54000000
setting_a,1,Setting A,情景甲,537,0.43703463,0.54000000
setting_a,1,Setting A,情景甲,538,0.30549229,0.54000000
setting_a,1,Setting A,情景甲,539,0.41870392,0.54000000
setting_a,1,Setting A,情景甲,540,0.35495367,0.54000000
setting_a,1,Setting A,情景甲,541,0.30793513,0.54000000
setting_a,1,Setting A,情景甲,542,0.42753005,0.54000000
setting_a,1,Setting A,情景甲,543,0.41998296,0.54000000
setting_a,1,Setting A,情景甲,544,0.38163906,0.54000000
setting_a,1,Setting A,情景甲,545,0.36614463,0.54000000
setting_a,1,Setting A,情景甲,546,0.37584754,0.54000000
setting_a,1,Setting A,情景甲,547,0.34148379,0.54000000
setting_a,1,Setting A,情景甲,548,0.43471233,0.54000000
setting_a,1,Setting A,情景甲,549,0.43214612,0.54000000
setting_a,1,Setting A,情景甲,550,0.34448867,0.54000000
setting_a,1,Setting A,情景甲,551,0.44385831,0.54000000
setting_a,1,Setting A,情景甲,552,0.44913197,0.54000000
setting_a,1,Setting A,情景甲,553,0.38201400,0.54000000
setting_a,1,Setting A,情景甲,554,0.38056890,0.54000000
setting_a,1,Setting A,情景甲,555,0.43064509,0.54000000
setting_a,1,Setting A,情景甲,556,0.49834127,0.54000000
setting_a,1,Setting A,情景甲,557,0.38440685,0.54000000
setting_a,1,Setting A,情景甲,558,0.39857995,0.54000000
setting_a,1,Setting A,情景甲,559,0.39874479,0.54000000
setting_a,1,Setting A,情景甲,560,0.35684868,0.54000000
setting_a,1,Setting A,情景甲,561,0.36838592,0.54000000
setting_a,1,Setting A,情景甲,562,0.37709013,0.54000000
setting_a,1,Setting A,情景甲,563,0.34885392,0.54000000
setting_a,1,Setting A,情景甲,564,0.28729242,0.54000000
setting_a,1,Setting A,情景甲,565,0.42692965,0.54000000
setting_a,1,Setting A,情景甲,566,0.52454037,0.54000000
setting_a,1,Setting A,情景甲,567,0.34361983,0.54000000
setting_a,1,Setting A,情景甲,568,0.40827214,0.54000000
setting_a,1,Setting A,情景甲,569,0.32272478,0.54000000
setting_a,1,Setting A,情景甲,570,0.45405470,0.54000000
setting_a,1,Setting A,情景甲,571,0.45896975,0.54000000
setting_a,1,Setting A,情景甲,572,0.38973175,0.54000000
setting_a,1,Setting A,情景甲,573,0.36437704,0.54000000
setting_a,1,Setting A,情景甲,574,0.43471017,0.54000000
setting_a,1,Setting A,情景甲,575,0.39198369,0.54000000
setting_a,1,Setting A,情景甲,576,0.36496629,0.54000000
setting_a,1,Setting A,情景甲,577,0.30363100,0.54000000
setting_a,1,Setting A,情景甲,578,0.30010126,0.54000000
setting_a,1,Setting A,情景甲,579,0.26206938,0.54000000
setting_a,1,Setting A,情景甲,580,0.47270988,0.54000000
setting_a,1,Setting A,情景甲,581,0.39357713,0.54000000
setting_a,1,Setting A,情景甲,582,0.40441585,0.54000000
setting_a,1,Setting A,情景甲,583,0.46767095,0.54000000
setting_a,1,Setting A,情景甲,584,0.43932064,0.54000000
setting_a,1,Setting A,情景甲,585,0.41166434,0.54000000
setting_a,1,Setting A,情景甲,586,0.45733558,0.54000000
setting_a,1,Setting A,情景甲,587,0.30160365,0.54000000
setting_a,1,Setting A,情景甲,588,0.38571398,0.54000000
setting_a,1,Setting A,情景甲,589,0.41378299,0.54000000
setting_a,1,Setting A,情景甲,590,0.41129034,0.54000000
setting_a,1,Setting A,情景甲,591,0.38903284,0.54000000
setting_a,1,Setting A,情景甲,592,0.38643005,0.54000000
setting_a,1,Setting A,情景甲,593,0.43042545,0.54000000
setting_a,1,Setting A,情景甲,594,0.36704463,0.54000000
setting_a,1,Setting A,情景甲,595,0.44583355,0.54000000
setting_a,1,Setting A,情景甲,596,0.37626540,0.54000000
setting_a,1,Setting A,情景甲,597,0.42442428,0.54000000
setting_a,1,Setting A,情景甲,598,0.33082945,0.54000000
setting_a,1,Setting A,情景甲,599,0.36207353,0.54000000
setting_a,1,Setting A,情景甲,600,0.37715183,0.54000000
setting_a,1,Setting A,情景甲,601,0.29634875,0.54000000
setting_a,1,Setting A,情景甲,602,0.37381901,0.54000000
setting_a,1,Setting A,情景甲,603,0.38701718,0.54000000
setting_a,1,Setting A,情景甲,604,0.32760402,0.54000000
setting_a,1,Setting A,情景甲,605,0.38284605,0.54000000
setting_a,1,Setting A,情景甲,606,0.32823649,0.54000000
setting_a,1,Setting A,情景甲,607,0.40224811,0.54000000
setting_a,1,Setting A,情景甲,608,0.37967555,0.54000000
setting_a,1,Setting A,情景甲,609,0.41214031,0.54000000
setting_a,1,Setting A,情景甲,610,0.32663901,0.54000000
setting_a,1,Setting A,情景甲,611,0.37370601,0.54000000
setting_a,1,Setting A,情景甲,612,0.43868419,0.54000000
setting_a,1,Setting A,情景甲,613,0.43849576,0.54000000
setting_a,1,Setting A,情景甲,614,0.39196648,0.54000000
setting_a,1,Setting A,情景甲,615,0.33205293,0.54000000
setting_a,1,Setting A,情景甲,616,0.38636833,0.54000000
setting_a,1,Setting A,情景甲,617,0.42517017,0.54000000
setting_a,1,Setting A,情景甲,618,0.41774842,0.54000000
setting_a,1,Setting A,情景甲,619,0.39022921,0.54000000
setting_a,1,Setting A,情景甲,620,0.35988081,0.54000000
setting_a,1,Setting A,情景甲,621,0.35885758,0.54000000
setting_a,1,Setting A,情景甲,622,0.46359555,0.54000000
setting_a,1,Setting A,情景甲,623,0.41876683,0.54000000
setting_a,1,Setting A,情景甲,624,0.38972760,0.54000000
setting_a,1,Setting A,情景甲,625,0.38399879,0.54000000
setting_a,1,Setting A,情景甲,626,0.30964848,0.54000000
setting_a,1,Setting A,情景甲,627,0.35286047,0.54000000
setting_a,1,Setting A,情景甲,628,0.38917929,0.54000000
setting_a,1,Setting A,情景甲,629,0.38847295,0.54000000
setting_a,1,Setting A,情景甲,630,0.30846590,0.54000000
setting_a,1,Setting A,情景甲,631,0.30774608,0.54000000
setting_a,1,Setting A,情景甲,632,0.33003973,0.54000000
setting_a,1,Setting A,情景甲,633,0.39921974,0.54000000
setting_a,1,Setting A,情景甲,634,0.38452641,0.54000000
setting_a,1,Setting A,情景甲,635,0.36736728,0.54000000
setting_a,1,Setting A,情景甲,636,0.42629778,0.54000000
setting_a,1,Setting A,情景甲,637,0.37421032,0.54000000
setting_a,1,Setting A,情景甲,638,0.39761176,0.54000000
setting_a,1,Setting A,情景甲,639,0.42755259,0.54000000
setting_a,1,Setting A,情景甲,640,0.26411749,0.54000000
setting_a,1,Setting A,情景甲,641,0.39080979,0.54000000
setting_a,1,Setting A,情景甲,642,0.38658758,0.54000000
setting_a,1,Setting A,情景甲,643,0.33885145,0.54000000
setting_a,1,Setting A,情景甲,644,0.41879276,0.54000000
setting_a,1,Setting A,情景甲,645,0.44438794,0.54000000
setting_a,1,Setting A,情景甲,646,0.36312788,0.54000000
setting_a,1,Setting A,情景甲,647,0.48628979,0.54000000
setting_a,1,Setting A,情景甲,648,0.37155644,0.54000000
setting_a,1,Setting A,情景甲,649,0.36267847,0.54000000
setting_a,1,Setting A,情景甲,650,0.42431906,0.54000000
setting_a,1,Setting A,情景甲,651,0.35169349,0.54000000
setting_a,1,Setting A,情景甲,652,0.42317766,0.54000000
setting_a,1,Setting A,情景甲,653,0.31732358,0.54000000
setting_a,1,Setting A,情景甲,654,0.47201860,0.54000000
setting_a,1,Setting A,情景甲,655,0.37534607,0.54000000
setting_a,1,Setting A,情景甲,656,0.38529135,0.54000000
setting_a,1,Setting A,情景甲,657,0.38205996,0.54000000
setting_a,1,Setting A,情景甲,658,0.40429414,0.54000000
setting_a,1,Setting A,情景甲,659,0.30887269,0.54000000
setting_a,1,Setting A,情景甲,660,0.29799286,0.54000000
setting_a,1,Setting A,情景甲,661,0.34545209,0.54000000
setting_a,1,Setting A,情景甲,662,0.34164153,0.54000000
setting_a,1,Setting A,情景甲,663,0.32617006,0.54000000
setting_a,1,Setting A,情景甲,664,0.37711791,0.54000000
setting_a,1,Setting A,情景甲,665,0.27909063,0.54000000
setting_a,1,Setting A,情景甲,666,0.44727693,0.54000000
setting_a,1,Setting A,情景甲,667,0.36568898,0.54000000
setting_a,1,Setting A,情景甲,668,0.39854994,0.54000000
setting_a,1,Setting A,情景甲,669,0.37560846,0.54000000
setting_a,1,Setting A,情景甲,670,0.42644077,0.54000000
setting_a,1,Setting A,情景甲,671,0.45381758,0.54000000
setting_a,1,Setting A,情景甲,672,0.38919027,0.54000000
setting_a,1,Setting A,情景甲,673,0.33152014,0.54000000
setting_a,1,Setting A,情景甲,674,0.39836761,0.54000000
setting_a,1,Setting A,情景甲,675,0.40277044,0.54000000
setting_a,1,Setting A,情景甲,676,0.29767681,0.54000000
setting_a,1,Setting A,情景甲,677,0.44637146,0.54000000
setting_a,1,Setting A,情景甲,678,0.29490360,0.54000000
setting_a,1,Setting A,情景甲,679,0.36710603,0.54000000
setting_a,1,Setting A,情景甲,680,0.38860044,0.54000000
setting_a,1,Setting A,情景甲,681,0.37852149,0.54000000
setting_a,1,Setting A,情景甲,682,0.34258094,0.54000000
setting_a,1,Setting A,情景甲,683,0.42144514,0.54000000
setting_a,1,Setting A,情景甲,684,0.39715943,0.54000000
setting_a,1,Setting A,情景甲,685,0.41770106,0.54000000
setting_a,1,Setting A,情景甲,686,0.41497860,0.54000000
setting_a,1,Setting A,情景甲,687,0.40605339,0.54000000
setting_a,1,Setting A,情景甲,688,0.41663491,0.54000000
setting_a,1,Setting A,情景甲,689,0.36055703,0.54000000
setting_a,1,Setting A,情景甲,690,0.29636333,0.54000000
setting_a,1,Setting A,情景甲,691,0.38488881,0.54000000
setting_a,1,Setting A,情景甲,692,0.36042246,0.54000000
setting_a,1,Setting A,情景甲,693,0.45168111,0.54000000
setting_a,1,Setting A,情景甲,694,0.37267399,0.54000000
setting_a,1,Setting A,情景甲,695,0.34719003,0.54000000
setting_a,1,Setting A,情景甲,696,0.46841971,0.54000000
setting_a,1,Setting A,情景甲,697,0.35561994,0.54000000
setting_a,1,Setting A,情景甲,698,0.42805902,0.54000000
setting_a,1,Setting A,情景甲,699,0.41562607,0.54000000
setting_a,1,Setting A,情景甲,700,0.38658995,0.54000000
setting_a,1,Setting A,情景甲,701,0.42306687,0.54000000
setting_a,1,Setting A,情景甲,702,0.36795899,0.54000000
setting_a,1,Setting A,情景甲,703,0.38187034,0.54000000
setting_a,1,Setting A,情景甲,704,0.40826385,0.54000000
setting_a,1,Setting A,情景甲,705,0.34059276,0.54000000
setting_a,1,Setting A,情景甲,706,0.31900536,0.54000000
setting_a,1,Setting A,情景甲,707,0.39661837,0.54000000
setting_a,1,Setting A,情景甲,708,0.31593125,0.54000000
setting_a,1,Setting A,情景甲,709,0.41801515,0.54000000
setting_a,1,Setting A,情景甲,710,0.42330516,0.54000000
setting_a,1,Setting A,情景甲,711,0.37537254,0.54000000
setting_a,1,Setting A,情景甲,712,0.42613865,0.54000000
setting_a,1,Setting A,情景甲,713,0.36975149,0.54000000
setting_a,1,Setting A,情景甲,714,0.34847724,0.54000000
setting_a,1,Setting A,情景甲,715,0.24396354,0.54000000
setting_a,1,Setting A,情景甲,716,0.33749876,0.54000000
setting_a,1,Setting A,情景甲,717,0.26563016,0.54000000
setting_a,1,Setting A,情景甲,718,0.36873539,0.54000000
setting_a,1,Setting A,情景甲,719,0.44007765,0.54000000
setting_a,1,Setting A,情景甲,720,0.37083392,0.54000000
setting_a,1,Setting A,情景甲,721,0.37226012,0.54000000
setting_a,1,Setting A,情景甲,722,0.39215686,0.54000000
setting_a,1,Setting A,情景甲,723,0.38672107,0.54000000
setting_a,1,Setting A,情景甲,724,0.35411943,0.54000000
setting_a,1,Setting A,情景甲,725,0.35882312,0.54000000
setting_a,1,Setting A,情景甲,726,0.32049306,0.54000000
setting_a,1,Setting A,情景甲,727,0.50755133,0.54000000
setting_a,1,Setting A,情景甲,728,0.35338187,0.54000000
setting_a,1,Setting A,情景甲,729,0.31655330,0.54000000
setting_a,1,Setting A,情景甲,730,0.38660606,0.54000000
setting_a,1,Setting A,情景甲,731,0.37304393,0.54000000
setting_a,1,Setting A,情景甲,732,0.41128785,0.54000000
setting_a,1,Setting A,情景甲,733,0.35303389,0.54000000
setting_a,1,Setting A,情景甲,734,0.43111918,0.54000000
setting_a,1,Setting A,情景甲,735,0.35092162,0.54000000
setting_a,1,Setting A,情景甲,736,0.43318505,0.54000000
setting_a,1,Setting A,情景甲,737,0.28527668,0.54000000
setting_a,1,Setting A,情景甲,738,0.31848958,0.54000000
setting_a,1,Setting A,情景甲,739,0.35532269,0.54000000
setting_a,1,Setting A,情景甲,740,0.38556902,0.54000000
setting_a,1,Setting A,情景甲,741,0.38388100,0.54000000
setting_a,1,Setting A,情景甲,742,0.34916921,0.54000000
setting_a,1,Setting A,情景甲,743,0.34619737,0.54000000
setting_a,1,Setting A,情景甲,744,0.28565119,0.54000000
setting_a,1,Setting A,情景甲,745,0.43210025,0.54000000
setting_a,1,Setting A,情景甲,746,0.41246329,0.54000000
setting_a,1,Setting A,情景甲,747,0.35952756,0.54000000
setting_a,1,Setting A,情景甲,748,0.43618638,0.54000000
setting_a,1,Setting A,情景甲,749,0.43607446,0.54000000
setting_a,1,Setting A,情景甲,750,0.39543264,0.54000000
setting_a,1,Setting A,情景甲,751,0.44060588,0.54000000
setting_a,1,Setting A,情景甲,752,0.40408581,0.54000000
setting_a,1,Setting A,情景甲,753,0.34973990,0.54000000
setting_a,1,Setting A,情景甲,754,0.34180574,0.54000000
setting_a,1,Setting A,情景甲,755,0.39770759,0.54000000
setting_a,1,Setting A,情景甲,756,0.36679174,0.54000000
setting_a,1,Setting A,情景甲,757,0.37422539,0.54000000
setting_a,1,Setting A,情景甲,758,0.40890092,0.54000000
setting_a,1,Setting A,情景甲,759,0.39801579,0.54000000
setting_a,1,Setting A,情景甲,760,0.33814473,0.54000000
setting_a,1,Setting A,情景甲,761,0.43833612,0.54000000
setting_a,1,Setting A,情景甲,762,0.38978542,0.54000000
setting_a,1,Setting A,情景甲,763,0.40226642,0.54000000
setting_a,1,Setting A,情景甲,764,0.39857812,0.54000000
setting_a,1,Setting A,情景甲,765,0.34036601,0.54000000
setting_a,1,Setting A,情景甲,766,0.38616194,0.54000000
setting_a,1,Setting A,情景甲,767,0.34586812,0.54000000
setting_a,1,Setting A,情景甲,768,0.40601112,0.54000000
setting_a,1,Setting A,情景甲,769,0.42124718,0.54000000
setting_a,1,Setting A,情景甲,770,0.33530834,0.54000000
setting_a,1,Setting A,情景甲,771,0.34663206,0.54000000
setting_a,1,Setting A,情景甲,772,0.37772681,0.54000000
setting_a,1,Setting A,情景甲,773,0.32602633,0.54000000
setting_a,1,Setting A,情景甲,774,0.39035592,0.54000000
setting_a,1,Setting A,情景甲,775,0.37654284,0.54000000
setting_a,1,Setting A,情景甲,776,0.33857118,0.54000000
setting_a,1,Setting A,情景甲,777,0.47393455,0.54000000
setting_a,1,Setting A,情景甲,778,0.44445859,0.54000000
setting_a,1,Setting A,情景甲,779,0.39587680,0.54000000
setting_a,1,Setting A,情景甲,780,0.33204406,0.54000000
setting_a,1,Setting A,情景甲,781,0.30785305,0.54000000
setting_a,1,Setting A,情景甲,782,0.38124085,0.54000000
setting_a,1,Setting A,情景甲,783,0.35577113,0.54000000
setting_a,1,Setting A,情景甲,784,0.32801299,0.54000000
setting_a,1,Setting A,情景甲,785,0.45734933,0.54000000
setting_a,1,Setting A,情景甲,786,0.33477098,0.54000000
setting_a,1,Setting A,情景甲,787,0.43751307,0.54000000
setting_a,1,Setting A,情景甲,788,0.29160649,0.54000000
setting_a,1,Setting A,情景甲,789,0.38285286,0.54000000
setting_a,1,Setting A,情景甲,790,0.47133330,0.54000000
setting_a,1,Setting A,情景甲,791,0.28671018,0.54000000
setting_a,1,Setting A,情景甲,792,0.39158339,0.54000000
setting_a,1,Setting A,情景甲,793,0.42292917,0.54000000
setting_a,1,Setting A,情景甲,794,0.42647179,0.54000000
setting_a,1,Setting A,情景甲,795,0.44891673,0.54000000
setting_a,1,Setting A,情景甲,796,0.41355497,0.54000000
setting_a,1,Setting A,情景甲,797,0.28647367,0.54000000
setting_a,1,Setting A,情景甲,798,0.36767937,0.54000000
setting_a,1,Setting A,情景甲,799,0.47147858,0.54000000
setting_a,1,Setting A,情景甲,800,0.39253785,0.54000000
setting_a,1,Setting A,情景甲,801,0.37993568,0.54000000
setting_a,1,Setting A,情景甲,802,0.46507277,0.54000000
setting_a,1,Setting A,情景甲,803,0.44694073,0.54000000
setting_a,1,Setting A,情景甲,804,0.33426803,0.54000000
setting_a,1,Setting A,情景甲,805,0.30313529,0.54000000
setting_a,1,Setting A,情景甲,806,0.39617922,0.54000000
setting_a,1,Setting A,情景甲,807,0.30262587,0.54000000
setting_a,1,Setting A,情景甲,808,0.35162145,0.54000000
setting_a,1,Setting A,情景甲,809,0.31178084,0.54000000
setting_a,1,Setting A,情景甲,810,0.45655684,0.54000000
setting_a,1,Setting A,情景甲,811,0.43011711,0.54000000
setting_a,1,Setting A,情景甲,812,0.42008738,0.54000000
setting_a,1,Setting A,情景甲,813,0.32388001,0.54000000
setting_a,1,Setting A,情景甲,814,0.33689779,0.54000000
setting_a,1,Setting A,情景甲,815,0.42462659,0.54000000
setting_a,1,Setting A,情景甲,816,0.41149002,0.54000000
setting_a,1,Setting A,情景甲,817,0.41599090,0.54000000
setting_a,1,Setting A,情景甲,818,0.31063373,0.54000000
setting_a,1,Setting A,情景甲,819,0.37969706,0.54000000
setting_a,1,Setting A,情景甲,820,0.31671445,0.54000000
setting_a,1,Setting A,情景甲,821,0.31416345,0.54000000
setting_a,1,Setting A,情景甲,822,0.33035528,0.54000000
setting_a,1,Setting A,情景甲,823,0.44042692,0.54000000
setting_a,1,Setting A,情景甲,824,0.33348407,0.54000000
setting_a,1,Setting A,情景甲,825,0.39423184,0.54000000
setting_a,1,Setting A,情景甲,826,0.42275553,0.54000000
setting_a,1,Setting A,情景甲,827,0.36872640,0.54000000
setting_a,1,Setting A,情景甲,828,0.36650687,0.54000000
setting_a,1,Setting A,情景甲,829,0.29829219,0.54000000
setting_a,1,Setting A,情景甲,830,0.39814621,0.54000000
setting_a,1,Setting A,情景甲,831,0.42139871,0.54000000
setting_a,1,Setting A,情景甲,832,0.36829421,0.54000000
setting_a,1,Setting A,情景甲,833,0.37806587,0.54000000
setting_a,1,Setting A,情景甲,834,0.38653765,0.54000000
setting_a,1,Setting A,情景甲,835,0.45862443,0.54000000
setting_a,1,Setting A,情景甲,836,0.42184948,0.54000000
setting_a,1,Setting A,情景甲,837,0.40464300,0.54000000
setting_a,1,Setting A,情景甲,838,0.39530296,0.54000000
setting_a,1,Setting A,情景甲,839,0.35257197,0.54000000
setting_a,1,Setting A,情景甲,840,0.45279923,0.54000000
setting_a,1,Setting A,情景甲,841,0.33969863,0.54000000
setting_a,1,Setting A,情景甲,842,0.39322103,0.54000000
setting_a,1,Setting A,情景甲,843,0.38098741,0.54000000
setting_a,1,Setting A,情景甲,844,0.41851200,0.54000000
setting_a,1,Setting A,情景甲,845,0.36382930,0.54000000
setting_a,1,Setting A,情景甲,846,0.37698039,0.54000000
setting_a,1,Setting A,情景甲,847,0.40093359,0.54000000
setting_a,1,Setting A,情景甲,848,0.37298945,0.54000000
setting_a,1,Setting A,情景甲,849,0.44964341,0.54000000
setting_a,1,Setting A,情景甲,850,0.38299040,0.54000000
setting_a,1,Setting A,情景甲,851,0.43036027,0.54000000
setting_a,1,Setting A,情景甲,852,0.44256457,0.54000000
setting_a,1,Setting A,情景甲,853,0.43532677,0.54000000
setting_a,1,Setting A,情景甲,854,0.29257454,0.54000000
setting_a,1,Setting A,情景甲,855,0.38312023,0.54000000
setting_a,1,Setting A,情景甲,856,0.39651119,0.54000000
setting_a,1,Setting A,情景甲,857,0.48126149,0.54000000
setting_a,1,Setting A,情景甲,858,0.49307335,0.54000000
setting_a,1,Setting A,情景甲,859,0.48461371,0.54000000
setting_a,1,Setting A,情景甲,860,0.40760254,0.54000000
setting_a,1,Setting A,情景甲,861,0.32385738,0.54000000
setting_a,1,Setting A,情景甲,862,0.43006099,0.54000000
setting_a,1,Setting A,情景甲,863,0.37041113,0.54000000
setting_a,1,Setting A,情景甲,864,0.33956649,0.54000000
setting_a,1,Setting A,情景甲,865,0.44473425,0.54000000
setting_a,1,Setting A,情景甲,866,0.46616578,0.54000000
setting_a,1,Setting A,情景甲,867,0.35273116,0.54000000
setting_a,1,Setting A,情景甲,868,0.38558608,0.54000000
setting_a,1,Setting A,情景甲,869,0.36882196,0.54000000
setting_a,1,Setting A,情景甲,870,0.25629714,0.54000000
setting_a,1,Setting A,情景甲,871,0.39008604,0.54000000
setting_a,1,Setting A,情景甲,872,0.29880714,0.54000000
setting_a,1,Setting A,情景甲,873,0.37709843,0.54000000
setting_a,1,Setting A,情景甲,874,0.40717083,0.54000000
setting_a,1,Setting A,情景甲,875,0.46064215,0.54000000
setting_a,1,Setting A,情景甲,876,0.39367453,0.54000000
setting_a,1,Setting A,情景甲,877,0.37887356,0.54000000
setting_a,1,Setting A,情景甲,878,0.38376039,0.54000000
setting_a,1,Setting A,情景甲,879,0.42844059,0.54000000
setting_a,1,Setting A,情景甲,880,0.20565133,0.54000000
setting_a,1,Setting A,情景甲,881,0.40435980,0.54000000
setting_a,1,Setting A,情景甲,882,0.40090143,0.54000000
setting_a,1,Setting A,情景甲,883,0.32610911,0.54000000
setting_a,1,Setting A,情景甲,884,0.42309393,0.54000000
setting_a,1,Setting A,情景甲,885,0.41866247,0.54000000
setting_a,1,Setting A,情景甲,886,0.29329240,0.54000000
setting_a,1,Setting A,情景甲,887,0.37049728,0.54000000
setting_a,1,Setting A,情景甲,888,0.36409763,0.54000000
setting_a,1,Setting A,情景甲,889,0.36655673,0.54000000
setting_a,1,Setting A,情景甲,890,0.27038972,0.54000000
setting_a,1,Setting A,情景甲,891,0.35082021,0.54000000
setting_a,1,Setting A,情景甲,892,0.38236697,0.54000000
setting_a,1,Setting A,情景甲,893,0.34262529,0.54000000
setting_a,1,Setting A,情景甲,894,0.37738673,0.54000000
setting_a,1,Setting A,情景甲,895,0.37455044,0.54000000
setting_a,1,Setting A,情景甲,896,0.35265596,0.54000000
setting_a,1,Setting A,情景甲,897,0.30654850,0.54000000
setting_a,1,Setting A,情景甲,898,0.38602892,0.54000000
setting_a,1,Setting A,情景甲,899,0.41609665,0.54000000
setting_a,1,Setting A,情景甲,900,0.43242999,0.54000000
setting_a,1,Setting A,情景甲,901,0.43005630,0.54000000
setting_a,1,Setting A,情景甲,902,0.31832658,0.54000000
setting_a,1,Setting A,情景甲,903,0.40085120,0.54000000
setting_a,1,Setting A,情景甲,904,0.30472020,0.54000000
setting_a,1,Setting A,情景甲,905,0.37172678,0.54000000
setting_a,1,Setting A,情景甲,906,0.43963884,0.54000000
setting_a,1,Setting A,情景甲,907,0.33018542,0.54000000
setting_a,1,Setting A,情景甲,908,0.33132057,0.54000000
setting_a,1,Setting A,情景甲,909,0.32794396,0.54000000
setting_a,1,Setting A,情景甲,910,0.31683220,0.54000000
setting_a,1,Setting A,情景甲,911,0.41589037,0.54000000
setting_a,1,Setting A,情景甲,912,0.25798939,0.54000000
setting_a,1,Setting A,情景甲,913,0.36515683,0.54000000
setting_a,1,Setting A,情景甲,914,0.42657707,0.54000000
setting_a,1,Setting A,情景甲,915,0.34352402,0.54000000
setting_a,1,Setting A,情景甲,916,0.45663349,0.54000000
setting_a,1,Setting A,情景甲,917,0.45860717,0.54000000
setting_a,1,Setting A,情景甲,918,0.35781635,0.54000000
setting_a,1,Setting A,情景甲,919,0.42674744,0.54000000
setting_a,1,Setting A,情景甲,920,0.46325341,0.54000000
setting_a,1,Setting A,情景甲,921,0.47353834,0.54000000
setting_a,1,Setting A,情景甲,922,0.37775527,0.54000000
setting_a,1,Setting A,情景甲,923,0.37867917,0.54000000
setting_a,1,Setting A,情景甲,924,0.40210957,0.54000000
setting_a,1,Setting A,情景甲,925,0.36043178,0.54000000
setting_a,1,Setting A,情景甲,926,0.35806167,0.54000000
setting_a,1,Setting A,情景甲,927,0.35759154,0.54000000
setting_a,1,Setting A,情景甲,928,0.38860219,0.54000000
setting_a,1,Setting A,情景甲,929,0.47570702,0.54000000
setting_a,1,Setting A,情景甲,930,0.38943502,0.54000000
setting_a,1,Setting A,情景甲,931,0.33630483,0.54000000
setting_a,1,Setting A,情景甲,932,0.43629582,0.54000000
setting_a,1,Setting A,情景甲,933,0.36943812,0.54000000
setting_a,1,Setting A,情景甲,934,0.41960600,0.54000000
setting_a,1,Setting A,情景甲,935,0.34798197,0.54000000
setting_a,1,Setting A,情景甲,936,0.40206014,0.54000000
setting_a,1,Setting A,情景甲,937,0.36239249,0.54000000
setting_a,1,Setting A,情景甲,938,0.38652752,0.54000000
setting_a,1,Setting A,情景甲,939,0.31980927,0.54000000
setting_a,1,Setting A,情景甲,940,0.41439041,0.54000000
setting_a,1,Setting A,情景甲,941,0.43797909,0.54000000
setting_a,1,Setting A,情景甲,942,0.35810720,0.54000000
setting_a,1,Setting A,情景甲,943,0.35742327,0.54000000
setting_a,1,Setting A,情景甲,944,0.44882777,0.54000000
setting_a,1,Setting A,情景甲,945,0.22462399,0.54000000
setting_a,1,Setting A,情景甲,946,0.49885627,0.54000000
setting_a,1,Setting A,情景甲,947,0.41599969,0.54000000
setting_a,1,Setting A,情景甲,948,0.39497383,0.54000000
setting_a,1,Setting A,情景甲,949,0.36624497,0.54000000
setting_a,1,Setting A,情景甲,950,0.43633399,0.54000000
setting_a,1,Setting A,情景甲,951,0.38223752,0.54000000
setting_a,1,Setting A,情景甲,952,0.36901819,0.54000000
setting_a,1,Setting A,情景甲,953,0.40650298,0.54000000
setting_a,1,Setting A,情景甲,954,0.37454805,0.54000000
setting_a,1,Setting A,情景甲,955,0.37222657,0.54000000
setting_a,1,Setting A,情景甲,956,0.33372891,0.54000000
setting_a,1,Setting A,情景甲,957,0.33379989,0.54000000
setting_a,1,Setting A,情景甲,958,0.27931352,0.54000000
setting_a,1,Setting A,情景甲,959,0.33684114,0.54000000
setting_a,1,Setting A,情景甲,960,0.35049237,0.54000000
setting_a,1,Setting A,情景甲,961,0.38341443,0.54000000
setting_a,1,Setting A,情景甲,962,0.39018449,0.54000000
setting_a,1,Setting A,情景甲,963,0.39643037,0.54000000
setting_a,1,Setting A,情景甲,964,0.33651187,0.54000000
setting_a,1,Setting A,情景甲,965,0.42388192,0.54000000
setting_a,1,Setting A,情景甲,966,0.43111782,0.54000000
setting_a,1,Setting A,情景甲,967,0.40866143,0.54000000
setting_a,1,Setting A,情景甲,968,0.29190117,0.54000000
setting_a,1,Setting A,情景甲,969,0.39682210,0.54000000
setting_a,1,Setting A,情景甲,970,0.25276140,0.54000000
setting_a,1,Setting A,情景甲,971,0.34971687,0.54000000
setting_a,1,Setting A,情景甲,972,0.39369944,0.54000000
setting_a,1,Setting A,情景甲,973,0.36752799,0.54000000
setting_a,1,Setting A,情景甲,974,0.36630322,0.54000000
setting_a,1,Setting A,情景甲,975,0.33152396,0.54000000
setting_a,1,Setting A,情景甲,976,0.37656048,0.54000000
setting_a,1,Setting A,情景甲,977,0.41074579,0.54000000
setting_a,1,Setting A,情景甲,978,0.39262577,0.54000000
setting_a,1,Setting A,情景甲,979,0.38562524,0.54000000
setting_a,1,Setting A,情景甲,980,0.35974511,0.54000000
setting_a,1,Setting A,情景甲,981,0.33754922,0.54000000
setting_a,1,Setting A,情景甲,982,0.39847018,0.54000000
setting_a,1,Setting A,情景甲,983,0.35612556,0.54000000
setting_a,1,Setting A,情景甲,984,0.38810522,0.54000000
setting_a,1,Setting A,情景甲,985,0.30990752,0.54000000
setting_a,1,Setting A,情景甲,986,0.37866175,0.54000000
setting_a,1,Setting A,情景甲,987,0.33526066,0.54000000
setting_a,1,Setting A,情景甲,988,0.43901490,0.54000000
setting_a,1,Setting A,情景甲,989,0.37583231,0.54000000
setting_a,1,Setting A,情景甲,990,0.38360541,0.54000000
setting_a,1,Setting A,情景甲,991,0.38137168,0.54000000
setting_a,1,Setting A,情景甲,992,0.37983293,0.54000000
setting_a,1,Setting A,情景甲,993,0.43505284,0.54000000
setting_a,1,Setting A,情景甲,994,0.41865155,0.54000000
setting_a,1,Setting A,情景甲,995,0.36625715,0.54000000
setting_a,1,Setting A,情景甲,996,0.27093544,0.54000000
setting_a,1,Setting A,情景甲,997,0.47351102,0.54000000
setting_a,1,Setting A,情景甲,998,0.41357642,0.54000000
setting_a,1,Setting A,情景甲,999,0.40937453,0.54000000
setting_a,1,Setting A,情景甲,1000,0.45816662,0.54000000
setting_a,1,Setting A,情景甲,1001,0.36772364,0.54000000
setting_a,1,Setting A,情景甲,1002,0.25635495,0.54000000
setting_a,1,Setting A,情景甲,1003,0.33753207,0.54000000
setting_a,1,Setting A,情景甲,1004,0.33386686,0.54000000
setting_a,1,Setting A,情景甲,1005,0.40407664,0.54000000
setting_a,1,Setting A,情景甲,1006,0.40833898,0.54000000
setting_a,1,Setting A,情景甲,1007,0.32576014,0.54000000
setting_a,1,Setting A,情景甲,1008,0.41926397,0.54000000
setting_a,1,Setting A,情景甲,1009,0.39074500,0.54000000
setting_a,1,Setting A,情景甲,1010,0.43430839,0.54000000
setting_a,1,Setting A,情景甲,1011,0.36259479,0.54000000
setting_a,1,Setting A,情景甲,1012,0.35141110,0.54000000
setting_a,1,Setting A,情景甲,1013,0.40101736,0.54000000
setting_a,1,Setting A,情景甲,1014,0.38200267,0.54000000
setting_a,1,Setting A,情景甲,1015,0.33082086,0.54000000
setting_a,1,Setting A,情景甲,1016,0.29875340,0.54000000
setting_a,1,Setting A,情景甲,1017,0.36484465,0.54000000
setting_a,1,Setting A,情景甲,1018,0.42593239,0.54000000
setting_a,1,Setting A,情景甲,1019,0.40063985,0.54000000
setting_a,1,Setting A,情景甲,1020,0.40144299,0.54000000
setting_a,1,Setting A,情景甲,1021,0.34823982,0.54000000
setting_a,1,Setting A,情景甲,1022,0.40195140,0.54000000
setting_a,1,Setting A,情景甲,1023,0.32857408,0.54000000
setting_a,1,Setting A,情景甲,1024,0.45735528,0.54000000
setting_a,1,Setting A,情景甲,1025,0.30047196,0.54000000
setting_a,1,Setting A,情景甲,1026,0.34794463,0.54000000
setting_a,1,Setting A,情景甲,1027,0.38955179,0.54000000
setting_a,1,Setting A,情景甲,1028,0.44176881,0.54000000
setting_a,1,Setting A,情景甲,1029,0.31490161,0.54000000
setting_a,1,Setting A,情景甲,1030,0.39090128,0.54000000
setting_a,1,Setting A,情景甲,1031,0.23862408,0.54000000
setting_a,1,Setting A,情景甲,1032,0.38778795,0.54000000
setting_a,1,Setting A,情景甲,1033,0.35590954,0.54000000
setting_a,1,Setting A,情景甲,1034,0.38620368,0.54000000
setting_a,1,Setting A,情景甲,1035,0.41642026,0.54000000
setting_a,1,Setting A,情景甲,1036,0.33607624,0.54000000
setting_a,1,Setting A,情景甲,1037,0.37719963,0.54000000
setting_a,1,Setting A,情景甲,1038,0.30000492,0.54000000
setting_a,1,Setting A,情景甲,1039,0.32152596,0.54000000
setting_a,1,Setting A,情景甲,1040,0.40151783,0.54000000
setting_a,1,Setting A,情景甲,1041,0.32173794,0.54000000
setting_a,1,Setting A,情景甲,1042,0.32167453,0.54000000
setting_a,1,Setting A,情景甲,1043,0.30225795,0.54000000
setting_a,1,Setting A,情景甲,1044,0.42091905,0.54000000
setting_a,1,Setting A,情景甲,1045,0.32161625,0.54000000
setting_a,1,Setting A,情景甲,1046,0.32974002,0.54000000
setting_a,1,Setting A,情景甲,1047,0.39202497,0.54000000
setting_a,1,Setting A,情景甲,1048,0.38615690,0.54000000
setting_a,1,Setting A,情景甲,1049,0.50596666,0.54000000
setting_a,1,Setting A,情景甲,1050,0.27260159,0.54000000
setting_a,1,Setting A,情景甲,1051,0.33446317,0.54000000
setting_a,1,Setting A,情景甲,1052,0.39623803,0.54000000
setting_a,1,Setting A,情景甲,1053,0.35659970,0.54000000
setting_a,1,Setting A,情景甲,1054,0.31130434,0.54000000
setting_a,1,Setting A,情景甲,1055,0.42691109,0.54000000
setting_a,1,Setting A,情景甲,1056,0.38757631,0.54000000
setting_a,1,Setting A,情景甲,1057,0.34606975,0.54000000
setting_a,1,Setting A,情景甲,1058,0.38421152,0.54000000
setting_a,1,Setting A,情景甲,1059,0.34551403,0.54000000
setting_a,1,Setting A,情景甲,1060,0.31461094,0.54000000
setting_a,1,Setting A,情景甲,1061,0.40094803,0.54000000
setting_a,1,Setting A,情景甲,1062,0.38791394,0.54000000
setting_a,1,Setting A,情景甲,1063,0.39723085,0.54000000
setting_a,1,Setting A,情景甲,1064,0.27521792,0.54000000
setting_a,1,Setting A,情景甲,1065,0.33416677,0.54000000
setting_a,1,Setting A,情景甲,1066,0.41147978,0.54000000
setting_a,1,Setting A,情景甲,1067,0.41545708,0.54000000
setting_a,1,Setting A,情景甲,1068,0.35293281,0.54000000
setting_a,1,Setting A,情景甲,1069,0.34862444,0.54000000
setting_a,1,Setting A,情景甲,1070,0.38177142,0.54000000
setting_a,1,Setting A,情景甲,1071,0.45817869,0.54000000
setting_a,1,Setting A,情景甲,1072,0.42656274,0.54000000
setting_a,1,Setting A,情景甲,1073,0.46289320,0.54000000
setting_a,1,Setting A,情景甲,1074,0.46945530,0.54000000
setting_a,1,Setting A,情景甲,1075,0.34901940,0.54000000
setting_a,1,Setting A,情景甲,1076,0.35058077,0.54000000
setting_a,1,Setting A,情景甲,1077,0.38845721,0.54000000
setting_a,1,Setting A,情景甲,1078,0.42440398,0.54000000
setting_a,1,Setting A,情景甲,1079,0.35742787,0.54000000
setting_a,1,Setting A,情景甲,1080,0.42860343,0.54000000
setting_a,1,Setting A,情景甲,1081,0.29084577,0.54000000
setting_a,1,Setting A,情景甲,1082,0.35723722,0.54000000
setting_a,1,Setting A,情景甲,1083,0.44796858,0.54000000
setting_a,1,Setting A,情景甲,1084,0.44312092,0.54000000
setting_a,1,Setting A,情景甲,1085,0.37582926,0.54000000
setting_a,1,Setting A,情景甲,1086,0.44448768,0.54000000
setting_a,1,Setting A,情景甲,1087,0.36296464,0.54000000
setting_a,1,Setting A,情景甲,1088,0.36691098,0.54000000
setting_a,1,Setting A,情景甲,1089,0.40775357,0.54000000
setting_a,1,Setting A,情景甲,1090,0.35011985,0.54000000
setting_a,1,Setting A,情景甲,1091,0.30511479,0.54000000
setting_a,1,Setting A,情景甲,1092,0.37057377,0.54000000
setting_a,1,Setting A,情景甲,1093,0.45034613,0.54000000
setting_a,1,Setting A,情景甲,1094,0.40485410,0.54000000
setting_a,1,Setting A,情景甲,1095,0.40856179,0.54000000
setting_a,1,Setting A,情景甲,1096,0.38678181,0.54000000
setting_a,1,Setting A,情景甲,1097,0.39018056,0.54000000
setting_a,1,Setting A,情景甲,1098,0.43504349,0.54000000
setting_a,1,Setting A,情景甲,1099,0.46317986,0.54000000
setting_a,1,Setting A,情景甲,1100,0.26049172,0.54000000
setting_a,1,Setting A,情景甲,1101,0.39886524,0.54000000
setting_a,1,Setting A,情景甲,1102,0.40538919,0.54000000
setting_a,1,Setting A,情景甲,1103,0.47625676,0.54000000
setting_a,1,Setting A,情景甲,1104,0.33018023,0.54000000
setting_a,1,Setting A,情景甲,1105,0.41360284,0.54000000
setting_a,1,Setting A,情景甲,1106,0.30988785,0.54000000
setting_a,1,Setting A,情景甲,1107,0.37731815,0.54000000
setting_a,1,Setting A,情景甲,1108,0.30149815,0.54000000
setting_a,1,Setting A,情景甲,1109,0.38679072,0.54000000
setting_a,1,Setting A,情景甲,1110,0.39286964,0.54000000
setting_a,1,Setting A,情景甲,1111,0.37845244,0.54000000
setting_a,1,Setting A,情景甲,1112,0.40473788,0.54000000
setting_a,1,Setting A,情景甲,1113,0.37374348,0.54000000
setting_a,1,Setting A,情景甲,1114,0.35187794,0.54000000
setting_a,1,Setting A,情景甲,1115,0.42920170,0.54000000
setting_a,1,Setting A,情景甲,1116,0.30281404,0.54000000
setting_a,1,Setting A,情景甲,1117,0.38955161,0.54000000
setting_a,1,Setting A,情景甲,1118,0.45057361,0.54000000
setting_a,1,Setting A,情景甲,1119,0.42316450,0.54000000
setting_a,1,Setting A,情景甲,1120,0.32945467,0.54000000
setting_a,1,Setting A,情景甲,1121,0.37805732,0.54000000
setting_a,1,Setting A,情景甲,1122,0.36826693,0.54000000
setting_a,1,Setting A,情景甲,1123,0.41962937,0.54000000
setting_a,1,Setting A,情景甲,1124,0.40739626,0.54000000
setting_a,1,Setting A,情景甲,1125,0.33462803,0.54000000
setting_a,1,Setting A,情景甲,1126,0.39669269,0.54000000
setting_a,1,Setting A,情景甲,1127,0.36486379,0.54000000
setting_a,1,Setting A,情景甲,1128,0.41523851,0.54000000
setting_a,1,Setting A,情景甲,1129,0.32896610,0.54000000
setting_a,1,Setting A,情景甲,1130,0.45477141,0.54000000
setting_a,1,Setting A,情景甲,1131,0.36970164,0.54000000
setting_a,1,Setting A,情景甲,1132,0.34969277,0.54000000
setting_a,1,Setting A,情景甲,1133,0.41350210,0.54000000
setting_a,1,Setting A,情景甲,1134,0.36392389,0.54000000
setting_a,1,Setting A,情景甲,1135,0.37617302,0.54000000
setting_a,1,Setting A,情景甲,1136,0.36928692,0.54000000
setting_a,1,Setting A,情景甲,1137,0.34870820,0.54000000
setting_a,1,Setting A,情景甲,1138,0.37686935,0.54000000
setting_a,1,Setting A,情景甲,1139,0.28809707,0.54000000
setting_a,1,Setting A,情景甲,1140,0.37461338,0.54000000
setting_a,1,Setting A,情景甲,1141,0.40922716,0.54000000
setting_a,1,Setting A,情景甲,1142,0.34272068,0.54000000
setting_a,1,Setting A,情景甲,1143,0.37282075,0.54000000
setting_a,1,Setting A,情景甲,1144,0.37214543,0.54000000
setting_a,1,Setting A,情景甲,1145,0.41895179,0.54000000
setting_a,1,Setting A,情景甲,1146,0.35896462,0.54000000
setting_a,1,Setting A,情景甲,1147,0.34352132,0.54000000
setting_a,1,Setting A,情景甲,1148,0.37089061,0.54000000
setting_a,1,Setting A,情景甲,1149,0.43589368,0.54000000
setting_a,1,Setting A,情景甲,1150,0.40968128,0.54000000
setting_a,1,Setting A,情景甲,1151,0.37522022,0.54000000
setting_a,1,Setting A,情景甲,1152,0.40760928,0.54000000
setting_a,1,Setting A,情景甲,1153,0.42486535,0.54000000
setting_a,1,Setting A,情景甲,1154,0.38010018,0.54000000
setting_a,1,Setting A,情景甲,1155,0.42814470,0.54000000
setting_a,1,Setting A,情景甲,1156,0.43833375,0.54000000
setting_a,1,Setting A,情景甲,1157,0.41828772,0.54000000
setting_a,1,Setting A,情景甲,1158,0.30453399,0.54000000
setting_a,1,Setting A,情景甲,1159,0.35406865,0.54000000
setting_a,1,Setting A,情景甲,1160,0.36480273,0.54000000
setting_a,1,Setting A,情景甲,1161,0.33247277,0.54000000
setting_a,1,Setting A,情景甲,1162,0.41894749,0.54000000
setting_a,1,Setting A,情景甲,1163,0.41380004,0.54000000
setting_a,1,Setting A,情景甲,1164,0.35042463,0.54000000
setting_a,1,Setting A,情景甲,1165,0.37288793,0.54000000
setting_a,1,Setting A,情景甲,1166,0.43444619,0.54000000
setting_a,1,Setting A,情景甲,1167,0.39597496,0.54000000
setting_a,1,Setting A,情景甲,1168,0.35077644,0.54000000
setting_a,1,Setting A,情景甲,1169,0.42611019,0.54000000
setting_a,1,Setting A,情景甲,1170,0.45263230,0.54000000
setting_a,1,Setting A,情景甲,1171,0.40567616,0.54000000
setting_a,1,Setting A,情景甲,1172,0.39201534,0.54000000
setting_a,1,Setting A,情景甲,1173,0.28550627,0.54000000
setting_a,1,Setting A,情景甲,1174,0.44760871,0.54000000
setting_a,1,Setting A,情景甲,1175,0.39480955,0.54000000
setting_a,1,Setting A,情景甲,1176,0.41218970,0.54000000
setting_a,1,Setting A,情景甲,1177,0.41454440,0.54000000
setting_a,1,Setting A,情景甲,1178,0.38770085,0.54000000
setting_a,1,Setting A,情景甲,1179,0.31942039,0.54000000
setting_a,1,Setting A,情景甲,1180,0.36624372,0.54000000
setting_a,1,Setting A,情景甲,1181,0.37850452,0.54000000
setting_a,1,Setting A,情景甲,1182,0.32821202,0.54000000
setting_a,1,Setting A,情景甲,1183,0.51435661,0.54000000
setting_a,1,Setting A,情景甲,1184,0.42336829,0.54000000
setting_a,1,Setting A,情景甲,1185,0.43638600,0.54000000
setting_a,1,Setting A,情景甲,1186,0.43793013,0.54000000
setting_a,1,Setting A,情景甲,1187,0.41368253,0.54000000
setting_a,1,Setting A,情景甲,1188,0.29634417,0.54000000
setting_a,1,Setting A,情景甲,1189,0.43871229,0.54000000
setting_a,1,Setting A,情景甲,1190,0.35804618,0.54000000
setting_a,1,Setting A,情景甲,1191,0.34169671,0.54000000
setting_a,1,Setting A,情景甲,1192,0.33476355,0.54000000
setting_a,1,Setting A,情景甲,1193,0.37292126,0.54000000
setting_a,1,Setting A,情景甲,1194,0.40484326,0.54000000
setting_a,1,Setting A,情景甲,1195,0.32025067,0.54000000
setting_a,1,Setting A,情景甲,1196,0.34197620,0.54000000
setting_a,1,Setting A,情景甲,1197,0.33363623,0.54000000
setting_a,1,Setting A,情景甲,1198,0.41416640,0.54000000
setting_a,1,Setting A,情景甲,1199,0.41092995,0.54000000
setting_a,1,Setting A,情景甲,1200,0.42319950,0.54000000
setting_a,1,Setting A,情景甲,1201,0.27727716,0.54000000
setting_a,1,Setting A,情景甲,1202,0.42157272,0.54000000
setting_a,1,Setting A,情景甲,1203,0.39132047,0.54000000
setting_a,1,Setting A,情景甲,1204,0.43217222,0.54000000
setting_a,1,Setting A,情景甲,1205,0.42321720,0.54000000
setting_a,1,Setting A,情景甲,1206,0.36771054,0.54000000
setting_a,1,Setting A,情景甲,1207,0.29244849,0.54000000
setting_a,1,Setting A,情景甲,1208,0.26755541,0.54000000
setting_a,1,Setting A,情景甲,1209,0.33404592,0.54000000
setting_a,1,Setting A,情景甲,1210,0.42629860,0.54000000
setting_a,1,Setting A,情景甲,1211,0.39374231,0.54000000
setting_a,1,Setting A,情景甲,1212,0.39293006,0.54000000
setting_a,1,Setting A,情景甲,1213,0.31752665,0.54000000
setting_a,1,Setting A,情景甲,1214,0.33006649,0.54000000
setting_a,1,Setting A,情景甲,1215,0.34061804,0.54000000
setting_a,1,Setting A,情景甲,1216,0.49112397,0.54000000
setting_a,1,Setting A,情景甲,1217,0.37196190,0.54000000
setting_a,1,Setting A,情景甲,1218,0.40527524,0.54000000
setting_a,1,Setting A,情景甲,1219,0.31581735,0.54000000
setting_a,1,Setting A,情景甲,1220,0.37682627,0.54000000
setting_a,1,Setting A,情景甲,1221,0.33953522,0.54000000
setting_a,1,Setting A,情景甲,1222,0.36933712,0.54000000
setting_a,1,Setting A,情景甲,1223,0.43360337,0.54000000
setting_a,1,Setting A,情景甲,1224,0.41030014,0.54000000
setting_a,1,Setting A,情景甲,1225,0.38839584,0.54000000
setting_a,1,Setting A,情景甲,1226,0.37497758,0.54000000
setting_a,1,Setting A,情景甲,1227,0.44492226,0.54000000
setting_a,1,Setting A,情景甲,1228,0.44463116,0.54000000
setting_a,1,Setting A,情景甲,1229,0.31953441,0.54000000
setting_a,1,Setting A,情景甲,1230,0.37073327,0.54000000
setting_a,1,Setting A,情景甲,1231,0.38716953,0.54000000
setting_a,1,Setting A,情景甲,1232,0.45584547,0.54000000
setting_a,1,Setting A,情景甲,1233,0.43208865,0.54000000
setting_a,1,Setting A,情景甲,1234,0.32982166,0.54000000
setting_a,1,Setting A,情景甲,1235,0.41194345,0.54000000
setting_a,1,Setting A,情景甲,1236,0.36770111,0.54000000
setting_a,1,Setting A,情景甲,1237,0.41610545,0.54000000
setting_a,1,Setting A,情景甲,1238,0.29249666,0.54000000
setting_a,1,Setting A,情景甲,1239,0.35271195,0.54000000
setting_a,1,Setting A,情景甲,1240,0.38858260,0.54000000
setting_a,1,Setting A,情景甲,1241,0.45529813,0.54000000
setting_a,1,Setting A,情景甲,1242,0.36131851,0.54000000
setting_a,1,Setting A,情景甲,1243,0.33294507,0.54000000
setting_a,1,Setting A,情景甲,1244,0.36292434,0.54000000
setting_a,1,Setting A,情景甲,1245,0.37755091,0.54000000
setting_a,1,Setting A,情景甲,1246,0.45879922,0.54000000
setting_a,1,Setting A,情景甲,1247,0.34199797,0.54000000
setting_a,1,Setting A,情景甲,1248,0.32485238,0.54000000
setting_a,1,Setting A,情景甲,1249,0.41049709,0.54000000
setting_a,1,Setting A,情景甲,1250,0.50579593,0.54000000
setting_a,1,Setting A,情景甲,1251,0.34680574,0.54000000
setting_a,1,Setting A,情景甲,1252,0.41844104,0.54000000
setting_a,1,Setting A,情景甲,1253,0.40865892,0.54000000
setting_a,1,Setting A,情景甲,1254,0.42629951,0.54000000
setting_a,1,Setting A,情景甲,1255,0.35607519,0.54000000
setting_a,1,Setting A,情景甲,1256,0.41010332,0.54000000
setting_a,1,Setting A,情景甲,1257,0.29336394,0.54000000
setting_a,1,Setting A,情景甲,1258,0.47339685,0.54000000
setting_a,1,Setting A,情景甲,1259,0.36646326,0.54000000
setting_a,1,Setting A,情景甲,1260,0.32285673,0.54000000
setting_a,1,Setting A,情景甲,1261,0.33147598,0.54000000
setting_a,1,Setting A,情景甲,1262,0.40575494,0.54000000
setting_a,1,Setting A,情景甲,1263,0.47642488,0.54000000
setting_a,1,Setting A,情景甲,1264,0.30655576,0.54000000
setting_a,1,Setting A,情景甲,1265,0.37605688,0.54000000
setting_a,1,Setting A,情景甲,1266,0.41805282,0.54000000
setting_a,1,Setting A,情景甲,1267,0.40742669,0.54000000
setting_a,1,Setting A,情景甲,1268,0.32825377,0.54000000
setting_a,1,Setting A,情景甲,1269,0.43902024,0.54000000
setting_a,1,Setting A,情景甲,1270,0.35815561,0.54000000
setting_a,1,Setting A,情景甲,1271,0.38145815,0.54000000
setting_a,1,Setting A,情景甲,1272,0.35552344,0.54000000
setting_a,1,Setting A,情景甲,1273,0.44341042,0.54000000
setting_a,1,Setting A,情景甲,1274,0.37862118,0.54000000
setting_a,1,Setting A,情景甲,1275,0.43041337,0.54000000
setting_a,1,Setting A,情景甲,1276,0.41248366,0.54000000
setting_a,1,Setting A,情景甲,1277,0.42152297,0.54000000
setting_a,1,Setting A,情景甲,1278,0.43004175,0.54000000
setting_a,1,Setting A,情景甲,1279,0.36259940,0.54000000
setting_a,1,Setting A,情景甲,1280,0.30211310,0.54000000
setting_a,1,Setting A,情景甲,1281,0.29065868,0.54000000
setting_a,1,Setting A,情景甲,1282,0.28871136,0.54000000
setting_a,1,Setting A,情景甲,1283,0.43126265,0.54000000
setting_a,1,Setting A,情景甲,1284,0.31010439,0.54000000
setting_a,1,Setting A,情景甲,1285,0.36832561,0.54000000
setting_a,1,Setting A,情景甲,1286,0.30336688,0.54000000
setting_a,1,Setting A,情景甲,1287,0.33930244,0.54000000
setting_a,1,Setting A,情景甲,1288,0.30492186,0.54000000
setting_a,1,Setting A,情景甲,1289,0.33635583,0.54000000
setting_a,1,Setting A,情景甲,1290,0.32620037,0.54000000
setting_a,1,Setting A,情景甲,1291,0.36219620,0.54000000
setting_a,1,Setting A,情景甲,1292,0.40003092,0.54000000
setting_a,1,Setting A,情景甲,1293,0.41604658,0.54000000
setting_a,1,Setting A,情景甲,1294,0.29052280,0.54000000
setting_a,1,Setting A,情景甲,1295,0.34255986,0.54000000
setting_a,1,Setting A,情景甲,1296,0.41556425,0.54000000
setting_a,1,Setting A,情景甲,1297,0.36369683,0.54000000
setting_a,1,Setting A,情景甲,1298,0.40845042,0.54000000
setting_a,1,Setting A,情景甲,1299,0.47794004,0.54000000
setting_a,1,Setting A,情景甲,1300,0.41105555,0.54000000
setting_a,1,Setting A,情景甲,1301,0.37822999,0.54000000
setting_a,1,Setting A,情景甲,1302,0.36986306,0.54000000
setting_a,1,Setting A,情景甲,1303,0.33444648,0.54000000
setting_a,1,Setting A,情景甲,1304,0.28867694,0.54000000
setting_a,1,Setting A,情景甲,1305,0.28827526,0.54000000
setting_a,1,Setting A,情景甲,1306,0.40017865,0.54000000
setting_a,1,Setting A,情景甲,1307,0.37628967,0.54000000
setting_a,1,Setting A,情景甲,1308,0.40066687,0.54000000
setting_a,1,Setting A,情景甲,1309,0.41364867,0.54000000
setting_a,1,Setting A,情景甲,1310,0.35440198,0.54000000
setting_a,1,Setting A,情景甲,1311,0.32858550,0.54000000
setting_a,1,Setting A,情景甲,1312,0.36262508,0.54000000
setting_a,1,Setting A,情景甲,1313,0.38310074,0.54000000
setting_a,1,Setting A,情景甲,1314,0.41089058,0.54000000
setting_a,1,Setting A,情景甲,1315,0.36334932,0.54000000
setting_a,1,Setting A,情景甲,1316,0.44535986,0.54000000
setting_a,1,Setting A,情景甲,1317,0.41586670,0.54000000
setting_a,1,Setting A,情景甲,1318,0.38609569,0.54000000
setting_a,1,Setting A,情景甲,1319,0.39595222,0.54000000
setting_a,1,Setting A,情景甲,1320,0.43870953,0.54000000
setting_a,1,Setting A,情景甲,1321,0.41576141,0.54000000
setting_a,1,Setting A,情景甲,1322,0.36075133,0.54000000
setting_a,1,Setting A,情景甲,1323,0.35998748,0.54000000
setting_a,1,Setting A,情景甲,1324,0.38683076,0.54000000
setting_a,1,Setting A,情景甲,1325,0.41340132,0.54000000
setting_a,1,Setting A,情景甲,1326,0.30115300,0.54000000
setting_a,1,Setting A,情景甲,1327,0.35101531,0.54000000
setting_a,1,Setting A,情景甲,1328,0.34041344,0.54000000
setting_a,1,Setting A,情景甲,1329,0.37970917,0.54000000
setting_a,1,Setting A,情景甲,1330,0.34420991,0.54000000
setting_a,1,Setting A,情景甲,1331,0.34947196,0.54000000
setting_a,1,Setting A,情景甲,1332,0.30750317,0.54000000
setting_a,1,Setting A,情景甲,1333,0.46668486,0.54000000
setting_a,1,Setting A,情景甲,1334,0.35348803,0.54000000
setting_a,1,Setting A,情景甲,1335,0.40556191,0.54000000
setting_a,1,Setting A,情景甲,1336,0.40234781,0.54000000
setting_a,1,Setting A,情景甲,1337,0.43858184,0.54000000
setting_a,1,Setting A,情景甲,1338,0.41376418,0.54000000
setting_a,1,Setting A,情景甲,1339,0.37253040,0.54000000
setting_a,1,Setting A,情景甲,1340,0.43905093,0.54000000
setting_a,1,Setting A,情景甲,1341,0.41974614,0.54000000
setting_a,1,Setting A,情景甲,1342,0.45274173,0.54000000
setting_a,1,Setting A,情景甲,1343,0.33658509,0.54000000
setting_a,1,Setting A,情景甲,1344,0.29502908,0.54000000
setting_a,1,Setting A,情景甲,1345,0.32493707,0.54000000
setting_a,1,Setting A,情景甲,1346,0.32835458,0.54000000
setting_a,1,Setting A,情景甲,1347,0.34235113,0.54000000
setting_a,1,Setting A,情景甲,1348,0.31081093,0.54000000
setting_a,1,Setting A,情景甲,1349,0.44205342,0.54000000
setting_a,1,Setting A,情景甲,1350,0.41434214,0.54000000
setting_a,1,Setting A,情景甲,1351,0.39197129,0.54000000
setting_a,1,Setting A,情景甲,1352,0.42454340,0.54000000
setting_a,1,Setting A,情景甲,1353,0.43550836,0.54000000
setting_a,1,Setting A,情景甲,1354,0.27959184,0.54000000
setting_a,1,Setting A,情景甲,1355,0.36877916,0.54000000
setting_a,1,Setting A,情景甲,1356,0.34574505,0.54000000
setting_a,1,Setting A,情景甲,1357,0.39697653,0.54000000
setting_a,1,Setting A,情景甲,1358,0.32597595,0.54000000
setting_a,1,Setting A,情景甲,1359,0.36104703,0.54000000
setting_a,1,Setting A,情景甲,1360,0.37073477,0.54000000
setting_a,1,Setting A,情景甲,1361,0.39244772,0.54000000
setting_a,1,Setting A,情景甲,1362,0.42450008,0.54000000
setting_a,1,Setting A,情景甲,1363,0.34921187,0.54000000
setting_a,1,Setting A,情景甲,1364,0.41033291,0.54000000
setting_a,1,Setting A,情景甲,1365,0.33468618,0.54000000
setting_a,1,Setting A,情景甲,1366,0.40413509,0.54000000
setting_a,1,Setting A,情景甲,1367,0.43374570,0.54000000
setting_a,1,Setting A,情景甲,1368,0.39079433,0.54000000
setting_a,1,Setting A,情景甲,1369,0.36137250,0.54000000
setting_a,1,Setting A,情景甲,1370,0.39450007,0.54000000
setting_a,1,Setting A,情景甲,1371,0.38837761,0.54000000
setting_a,1,Setting A,情景甲,1372,0.37231420,0.54000000
setting_a,1,Setting A,情景甲,1373,0.34716798,0.54000000
setting_a,1,Setting A,情景甲,1374,0.38989664,0.54000000
setting_a,1,Setting A,情景甲,1375,0.25638664,0.54000000
setting_a,1,Setting A,情景甲,1376,0.33843553,0.54000000
setting_a,1,Setting A,情景甲,1377,0.41022091,0.54000000
setting_a,1,Setting A,情景甲,1378,0.34800344,0.54000000
setting_a,1,Setting A,情景甲,1379,0.36935270,0.54000000
setting_a,1,Setting A,情景甲,1380,0.38000572,0.54000000
setting_a,1,Setting A,情景甲,1381,0.37714994,0.54000000
setting_a,1,Setting A,情景甲,1382,0.28367287,0.54000000
setting_a,1,Setting A,情景甲,1383,0.42588439,0.54000000
setting_a,1,Setting A,情景甲,1384,0.39220542,0.54000000
setting_a,1,Setting A,情景甲,1385,0.36895032,0.54000000
setting_a,1,Setting A,情景甲,1386,0.37920386,0.54000000
setting_a,1,Setting A,情景甲,1387,0.35207275,0.54000000
setting_a,1,Setting A,情景甲,1388,0.34200594,0.54000000
setting_a,1,Setting A,情景甲,1389,0.40833837,0.54000000
setting_a,1,Setting A,情景甲,1390,0.37875879,0.54000000
setting_a,1,Setting A,情景甲,1391,0.25829899,0.54000000
setting_a,1,Setting A,情景甲,1392,0.37897604,0.54000000
setting_a,1,Setting A,情景甲,1393,0.41800394,0.54000000
setting_a,1,Setting A,情景甲,1394,0.42574215,0.54000000
setting_a,1,Setting A,情景甲,1395,0.35803504,0.54000000
setting_a,1,Setting A,情景甲,1396,0.34503428,0.54000000
setting_a,1,Setting A,情景甲,1397,0.45523787,0.54000000
setting_a,1,Setting A,情景甲,1398,0.31894930,0.54000000
setting_a,1,Setting A,情景甲,1399,0.39481775,0.54000000
setting_a,1,Setting A,情景甲,1400,0.41549590,0.54000000
setting_a,1,Setting A,情景甲,1401,0.38830938,0.54000000
setting_a,1,Setting A,情景甲,1402,0.44040191,0.54000000
setting_a,1,Setting A,情景甲,1403,0.40841760,0.54000000
setting_a,1,Setting A,情景甲,1404,0.36932999,0.54000000
setting_a,1,Setting A,情景甲,1405,0.35899559,0.54000000
setting_a,1,Setting A,情景甲,1406,0.32758439,0.54000000
setting_a,1,Setting A,情景甲,1407,0.42645456,0.54000000
setting_a,1,Setting A,情景甲,1408,0.33139365,0.54000000
setting_a,1,Setting A,情景甲,1409,0.39407742,0.54000000
setting_a,1,Setting A,情景甲,1410,0.35331481,0.54000000
setting_a,1,Setting A,情景甲,1411,0.41604255,0.54000000
setting_a,1,Setting A,情景甲,1412,0.44328899,0.54000000
setting_a,1,Setting A,情景甲,1413,0.36964058,0.54000000
setting_a,1,Setting A,情景甲,1414,0.41218985,0.54000000
setting_a,1,Setting A,情景甲,1415,0.36460955,0.54000000
setting_a,1,Setting A,情景甲,1416,0.33877520,0.54000000
setting_a,1,Setting A,情景甲,1417,0.34016059,0.54000000
setting_a,1,Setting A,情景甲,1418,0.42571392,0.54000000
setting_a,1,Setting A,情景甲,1419,0.36634454,0.54000000
setting_a,1,Setting A,情景甲,1420,0.33862505,0.54000000
setting_a,1,Setting A,情景甲,1421,0.41625228,0.54000000
setting_a,1,Setting A,情景甲,1422,0.36988247,0.54000000
setting_a,1,Setting A,情景甲,1423,0.35829454,0.54000000
setting_a,1,Setting A,情景甲,1424,0.37460839,0.54000000
setting_a,1,Setting A,情景甲,1425,0.37197637,0.54000000
setting_a,1,Setting A,情景甲,1426,0.39038153,0.54000000
setting_a,1,Setting A,情景甲,1427,0.37275060,0.54000000
setting_a,1,Setting A,情景甲,1428,0.41824484,0.54000000
setting_a,1,Setting A,情景甲,1429,0.45077913,0.54000000
setting_a,1,Setting A,情景甲,1430,0.39027066,0.54000000
setting_a,1,Setting A,情景甲,1431,0.38221712,0.54000000
setting_a,1,Setting A,情景甲,1432,0.37305991,0.54000000
setting_a,1,Setting A,情景甲,1433,0.41132064,0.54000000
setting_a,1,Setting A,情景甲,1434,0.39253806,0.54000000
setting_a,1,Setting A,情景甲,1435,0.44896799,0.54000000
setting_a,1,Setting A,情景甲,1436,0.41492807,0.54000000
setting_a,1,Setting A,情景甲,1437,0.41912806,0.54000000
setting_a,1,Setting A,情景甲,1438,0.36000597,0.54000000
setting_a,1,Setting A,情景甲,1439,0.38298520,0.54000000
setting_a,1,Setting A,情景甲,1440,0.39960931,0.54000000
setting_a,1,Setting A,情景甲,1441,0.40751763,0.54000000
setting_a,1,Setting A,情景甲,1442,0.36184067,0.54000000
setting_a,1,Setting A,情景甲,1443,0.47028858,0.54000000
setting_a,1,Setting A,情景甲,1444,0.38857232,0.54000000
setting_a,1,Setting A,情景甲,1445,0.34942661,0.54000000
setting_a,1,Setting A,情景甲,1446,0.35043744,0.54000000
setting_a,1,Setting A,情景甲,1447,0.42482264,0.54000000
setting_a,1,Setting A,情景甲,1448,0.47376363,0.54000000
setting_a,1,Setting A,情景甲,1449,0.30638609,0.54000000
setting_a,1,Setting A,情景甲,1450,0.45368654,0.54000000
setting_a,1,Setting A,情景甲,1451,0.40504885,0.54000000
setting_a,1,Setting A,情景甲,1452,0.37016626,0.54000000
setting_a,1,Setting A,情景甲,1453,0.34857316,0.54000000
setting_a,1,Setting A,情景甲,1454,0.37204042,0.54000000
setting_a,1,Setting A,情景甲,1455,0.36135136,0.54000000
setting_a,1,Setting A,情景甲,1456,0.37724045,0.54000000
setting_a,1,Setting A,情景甲,1457,0.41918505,0.54000000
setting_a,1,Setting A,情景甲,1458,0.42056077,0.54000000
setting_a,1,Setting A,情景甲,1459,0.38739853,0.54000000
setting_a,1,Setting A,情景甲,1460,0.39107492,0.54000000
setting_a,1,Setting A,情景甲,1461,0.36108026,0.54000000
setting_a,1,Setting A,情景甲,1462,0.45349134,0.54000000
setting_a,1,Setting A,情景甲,1463,0.33456815,0.54000000
setting_a,1,Setting A,情景甲,1464,0.42061164,0.54000000
setting_a,1,Setting A,情景甲,1465,0.34734005,0.54000000
setting_a,1,Setting A,情景甲,1466,0.36784598,0.54000000
setting_a,1,Setting A,情景甲,1467,0.39761780,0.54000000
setting_a,1,Setting A,情景甲,1468,0.41631935,0.54000000
setting_a,1,Setting A,情景甲,1469,0.39225200,0.54000000
setting_a,1,Setting A,情景甲,1470,0.39075511,0.54000000
setting_a,1,Setting A,情景甲,1471,0.35474341,0.54000000
setting_a,1,Setting A,情景甲,1472,0.34172841,0.54000000
setting_a,1,Setting A,情景甲,1473,0.33103529,0.54000000
setting_a,1,Setting A,情景甲,1474,0.33771904,0.54000000
setting_a,1,Setting A,情景甲,1475,0.33699036,0.54000000
setting_a,1,Setting A,情景甲,1476,0.44244780,0.54000000
setting_a,1,Setting A,情景甲,1477,0.36970500,0.54000000
setting_a,1,Setting A,情景甲,1478,0.34875767,0.54000000
setting_a,1,Setting A,情景甲,1479,0.41055573,0.54000000
setting_a,1,Setting A,情景甲,1480,0.40677801,0.54000000
setting_a,1,Setting A,情景甲,1481,0.38513363,0.54000000
setting_a,1,Setting A,情景甲,1482,0.36644800,0.54000000
setting_a,1,Setting A,情景甲,1483,0.37032300,0.54000000
setting_a,1,Setting A,情景甲,1484,0.41143909,0.54000000
setting_a,1,Setting A,情景甲,1485,0.37993396,0.54000000
setting_a,1,Setting A,情景甲,1486,0.37278410,0.54000000
setting_a,1,Setting A,情景甲,1487,0.39014839,0.54000000
setting_a,1,Setting A,情景甲,1488,0.36083407,0.54000000
setting_a,1,Setting A,情景甲,1489,0.46344251,0.54000000
setting_a,1,Setting A,情景甲,1490,0.38361245,0.54000000
setting_a,1,Setting A,情景甲,1491,0.32376276,0.54000000
setting_a,1,Setting A,情景甲,1492,0.43903019,0.54000000
setting_a,1,Setting A,情景甲,1493,0.42880372,0.54000000
setting_a,1,Setting A,情景甲,1494,0.35352932,0.54000000
setting_a,1,Setting A,情景甲,1495,0.38614316,0.54000000
setting_a,1,Setting A,情景甲,1496,0.33933556,0.54000000
setting_a,1,Setting A,情景甲,1497,0.39319844,0.54000000
setting_a,1,Setting A,情景甲,1498,0.34718329,0.54000000
setting_a,1,Setting A,情景甲,1499,0.36158576,0.54000000
setting_a,1,Setting A,情景甲,1500,0.38609748,0.54000000
setting_a,1,Setting A,情景甲,1501,0.39828323,0.54000000
setting_a,1,Setting A,情景甲,1502,0.36616658,0.54000000
setting_a,1,Setting A,情景甲,1503,0.41698828,0.54000000
setting_a,1,Setting A,情景甲,1504,0.29691297,0.54000000
setting_a,1,Setting A,情景甲,1505,0.32141612,0.54000000
setting_a,1,Setting A,情景甲,1506,0.42336022,0.54000000
setting_a,1,Setting A,情景甲,1507,0.28250585,0.54000000
setting_a,1,Setting A,情景甲,1508,0.33210004,0.54000000
setting_a,1,Setting A,情景甲,1509,0.34052202,0.54000000
setting_a,1,Setting A,情景甲,1510,0.27394052,0.54000000
setting_a,1,Setting A,情景甲,1511,0.46387216,0.54000000
setting_a,1,Setting A,情景甲,1512,0.34979276,0.54000000
setting_a,1,Setting A,情景甲,1513,0.35596849,0.54000000
setting_a,1,Setting A,情景甲,1514,0.35251932,0.54000000
setting_a,1,Setting A,情景甲,1515,0.40364798,0.54000000
setting_a,1,Setting A,情景甲,1516,0.44522165,0.54000000
setting_a,1,Setting A,情景甲,1517,0.35099317,0.54000000
setting_a,1,Setting A,情景甲,1518,0.37120497,0.54000000
setting_a,1,Setting A,情景甲,1519,0.33010279,0.54000000
setting_a,1,Setting A,情景甲,1520,0.35120285,0.54000000
setting_a,1,Setting A,情景甲,1521,0.37897554,0.54000000
setting_a,1,Setting A,情景甲,1522,0.38081663,0.54000000
setting_a,1,Setting A,情景甲,1523,0.38319278,0.54000000
setting_a,1,Setting A,情景甲,1524,0.36266380,0.54000000
setting_a,1,Setting A,情景甲,1525,0.38358827,0.54000000
setting_a,1,Setting A,情景甲,1526,0.32219637,0.54000000
setting_a,1,Setting A,情景甲,1527,0.36641024,0.54000000
setting_a,1,Setting A,情景甲,1528,0.31929582,0.54000000
setting_a,1,Setting A,情景甲,1529,0.43506153,0.54000000
setting_a,1,Setting A,情景甲,1530,0.39112723,0.54000000
setting_a,1,Setting A,情景甲,1531,0.40704421,0.54000000
setting_a,1,Setting A,情景甲,1532,0.22766205,0.54000000
setting_a,1,Setting A,情景甲,1533,0.45601950,0.54000000
setting_a,1,Setting A,情景甲,1534,0.36935707,0.54000000
setting_a,1,Setting A,情景甲,1535,0.35892929,0.54000000
setting_a,1,Setting A,情景甲,1536,0.33925864,0.54000000
setting_a,1,Setting A,情景甲,1537,0.34936182,0.54000000
setting_a,1,Setting A,情景甲,1538,0.32543038,0.54000000
setting_a,1,Setting A,情景甲,1539,0.35581686,0.54000000
setting_a,1,Setting A,情景甲,1540,0.41412999,0.54000000
setting_a,1,Setting A,情景甲,1541,0.38876286,0.54000000
setting_a,1,Setting A,情景甲,1542,0.43589559,0.54000000
setting_a,1,Setting A,情景甲,1543,0.47717758,0.54000000
setting_a,1,Setting A,情景甲,1544,0.38145119,0.54000000
setting_a,1,Setting A,情景甲,1545,0.30599057,0.54000000
setting_a,1,Setting A,情景甲,1546,0.45623943,0.54000000
setting_a,1,Setting A,情景甲,1547,0.35984726,0.54000000
setting_a,1,Setting A,情景甲,1548,0.42814499,0.54000000
setting_a,1,Setting A,情景甲,1549,0.43444864,0.54000000
setting_a,1,Setting A,情景甲,1550,0.42820158,0.54000000
setting_a,1,Setting A,情景甲,1551,0.37610723,0.54000000
setting_a,1,Setting A,情景甲,1552,0.38869563,0.54000000
setting_a,1,Setting A,情景甲,1553,0.31238724,0.54000000
setting_a,1,Setting A,情景甲,1554,0.40896543,0.54000000
setting_a,1,Setting A,情景甲,1555,0.36607970,0.54000000
setting_a,1,Setting A,情景甲,1556,0.42985678,0.54000000
setting_a,1,Setting A,情景甲,1557,0.31367870,0.54000000
setting_a,1,Setting A,情景甲,1558,0.38585855,0.54000000
setting_a,1,Setting A,情景甲,1559,0.35777263,0.54000000
setting_a,1,Setting A,情景甲,1560,0.29850729,0.54000000
setting_a,1,Setting A,情景甲,1561,0.36689195,0.54000000
setting_a,1,Setting A,情景甲,1562,0.41448838,0.54000000
setting_a,1,Setting A,情景甲,1563,0.29865071,0.54000000
setting_a,1,Setting A,情景甲,1564,0.38719657,0.54000000
setting_a,1,Setting A,情景甲,1565,0.34009148,0.54000000
setting_a,1,Setting A,情景甲,1566,0.33939751,0.54000000
setting_a,1,Setting A,情景甲,1567,0.34908361,0.54000000
setting_a,1,Setting A,情景甲,1568,0.40489636,0.54000000
setting_a,1,Setting A,情景甲,1569,0.34187200,0.54000000
setting_a,1,Setting A,情景甲,1570,0.41229404,0.54000000
setting_a,1,Setting A,情景甲,1571,0.45467256,0.54000000
setting_a,1,Setting A,情景甲,1572,0.40516443,0.54000000
setting_a,1,Setting A,情景甲,1573,0.41282210,0.54000000
setting_a,1,Setting A,情景甲,1574,0.43132743,0.54000000
setting_a,1,Setting A,情景甲,1575,0.36624735,0.54000000
setting_a,1,Setting A,情景甲,1576,0.36468791,0.54000000
setting_a,1,Setting A,情景甲,1577,0.35700198,0.54000000
setting_a,1,Setting A,情景甲,1578,0.36869421,0.54000000
setting_a,1,Setting A,情景甲,1579,0.35310658,0.54000000
setting_a,1,Setting A,情景甲,1580,0.32450038,0.54000000
setting_a,1,Setting A,情景甲,1581,0.39179853,0.54000000
setting_a,1,Setting A,情景甲,1582,0.36167041,0.54000000
setting_a,1,Setting A,情景甲,1583,0.40161614,0.54000000
setting_a,1,Setting A,情景甲,1584,0.36771352,0.54000000
setting_a,1,Setting A,情景甲,1585,0.40993323,0.54000000
setting_a,1,Setting A,情景甲,1586,0.42294940,0.54000000
setting_a,1,Setting A,情景甲,1587,0.39871018,0.54000000
setting_a,1,Setting A,情景甲,1588,0.44875573,0.54000000
setting_a,1,Setting A,情景甲,1589,0.33171002,0.54000000
setting_a,1,Setting A,情景甲,1590,0.30668394,0.54000000
setting_a,1,Setting A,情景甲,1591,0.38162795,0.54000000
setting_a,1,Setting A,情景甲,1592,0.35570576,0.54000000
setting_a,1,Setting A,情景甲,1593,0.36345486,0.54000000
setting_a,1,Setting A,情景甲,1594,0.44815390,0.54000000
setting_a,1,Setting A,情景甲,1595,0.41350011,0.54000000
setting_a,1,Setting A,情景甲,1596,0.44050889,0.54000000
setting_a,1,Setting A,情景甲,1597,0.38168527,0.54000000
setting_a,1,Setting A,情景甲,1598,0.38010015,0.54000000
setting_a,1,Setting A,情景甲,1599,0.37200953,0.54000000
setting_a,1,Setting A,情景甲,1600,0.36763844,0.54000000
setting_a,1,Setting A,情景甲,1601,0.39556927,0.54000000
setting_a,1,Setting A,情景甲,1602,0.37764624,0.54000000
setting_a,1,Setting A,情景甲,1603,0.33695040,0.54000000
setting_a,1,Setting A,情景甲,1604,0.42878653,0.54000000
setting_a,1,Setting A,情景甲,1605,0.36665295,0.54000000
setting_a,1,Setting A,情景甲,1606,0.32350046,0.54000000
setting_a,1,Setting A,情景甲,1607,0.41293816,0.54000000
setting_a,1,Setting A,情景甲,1608,0.40973038,0.54000000
setting_a,1,Setting A,情景甲,1609,0.28436897,0.54000000
setting_a,1,Setting A,情景甲,1610,0.33583843,0.54000000
setting_a,1,Setting A,情景甲,1611,0.48896382,0.54000000
setting_a,1,Setting A,情景甲,1612,0.46167110,0.54000000
setting_a,1,Setting A,情景甲,1613,0.39762021,0.54000000
setting_a,1,Setting A,情景甲,1614,0.44512393,0.54000000
setting_a,1,Setting A,情景甲,1615,0.36430604,0.54000000
setting_a,1,Setting A,情景甲,1616,0.42829409,0.54000000
setting_a,1,Setting A,情景甲,1617,0.40283012,0.54000000
setting_a,1,Setting A,情景甲,1618,0.37504856,0.54000000
setting_a,1,Setting A,情景甲,1619,0.22360908,0.54000000
setting_a,1,Setting A,情景甲,1620,0.31744987,0.54000000
setting_a,1,Setting A,情景甲,1621,0.35683875,0.54000000
setting_a,1,Setting A,情景甲,1622,0.39556255,0.54000000
setting_a,1,Setting A,情景甲,1623,0.41095722,0.54000000
setting_a,1,Setting A,情景甲,1624,0.40767273,0.54000000
setting_a,1,Setting A,情景甲,1625,0.36629931,0.54000000
setting_a,1,Setting A,情景甲,1626,0.37318426,0.54000000
setting_a,1,Setting A,情景甲,1627,0.45084229,0.54000000
setting_a,1,Setting A,情景甲,1628,0.39388149,0.54000000
setting_a,1,Setting A,情景甲,1629,0.42724560,0.54000000
setting_a,1,Setting A,情景甲,1630,0.33022378,0.54000000
setting_a,1,Setting A,情景甲,1631,0.36587597,0.54000000
setting_a,1,Setting A,情景甲,1632,0.45514003,0.54000000
setting_a,1,Setting A,情景甲,1633,0.31811628,0.54000000
setting_a,1,Setting A,情景甲,1634,0.37095987,0.54000000
setting_a,1,Setting A,情景甲,1635,0.43526860,0.54000000
setting_a,1,Setting A,情景甲,1636,0.35584548,0.54000000
setting_a,1,Setting A,情景甲,1637,0.40692573,0.54000000
setting_a,1,Setting A,情景甲,1638,0.33769818,0.54000000
setting_a,1,Setting A,情景甲,1639,0.39999908,0.54000000
setting_a,1,Setting A,情景甲,1640,0.37469207,0.54000000
setting_a,1,Setting A,情景甲,1641,0.37388536,0.54000000
setting_a,1,Setting A,情景甲,1642,0.45715580,0.54000000
setting_a,1,Setting A,情景甲,1643,0.44141602,0.54000000
setting_a,1,Setting A,情景甲,1644,0.45140401,0.54000000
setting_a,1,Setting A,情景甲,1645,0.39555923,0.54000000
setting_a,1,Setting A,情景甲,1646,0.36133231,0.54000000
setting_a,1,Setting A,情景甲,1647,0.43441122,0.54000000
setting_a,1,Setting A,情景甲,1648,0.43901716,0.54000000
setting_a,1,Setting A,情景甲,1649,0.38256727,0.54000000
setting_a,1,Setting A,情景甲,1650,0.44756696,0.54000000
setting_a,1,Setting A,情景甲,1651,0.39251047,0.54000000
setting_a,1,Setting A,情景甲,1652,0.41194620,0.54000000
setting_a,1,Setting A,情景甲,1653,0.38685161,0.54000000
setting_a,1,Setting A,情景甲,1654,0.36271738,0.54000000
setting_a,1,Setting A,情景甲,1655,0.45139734,0.54000000
setting_a,1,Setting A,情景甲,1656,0.39212644,0.54000000
setting_a,1,Setting A,情景甲,1657,0.33589822,0.54000000
setting_a,1,Setting A,情景甲,1658,0.54522402,0.54000000
setting_a,1,Setting A,情景甲,1659,0.41256791,0.54000000
setting_a,1,Setting A,情景甲,1660,0.42962461,0.54000000
setting_a,1,Setting A,情景甲,1661,0.31159534,0.54000000
setting_a,1,Setting A,情景甲,1662,0.34983405,0.54000000
setting_a,1,Setting A,情景甲,1663,0.33716157,0.54000000
setting_a,1,Setting A,情景甲,1664,0.36140352,0.54000000
setting_a,1,Setting A,情景甲,1665,0.36991587,0.54000000
setting_a,1,Setting A,情景甲,1666,0.36888079,0.54000000
setting_a,1,Setting A,情景甲,1667,0.38154665,0.54000000
setting_a,1,Setting A,情景甲,1668,0.40036651,0.54000000
setting_a,1,Setting A,情景甲,1669,0.42026145,0.54000000
setting_a,1,Setting A,情景甲,1670,0.34807123,0.54000000
setting_a,1,Setting A,情景甲,1671,0.39317264,0.54000000
setting_a,1,Setting A,情景甲,1672,0.41799629,0.54000000
setting_a,1,Setting A,情景甲,1673,0.46684480,0.54000000
setting_a,1,Setting A,情景甲,1674,0.42175542,0.54000000
setting_a,1,Setting A,情景甲,1675,0.43442213,0.54000000
setting_a,1,Setting A,情景甲,1676,0.36223419,0.54000000
setting_a,1,Setting A,情景甲,1677,0.31629255,0.54000000
setting_a,1,Setting A,情景甲,1678,0.34258590,0.54000000
setting_a,1,Setting A,情景甲,1679,0.42571738,0.54000000
setting_a,1,Setting A,情景甲,1680,0.33519644,0.54000000
setting_a,1,Setting A,情景甲,1681,0.30762998,0.54000000
setting_a,1,Setting A,情景甲,1682,0.39617924,0.54000000
setting_a,1,Setting A,情景甲,1683,0.43285358,0.54000000
setting_a,1,Setting A,情景甲,1684,0.43076904,0.54000000
setting_a,1,Setting A,情景甲,1685,0.39105296,0.54000000
setting_a,1,Setting A,情景甲,1686,0.36873099,0.54000000
setting_a,1,Setting A,情景甲,1687,0.43887746,0.54000000
setting_a,1,Setting A,情景甲,1688,0.41909820,0.54000000
setting_a,1,Setting A,情景甲,1689,0.37035812,0.54000000
setting_a,1,Setting A,情景甲,1690,0.45171188,0.54000000
setting_a,1,Setting A,情景甲,1691,0.40040054,0.54000000
setting_a,1,Setting A,情景甲,1692,0.35994603,0.54000000
setting_a,1,Setting A,情景甲,1693,0.47108460,0.54000000
setting_a,1,Setting A,情景甲,1694,0.33016427,0.54000000
setting_a,1,Setting A,情景甲,1695,0.47876079,0.54000000
setting_a,1,Setting A,情景甲,1696,0.38747840,0.54000000
setting_a,1,Setting A,情景甲,1697,0.29258845,0.54000000
setting_a,1,Setting A,情景甲,1698,0.39935829,0.54000000
setting_a,1,Setting A,情景甲,1699,0.47062623,0.54000000
setting_a,1,Setting A,情景甲,1700,0.39884144,0.54000000
setting_a,1,Setting A,情景甲,1701,0.44203558,0.54000000
setting_a,1,Setting A,情景甲,1702,0.33860537,0.54000000
setting_a,1,Setting A,情景甲,1703,0.28864267,0.54000000
setting_a,1,Setting A,情景甲,1704,0.39417385,0.54000000
setting_a,1,Setting A,情景甲,1705,0.42127101,0.54000000
setting_a,1,Setting A,情景甲,1706,0.39319322,0.54000000
setting_a,1,Setting A,情景甲,1707,0.45206711,0.54000000
setting_a,1,Setting A,情景甲,1708,0.30257238,0.54000000
setting_a,1,Setting A,情景甲,1709,0.33915084,0.54000000
setting_a,1,Setting A,情景甲,1710,0.39950319,0.54000000
setting_a,1,Setting A,情景甲,1711,0.38472968,0.54000000
setting_a,1,Setting A,情景甲,1712,0.46132903,0.54000000
setting_a,1,Setting A,情景甲,1713,0.39332425,0.54000000
setting_a,1,Setting A,情景甲,1714,0.36310211,0.54000000
setting_a,1,Setting A,情景甲,1715,0.40015101,0.54000000
setting_a,1,Setting A,情景甲,1716,0.39213089,0.54000000
setting_a,1,Setting A,情景甲,1717,0.38038899,0.54000000
setting_a,1,Setting A,情景甲,1718,0.39990570,0.54000000
setting_a,1,Setting A,情景甲,1719,0.41488301,0.54000000
setting_a,1,Setting A,情景甲,1720,0.40489957,0.54000000
setting_a,1,Setting A,情景甲,1721,0.34226680,0.54000000
setting_a,1,Setting A,情景甲,1722,0.29335286,0.54000000
setting_a,1,Setting A,情景甲,1723,0.44018316,0.54000000
setting_a,1,Setting A,情景甲,1724,0.32983168,0.54000000
setting_a,1,Setting A,情景甲,1725,0.32909656,0.54000000
setting_a,1,Setting A,情景甲,1726,0.34888854,0.54000000
setting_a,1,Setting A,情景甲,1727,0.30005829,0.54000000
setting_a,1,Setting A,情景甲,1728,0.29275837,0.54000000
setting_a,1,Setting A,情景甲,1729,0.33471089,0.54000000
setting_a,1,Setting A,情景甲,1730,0.37035202,0.54000000
setting_a,1,Setting A,情景甲,1731,0.42862962,0.54000000
setting_a,1,Setting A,情景甲,1732,0.38715551,0.54000000
setting_a,1,Setting A,情景甲,1733,0.33980110,0.54000000
setting_a,1,Setting A,情景甲,1734,0.39444728,0.54000000
setting_a,1,Setting A,情景甲,1735,0.45293221,0.54000000
setting_a,1,Setting A,情景甲,1736,0.38267967,0.54000000
setting_a,1,Setting A,情景甲,1737,0.39283130,0.54000000
setting_a,1,Setting A,情景甲,1738,0.42641098,0.54000000
setting_a,1,Setting A,情景甲,1739,0.36743495,0.54000000
setting_a,1,Setting A,情景甲,1740,0.30684252,0.54000000
setting_a,1,Setting A,情景甲,1741,0.42810909,0.54000000
setting_a,1,Setting A,情景甲,1742,0.44664874,0.54000000
setting_a,1,Setting A,情景甲,1743,0.41076256,0.54000000
setting_a,1,Setting A,情景甲,1744,0.36299079,0.54000000
setting_a,1,Setting A,情景甲,1745,0.48310110,0.54000000
setting_a,1,Setting A,情景甲,1746,0.36650915,0.54000000
setting_a,1,Setting A,情景甲,1747,0.37017000,0.54000000
setting_a,1,Setting A,情景甲,1748,0.32402893,0.54000000
setting_a,1,Setting A,情景甲,1749,0.39049950,0.54000000
setting_a,1,Setting A,情景甲,1750,0.43234854,0.54000000
setting_a,1,Setting A,情景甲,1751,0.39042196,0.54000000
setting_a,1,Setting A,情景甲,1752,0.49665297,0.54000000
setting_a,1,Setting A,情景甲,1753,0.38621418,0.54000000
setting_a,1,Setting A,情景甲,1754,0.39089633,0.54000000
setting_a,1,Setting A,情景甲,1755,0.43150811,0.54000000
setting_a,1,Setting A,情景甲,1756,0.45066236,0.54000000
setting_a,1,Setting A,情景甲,1757,0.45531895,0.54000000
setting_a,1,Setting A,情景甲,1758,0.44281291,0.54000000
setting_a,1,Setting A,情景甲,1759,0.43663950,0.54000000
setting_a,1,Setting A,情景甲,1760,0.51769362,0.54000000
setting_a,1,Setting A,情景甲,1761,0.30328813,0.54000000
setting_a,1,Setting A,情景甲,1762,0.46983715,0.54000000
setting_a,1,Setting A,情景甲,1763,0.31358706,0.54000000
setting_a,1,Setting A,情景甲,1764,0.35844908,0.54000000
setting_a,1,Setting A,情景甲,1765,0.31293515,0.54000000
setting_a,1,Setting A,情景甲,1766,0.36362887,0.54000000
setting_a,1,Setting A,情景甲,1767,0.44174210,0.54000000
setting_a,1,Setting A,情景甲,1768,0.31687732,0.54000000
setting_a,1,Setting A,情景甲,1769,0.42256573,0.54000000
setting_a,1,Setting A,情景甲,1770,0.44097311,0.54000000
setting_a,1,Setting A,情景甲,1771,0.36237284,0.54000000
setting_a,1,Setting A,情景甲,1772,0.39063818,0.54000000
setting_a,1,Setting A,情景甲,1773,0.34971132,0.54000000
setting_a,1,Setting A,情景甲,1774,0.36526276,0.54000000
setting_a,1,Setting A,情景甲,1775,0.38477845,0.54000000
setting_a,1,Setting A,情景甲,1776,0.41762297,0.54000000
setting_a,1,Setting A,情景甲,1777,0.38540159,0.54000000
setting_a,1,Setting A,情景甲,1778,0.38611217,0.54000000
setting_a,1,Setting A,情景甲,1779,0.39987334,0.54000000
setting_a,1,Setting A,情景甲,1780,0.38368663,0.54000000
setting_a,1,Setting A,情景甲,1781,0.34641919,0.54000000
setting_a,1,Setting A,情景甲,1782,0.29721663,0.54000000
setting_a,1,Setting A,情景甲,1783,0.32862981,0.54000000
setting_a,1,Setting A,情景甲,1784,0.30789737,0.54000000
setting_a,1,Setting A,情景甲,1785,0.43138298,0.54000000
setting_a,1,Setting A,情景甲,1786,0.36015562,0.54000000
setting_a,1,Setting A,情景甲,1787,0.40019408,0.54000000
setting_a,1,Setting A,情景甲,1788,0.41044273,0.54000000
setting_a,1,Setting A,情景甲,1789,0.45895366,0.54000000
setting_a,1,Setting A,情景甲,1790,0.36323903,0.54000000
setting_a,1,Setting A,情景甲,1791,0.43071002,0.54000000
setting_a,1,Setting A,情景甲,1792,0.31724969,0.54000000
setting_a,1,Setting A,情景甲,1793,0.43563521,0.54000000
setting_a,1,Setting A,情景甲,1794,0.35632224,0.54000000
setting_a,1,Setting A,情景甲,1795,0.45889413,0.54000000
setting_a,1,Setting A,情景甲,1796,0.31144164,0.54000000
setting_a,1,Setting A,情景甲,1797,0.48601904,0.54000000
setting_a,1,Setting A,情景甲,1798,0.30272424,0.54000000
setting_a,1,Setting A,情景甲,1799,0.44340702,0.54000000
setting_a,1,Setting A,情景甲,1800,0.40270754,0.54000000
setting_a,1,Setting A,情景甲,1801,0.36279115,0.54000000
setting_a,1,Setting A,情景甲,1802,0.33904787,0.54000000
setting_a,1,Setting A,情景甲,1803,0.45409174,0.54000000
setting_a,1,Setting A,情景甲,1804,0.39380930,0.54000000
setting_a,1,Setting A,情景甲,1805,0.41326469,0.54000000
setting_a,1,Setting A,情景甲,1806,0.36966420,0.54000000
setting_a,1,Setting A,情景甲,1807,0.39529174,0.54000000
setting_a,1,Setting A,情景甲,1808,0.34588126,0.54000000
setting_a,1,Setting A,情景甲,1809,0.31365963,0.54000000
setting_a,1,Setting A,情景甲,1810,0.44978963,0.54000000
setting_a,1,Setting A,情景甲,1811,0.36007724,0.54000000
setting_a,1,Setting A,情景甲,1812,0.34660652,0.54000000
setting_a,1,Setting A,情景甲,1813,0.44548020,0.54000000
setting_a,1,Setting A,情景甲,1814,0.32602492,0.54000000
setting_a,1,Setting A,情景甲,1815,0.37834798,0.54000000
setting_a,1,Setting A,情景甲,1816,0.37560866,0.54000000
setting_a,1,Setting A,情景甲,1817,0.41088317,0.54000000
setting_a,1,Setting A,情景甲,1818,0.37040174,0.54000000
setting_a,1,Setting A,情景甲,1819,0.43249271,0.54000000
setting_a,1,Setting A,情景甲,1820,0.39278573,0.54000000
setting_a,1,Setting A,情景甲,1821,0.40588138,0.54000000
setting_a,1,Setting A,情景甲,1822,0.30902130,0.54000000
setting_a,1,Setting A,情景甲,1823,0.45268505,0.54000000
setting_a,1,Setting A,情景甲,1824,0.37067523,0.54000000
setting_a,1,Setting A,情景甲,1825,0.37738912,0.54000000
setting_a,1,Setting A,情景甲,1826,0.31423520,0.54000000
setting_a,1,Setting A,情景甲,1827,0.44566241,0.54000000
setting_a,1,Setting A,情景甲,1828,0.34277322,0.54000000
setting_a,1,Setting A,情景甲,1829,0.30396565,0.54000000
setting_a,1,Setting A,情景甲,1830,0.33263635,0.54000000
setting_a,1,Setting A,情景甲,1831,0.40914892,0.54000000
setting_a,1,Setting A,情景甲,1832,0.39863443,0.54000000
setting_a,1,Setting A,情景甲,1833,0.39065880,0.54000000
setting_a,1,Setting A,情景甲,1834,0.34929650,0.54000000
setting_a,1,Setting A,情景甲,1835,0.29522963,0.54000000
setting_a,1,Setting A,情景甲,1836,0.39840374,0.54000000
setting_a,1,Setting A,情景甲,1837,0.38952120,0.54000000
setting_a,1,Setting A,情景甲,1838,0.42829398,0.54000000
setting_a,1,Setting A,情景甲,1839,0.36624715,0.54000000
setting_a,1,Setting A,情景甲,1840,0.36108417,0.54000000
setting_a,1,Setting A,情景甲,1841,0.40731763,0.54000000
setting_a,1,Setting A,情景甲,1842,0.35050734,0.54000000
setting_a,1,Setting A,情景甲,1843,0.46008582,0.54000000
setting_a,1,Setting A,情景甲,1844,0.27434409,0.54000000
setting_a,1,Setting A,情景甲,1845,0.33803993,0.54000000
setting_a,1,Setting A,情景甲,1846,0.47149943,0.54000000
setting_a,1,Setting A,情景甲,1847,0.51530624,0.54000000
setting_a,1,Setting A,情景甲,1848,0.37533962,0.54000000
setting_a,1,Setting A,情景甲,1849,0.35088476,0.54000000
setting_a,1,Setting A,情景甲,1850,0.33894432,0.54000000
setting_a,1,Setting A,情景甲,1851,0.38761663,0.54000000
setting_a,1,Setting A,情景甲,1852,0.39752605,0.54000000
setting_a,1,Setting A,情景甲,1853,0.38209818,0.54000000
setting_a,1,Setting A,情景甲,1854,0.36594006,0.54000000
setting_a,1,Setting A,情景甲,1855,0.38214713,0.54000000
setting_a,1,Setting A,情景甲,1856,0.39853810,0.54000000
setting_a,1,Setting A,情景甲,1857,0.31714007,0.54000000
setting_a,1,Setting A,情景甲,1858,0.42761751,0.54000000
setting_a,1,Setting A,情景甲,1859,0.34079808,0.54000000
setting_a,1,Setting A,情景甲,1860,0.29348913,0.54000000
setting_a,1,Setting A,情景甲,1861,0.38816879,0.54000000
setting_a,1,Setting A,情景甲,1862,0.31024372,0.54000000
setting_a,1,Setting A,情景甲,1863,0.43859967,0.54000000
setting_a,1,Setting A,情景甲,1864,0.42099792,0.54000000
setting_a,1,Setting A,情景甲,1865,0.35873085,0.54000000
setting_a,1,Setting A,情景甲,1866,0.42079366,0.54000000
setting_a,1,Setting A,情景甲,1867,0.35195028,0.54000000
setting_a,1,Setting A,情景甲,1868,0.30561469,0.54000000
setting_a,1,Setting A,情景甲,1869,0.36435849,0.54000000
setting_a,1,Setting A,情景甲,1870,0.43336454,0.54000000
setting_a,1,Setting A,情景甲,1871,0.39183362,0.54000000
setting_a,1,Setting A,情景甲,1872,0.33115258,0.54000000
setting_a,1,Setting A,情景甲,1873,0.41911757,0.54000000
setting_a,1,Setting A,情景甲,1874,0.49401909,0.54000000
setting_a,1,Setting A,情景甲,1875,0.33437230,0.54000000
setting_a,1,Setting A,情景甲,1876,0.39234033,0.54000000
setting_a,1,Setting A,情景甲,1877,0.26012294,0.54000000
setting_a,1,Setting A,情景甲,1878,0.33307347,0.54000000
setting_a,1,Setting A,情景甲,1879,0.33191039,0.54000000
setting_a,1,Setting A,情景甲,1880,0.38590743,0.54000000
setting_a,1,Setting A,情景甲,1881,0.32612911,0.54000000
setting_a,1,Setting A,情景甲,1882,0.41054855,0.54000000
setting_a,1,Setting A,情景甲,1883,0.33125829,0.54000000
setting_a,1,Setting A,情景甲,1884,0.30977798,0.54000000
setting_a,1,Setting A,情景甲,1885,0.43577846,0.54000000
setting_a,1,Setting A,情景甲,1886,0.36954528,0.54000000
setting_a,1,Setting A,情景甲,1887,0.40120976,0.54000000
setting_a,1,Setting A,情景甲,1888,0.39390376,0.54000000
setting_a,1,Setting A,情景甲,1889,0.43349290,0.54000000
setting_a,1,Setting A,情景甲,1890,0.37230199,0.54000000
setting_a,1,Setting A,情景甲,1891,0.28256843,0.54000000
setting_a,1,Setting A,情景甲,1892,0.35117198,0.54000000
setting_a,1,Setting A,情景甲,1893,0.41469558,0.54000000
setting_a,1,Setting A,情景甲,1894,0.39287197,0.54000000
setting_a,1,Setting A,情景甲,1895,0.35337245,0.54000000
setting_a,1,Setting A,情景甲,1896,0.41253123,0.54000000
setting_a,1,Setting A,情景甲,1897,0.38781786,0.54000000
setting_a,1,Setting A,情景甲,1898,0.40211308,0.54000000
setting_a,1,Setting A,情景甲,1899,0.35702421,0.54000000
setting_a,1,Setting A,情景甲,1900,0.34010192,0.54000000
setting_a,1,Setting A,情景甲,1901,0.36188555,0.54000000
setting_a,1,Setting A,情景甲,1902,0.31098575,0.54000000
setting_a,1,Setting A,情景甲,1903,0.42176123,0.54000000
setting_a,1,Setting A,情景甲,1904,0.36597076,0.54000000
setting_a,1,Setting A,情景甲,1905,0.31719127,0.54000000
setting_a,1,Setting A,情景甲,1906,0.42785721,0.54000000
setting_a,1,Setting A,情景甲,1907,0.39114759,0.54000000
setting_a,1,Setting A,情景甲,1908,0.31770568,0.54000000
setting_a,1,Setting A,情景甲,1909,0.24806619,0.54000000
setting_a,1,Setting A,情景甲,1910,0.40479124,0.54000000
setting_a,1,Setting A,情景甲,1911,0.40306335,0.54000000
setting_a,1,Setting A,情景甲,1912,0.36784815,0.54000000
setting_a,1,Setting A,情景甲,1913,0.36428972,0.54000000
setting_a,1,Setting A,情景甲,1914,0.42624606,0.54000000
setting_a,1,Setting A,情景甲,1915,0.41097339,0.54000000
setting_a,1,Setting A,情景甲,1916,0.35913095,0.54000000
setting_a,1,Setting A,情景甲,1917,0.46614702,0.54000000
setting_a,1,Setting A,情景甲,1918,0.39831361,0.54000000
setting_a,1,Setting A,情景甲,1919,0.28342548,0.54000000
setting_a,1,Setting A,情景甲,1920,0.37392044,0.54000000
setting_a,1,Setting A,情景甲,1921,0.42186238,0.54000000
setting_a,1,Setting A,情景甲,1922,0.34503788,0.54000000
setting_a,1,Setting A,情景甲,1923,0.33045115,0.54000000
setting_a,1,Setting A,情景甲,1924,0.43728600,0.54000000
setting_a,1,Setting A,情景甲,1925,0.32400134,0.54000000
setting_a,1,Setting A,情景甲,1926,0.40457879,0.54000000
setting_a,1,Setting A,情景甲,1927,0.41370919,0.54000000
setting_a,1,Setting A,情景甲,1928,0.39091881,0.54000000
setting_a,1,Setting A,情景甲,1929,0.38835621,0.54000000
setting_a,1,Setting A,情景甲,1930,0.39158550,0.54000000
setting_a,1,Setting A,情景甲,1931,0.32492020,0.54000000
setting_a,1,Setting A,情景甲,1932,0.32077366,0.54000000
setting_a,1,Setting A,情景甲,1933,0.41738843,0.54000000
setting_a,1,Setting A,情景甲,1934,0.39064856,0.54000000
setting_a,1,Setting A,情景甲,1935,0.30912701,0.54000000
setting_a,1,Setting A,情景甲,1936,0.38044582,0.54000000
setting_a,1,Setting A,情景甲,1937,0.42076884,0.54000000
setting_a,1,Setting A,情景甲,1938,0.33098613,0.54000000
setting_a,1,Setting A,情景甲,1939,0.41583577,0.54000000
setting_a,1,Setting A,情景甲,1940,0.50661265,0.54000000
setting_a,1,Setting A,情景甲,1941,0.30651207,0.54000000
setting_a,1,Setting A,情景甲,1942,0.36191415,0.54000000
setting_a,1,Setting A,情景甲,1943,0.37643058,0.54000000
setting_a,1,Setting A,情景甲,1944,0.45717349,0.54000000
setting_a,1,Setting A,情景甲,1945,0.39771553,0.54000000
setting_a,1,Setting A,情景甲,1946,0.43303841,0.54000000
setting_a,1,Setting A,情景甲,1947,0.27031031,0.54000000
setting_a,1,Setting A,情景甲,1948,0.34632093,0.54000000
setting_a,1,Setting A,情景甲,1949,0.39270003,0.54000000
setting_a,1,Setting A,情景甲,1950,0.32864732,0.54000000
setting_a,1,Setting A,情景甲,1951,0.34523584,0.54000000
setting_a,1,Setting A,情景甲,1952,0.38377651,0.54000000
setting_a,1,Setting A,情景甲,1953,0.45183052,0.54000000
setting_a,1,Setting A,情景甲,1954,0.46357714,0.54000000
setting_a,1,Setting A,情景甲,1955,0.41652153,0.54000000
setting_a,1,Setting A,情景甲,1956,0.43307559,0.54000000
setting_a,1,Setting A,情景甲,1957,0.39280328,0.54000000
setting_a,1,Setting A,情景甲,1958,0.36770608,0.54000000
setting_a,1,Setting A,情景甲,1959,0.42100915,0.54000000
setting_a,1,Setting A,情景甲,1960,0.36893561,0.54000000
setting_a,1,Setting A,情景甲,1961,0.32069344,0.54000000
setting_a,1,Setting A,情景甲,1962,0.42627494,0.54000000
setting_a,1,Setting A,情景甲,1963,0.35290877,0.54000000
setting_a,1,Setting A,情景甲,1964,0.45905778,0.54000000
setting_a,1,Setting A,情景甲,1965,0.39339064,0.54000000
setting_a,1,Setting A,情景甲,1966,0.46006579,0.54000000
setting_a,1,Setting A,情景甲,1967,0.41802661,0.54000000
setting_a,1,Setting A,情景甲,1968,0.33706832,0.54000000
setting_a,1,Setting A,情景甲,1969,0.44841286,0.54000000
setting_a,1,Setting A,情景甲,1970,0.42657990,0.54000000
setting_a,1,Setting A,情景甲,1971,0.38958826,0.54000000
setting_a,1,Setting A,情景甲,1972,0.33251735,0.54000000
setting_a,1,Setting A,情景甲,1973,0.34857251,0.54000000
setting_a,1,Setting A,情景甲,1974,0.37661878,0.54000000
setting_a,1,Setting A,情景甲,1975,0.39761558,0.54000000
setting_a,1,Setting A,情景甲,1976,0.44202979,0.54000000
setting_a,1,Setting A,情景甲,1977,0.34733631,0.54000000
setting_a,1,Setting A,情景甲,1978,0.45599402,0.54000000
setting_a,1,Setting A,情景甲,1979,0.42024855,0.54000000
setting_a,1,Setting A,情景甲,1980,0.49098641,0.54000000
setting_a,1,Setting A,情景甲,1981,0.41053101,0.54000000
setting_a,1,Setting A,情景甲,1982,0.34651399,0.54000000
setting_a,1,Setting A,情景甲,1983,0.33215108,0.54000000
setting_a,1,Setting A,情景甲,1984,0.36869759,0.54000000
setting_a,1,Setting A,情景甲,1985,0.40568531,0.54000000
setting_a,1,Setting A,情景甲,1986,0.42706135,0.54000000
setting_a,1,Setting A,情景甲,1987,0.36822747,0.54000000
setting_a,1,Setting A,情景甲,1988,0.48235552,0.54000000
setting_a,1,Setting A,情景甲,1989,0.45271026,0.54000000
setting_a,1,Setting A,情景甲,1990,0.35192812,0.54000000
setting_a,1,Setting A,情景甲,1991,0.25967221,0.54000000
setting_a,1,Setting A,情景甲,1992,0.38823472,0.54000000
setting_a,1,Setting A,情景甲,1993,0.37805404,0.54000000
setting_a,1,Setting A,情景甲,1994,0.35773819,0.54000000
setting_a,1,Setting A,情景甲,1995,0.41161282,0.54000000
setting_a,1,Setting A,情景甲,1996,0.39382483,0.54000000
setting_a,1,Setting A,情景甲,1997,0.36928014,0.54000000
setting_a,1,Setting A,情景甲,1998,0.41845506,0.54000000
setting_a,1,Setting A,情景甲,1999,0.39504533,0.54000000
setting_a,1,Setting A,情景甲,2000,0.33305093,0.54000000
setting_a,1,Setting A,情景甲,2001,0.35034852,0.54000000
setting_a,1,Setting A,情景甲,2002,0.37357105,0.54000000
setting_a,1,Setting A,情景甲,2003,0.39960047,0.54000000
setting_a,1,Setting A,情景甲,2004,0.28317245,0.54000000
setting_a,1,Setting A,情景甲,2005,0.34785255,0.54000000
setting_a,1,Setting A,情景甲,2006,0.31871468,0.54000000
setting_a,1,Setting A,情景甲,2007,0.37849537,0.54000000
setting_a,1,Setting A,情景甲,2008,0.47888237,0.54000000
setting_a,1,Setting A,情景甲,2009,0.35343156,0.54000000
setting_a,1,Setting A,情景甲,2010,0.45799290,0.54000000
setting_a,1,Setting A,情景甲,2011,0.33762388,0.54000000
setting_a,1,Setting A,情景甲,2012,0.37926715,0.54000000
setting_a,1,Setting A,情景甲,2013,0.50868998,0.54000000
setting_a,1,Setting A,情景甲,2014,0.38605224,0.54000000
setting_a,1,Setting A,情景甲,2015,0.30190092,0.54000000
setting_a,1,Setting A,情景甲,2016,0.47229476,0.54000000
setting_a,1,Setting A,情景甲,2017,0.42540382,0.54000000
setting_a,1,Setting A,情景甲,2018,0.30588616,0.54000000
setting_a,1,Setting A,情景甲,2019,0.46244407,0.54000000
setting_a,1,Setting A,情景甲,2020,0.34435761,0.54000000
setting_a,1,Setting A,情景甲,2021,0.39192510,0.54000000
setting_a,1,Setting A,情景甲,2022,0.39386737,0.54000000
setting_a,1,Setting A,情景甲,2023,0.39272454,0.54000000
setting_a,1,Setting A,情景甲,2024,0.36640169,0.54000000
setting_a,1,Setting A,情景甲,2025,0.38421482,0.54000000
setting_a,1,Setting A,情景甲,2026,0.39947271,0.54000000
setting_a,1,Setting A,情景甲,2027,0.33816041,0.54000000
setting_a,1,Setting A,情景甲,2028,0.39146142,0.54000000
setting_a,1,Setting A,情景甲,2029,0.40254741,0.54000000
setting_a,1,Setting A,情景甲,2030,0.27039388,0.54000000
setting_a,1,Setting A,情景甲,2031,0.45443923,0.54000000
setting_a,1,Setting A,情景甲,2032,0.42901050,0.54000000
setting_a,1,Setting A,情景甲,2033,0.28922956,0.54000000
setting_a,1,Setting A,情景甲,2034,0.37111434,0.54000000
setting_a,1,Setting A,情景甲,2035,0.43384877,0.54000000
setting_a,1,Setting A,情景甲,2036,0.29923792,0.54000000
setting_a,1,Setting A,情景甲,2037,0.36213955,0.54000000
setting_a,1,Setting A,情景甲,2038,0.34339413,0.54000000
setting_a,1,Setting A,情景甲,2039,0.46130239,0.54000000
setting_a,1,Setting A,情景甲,2040,0.35219368,0.54000000
setting_a,1,Setting A,情景甲,2041,0.37935900,0.54000000
setting_a,1,Setting A,情景甲,2042,0.36751683,0.54000000
setting_a,1,Setting A,情景甲,2043,0.42628026,0.54000000
setting_a,1,Setting A,情景甲,2044,0.39645078,0.54000000
setting_a,1,Setting A,情景甲,2045,0.30561188,0.54000000
setting_a,1,Setting A,情景甲,2046,0.28189019,0.54000000
setting_a,1,Setting A,情景甲,2047,0.37925442,0.54000000
setting_a,1,Setting A,情景甲,2048,0.34355078,0.54000000
setting_a,1,Setting A,情景甲,2049,0.40753493,0.54000000
setting_a,1,Setting A,情景甲,2050,0.35713255,0.54000000
setting_a,1,Setting A,情景甲,2051,0.39653431,0.54000000
setting_a,1,Setting A,情景甲,2052,0.33645390,0.54000000
setting_a,1,Setting A,情景甲,2053,0.38580911,0.54000000
setting_a,1,Setting A,情景甲,2054,0.38936355,0.54000000
setting_a,1,Setting A,情景甲,2055,0.45910410,0.54000000
setting_a,1,Setting A,情景甲,2056,0.39516984,0.54000000
setting_a,1,Setting A,情景甲,2057,0.36424821,0.54000000
setting_a,1,Setting A,情景甲,2058,0.45103336,0.54000000
setting_a,1,Setting A,情景甲,2059,0.32594672,0.54000000
setting_a,1,Setting A,情景甲,2060,0.42331781,0.54000000
setting_a,1,Setting A,情景甲,2061,0.40180144,0.54000000
setting_a,1,Setting A,情景甲,2062,0.36201786,0.54000000
setting_a,1,Setting A,情景甲,2063,0.49763283,0.54000000
setting_a,1,Setting A,情景甲,2064,0.31423269,0.54000000
setting_a,1,Setting A,情景甲,2065,0.36724288,0.54000000
setting_a,1,Setting A,情景甲,2066,0.36096100,0.54000000
setting_a,1,Setting A,情景甲,2067,0.43429499,0.54000000
setting_a,1,Setting A,情景甲,2068,0.32236517,0.54000000
setting_a,1,Setting A,情景甲,2069,0.44148612,0.54000000
setting_a,1,Setting A,情景甲,2070,0.39075203,0.54000000
setting_a,1,Setting A,情景甲,2071,0.33042998,0.54000000
setting_a,1,Setting A,情景甲,2072,0.37731485,0.54000000
setting_a,1,Setting A,情景甲,2073,0.31772162,0.54000000
setting_a,1,Setting A,情景甲,2074,0.39260801,0.54000000
setting_a,1,Setting A,情景甲,2075,0.28520482,0.54000000
setting_a,1,Setting A,情景甲,2076,0.37970300,0.54000000
setting_a,1,Setting A,情景甲,2077,0.38581219,0.54000000
setting_a,1,Setting A,情景甲,2078,0.38396143,0.54000000
setting_a,1,Setting A,情景甲,2079,0.37493936,0.54000000
setting_a,1,Setting A,情景甲,2080,0.42439688,0.54000000
setting_a,1,Setting A,情景甲,2081,0.41314073,0.54000000
setting_a,1,Setting A,情景甲,2082,0.31092652,0.54000000
setting_a,1,Setting A,情景甲,2083,0.39236509,0.54000000
setting_a,1,Setting A,情景甲,2084,0.29556823,0.54000000
setting_a,1,Setting A,情景甲,2085,0.38987229,0.54000000
setting_a,1,Setting A,情景甲,2086,0.38706290,0.54000000
setting_a,1,Setting A,情景甲,2087,0.40178575,0.54000000
setting_a,1,Setting A,情景甲,2088,0.44286547,0.54000000
setting_a,1,Setting A,情景甲,2089,0.35263165,0.54000000
setting_a,1,Setting A,情景甲,2090,0.25779979,0.54000000
setting_a,1,Setting A,情景甲,2091,0.35163261,0.54000000
setting_a,1,Setting A,情景甲,2092,0.37181270,0.54000000
setting_a,1,Setting A,情景甲,2093,0.39737899,0.54000000
setting_a,1,Setting A,情景甲,2094,0.29599089,0.54000000
setting_a,1,Setting A,情景甲,2095,0.38647949,0.54000000
setting_a,1,Setting A,情景甲,2096,0.39544418,0.54000000
setting_a,1,Setting A,情景甲,2097,0.43444561,0.54000000
setting_a,1,Setting A,情景甲,2098,0.44320495,0.54000000
setting_a,1,Setting A,情景甲,2099,0.46056970,0.54000000
setting_a,1,Setting A,情景甲,2100,0.35241966,0.54000000
setting_a,1,Setting A,情景甲,2101,0.37470453,0.54000000
setting_a,1,Setting A,情景甲,2102,0.38568193,0.54000000
setting_a,1,Setting A,情景甲,2103,0.36038793,0.54000000
setting_a,1,Setting A,情景甲,2104,0.37632455,0.54000000
setting_a,1,Setting A,情景甲,2105,0.49040250,0.54000000
setting_a,1,Setting A,情景甲,2106,0.44478432,0.54000000
setting_a,1,Setting A,情景甲,2107,0.38894610,0.54000000
setting_a,1,Setting A,情景甲,2108,0.29367707,0.54000000
setting_a,1,Setting A,情景甲,2109,0.42119475,0.54000000
setting_a,1,Setting A,情景甲,2110,0.38881100,0.54000000
setting_a,1,Setting A,情景甲,2111,0.33528154,0.54000000
setting_a,1,Setting A,情景甲,2112,0.38323557,0.54000000
setting_a,1,Setting A,情景甲,2113,0.37957735,0.54000000
setting_a,1,Setting A,情景甲,2114,0.38282097,0.54000000
setting_a,1,Setting A,情景甲,2115,0.33420686,0.54000000
setting_a,1,Setting A,情景甲,2116,0.33707419,0.54000000
setting_a,1,Setting A,情景甲,2117,0.29154604,0.54000000
setting_a,1,Setting A,情景甲,2118,0.41785043,0.54000000
setting_a,1,Setting A,情景甲,2119,0.35048526,0.54000000
setting_a,1,Setting A,情景甲,2120,0.37386981,0.54000000
setting_a,1,Setting A,情景甲,2121,0.36031912,0.54000000
setting_a,1,Setting A,情景甲,2122,0.49264528,0.54000000
setting_a,1,Setting A,情景甲,2123,0.34645876,0.54000000
setting_a,1,Setting A,情景甲,2124,0.36317828,0.54000000
setting_a,1,Setting A,情景甲,2125,0.32747179,0.54000000
setting_a,1,Setting A,情景甲,2126,0.35756283,0.54000000
setting_a,1,Setting A,情景甲,2127,0.38716721,0.54000000
setting_a,1,Setting A,情景甲,2128,0.35948709,0.54000000
setting_a,1,Setting A,情景甲,2129,0.45306554,0.54000000
setting_a,1,Setting A,情景甲,2130,0.41529091,0.54000000
setting_a,1,Setting A,情景甲,2131,0.31183592,0.54000000
setting_a,1,Setting A,情景甲,2132,0.39590764,0.54000000
setting_a,1,Setting A,情景甲,2133,0.37393033,0.54000000
setting_a,1,Setting A,情景甲,2134,0.34505986,0.54000000
setting_a,1,Setting A,情景甲,2135,0.41334052,0.54000000
setting_a,1,Setting A,情景甲,2136,0.34383775,0.54000000
setting_a,1,Setting A,情景甲,2137,0.26745406,0.54000000
setting_a,1,Setting A,情景甲,2138,0.33359553,0.54000000
setting_a,1,Setting A,情景甲,2139,0.35266464,0.54000000
setting_a,1,Setting A,情景甲,2140,0.44758574,0.54000000
setting_a,1,Setting A,情景甲,2141,0.29557455,0.54000000
setting_a,1,Setting A,情景甲,2142,0.33785131,0.54000000
setting_a,1,Setting A,情景甲,2143,0.30043686,0.54000000
setting_a,1,Setting A,情景甲,2144,0.39860797,0.54000000
setting_a,1,Setting A,情景甲,2145,0.32890450,0.54000000
setting_a,1,Setting A,情景甲,2146,0.37980434,0.54000000
setting_a,1,Setting A,情景甲,2147,0.43163844,0.54000000
setting_a,1,Setting A,情景甲,2148,0.33923776,0.54000000
setting_a,1,Setting A,情景甲,2149,0.34076835,0.54000000
setting_a,1,Setting A,情景甲,2150,0.35727187,0.54000000
setting_a,1,Setting A,情景甲,2151,0.35377376,0.54000000
setting_a,1,Setting A,情景甲,2152,0.34542914,0.54000000
setting_a,1,Setting A,情景甲,2153,0.36491955,0.54000000
setting_a,1,Setting A,情景甲,2154,0.38065309,0.54000000
setting_a,1,Setting A,情景甲,2155,0.41291527,0.54000000
setting_a,1,Setting A,情景甲,2156,0.34090966,0.54000000
setting_a,1,Setting A,情景甲,2157,0.38100490,0.54000000
setting_a,1,Setting A,情景甲,2158,0.43550840,0.54000000
setting_a,1,Setting A,情景甲,2159,0.34743737,0.54000000
setting_a,1,Setting A,情景甲,2160,0.37107133,0.54000000
setting_a,1,Setting A,情景甲,2161,0.34886312,0.54000000
setting_a,1,Setting A,情景甲,2162,0.39122544,0.54000000
setting_a,1,Setting A,情景甲,2163,0.36169285,0.54000000
setting_a,1,Setting A,情景甲,2164,0.35806793,0.54000000
setting_a,1,Setting A,情景甲,2165,0.33444908,0.54000000
setting_a,1,Setting A,情景甲,2166,0.36515038,0.54000000
setting_a,1,Setting A,情景甲,2167,0.41036974,0.54000000
setting_a,1,Setting A,情景甲,2168,0.34948695,0.54000000
setting_a,1,Setting A,情景甲,2169,0.34066247,0.54000000
setting_a,1,Setting A,情景甲,2170,0.44169513,0.54000000
setting_a,1,Setting A,情景甲,2171,0.42901437,0.54000000
setting_a,1,Setting A,情景甲,2172,0.43966429,0.54000000
setting_a,1,Setting A,情景甲,2173,0.35240764,0.54000000
setting_a,1,Setting A,情景甲,2174,0.41259395,0.54000000
setting_a,1,Setting A,情景甲,2175,0.50880624,0.54000000
setting_a,1,Setting A,情景甲,2176,0.44186037,0.54000000
setting_a,1,Setting A,情景甲,2177,0.42683627,0.54000000
setting_a,1,Setting A,情景甲,2178,0.35229209,0.54000000
setting_a,1,Setting A,情景甲,2179,0.37882029,0.54000000
setting_a,1,Setting A,情景甲,2180,0.36598047,0.54000000
setting_a,1,Setting A,情景甲,2181,0.39644159,0.54000000
setting_a,1,Setting A,情景甲,2182,0.45017727,0.54000000
setting_a,1,Setting A,情景甲,2183,0.42024309,0.54000000
setting_a,1,Setting A,情景甲,2184,0.34192151,0.54000000
setting_a,1,Setting A,情景甲,2185,0.36216621,0.54000000
setting_a,1,Setting A,情景甲,2186,0.43962534,0.54000000
setting_a,1,Setting A,情景甲,2187,0.39946279,0.54000000
setting_a,1,Setting A,情景甲,2188,0.48672299,0.54000000
setting_a,1,Setting A,情景甲,2189,0.35744124,0.54000000
setting_a,1,Setting A,情景甲,2190,0.39784207,0.54000000
setting_a,1,Setting A,情景甲,2191,0.36052022,0.54000000
setting_a,1,Setting A,情景甲,2192,0.40764942,0.54000000
setting_a,1,Setting A,情景甲,2193,0.32058439,0.54000000
setting_a,1,Setting A,情景甲,2194,0.41213250,0.54000000
setting_a,1,Setting A,情景甲,2195,0.42838901,0.54000000
setting_a,1,Setting A,情景甲,2196,0.39159224,0.54000000
setting_a,1,Setting A,情景甲,2197,0.42593411,0.54000000
setting_a,1,Setting A,情景甲,2198,0.37799934,0.54000000
setting_a,1,Setting A,情景甲,2199,0.42633188,0.54000000
setting_a,1,Setting A,情景甲,2200,0.29235922,0.54000000
setting_a,1,Setting A,情景甲,2201,0.42257891,0.54000000
setting_a,1,Setting A,情景甲,2202,0.38584165,0.54000000
setting_a,1,Setting A,情景甲,2203,0.34575487,0.54000000
setting_a,1,Setting A,情景甲,2204,0.37137866,0.54000000
setting_a,1,Setting A,情景甲,2205,0.41845549,0.54000000
setting_a,1,Setting A,情景甲,2206,0.39560610,0.54000000
setting_a,1,Setting A,情景甲,2207,0.46596121,0.54000000
setting_a,1,Setting A,情景甲,2208,0.49357082,0.54000000
setting_a,1,Setting A,情景甲,2209,0.30891097,0.54000000
setting_a,1,Setting A,情景甲,2210,0.40082906,0.54000000
setting_a,1,Setting A,情景甲,2211,0.34662818,0.54000000
setting_a,1,Setting A,情景甲,2212,0.37312081,0.54000000
setting_a,1,Setting A,情景甲,2213,0.36332034,0.54000000
setting_a,1,Setting A,情景甲,2214,0.36085420,0.54000000
setting_a,1,Setting A,情景甲,2215,0.38842787,0.54000000
setting_a,1,Setting A,情景甲,2216,0.36033164,0.54000000
setting_a,1,Setting A,情景甲,2217,0.37519079,0.54000000
setting_a,1,Setting A,情景甲,2218,0.30142356,0.54000000
setting_a,1,Setting A,情景甲,2219,0.37203926,0.54000000
setting_a,1,Setting A,情景甲,2220,0.29831478,0.54000000
setting_a,1,Setting A,情景甲,2221,0.37006007,0.54000000
setting_a,1,Setting A,情景甲,2222,0.41788341,0.54000000
setting_a,1,Setting A,情景甲,2223,0.27137270,0.54000000
setting_a,1,Setting A,情景甲,2224,0.42705206,0.54000000
setting_a,1,Setting A,情景甲,2225,0.43357581,0.54000000
setting_a,1,Setting A,情景甲,2226,0.37972221,0.54000000
setting_a,1,Setting A,情景甲,2227,0.38573273,0.54000000
setting_a,1,Setting A,情景甲,2228,0.44093844,0.54000000
setting_a,1,Setting A,情景甲,2229,0.35449351,0.54000000
setting_a,1,Setting A,情景甲,2230,0.31223247,0.54000000
setting_a,1,Setting A,情景甲,2231,0.46040557,0.54000000
setting_a,1,Setting A,情景甲,2232,0.40392759,0.54000000
setting_a,1,Setting A,情景甲,2233,0.36941109,0.54000000
setting_a,1,Setting A,情景甲,2234,0.42174939,0.54000000
setting_a,1,Setting A,情景甲,2235,0.38140849,0.54000000
setting_a,1,Setting A,情景甲,2236,0.43866753,0.54000000
setting_a,1,Setting A,情景甲,2237,0.44862587,0.54000000
setting_a,1,Setting A,情景甲,2238,0.42789094,0.54000000
setting_a,1,Setting A,情景甲,2239,0.47044324,0.54000000
setting_a,1,Setting A,情景甲,2240,0.34276647,0.54000000
setting_a,1,Setting A,情景甲,2241,0.42918866,0.54000000
setting_a,1,Setting A,情景甲,2242,0.35430111,0.54000000
setting_a,1,Setting A,情景甲,2243,0.35451279,0.54000000
setting_a,1,Setting A,情景甲,2244,0.40075034,0.54000000
setting_a,1,Setting A,情景甲,2245,0.43020861,0.54000000
setting_a,1,Setting A,情景甲,2246,0.34884905,0.54000000
setting_a,1,Setting A,情景甲,2247,0.34918903,0.54000000
setting_a,1,Setting A,情景甲,2248,0.52684189,0.54000000
setting_a,1,Setting A,情景甲,2249,0.31845930,0.54000000
setting_a,1,Setting A,情景甲,2250,0.32223474,0.54000000
setting_a,1,Setting A,情景甲,2251,0.42261714,0.54000000
setting_a,1,Setting A,情景甲,2252,0.30921880,0.54000000
setting_a,1,Setting A,情景甲,2253,0.34587408,0.54000000
setting_a,1,Setting A,情景甲,2254,0.38165590,0.54000000
setting_a,1,Setting A,情景甲,2255,0.38902657,0.54000000
setting_a,1,Setting A,情景甲,2256,0.34576305,0.54000000
setting_a,1,Setting A,情景甲,2257,0.34865776,0.54000000
setting_a,1,Setting A,情景甲,2258,0.34911289,0.54000000
setting_a,1,Setting A,情景甲,2259,0.38897249,0.54000000
setting_a,1,Setting A,情景甲,2260,0.38309011,0.54000000
setting_a,1,Setting A,情景甲,2261,0.34726017,0.54000000
setting_a,1,Setting A,情景甲,2262,0.33233959,0.54000000
setting_a,1,Setting A,情景甲,2263,0.35505739,0.54000000
setting_a,1,Setting A,情景甲,2264,0.38237688,0.54000000
setting_a,1,Setting A,情景甲,2265,0.39137678,0.54000000
setting_a,1,Setting A,情景甲,2266,0.42299951,0.54000000
setting_a,1,Setting A,情景甲,2267,0.34400788,0.54000000
setting_a,1,Setting A,情景甲,2268,0.35889724,0.54000000
setting_a,1,Setting A,情景甲,2269,0.40050453,0.54000000
setting_a,1,Setting A,情景甲,2270,0.32324388,0.54000000
setting_a,1,Setting A,情景甲,2271,0.39448830,0.54000000
setting_a,1,Setting A,情景甲,2272,0.42812651,0.54000000
setting_a,1,Setting A,情景甲,2273,0.44473453,0.54000000
setting_a,1,Setting A,情景甲,2274,0.38684850,0.54000000
setting_a,1,Setting A,情景甲,2275,0.43095135,0.54000000
setting_a,1,Setting A,情景甲,2276,0.42428426,0.54000000
setting_a,1,Setting A,情景甲,2277,0.34529509,0.54000000
setting_a,1,Setting A,情景甲,2278,0.40860177,0.54000000
setting_a,1,Setting A,情景甲,2279,0.37374786,0.54000000
setting_a,1,Setting A,情景甲,2280,0.32945826,0.54000000
setting_a,1,Setting A,情景甲,2281,0.40296632,0.54000000
setting_a,1,Setting A,情景甲,2282,0.34182921,0.54000000
setting_a,1,Setting A,情景甲,2283,0.32859627,0.54000000
setting_a,1,Setting A,情景甲,2284,0.38119761,0.54000000
setting_a,1,Setting A,情景甲,2285,0.49122780,0.54000000
setting_a,1,Setting A,情景甲,2286,0.39932620,0.54000000
setting_a,1,Setting A,情景甲,2287,0.44385360,0.54000000
setting_a,1,Setting A,情景甲,2288,0.41618555,0.54000000
setting_a,1,Setting A,情景甲,2289,0.37550821,0.54000000
setting_a,1,Setting A,情景甲,2290,0.44179554,0.54000000
setting_a,1,Setting A,情景甲,2291,0.36838064,0.54000000
setting_a,1,Setting A,情景甲,2292,0.37455470,0.54000000
setting_a,1,Setting A,情景甲,2293,0.51242446,0.54000000
setting_a,1,Setting A,情景甲,2294,0.31409217,0.54000000
setting_a,1,Setting A,情景甲,2295,0.31049233,0.54000000
setting_a,1,Setting A,情景甲,2296,0.33932413,0.54000000
setting_a,1,Setting A,情景甲,2297,0.36902569,0.54000000
setting_a,1,Setting A,情景甲,2298,0.32309597,0.54000000
setting_a,1,Setting A,情景甲,2299,0.40649094,0.54000000
setting_a,1,Setting A,情景甲,2300,0.36823594,0.54000000
setting_a,1,Setting A,情景甲,2301,0.38547471,0.54000000
setting_a,1,Setting A,情景甲,2302,0.32669392,0.54000000
setting_a,1,Setting A,情景甲,2303,0.42541694,0.54000000
setting_a,1,Setting A,情景甲,2304,0.47612535,0.54000000
setting_a,1,Setting A,情景甲,2305,0.40104098,0.54000000
setting_a,1,Setting A,情景甲,2306,0.38914463,0.54000000
setting_a,1,Setting A,情景甲,2307,0.35575742,0.54000000
setting_a,1,Setting A,情景甲,2308,0.33495637,0.54000000
setting_a,1,Setting A,情景甲,2309,0.28342577,0.54000000
setting_a,1,Setting A,情景甲,2310,0.35588001,0.54000000
setting_a,1,Setting A,情景甲,2311,0.45264170,0.54000000
setting_a,1,Setting A,情景甲,2312,0.31999823,0.54000000
setting_a,1,Setting A,情景甲,2313,0.45323735,0.54000000
setting_a,1,Setting A,情景甲,2314,0.39770596,0.54000000
setting_a,1,Setting A,情景甲,2315,0.34465895,0.54000000
setting_a,1,Setting A,情景甲,2316,0.36270399,0.54000000
setting_a,1,Setting A,情景甲,2317,0.44829150,0.54000000
setting_a,1,Setting A,情景甲,2318,0.33114063,0.54000000
setting_a,1,Setting A,情景甲,2319,0.40988769,0.54000000
setting_a,1,Setting A,情景甲,2320,0.40528050,0.54000000
setting_a,1,Setting A,情景甲,2321,0.40318550,0.54000000
setting_a,1,Setting A,情景甲,2322,0.36851377,0.54000000
setting_a,1,Setting A,情景甲,2323,0.40477760,0.54000000
setting_a,1,Setting A,情景甲,2324,0.40049790,0.54000000
setting_a,1,Setting A,情景甲,2325,0.35712922,0.54000000
setting_a,1,Setting A,情景甲,2326,0.30899758,0.54000000
setting_a,1,Setting A,情景甲,2327,0.38413455,0.54000000
setting_a,1,Setting A,情景甲,2328,0.29570302,0.54000000
setting_a,1,Setting A,情景甲,2329,0.36169659,0.54000000
setting_a,1,Setting A,情景甲,2330,0.33359431,0.54000000
setting_a,1,Setting A,情景甲,2331,0.42990619,0.54000000
setting_a,1,Setting A,情景甲,2332,0.41409848,0.54000000
setting_a,1,Setting A,情景甲,2333,0.28834498,0.54000000
setting_a,1,Setting A,情景甲,2334,0.39103892,0.54000000
setting_a,1,Setting A,情景甲,2335,0.40036631,0.54000000
setting_a,1,Setting A,情景甲,2336,0.37376733,0.54000000
setting_a,1,Setting A,情景甲,2337,0.34474413,0.54000000
setting_a,1,Setting A,情景甲,2338,0.30035674,0.54000000
setting_a,1,Setting A,情景甲,2339,0.28467559,0.54000000
setting_a,1,Setting A,情景甲,2340,0.41024560,0.54000000
setting_a,1,Setting A,情景甲,2341,0.39528222,0.54000000
setting_a,1,Setting A,情景甲,2342,0.27647455,0.54000000
setting_a,1,Setting A,情景甲,2343,0.31731417,0.54000000
setting_a,1,Setting A,情景甲,2344,0.35113165,0.54000000
setting_a,1,Setting A,情景甲,2345,0.41981057,0.54000000
setting_a,1,Setting A,情景甲,2346,0.42012383,0.54000000
setting_a,1,Setting A,情景甲,2347,0.40733156,0.54000000
setting_a,1,Setting A,情景甲,2348,0.32441407,0.54000000
setting_a,1,Setting A,情景甲,2349,0.34661527,0.54000000
setting_a,1,Setting A,情景甲,2350,0.40933406,0.54000000
setting_a,1,Setting A,情景甲,2351,0.36922188,0.54000000
setting_a,1,Setting A,情景甲,2352,0.32025473,0.54000000
setting_a,1,Setting A,情景甲,2353,0.36495231,0.54000000
setting_a,1,Setting A,情景甲,2354,0.36637701,0.54000000
setting_a,1,Setting A,情景甲,2355,0.44008926,0.54000000
setting_a,1,Setting A,情景甲,2356,0.41787651,0.54000000
setting_a,1,Setting A,情景甲,2357,0.46039851,0.54000000
setting_a,1,Setting A,情景甲,2358,0.42050840,0.54000000
setting_a,1,Setting A,情景甲,2359,0.34928276,0.54000000
setting_a,1,Setting A,情景甲,2360,0.39859152,0.54000000
setting_a,1,Setting A,情景甲,2361,0.43329099,0.54000000
setting_a,1,Setting A,情景甲,2362,0.42225479,0.54000000
setting_a,1,Setting A,情景甲,2363,0.39191144,0.54000000
setting_a,1,Setting A,情景甲,2364,0.46673404,0.54000000
setting_a,1,Setting A,情景甲,2365,0.37793771,0.54000000
setting_a,1,Setting A,情景甲,2366,0.36084941,0.54000000
setting_a,1,Setting A,情景甲,2367,0.41843426,0.54000000
setting_a,1,Setting A,情景甲,2368,0.42994152,0.54000000
setting_a,1,Setting A,情景甲,2369,0.34370123,0.54000000
setting_a,1,Setting A,情景甲,2370,0.42836944,0.54000000
setting_a,1,Setting A,情景甲,2371,0.31686442,0.54000000
setting_a,1,Setting A,情景甲,2372,0.37936436,0.54000000
setting_a,1,Setting A,情景甲,2373,0.35639099,0.54000000
setting_a,1,Setting A,情景甲,2374,0.32973999,0.54000000
setting_a,1,Setting A,情景甲,2375,0.37928458,0.54000000
setting_a,1,Setting A,情景甲,2376,0.45086406,0.54000000
setting_a,1,Setting A,情景甲,2377,0.35255548,0.54000000
setting_a,1,Setting A,情景甲,2378,0.37388246,0.54000000
setting_a,1,Setting A,情景甲,2379,0.36690556,0.54000000
setting_a,1,Setting A,情景甲,2380,0.36177764,0.54000000
setting_a,1,Setting A,情景甲,2381,0.49374968,0.54000000
setting_a,1,Setting A,情景甲,2382,0.36660509,0.54000000
setting_a,1,Setting A,情景甲,2383,0.33358505,0.54000000
setting_a,1,Setting A,情景甲,2384,0.40419798,0.54000000
setting_a,1,Setting A,情景甲,2385,0.39123508,0.54000000
setting_a,1,Setting A,情景甲,2386,0.36566838,0.54000000
setting_a,1,Setting A,情景甲,2387,0.29029698,0.54000000
setting_a,1,Setting A,情景甲,2388,0.40073899,0.54000000
setting_a,1,Setting A,情景甲,2389,0.46680825,0.54000000
setting_a,1,Setting A,情景甲,2390,0.38865295,0.54000000
setting_a,1,Setting A,情景甲,2391,0.44687380,0.54000000
setting_a,1,Setting A,情景甲,2392,0.38353991,0.54000000
setting_a,1,Setting A,情景甲,2393,0.39968459,0.54000000
setting_a,1,Setting A,情景甲,2394,0.38586863,0.54000000
setting_a,1,Setting A,情景甲,2395,0.35571912,0.54000000
setting_a,1,Setting A,情景甲,2396,0.36575066,0.54000000
setting_a,1,Setting A,情景甲,2397,0.38670638,0.54000000
setting_a,1,Setting A,情景甲,2398,0.35227071,0.54000000
setting_a,1,Setting A,情景甲,2399,0.41093110,0.54000000
setting_a,1,Setting A,情景甲,2400,0.42675535,0.54000000
setting_a,1,Setting A,情景甲,2401,0.40541967,0.54000000
setting_a,1,Setting A,情景甲,2402,0.39128936,0.54000000
setting_a,1,Setting A,情景甲,2403,0.40337220,0.54000000
setting_a,1,Setting A,情景甲,2404,0.40661823,0.54000000
setting_a,1,Setting A,情景甲,2405,0.43581567,0.54000000
setting_a,1,Setting A,情景甲,2406,0.28068144,0.54000000
setting_a,1,Setting A,情景甲,2407,0.45715237,0.54000000
setting_a,1,Setting A,情景甲,2408,0.37332424,0.54000000
setting_a,1,Setting A,情景甲,2409,0.49201490,0.54000000
setting_a,1,Setting A,情景甲,2410,0.45948733,0.54000000
setting_a,1,Setting A,情景甲,2411,0.39442824,0.54000000
setting_a,1,Setting A,情景甲,2412,0.39498892,0.54000000
setting_a,1,Setting A,情景甲,2413,0.35912546,0.54000000
setting_a,1,Setting A,情景甲,2414,0.41787748,0.54000000
setting_a,1,Setting A,情景甲,2415,0.37352773,0.54000000
setting_a,1,Setting A,情景甲,2416,0.43033992,0.54000000
setting_a,1,Setting A,情景甲,2417,0.35133868,0.54000000
setting_a,1,Setting A,情景甲,2418,0.27748959,0.54000000
setting_a,1,Setting A,情景甲,2419,0.35330784,0.54000000
setting_a,1,Setting A,情景甲,2420,0.43337836,0.54000000
setting_a,1,Setting A,情景甲,2421,0.37199654,0.54000000
setting_a,1,Setting A,情景甲,2422,0.39134277,0.54000000
setting_a,1,Setting A,情景甲,2423,0.33022795,0.54000000
setting_a,1,Setting A,情景甲,2424,0.37892152,0.54000000
setting_a,1,Setting A,情景甲,2425,0.40503315,0.54000000
setting_a,1,Setting A,情景甲,2426,0.51140443,0.54000000
setting_a,1,Setting A,情景甲,2427,0.38424780,0.54000000
setting_a,1,Setting A,情景甲,2428,0.37166181,0.54000000
setting_a,1,Setting A,情景甲,2429,0.38700831,0.54000000
setting_a,1,Setting A,情景甲,2430,0.40594456,0.54000000
setting_a,1,Setting A,情景甲,2431,0.41256757,0.54000000
setting_a,1,Setting A,情景甲,2432,0.48663447,0.54000000
setting_a,1,Setting A,情景甲,2433,0.31376029,0.54000000
setting_a,1,Setting A,情景甲,2434,0.37156552,0.54000000
setting_a,1,Setting A,情景甲,2435,0.35803868,0.54000000
setting_a,1,Setting A,情景甲,2436,0.37473166,0.54000000
setting_a,1,Setting A,情景甲,2437,0.32726297,0.54000000
setting_a,1,Setting A,情景甲,2438,0.32637383,0.54000000
setting_a,1,Setting A,情景甲,2439,0.43320146,0.54000000
setting_a,1,Setting A,情景甲,2440,0.35832489,0.54000000
setting_a,1,Setting A,情景甲,2441,0.33869505,0.54000000
setting_a,1,Setting A,情景甲,2442,0.43966933,0.54000000
setting_a,1,Setting A,情景甲,2443,0.36330546,0.54000000
setting_a,1,Setting A,情景甲,2444,0.27453312,0.54000000
setting_a,1,Setting A,情景甲,2445,0.32441950,0.54000000
setting_a,1,Setting A,情景甲,2446,0.32612023,0.54000000
setting_a,1,Setting A,情景甲,2447,0.35552034,0.54000000
setting_a,1,Setting A,情景甲,2448,0.39834685,0.54000000
setting_a,1,Setting A,情景甲,2449,0.35957694,0.54000000
setting_a,1,Setting A,情景甲,2450,0.33955745,0.54000000
setting_a,1,Setting A,情景甲,2451,0.45181482,0.54000000
setting_a,1,Setting A,情景甲,2452,0.34538695,0.54000000
setting_a,1,Setting A,情景甲,2453,0.41239433,0.54000000
setting_a,1,Setting A,情景甲,2454,0.39342400,0.54000000
setting_a,1,Setting A,情景甲,2455,0.27029356,0.54000000
setting_a,1,Setting A,情景甲,2456,0.32471669,0.54000000
setting_a,1,Setting A,情景甲,2457,0.34253521,0.54000000
setting_a,1,Setting A,情景甲,2458,0.41666854,0.54000000
setting_a,1,Setting A,情景甲,2459,0.42810196,0.54000000
setting_a,1,Setting A,情景甲,2460,0.42297221,0.54000000
setting_a,1,Setting A,情景甲,2461,0.42031687,0.54000000
setting_a,1,Setting A,情景甲,2462,0.40030620,0.54000000
setting_a,1,Setting A,情景甲,2463,0.37363993,0.54000000
setting_a,1,Setting A,情景甲,2464,0.43823346,0.54000000
setting_a,1,Setting A,情景甲,2465,0.28103582,0.54000000
setting_a,1,Setting A,情景甲,2466,0.43411228,0.54000000
setting_a,1,Setting A,情景甲,2467,0.29415915,0.54000000
setting_a,1,Setting A,情景甲,2468,0.31973082,0.54000000
setting_a,1,Setting A,情景甲,2469,0.30277866,0.54000000
setting_a,1,Setting A,情景甲,2470,0.48416400,0.54000000
setting_a,1,Setting A,情景甲,2471,0.42449727,0.54000000
setting_a,1,Setting A,情景甲,2472,0.37184899,0.54000000
setting_a,1,Setting A,情景甲,2473,0.40974089,0.54000000
setting_a,1,Setting A,情景甲,2474,0.33315905,0.54000000
setting_a,1,Setting A,情景甲,2475,0.37795356,0.54000000
setting_a,1,Setting A,情景甲,2476,0.34349758,0.54000000
setting_a,1,Setting A,情景甲,2477,0.29426929,0.54000000
setting_a,1,Setting A,情景甲,2478,0.44702733,0.54000000
setting_a,1,Setting A,情景甲,2479,0.32948953,0.54000000
setting_a,1,Setting A,情景甲,2480,0.41632685,0.54000000
setting_a,1,Setting A,情景甲,2481,0.34634833,0.54000000
setting_a,1,Setting A,情景甲,2482,0.38319163,0.54000000
setting_a,1,Setting A,情景甲,2483,0.44923614,0.54000000
setting_a,1,Setting A,情景甲,2484,0.36882145,0.54000000
setting_a,1,Setting A,情景甲,2485,0.45459388,0.54000000
setting_a,1,Setting A,情景甲,2486,0.42500667,0.54000000
setting_a,1,Setting A,情景甲,2487,0.54243844,0.54000000
setting_a,1,Setting A,情景甲,2488,0.33440872,0.54000000
setting_a,1,Setting A,情景甲,2489,0.41230076,0.54000000
setting_a,1,Setting A,情景甲,2490,0.37169413,0.54000000
setting_a,1,Setting A,情景甲,2491,0.36513769,0.54000000
setting_a,1,Setting A,情景甲,2492,0.36473204,0.54000000
setting_a,1,Setting A,情景甲,2493,0.33140490,0.54000000
setting_a,1,Setting A,情景甲,2494,0.44842957,0.54000000
setting_a,1,Setting A,情景甲,2495,0.51725338,0.54000000
setting_a,1,Setting A,情景甲,2496,0.42629871,0.54000000
setting_a,1,Setting A,情景甲,2497,0.26714292,0.54000000
setting_a,1,Setting A,情景甲,2498,0.30569505,0.54000000
setting_a,1,Setting A,情景甲,2499,0.34926393,0.54000000
setting_a,1,Setting A,情景甲,2500,0.40022656,0.54000000
setting_b,2,Setting B,情景乙,1,0.39285431,0.55000000
setting_b,2,Setting B,情景乙,2,0.38100320,0.55000000
setting_b,2,Setting B,情景乙,3,0.44552709,0.55000000
setting_b,2,Setting B,情景乙,4,0.46373479,0.55000000
setting_b,2,Setting B,情景乙,5,0.48356359,0.55000000
setting_b,2,Setting B,情景乙,6,0.36631129,0.55000000
setting_b,2,Setting B,情景乙,7,0.36987919,0.55000000
setting_b,2,Setting B,情景乙,8,0.39566958,0.55000000
setting_b,2,Setting B,情景乙,9,0.33809498,0.55000000
setting_b,2,Setting B,情景乙,10,0.39539376,0.55000000
setting_b,2,Setting B,情景乙,11,0.33133129,0.55000000
setting_b,2,Setting B,情景乙,12,0.37101471,0.55000000
setting_b,2,Setting B,情景乙,13,0.44838046,0.55000000
setting_b,2,Setting B,情景乙,14,0.46087624,0.55000000
setting_b,2,Setting B,情景乙,15,0.41744139,0.55000000
setting_b,2,Setting B,情景乙,16,0.33901030,0.55000000
setting_b,2,Setting B,情景乙,17,0.42857782,0.55000000
setting_b,2,Setting B,情景乙,18,0.36747987,0.55000000
setting_b,2,Setting B,情景乙,19,0.42860563,0.55000000
setting_b,2,Setting B,情景乙,20,0.41359068,0.55000000
setting_b,2,Setting B,情景乙,21,0.36406898,0.55000000
setting_b,2,Setting B,情景乙,22,0.35623760,0.55000000
setting_b,2,Setting B,情景乙,23,0.31110646,0.55000000
setting_b,2,Setting B,情景乙,24,0.37289249,0.55000000
setting_b,2,Setting B,情景乙,25,0.43939149,0.55000000
setting_b,2,Setting B,情景乙,26,0.37415060,0.55000000
setting_b,2,Setting B,情景乙,27,0.45079012,0.55000000
setting_b,2,Setting B,情景乙,28,0.37713371,0.55000000
setting_b,2,Setting B,情景乙,29,0.42054161,0.55000000
setting_b,2,Setting B,情景乙,30,0.34911097,0.55000000
setting_b,2,Setting B,情景乙,31,0.34906626,0.55000000
setting_b,2,Setting B,情景乙,32,0.37940523,0.55000000
setting_b,2,Setting B,情景乙,33,0.42572235,0.55000000
setting_b,2,Setting B,情景乙,34,0.37036742,0.55000000
setting_b,2,Setting B,情景乙,35,0.38133453,0.55000000
setting_b,2,Setting B,情景乙,36,0.39282756,0.55000000
setting_b,2,Setting B,情景乙,37,0.46433540,0.55000000
setting_b,2,Setting B,情景乙,38,0.43142134,0.55000000
setting_b,2,Setting B,情景乙,39,0.41203335,0.55000000
setting_b,2,Setting B,情景乙,40,0.37517363,0.55000000
setting_b,2,Setting B,情景乙,41,0.46419772,0.55000000
setting_b,2,Setting B,情景乙,42,0.37201386,0.55000000
setting_b,2,Setting B,情景乙,43,0.28432292,0.55000000
setting_b,2,Setting B,情景乙,44,0.38304498,0.55000000
setting_b,2,Setting B,情景乙,45,0.39444512,0.55000000
setting_b,2,Setting B,情景乙,46,0.43579452,0.55000000
setting_b,2,Setting B,情景乙,47,0.46401019,0.55000000
setting_b,2,Setting B,情景乙,48,0.46011689,0.55000000
setting_b,2,Setting B,情景乙,49,0.38881937,0.55000000
setting_b,2,Setting B,情景乙,50,0.35058565,0.55000000
setting_b,2,Setting B,情景乙,51,0.37127154,0.55000000
setting_b,2,Setting B,情景乙,52,0.34600850,0.55000000
setting_b,2,Setting B,情景乙,53,0.44545061,0.55000000
setting_b,2,Setting B,情景乙,54,0.47669620,0.55000000
setting_b,2,Setting B,情景乙,55,0.40811419,0.55000000
setting_b,2,Setting B,情景乙,56,0.40183809,0.55000000
setting_b,2,Setting B,情景乙,57,0.42136052,0.55000000
setting_b,2,Setting B,情景乙,58,0.42663080,0.55000000
setting_b,2,Setting B,情景乙,59,0.39330211,0.55000000
setting_b,2,Setting B,情景乙,60,0.34197323,0.55000000
setting_b,2,Setting B,情景乙,61,0.45611623,0.55000000
setting_b,2,Setting B,情景乙,62,0.43507513,0.55000000
setting_b,2,Setting B,情景乙,63,0.42022312,0.55000000
setting_b,2,Setting B,情景乙,64,0.29910655,0.55000000
setting_b,2,Setting B,情景乙,65,0.38973037,0.55000000
setting_b,2,Setting B,情景乙,66,0.38593994,0.55000000
setting_b,2,Setting B,情景乙,67,0.38863820,0.55000000
setting_b,2,Setting B,情景乙,68,0.36819491,0.55000000
setting_b,2,Setting B,情景乙,69,0.36769210,0.55000000
setting_b,2,Setting B,情景乙,70,0.39825921,0.55000000
setting_b,2,Setting B,情景乙,71,0.43681851,0.55000000
setting_b,2,Setting B,情景乙,72,0.37800799,0.55000000
setting_b,2,Setting B,情景乙,73,0.46524047,0.55000000
setting_b,2,Setting B,情景乙,74,0.37985447,0.55000000
setting_b,2,Setting B,情景乙,75,0.42127563,0.55000000
setting_b,2,Setting B,情景乙,76,0.29853231,0.55000000
setting_b,2,Setting B,情景乙,77,0.39346296,0.55000000
setting_b,2,Setting B,情景乙,78,0.40467641,0.55000000
setting_b,2,Setting B,情景乙,79,0.29744442,0.55000000
setting_b,2,Setting B,情景乙,80,0.40395910,0.55000000
setting_b,2,Setting B,情景乙,81,0.38035951,0.55000000
setting_b,2,Setting B,情景乙,82,0.41584693,0.55000000
setting_b,2,Setting B,情景乙,83,0.45391623,0.55000000
setting_b,2,Setting B,情景乙,84,0.38764922,0.55000000
setting_b,2,Setting B,情景乙,85,0.31629039,0.55000000
setting_b,2,Setting B,情景乙,86,0.36409731,0.55000000
setting_b,2,Setting B,情景乙,87,0.36553494,0.55000000
setting_b,2,Setting B,情景乙,88,0.47816502,0.55000000
setting_b,2,Setting B,情景乙,89,0.40908686,0.55000000
setting_b,2,Setting B,情景乙,90,0.40453187,0.55000000
setting_b,2,Setting B,情景乙,91,0.42142494,0.55000000
setting_b,2,Setting B,情景乙,92,0.39539117,0.55000000
setting_b,2,Setting B,情景乙,93,0.46016633,0.55000000
setting_b,2,Setting B,情景乙,94,0.38075780,0.55000000
setting_b,2,Setting B,情景乙,95,0.29142736,0.55000000
setting_b,2,Setting B,情景乙,96,0.36652688,0.55000000
setting_b,2,Setting B,情景乙,97,0.45388773,0.55000000
setting_b,2,Setting B,情景乙,98,0.41047590,0.55000000
setting_b,2,Setting B,情景乙,99,0.46946371,0.55000000
setting_b,2,Setting B,情景乙,100,0.37140426,0.55000000
setting_b,2,Setting B,情景乙,101,0.41019239,0.55000000
setting_b,2,Setting B,情景乙,102,0.32839778,0.55000000
setting_b,2,Setting B,情景乙,103,0.43242845,0.55000000
setting_b,2,Setting B,情景乙,104,0.29925963,0.55000000
setting_b,2,Setting B,情景乙,105,0.39527047,0.55000000
setting_b,2,Setting B,情景乙,106,0.41720527,0.55000000
setting_b,2,Setting B,情景乙,107,0.37151530,0.55000000
setting_b,2,Setting B,情景乙,108,0.45479546,0.55000000
setting_b,2,Setting B,情景乙,109,0.38650663,0.55000000
setting_b,2,Setting B,情景乙,110,0.43154159,0.55000000
setting_b,2,Setting B,情景乙,111,0.42502242,0.55000000
setting_b,2,Setting B,情景乙,112,0.42882257,0.55000000
setting_b,2,Setting B,情景乙,113,0.31553954,0.55000000
setting_b,2,Setting B,情景乙,114,0.36180417,0.55000000
setting_b,2,Setting B,情景乙,115,0.36245233,0.55000000
setting_b,2,Setting B,情景乙,116,0.34218347,0.55000000
setting_b,2,Setting B,情景乙,117,0.43343411,0.55000000
setting_b,2,Setting B,情景乙,118,0.37150631,0.55000000
setting_b,2,Setting B,情景乙,119,0.44424067,0.55000000
setting_b,2,Setting B,情景乙,120,0.39164604,0.55000000
setting_b,2,Setting B,情景乙,121,0.44078497,0.55000000
setting_b,2,Setting B,情景乙,122,0.37448379,0.55000000
setting_b,2,Setting B,情景乙,123,0.38302877,0.55000000
setting_b,2,Setting B,情景乙,124,0.44267318,0.55000000
setting_b,2,Setting B,情景乙,125,0.35187973,0.55000000
setting_b,2,Setting B,情景乙,126,0.42480021,0.55000000
setting_b,2,Setting B,情景乙,127,0.35318906,0.55000000
setting_b,2,Setting B,情景乙,128,0.43737868,0.55000000
setting_b,2,Setting B,情景乙,129,0.40383599,0.55000000
setting_b,2,Setting B,情景乙,130,0.37170758,0.55000000
setting_b,2,Setting B,情景乙,131,0.40971134,0.55000000
setting_b,2,Setting B,情景乙,132,0.41870711,0.55000000
setting_b,2,Setting B,情景乙,133,0.43141827,0.55000000
setting_b,2,Setting B,情景乙,134,0.36358350,0.55000000
setting_b,2,Setting B,情景乙,135,0.46550245,0.55000000
setting_b,2,Setting B,情景乙,136,0.45528942,0.55000000
setting_b,2,Setting B,情景乙,137,0.31117907,0.55000000
setting_b,2,Setting B,情景乙,138,0.46560308,0.55000000
setting_b,2,Setting B,情景乙,139,0.42965164,0.55000000
setting_b,2,Setting B,情景乙,140,0.32364000,0.55000000
setting_b,2,Setting B,情景乙,141,0.37235183,0.55000000
setting_b,2,Setting B,情景乙,142,0.41922876,0.55000000
setting_b,2,Setting B,情景乙,143,0.41259297,0.55000000
setting_b,2,Setting B,情景乙,144,0.48388486,0.55000000
setting_b,2,Setting B,情景乙,145,0.46001784,0.55000000
setting_b,2,Setting B,情景乙,146,0.38041925,0.55000000
setting_b,2,Setting B,情景乙,147,0.36316767,0.55000000
setting_b,2,Setting B,情景乙,148,0.32773658,0.55000000
setting_b,2,Setting B,情景乙,149,0.37958552,0.55000000
setting_b,2,Setting B,情景乙,150,0.36765324,0.55000000
setting_b,2,Setting B,情景乙,151,0.47439326,0.55000000
setting_b,2,Setting B,情景乙,152,0.41841050,0.55000000
setting_b,2,Setting B,情景乙,153,0.41168279,0.55000000
setting_b,2,Setting B,情景乙,154,0.37980039,0.55000000
setting_b,2,Setting B,情景乙,155,0.34622173,0.55000000
setting_b,2,Setting B,情景乙,156,0.45460006,0.55000000
setting_b,2,Setting B,情景乙,157,0.31023230,0.55000000
setting_b,2,Setting B,情景乙,158,0.47022396,0.55000000
setting_b,2,Setting B,情景乙,159,0.41083243,0.55000000
setting_b,2,Setting B,情景乙,160,0.48067087,0.55000000
setting_b,2,Setting B,情景乙,161,0.44820175,0.55000000
setting_b,2,Setting B,情景乙,162,0.31872986,0.55000000
setting_b,2,Setting B,情景乙,163,0.43188886,0.55000000
setting_b,2,Setting B,情景乙,164,0.45068427,0.55000000
setting_b,2,Setting B,情景乙,165,0.44611690,0.55000000
setting_b,2,Setting B,情景乙,166,0.40764986,0.55000000
setting_b,2,Setting B,情景乙,167,0.36518016,0.55000000
setting_b,2,Setting B,情景乙,168,0.34387288,0.55000000
setting_b,2,Setting B,情景乙,169,0.42398859,0.55000000
setting_b,2,Setting B,情景乙,170,0.35941564,0.55000000
setting_b,2,Setting B,情景乙,171,0.38639558,0.55000000
setting_b,2,Setting B,情景乙,172,0.41888686,0.55000000
setting_b,2,Setting B,情景乙,173,0.42119257,0.55000000
setting_b,2,Setting B,情景乙,174,0.35749744,0.55000000
setting_b,2,Setting B,情景乙,175,0.41917729,0.55000000
setting_b,2,Setting B,情景乙,176,0.44568487,0.55000000
setting_b,2,Setting B,情景乙,177,0.43171240,0.55000000
setting_b,2,Setting B,情景乙,178,0.45423753,0.55000000
setting_b,2,Setting B,情景乙,179,0.33039781,0.55000000
setting_b,2,Setting B,情景乙,180,0.35752907,0.55000000
setting_b,2,Setting B,情景乙,181,0.41073278,0.55000000
setting_b,2,Setting B,情景乙,182,0.36709258,0.55000000
setting_b,2,Setting B,情景乙,183,0.37207535,0.55000000
setting_b,2,Setting B,情景乙,184,0.37139148,0.55000000
setting_b,2,Setting B,情景乙,185,0.45183702,0.55000000
setting_b,2,Setting B,情景乙,186,0.40789853,0.55000000
setting_b,2,Setting B,情景乙,187,0.35214499,0.55000000
setting_b,2,Setting B,情景乙,188,0.36364382,0.55000000
setting_b,2,Setting B,情景乙,189,0.33484229,0.55000000
setting_b,2,Setting B,情景乙,190,0.35456844,0.55000000
setting_b,2,Setting B,情景乙,191,0.44155912,0.55000000
setting_b,2,Setting B,情景乙,192,0.36613931,0.55000000
setting_b,2,Setting B,情景乙,193,0.38195349,0.55000000
setting_b,2,Setting B,情景乙,194,0.40484222,0.55000000
setting_b,2,Setting B,情景乙,195,0.43248375,0.55000000
setting_b,2,Setting B,情景乙,196,0.30338112,0.55000000
setting_b,2,Setting B,情景乙,197,0.38967457,0.55000000
setting_b,2,Setting B,情景乙,198,0.46513289,0.55000000
setting_b,2,Setting B,情景乙,199,0.35231520,0.55000000
setting_b,2,Setting B,情景乙,200,0.36657293,0.55000000
setting_b,2,Setting B,情景乙,201,0.36076560,0.55000000
setting_b,2,Setting B,情景乙,202,0.37980553,0.55000000
setting_b,2,Setting B,情景乙,203,0.48022146,0.55000000
setting_b,2,Setting B,情景乙,204,0.42704569,0.55000000
setting_b,2,Setting B,情景乙,205,0.48108835,0.55000000
setting_b,2,Setting B,情景乙,206,0.45921305,0.55000000
setting_b,2,Setting B,情景乙,207,0.30342819,0.55000000
setting_b,2,Setting B,情景乙,208,0.34417151,0.55000000
setting_b,2,Setting B,情景乙,209,0.47074159,0.55000000
setting_b,2,Setting B,情景乙,210,0.37808788,0.55000000
setting_b,2,Setting B,情景乙,211,0.43524325,0.55000000
setting_b,2,Setting B,情景乙,212,0.41104138,0.55000000
setting_b,2,Setting B,情景乙,213,0.40471719,0.55000000
setting_b,2,Setting B,情景乙,214,0.46581270,0.55000000
setting_b,2,Setting B,情景乙,215,0.33885387,0.55000000
setting_b,2,Setting B,情景乙,216,0.39086994,0.55000000
setting_b,2,Setting B,情景乙,217,0.38937933,0.55000000
setting_b,2,Setting B,情景乙,218,0.39522632,0.55000000
setting_b,2,Setting B,情景乙,219,0.35687045,0.55000000
setting_b,2,Setting B,情景乙,220,0.39289311,0.55000000
setting_b,2,Setting B,情景乙,221,0.30845534,0.55000000
setting_b,2,Setting B,情景乙,222,0.33369910,0.55000000
setting_b,2,Setting B,情景乙,223,0.41754105,0.55000000
setting_b,2,Setting B,情景乙,224,0.41319276,0.55000000
setting_b,2,Setting B,情景乙,225,0.29875685,0.55000000
setting_b,2,Setting B,情景乙,226,0.34717250,0.55000000
setting_b,2,Setting B,情景乙,227,0.37097514,0.55000000
setting_b,2,Setting B,情景乙,228,0.40101571,0.55000000
setting_b,2,Setting B,情景乙,229,0.41484253,0.55000000
setting_b,2,Setting B,情景乙,230,0.44215225,0.55000000
setting_b,2,Setting B,情景乙,231,0.37795097,0.55000000
setting_b,2,Setting B,情景乙,232,0.41049823,0.55000000
setting_b,2,Setting B,情景乙,233,0.41610303,0.55000000
setting_b,2,Setting B,情景乙,234,0.39354435,0.55000000
setting_b,2,Setting B,情景乙,235,0.42096264,0.55000000
setting_b,2,Setting B,情景乙,236,0.38149974,0.55000000
setting_b,2,Setting B,情景乙,237,0.44574687,0.55000000
setting_b,2,Setting B,情景乙,238,0.43232107,0.55000000
setting_b,2,Setting B,情景乙,239,0.46039285,0.55000000
setting_b,2,Setting B,情景乙,240,0.41021601,0.55000000
setting_b,2,Setting B,情景乙,241,0.31567488,0.55000000
setting_b,2,Setting B,情景乙,242,0.46557671,0.55000000
setting_b,2,Setting B,情景乙,243,0.40251458,0.55000000
setting_b,2,Setting B,情景乙,244,0.40398514,0.55000000
setting_b,2,Setting B,情景乙,245,0.37653200,0.55000000
setting_b,2,Setting B,情景乙,246,0.34659528,0.55000000
setting_b,2,Setting B,情景乙,247,0.39770587,0.55000000
setting_b,2,Setting B,情景乙,248,0.35870091,0.55000000
setting_b,2,Setting B,情景乙,249,0.41460720,0.55000000
setting_b,2,Setting B,情景乙,250,0.36017187,0.55000000
setting_b,2,Setting B,情景乙,251,0.35854558,0.55000000
setting_b,2,Setting B,情景乙,252,0.40001002,0.55000000
setting_b,2,Setting B,情景乙,253,0.38652022,0.55000000
setting_b,2,Setting B,情景乙,254,0.34584019,0.55000000
setting_b,2,Setting B,情景乙,255,0.40025263,0.55000000
setting_b,2,Setting B,情景乙,256,0.43473278,0.55000000
setting_b,2,Setting B,情景乙,257,0.38914856,0.55000000
setting_b,2,Setting B,情景乙,258,0.37298663,0.55000000
setting_b,2,Setting B,情景乙,259,0.45296806,0.55000000
setting_b,2,Setting B,情景乙,260,0.44306543,0.55000000
setting_b,2,Setting B,情景乙,261,0.39392683,0.55000000
setting_b,2,Setting B,情景乙,262,0.44218003,0.55000000
setting_b,2,Setting B,情景乙,263,0.41010577,0.55000000
setting_b,2,Setting B,情景乙,264,0.39316544,0.55000000
setting_b,2,Setting B,情景乙,265,0.45864959,0.55000000
setting_b,2,Setting B,情景乙,266,0.38911419,0.55000000
setting_b,2,Setting B,情景乙,267,0.31223671,0.55000000
setting_b,2,Setting B,情景乙,268,0.41101570,0.55000000
setting_b,2,Setting B,情景乙,269,0.33877227,0.55000000
setting_b,2,Setting B,情景乙,270,0.36843967,0.55000000
setting_b,2,Setting B,情景乙,271,0.43235693,0.55000000
setting_b,2,Setting B,情景乙,272,0.37527054,0.55000000
setting_b,2,Setting B,情景乙,273,0.41710164,0.55000000
setting_b,2,Setting B,情景乙,274,0.40445101,0.55000000
setting_b,2,Setting B,情景乙,275,0.41872439,0.55000000
setting_b,2,Setting B,情景乙,276,0.43196226,0.55000000
setting_b,2,Setting B,情景乙,277,0.41315994,0.55000000
setting_b,2,Setting B,情景乙,278,0.46536058,0.55000000
setting_b,2,Setting B,情景乙,279,0.31242684,0.55000000
setting_b,2,Setting B,情景乙,280,0.40260412,0.55000000
setting_b,2,Setting B,情景乙,281,0.42830348,0.55000000
setting_b,2,Setting B,情景乙,282,0.42472166,0.55000000
setting_b,2,Setting B,情景乙,283,0.36414074,0.55000000
setting_b,2,Setting B,情景乙,284,0.41832559,0.55000000
setting_b,2,Setting B,情景乙,285,0.40220369,0.55000000
setting_b,2,Setting B,情景乙,286,0.35924912,0.55000000
setting_b,2,Setting B,情景乙,287,0.41662904,0.55000000
setting_b,2,Setting B,情景乙,288,0.41788266,0.55000000
setting_b,2,Setting B,情景乙,289,0.37149909,0.55000000
setting_b,2,Setting B,情景乙,290,0.46776602,0.55000000
setting_b,2,Setting B,情景乙,291,0.40938682,0.55000000
setting_b,2,Setting B,情景乙,292,0.40966483,0.55000000
setting_b,2,Setting B,情景乙,293,0.33209018,0.55000000
setting_b,2,Setting B,情景乙,294,0.46377131,0.55000000
setting_b,2,Setting B,情景乙,295,0.35449348,0.55000000
setting_b,2,Setting B,情景乙,296,0.34145689,0.55000000
setting_b,2,Setting B,情景乙,297,0.46300380,0.55000000
setting_b,2,Setting B,情景乙,298,0.43334241,0.55000000
setting_b,2,Setting B,情景乙,299,0.38937016,0.55000000
setting_b,2,Setting B,情景乙,300,0.31334228,0.55000000
setting_b,2,Setting B,情景乙,301,0.34714157,0.55000000
setting_b,2,Setting B,情景乙,302,0.44884339,0.55000000
setting_b,2,Setting B,情景乙,303,0.39177216,0.55000000
setting_b,2,Setting B,情景乙,304,0.48260699,0.55000000
setting_b,2,Setting B,情景乙,305,0.39895623,0.55000000
setting_b,2,Setting B,情景乙,306,0.38241164,0.55000000
setting_b,2,Setting B,情景乙,307,0.48685017,0.55000000
setting_b,2,Setting B,情景乙,308,0.40464126,0.55000000
setting_b,2,Setting B,情景乙,309,0.43501931,0.55000000
setting_b,2,Setting B,情景乙,310,0.45383516,0.55000000
setting_b,2,Setting B,情景乙,311,0.41627606,0.55000000
setting_b,2,Setting B,情景乙,312,0.38931046,0.55000000
setting_b,2,Setting B,情景乙,313,0.46015790,0.55000000
setting_b,2,Setting B,情景乙,314,0.40977853,0.55000000
setting_b,2,Setting B,情景乙,315,0.31497282,0.55000000
setting_b,2,Setting B,情景乙,316,0.52061234,0.55000000
setting_b,2,Setting B,情景乙,317,0.34097662,0.55000000
setting_b,2,Setting B,情景乙,318,0.37564236,0.55000000
setting_b,2,Setting B,情景乙,319,0.41314797,0.55000000
setting_b,2,Setting B,情景乙,320,0.41287451,0.55000000
setting_b,2,Setting B,情景乙,321,0.32478869,0.55000000
setting_b,2,Setting B,情景乙,322,0.44586564,0.55000000
setting_b,2,Setting B,情景乙,323,0.40544647,0.55000000
setting_b,2,Setting B,情景乙,324,0.41042377,0.55000000
setting_b,2,Setting B,情景乙,325,0.47857478,0.55000000
setting_b,2,Setting B,情景乙,326,0.43991378,0.55000000
setting_b,2,Setting B,情景乙,327,0.43819158,0.55000000
setting_b,2,Setting B,情景乙,328,0.30104467,0.55000000
setting_b,2,Setting B,情景乙,329,0.36734363,0.55000000
setting_b,2,Setting B,情景乙,330,0.37300565,0.55000000
setting_b,2,Setting B,情景乙,331,0.39913926,0.55000000
setting_b,2,Setting B,情景乙,332,0.50185199,0.55000000
setting_b,2,Setting B,情景乙,333,0.33106507,0.55000000
setting_b,2,Setting B,情景乙,334,0.39402490,0.55000000
setting_b,2,Setting B,情景乙,335,0.41223169,0.55000000
setting_b,2,Setting B,情景乙,336,0.43989754,0.55000000
setting_b,2,Setting B,情景乙,337,0.37769560,0.55000000
setting_b,2,Setting B,情景乙,338,0.31080287,0.55000000
setting_b,2,Setting B,情景乙,339,0.37359599,0.55000000
setting_b,2,Setting B,情景乙,340,0.39490206,0.55000000
setting_b,2,Setting B,情景乙,341,0.46858141,0.55000000
setting_b,2,Setting B,情景乙,342,0.38776898,0.55000000
setting_b,2,Setting B,情景乙,343,0.36667837,0.55000000
setting_b,2,Setting B,情景乙,344,0.37699611,0.55000000
setting_b,2,Setting B,情景乙,345,0.40001246,0.55000000
setting_b,2,Setting B,情景乙,346,0.42325290,0.55000000
setting_b,2,Setting B,情景乙,347,0.30522551,0.55000000
setting_b,2,Setting B,情景乙,348,0.47770322,0.55000000
setting_b,2,Setting B,情景乙,349,0.35001308,0.55000000
setting_b,2,Setting B,情景乙,350,0.36107869,0.55000000
setting_b,2,Setting B,情景乙,351,0.41410151,0.55000000
setting_b,2,Setting B,情景乙,352,0.40588360,0.55000000
setting_b,2,Setting B,情景乙,353,0.38699704,0.55000000
setting_b,2,Setting B,情景乙,354,0.36713208,0.55000000
setting_b,2,Setting B,情景乙,355,0.40492842,0.55000000
setting_b,2,Setting B,情景乙,356,0.44600667,0.55000000
setting_b,2,Setting B,情景乙,357,0.35377008,0.55000000
setting_b,2,Setting B,情景乙,358,0.42748411,0.55000000
setting_b,2,Setting B,情景乙,359,0.35531928,0.55000000
setting_b,2,Setting B,情景乙,360,0.48421076,0.55000000
setting_b,2,Setting B,情景乙,361,0.45318106,0.55000000
setting_b,2,Setting B,情景乙,362,0.38614878,0.55000000
setting_b,2,Setting B,情景乙,363,0.37916404,0.55000000
setting_b,2,Setting B,情景乙,364,0.43373570,0.55000000
setting_b,2,Setting B,情景乙,365,0.41356603,0.55000000
setting_b,2,Setting B,情景乙,366,0.40458386,0.55000000
setting_b,2,Setting B,情景乙,367,0.42215802,0.55000000
setting_b,2,Setting B,情景乙,368,0.42210573,0.55000000
setting_b,2,Setting B,情景乙,369,0.39257577,0.55000000
setting_b,2,Setting B,情景乙,370,0.33210850,0.55000000
setting_b,2,Setting B,情景乙,371,0.41782407,0.55000000
setting_b,2,Setting B,情景乙,372,0.39343554,0.55000000
setting_b,2,Setting B,情景乙,373,0.43036027,0.55000000
setting_b,2,Setting B,情景乙,374,0.45577042,0.55000000
setting_b,2,Setting B,情景乙,375,0.40053710,0.55000000
setting_b,2,Setting B,情景乙,376,0.34935394,0.55000000
setting_b,2,Setting B,情景乙,377,0.32602773,0.55000000
setting_b,2,Setting B,情景乙,378,0.36939554,0.55000000
setting_b,2,Setting B,情景乙,379,0.39996382,0.55000000
setting_b,2,Setting B,情景乙,380,0.42293557,0.55000000
setting_b,2,Setting B,情景乙,381,0.42678917,0.55000000
setting_b,2,Setting B,情景乙,382,0.37487331,0.55000000
setting_b,2,Setting B,情景乙,383,0.39096594,0.55000000
setting_b,2,Setting B,情景乙,384,0.40380391,0.55000000
setting_b,2,Setting B,情景乙,385,0.40851573,0.55000000
setting_b,2,Setting B,情景乙,386,0.32928184,0.55000000
setting_b,2,Setting B,情景乙,387,0.36267508,0.55000000
setting_b,2,Setting B,情景乙,388,0.43366562,0.55000000
setting_b,2,Setting B,情景乙,389,0.50365381,0.55000000
setting_b,2,Setting B,情景乙,390,0.30924889,0.55000000
setting_b,2,Setting B,情景乙,391,0.44789404,0.55000000
setting_b,2,Setting B,情景乙,392,0.41972162,0.55000000
setting_b,2,Setting B,情景乙,393,0.29847237,0.55000000
setting_b,2,Setting B,情景乙,394,0.41603886,0.55000000
setting_b,2,Setting B,情景乙,395,0.39065072,0.55000000
setting_b,2,Setting B,情景乙,396,0.44928687,0.55000000
setting_b,2,Setting B,情景乙,397,0.39931828,0.55000000
setting_b,2,Setting B,情景乙,398,0.40659193,0.55000000
setting_b,2,Setting B,情景乙,399,0.41502248,0.55000000
setting_b,2,Setting B,情景乙,400,0.42557122,0.55000000
setting_b,2,Setting B,情景乙,401,0.36282481,0.55000000
setting_b,2,Setting B,情景乙,402,0.44004001,0.55000000
setting_b,2,Setting B,情景乙,403,0.43628950,0.55000000
setting_b,2,Setting B,情景乙,404,0.45752324,0.55000000
setting_b,2,Setting B,情景乙,405,0.41030680,0.55000000
setting_b,2,Setting B,情景乙,406,0.43711733,0.55000000
setting_b,2,Setting B,情景乙,407,0.38169563,0.55000000
setting_b,2,Setting B,情景乙,408,0.39899396,0.55000000
setting_b,2,Setting B,情景乙,409,0.38502507,0.55000000
setting_b,2,Setting B,情景乙,410,0.43083271,0.55000000
setting_b,2,Setting B,情景乙,411,0.40317282,0.55000000
setting_b,2,Setting B,情景乙,412,0.44848316,0.55000000
setting_b,2,Setting B,情景乙,413,0.44003611,0.55000000
setting_b,2,Setting B,情景乙,414,0.34730100,0.55000000
setting_b,2,Setting B,情景乙,415,0.46387827,0.55000000
setting_b,2,Setting B,情景乙,416,0.36812509,0.55000000
setting_b,2,Setting B,情景乙,417,0.47233021,0.55000000
setting_b,2,Setting B,情景乙,418,0.46821490,0.55000000
setting_b,2,Setting B,情景乙,419,0.39342723,0.55000000
setting_b,2,Setting B,情景乙,420,0.33766352,0.55000000
setting_b,2,Setting B,情景乙,421,0.37416938,0.55000000
setting_b,2,Setting B,情景乙,422,0.43752314,0.55000000
setting_b,2,Setting B,情景乙,423,0.40657116,0.55000000
setting_b,2,Setting B,情景乙,424,0.41204280,0.55000000
setting_b,2,Setting B,情景乙,425,0.43179994,0.55000000
setting_b,2,Setting B,情景乙,426,0.29581596,0.55000000
setting_b,2,Setting B,情景乙,427,0.42419671,0.55000000
setting_b,2,Setting B,情景乙,428,0.36053565,0.55000000
setting_b,2,Setting B,情景乙,429,0.42871097,0.55000000
setting_b,2,Setting B,情景乙,430,0.34201377,0.55000000
setting_b,2,Setting B,情景乙,431,0.39151667,0.55000000
setting_b,2,Setting B,情景乙,432,0.40991734,0.55000000
setting_b,2,Setting B,情景乙,433,0.41409202,0.55000000
setting_b,2,Setting B,情景乙,434,0.44418498,0.55000000
setting_b,2,Setting B,情景乙,435,0.34133809,0.55000000
setting_b,2,Setting B,情景乙,436,0.39870936,0.55000000
setting_b,2,Setting B,情景乙,437,0.35567520,0.55000000
setting_b,2,Setting B,情景乙,438,0.45260867,0.55000000
setting_b,2,Setting B,情景乙,439,0.37011140,0.55000000
setting_b,2,Setting B,情景乙,440,0.38239585,0.55000000
setting_b,2,Setting B,情景乙,441,0.35599194,0.55000000
setting_b,2,Setting B,情景乙,442,0.43037780,0.55000000
setting_b,2,Setting B,情景乙,443,0.45780690,0.55000000
setting_b,2,Setting B,情景乙,444,0.42331170,0.55000000
setting_b,2,Setting B,情景乙,445,0.38913437,0.55000000
setting_b,2,Setting B,情景乙,446,0.38125835,0.55000000
setting_b,2,Setting B,情景乙,447,0.36366358,0.55000000
setting_b,2,Setting B,情景乙,448,0.32931526,0.55000000
setting_b,2,Setting B,情景乙,449,0.38997324,0.55000000
setting_b,2,Setting B,情景乙,450,0.41507443,0.55000000
setting_b,2,Setting B,情景乙,451,0.43344423,0.55000000
setting_b,2,Setting B,情景乙,452,0.45649765,0.55000000
setting_b,2,Setting B,情景乙,453,0.43691475,0.55000000
setting_b,2,Setting B,情景乙,454,0.41681419,0.55000000
setting_b,2,Setting B,情景乙,455,0.47198056,0.55000000
setting_b,2,Setting B,情景乙,456,0.39914577,0.55000000
setting_b,2,Setting B,情景乙,457,0.40275172,0.55000000
setting_b,2,Setting B,情景乙,458,0.40473490,0.55000000
setting_b,2,Setting B,情景乙,459,0.33097920,0.55000000
setting_b,2,Setting B,情景乙,460,0.29096157,0.55000000
setting_b,2,Setting B,情景乙,461,0.33981109,0.55000000
setting_b,2,Setting B,情景乙,462,0.39465122,0.55000000
setting_b,2,Setting B,情景乙,463,0.34183456,0.55000000
setting_b,2,Setting B,情景乙,464,0.32823513,0.55000000
setting_b,2,Setting B,情景乙,465,0.37734851,0.55000000
setting_b,2,Setting B,情景乙,466,0.48049084,0.55000000
setting_b,2,Setting B,情景乙,467,0.42543850,0.55000000
setting_b,2,Setting B,情景乙,468,0.41076176,0.55000000
setting_b,2,Setting B,情景乙,469,0.46891722,0.55000000
setting_b,2,Setting B,情景乙,470,0.42346044,0.55000000
setting_b,2,Setting B,情景乙,471,0.41293738,0.55000000
setting_b,2,Setting B,情景乙,472,0.34189416,0.55000000
setting_b,2,Setting B,情景乙,473,0.38624679,0.55000000
setting_b,2,Setting B,情景乙,474,0.49539365,0.55000000
setting_b,2,Setting B,情景乙,475,0.43656848,0.55000000
setting_b,2,Setting B,情景乙,476,0.43922316,0.55000000
setting_b,2,Setting B,情景乙,477,0.43821780,0.55000000
setting_b,2,Setting B,情景乙,478,0.35723798,0.55000000
setting_b,2,Setting B,情景乙,479,0.44708437,0.55000000
setting_b,2,Setting B,情景乙,480,0.39709930,0.55000000
setting_b,2,Setting B,情景乙,481,0.30349268,0.55000000
setting_b,2,Setting B,情景乙,482,0.35519170,0.55000000
setting_b,2,Setting B,情景乙,483,0.34225423,0.55000000
setting_b,2,Setting B,情景乙,484,0.39901112,0.55000000
setting_b,2,Setting B,情景乙,485,0.44537446,0.55000000
setting_b,2,Setting B,情景乙,486,0.44122667,0.55000000
setting_b,2,Setting B,情景乙,487,0.41575649,0.55000000
setting_b,2,Setting B,情景乙,488,0.37465387,0.55000000
setting_b,2,Setting B,情景乙,489,0.41473352,0.55000000
setting_b,2,Setting B,情景乙,490,0.41110224,0.55000000
setting_b,2,Setting B,情景乙,491,0.34247574,0.55000000
setting_b,2,Setting B,情景乙,492,0.35589572,0.55000000
setting_b,2,Setting B,情景乙,493,0.32535096,0.55000000
setting_b,2,Setting B,情景乙,494,0.37520330,0.55000000
setting_b,2,Setting B,情景乙,495,0.41585577,0.55000000
setting_b,2,Setting B,情景乙,496,0.36717377,0.55000000
setting_b,2,Setting B,情景乙,497,0.41449839,0.55000000
setting_b,2,Setting B,情景乙,498,0.37835885,0.55000000
setting_b,2,Setting B,情景乙,499,0.45216532,0.55000000
setting_b,2,Setting B,情景乙,500,0.34152370,0.55000000
setting_b,2,Setting B,情景乙,501,0.42310520,0.55000000
setting_b,2,Setting B,情景乙,502,0.42717150,0.55000000
setting_b,2,Setting B,情景乙,503,0.41718586,0.55000000
setting_b,2,Setting B,情景乙,504,0.42806692,0.55000000
setting_b,2,Setting B,情景乙,505,0.39145804,0.55000000
setting_b,2,Setting B,情景乙,506,0.38548923,0.55000000
setting_b,2,Setting B,情景乙,507,0.39845977,0.55000000
setting_b,2,Setting B,情景乙,508,0.40800879,0.55000000
setting_b,2,Setting B,情景乙,509,0.39613087,0.55000000
setting_b,2,Setting B,情景乙,510,0.32947714,0.55000000
setting_b,2,Setting B,情景乙,511,0.31421141,0.55000000
setting_b,2,Setting B,情景乙,512,0.44715905,0.55000000
setting_b,2,Setting B,情景乙,513,0.46702341,0.55000000
setting_b,2,Setting B,情景乙,514,0.34265823,0.55000000
setting_b,2,Setting B,情景乙,515,0.40727085,0.55000000
setting_b,2,Setting B,情景乙,516,0.51735697,0.55000000
setting_b,2,Setting B,情景乙,517,0.41989438,0.55000000
setting_b,2,Setting B,情景乙,518,0.44775614,0.55000000
setting_b,2,Setting B,情景乙,519,0.36701310,0.55000000
setting_b,2,Setting B,情景乙,520,0.38582753,0.55000000
setting_b,2,Setting B,情景乙,521,0.42682006,0.55000000
setting_b,2,Setting B,情景乙,522,0.30647190,0.55000000
setting_b,2,Setting B,情景乙,523,0.42458222,0.55000000
setting_b,2,Setting B,情景乙,524,0.46385537,0.55000000
setting_b,2,Setting B,情景乙,525,0.41294634,0.55000000
setting_b,2,Setting B,情景乙,526,0.42300819,0.55000000
setting_b,2,Setting B,情景乙,527,0.36102674,0.55000000
setting_b,2,Setting B,情景乙,528,0.33338752,0.55000000
setting_b,2,Setting B,情景乙,529,0.41060214,0.55000000
setting_b,2,Setting B,情景乙,530,0.40854214,0.55000000
setting_b,2,Setting B,情景乙,531,0.43704495,0.55000000
setting_b,2,Setting B,情景乙,532,0.42067891,0.55000000
setting_b,2,Setting B,情景乙,533,0.42274928,0.55000000
setting_b,2,Setting B,情景乙,534,0.44501946,0.55000000
setting_b,2,Setting B,情景乙,535,0.37603683,0.55000000
setting_b,2,Setting B,情景乙,536,0.51177493,0.55000000
setting_b,2,Setting B,情景乙,537,0.35264242,0.55000000
setting_b,2,Setting B,情景乙,538,0.44209568,0.55000000
setting_b,2,Setting B,情景乙,539,0.40269867,0.55000000
setting_b,2,Setting B,情景乙,540,0.38827217,0.55000000
setting_b,2,Setting B,情景乙,541,0.39501554,0.55000000
setting_b,2,Setting B,情景乙,542,0.42759344,0.55000000
setting_b,2,Setting B,情景乙,543,0.45987226,0.55000000
setting_b,2,Setting B,情景乙,544,0.39502941,0.55000000
setting_b,2,Setting B,情景乙,545,0.40914772,0.55000000
setting_b,2,Setting B,情景乙,546,0.36569586,0.55000000
setting_b,2,Setting B,情景乙,547,0.33822734,0.55000000
setting_b,2,Setting B,情景乙,548,0.34362518,0.55000000
setting_b,2,Setting B,情景乙,549,0.34343051,0.55000000
setting_b,2,Setting B,情景乙,550,0.39369434,0.55000000
setting_b,2,Setting B,情景乙,551,0.46521256,0.55000000
setting_b,2,Setting B,情景乙,552,0.44808989,0.55000000
setting_b,2,Setting B,情景乙,553,0.50298270,0.55000000
setting_b,2,Setting B,情景乙,554,0.41479238,0.55000000
setting_b,2,Setting B,情景乙,555,0.44535989,0.55000000
setting_b,2,Setting B,情景乙,556,0.42481151,0.55000000
setting_b,2,Setting B,情景乙,557,0.38911294,0.55000000
setting_b,2,Setting B,情景乙,558,0.40037897,0.55000000
setting_b,2,Setting B,情景乙,559,0.37996115,0.55000000
setting_b,2,Setting B,情景乙,560,0.45610677,0.55000000
setting_b,2,Setting B,情景乙,561,0.42843169,0.55000000
setting_b,2,Setting B,情景乙,562,0.32756262,0.55000000
setting_b,2,Setting B,情景乙,563,0.33089581,0.55000000
setting_b,2,Setting B,情景乙,564,0.47005828,0.55000000
setting_b,2,Setting B,情景乙,565,0.40191519,0.55000000
setting_b,2,Setting B,情景乙,566,0.47271686,0.55000000
setting_b,2,Setting B,情景乙,567,0.32081305,0.55000000
setting_b,2,Setting B,情景乙,568,0.47749364,0.55000000
setting_b,2,Setting B,情景乙,569,0.37404728,0.55000000
setting_b,2,Setting B,情景乙,570,0.39449194,0.55000000
setting_b,2,Setting B,情景乙,571,0.35431573,0.55000000
setting_b,2,Setting B,情景乙,572,0.43842048,0.55000000
setting_b,2,Setting B,情景乙,573,0.36928107,0.55000000
setting_b,2,Setting B,情景乙,574,0.39878110,0.55000000
setting_b,2,Setting B,情景乙,575,0.53419947,0.55000000
setting_b,2,Setting B,情景乙,576,0.41810095,0.55000000
setting_b,2,Setting B,情景乙,577,0.46580244,0.55000000
setting_b,2,Setting B,情景乙,578,0.35474324,0.55000000
setting_b,2,Setting B,情景乙,579,0.38099581,0.55000000
setting_b,2,Setting B,情景乙,580,0.36344171,0.55000000
setting_b,2,Setting B,情景乙,581,0.39310953,0.55000000
setting_b,2,Setting B,情景乙,582,0.39092952,0.55000000
setting_b,2,Setting B,情景乙,583,0.38089471,0.55000000
setting_b,2,Setting B,情景乙,584,0.38475079,0.55000000
setting_b,2,Setting B,情景乙,585,0.43331784,0.55000000
setting_b,2,Setting B,情景乙,586,0.36924891,0.55000000
setting_b,2,Setting B,情景乙,587,0.29029747,0.55000000
setting_b,2,Setting B,情景乙,588,0.37362372,0.55000000
setting_b,2,Setting B,情景乙,589,0.36988361,0.55000000
setting_b,2,Setting B,情景乙,590,0.41509740,0.55000000
setting_b,2,Setting B,情景乙,591,0.41193710,0.55000000
setting_b,2,Setting B,情景乙,592,0.47996244,0.55000000
setting_b,2,Setting B,情景乙,593,0.35779609,0.55000000
setting_b,2,Setting B,情景乙,594,0.43895474,0.55000000
setting_b,2,Setting B,情景乙,595,0.42585643,0.55000000
setting_b,2,Setting B,情景乙,596,0.37514822,0.55000000
setting_b,2,Setting B,情景乙,597,0.36968810,0.55000000
setting_b,2,Setting B,情景乙,598,0.43982257,0.55000000
setting_b,2,Setting B,情景乙,599,0.30824963,0.55000000
setting_b,2,Setting B,情景乙,600,0.37398374,0.55000000
setting_b,2,Setting B,情景乙,601,0.46168335,0.55000000
setting_b,2,Setting B,情景乙,602,0.40202063,0.55000000
setting_b,2,Setting B,情景乙,603,0.45978678,0.55000000
setting_b,2,Setting B,情景乙,604,0.49507740,0.55000000
setting_b,2,Setting B,情景乙,605,0.42683798,0.55000000
setting_b,2,Setting B,情景乙,606,0.32506919,0.55000000
setting_b,2,Setting B,情景乙,607,0.38525845,0.55000000
setting_b,2,Setting B,情景乙,608,0.46877498,0.55000000
setting_b,2,Setting B,情景乙,609,0.41555855,0.55000000
setting_b,2,Setting B,情景乙,610,0.37892359,0.55000000
setting_b,2,Setting B,情景乙,611,0.30224158,0.55000000
setting_b,2,Setting B,情景乙,612,0.37091885,0.55000000
setting_b,2,Setting B,情景乙,613,0.32490040,0.55000000
setting_b,2,Setting B,情景乙,614,0.48896266,0.55000000
setting_b,2,Setting B,情景乙,615,0.42482949,0.55000000
setting_b,2,Setting B,情景乙,616,0.41615091,0.55000000
setting_b,2,Setting B,情景乙,617,0.45316296,0.55000000
setting_b,2,Setting B,情景乙,618,0.41320094,0.55000000
setting_b,2,Setting B,情景乙,619,0.38326491,0.55000000
setting_b,2,Setting B,情景乙,620,0.45033827,0.55000000
setting_b,2,Setting B,情景乙,621,0.43097235,0.55000000
setting_b,2,Setting B,情景乙,622,0.36197178,0.55000000
setting_b,2,Setting B,情景乙,623,0.41221972,0.55000000
setting_b,2,Setting B,情景乙,624,0.37905936,0.55000000
setting_b,2,Setting B,情景乙,625,0.38828808,0.55000000
setting_b,2,Setting B,情景乙,626,0.48753869,0.55000000
setting_b,2,Setting B,情景乙,627,0.38094031,0.55000000
setting_b,2,Setting B,情景乙,628,0.40413023,0.55000000
setting_b,2,Setting B,情景乙,629,0.39985613,0.55000000
setting_b,2,Setting B,情景乙,630,0.34131577,0.55000000
setting_b,2,Setting B,情景乙,631,0.39096023,0.55000000
setting_b,2,Setting B,情景乙,632,0.42578548,0.55000000
setting_b,2,Setting B,情景乙,633,0.38997427,0.55000000
setting_b,2,Setting B,情景乙,634,0.32108697,0.55000000
setting_b,2,Setting B,情景乙,635,0.31778551,0.55000000
setting_b,2,Setting B,情景乙,636,0.48357034,0.55000000
setting_b,2,Setting B,情景乙,637,0.38876222,0.55000000
setting_b,2,Setting B,情景乙,638,0.39738097,0.55000000
setting_b,2,Setting B,情景乙,639,0.23976076,0.55000000
setting_b,2,Setting B,情景乙,640,0.42811274,0.55000000
setting_b,2,Setting B,情景乙,641,0.33930874,0.55000000
setting_b,2,Setting B,情景乙,642,0.37437976,0.55000000
setting_b,2,Setting B,情景乙,643,0.37236828,0.55000000
setting_b,2,Setting B,情景乙,644,0.38525268,0.55000000
setting_b,2,Setting B,情景乙,645,0.48808446,0.55000000
setting_b,2,Setting B,情景乙,646,0.40370995,0.55000000
setting_b,2,Setting B,情景乙,647,0.43410241,0.55000000
setting_b,2,Setting B,情景乙,648,0.42566565,0.55000000
setting_b,2,Setting B,情景乙,649,0.42849345,0.55000000
setting_b,2,Setting B,情景乙,650,0.43644408,0.55000000
setting_b,2,Setting B,情景乙,651,0.40141828,0.55000000
setting_b,2,Setting B,情景乙,652,0.46287125,0.55000000
setting_b,2,Setting B,情景乙,653,0.33990780,0.55000000
setting_b,2,Setting B,情景乙,654,0.30875963,0.55000000
setting_b,2,Setting B,情景乙,655,0.40706762,0.55000000
setting_b,2,Setting B,情景乙,656,0.28179927,0.55000000
setting_b,2,Setting B,情景乙,657,0.32441138,0.55000000
setting_b,2,Setting B,情景乙,658,0.26786919,0.55000000
setting_b,2,Setting B,情景乙,659,0.39015848,0.55000000
setting_b,2,Setting B,情景乙,660,0.37438638,0.55000000
setting_b,2,Setting B,情景乙,661,0.43011036,0.55000000
setting_b,2,Setting B,情景乙,662,0.39975618,0.55000000
setting_b,2,Setting B,情景乙,663,0.43694170,0.55000000
setting_b,2,Setting B,情景乙,664,0.44495746,0.55000000
setting_b,2,Setting B,情景乙,665,0.46512235,0.55000000
setting_b,2,Setting B,情景乙,666,0.35653919,0.55000000
setting_b,2,Setting B,情景乙,667,0.43907112,0.55000000
setting_b,2,Setting B,情景乙,668,0.43488518,0.55000000
setting_b,2,Setting B,情景乙,669,0.43648863,0.55000000
setting_b,2,Setting B,情景乙,670,0.42843154,0.55000000
setting_b,2,Setting B,情景乙,671,0.43966575,0.55000000
setting_b,2,Setting B,情景乙,672,0.36852165,0.55000000
setting_b,2,Setting B,情景乙,673,0.42600850,0.55000000
setting_b,2,Setting B,情景乙,674,0.43371613,0.55000000
setting_b,2,Setting B,情景乙,675,0.29747291,0.55000000
setting_b,2,Setting B,情景乙,676,0.37887284,0.55000000
setting_b,2,Setting B,情景乙,677,0.39606239,0.55000000
setting_b,2,Setting B,情景乙,678,0.42495333,0.55000000
setting_b,2,Setting B,情景乙,679,0.41104739,0.55000000
setting_b,2,Setting B,情景乙,680,0.41047534,0.55000000
setting_b,2,Setting B,情景乙,681,0.51602600,0.55000000
setting_b,2,Setting B,情景乙,682,0.37241952,0.55000000
setting_b,2,Setting B,情景乙,683,0.38995094,0.55000000
setting_b,2,Setting B,情景乙,684,0.42990470,0.55000000
setting_b,2,Setting B,情景乙,685,0.38270354,0.55000000
setting_b,2,Setting B,情景乙,686,0.38871463,0.55000000
setting_b,2,Setting B,情景乙,687,0.36341886,0.55000000
setting_b,2,Setting B,情景乙,688,0.39461091,0.55000000
setting_b,2,Setting B,情景乙,689,0.32440625,0.55000000
setting_b,2,Setting B,情景乙,690,0.41703604,0.55000000
setting_b,2,Setting B,情景乙,691,0.35537271,0.55000000
setting_b,2,Setting B,情景乙,692,0.43673044,0.55000000
setting_b,2,Setting B,情景乙,693,0.25029332,0.55000000
setting_b,2,Setting B,情景乙,694,0.41640821,0.55000000
setting_b,2,Setting B,情景乙,695,0.43819845,0.55000000
setting_b,2,Setting B,情景乙,696,0.40694986,0.55000000
setting_b,2,Setting B,情景乙,697,0.38627844,0.55000000
setting_b,2,Setting B,情景乙,698,0.35115786,0.55000000
setting_b,2,Setting B,情景乙,699,0.43096653,0.55000000
setting_b,2,Setting B,情景乙,700,0.39348939,0.55000000
setting_b,2,Setting B,情景乙,701,0.35591341,0.55000000
setting_b,2,Setting B,情景乙,702,0.38776610,0.55000000
setting_b,2,Setting B,情景乙,703,0.39704107,0.55000000
setting_b,2,Setting B,情景乙,704,0.42674775,0.55000000
setting_b,2,Setting B,情景乙,705,0.45576067,0.55000000
setting_b,2,Setting B,情景乙,706,0.42520541,0.55000000
setting_b,2,Setting B,情景乙,707,0.45456278,0.55000000
setting_b,2,Setting B,情景乙,708,0.41741001,0.55000000
setting_b,2,Setting B,情景乙,709,0.39992119,0.55000000
setting_b,2,Setting B,情景乙,710,0.42978711,0.55000000
setting_b,2,Setting B,情景乙,711,0.41903165,0.55000000
setting_b,2,Setting B,情景乙,712,0.40484686,0.55000000
setting_b,2,Setting B,情景乙,713,0.45107703,0.55000000
setting_b,2,Setting B,情景乙,714,0.44919417,0.55000000
setting_b,2,Setting B,情景乙,715,0.40805051,0.55000000
setting_b,2,Setting B,情景乙,716,0.50185422,0.55000000
setting_b,2,Setting B,情景乙,717,0.39270815,0.55000000
setting_b,2,Setting B,情景乙,718,0.42883928,0.55000000
setting_b,2,Setting B,情景乙,719,0.42798137,0.55000000
setting_b,2,Setting B,情景乙,720,0.33567706,0.55000000
setting_b,2,Setting B,情景乙,721,0.40792644,0.55000000
setting_b,2,Setting B,情景乙,722,0.37948000,0.55000000
setting_b,2,Setting B,情景乙,723,0.39253933,0.55000000
setting_b,2,Setting B,情景乙,724,0.31451133,0.55000000
setting_b,2,Setting B,情景乙,725,0.36430267,0.55000000
setting_b,2,Setting B,情景乙,726,0.43258700,0.55000000
setting_b,2,Setting B,情景乙,727,0.42076942,0.55000000
setting_b,2,Setting B,情景乙,728,0.30244448,0.55000000
setting_b,2,Setting B,情景乙,729,0.47673245,0.55000000
setting_b,2,Setting B,情景乙,730,0.42374452,0.55000000
setting_b,2,Setting B,情景乙,731,0.38166472,0.55000000
setting_b,2,Setting B,情景乙,732,0.36021271,0.55000000
setting_b,2,Setting B,情景乙,733,0.37576794,0.55000000
setting_b,2,Setting B,情景乙,734,0.34265325,0.55000000
setting_b,2,Setting B,情景乙,735,0.43480753,0.55000000
setting_b,2,Setting B,情景乙,736,0.45551769,0.55000000
setting_b,2,Setting B,情景乙,737,0.39330063,0.55000000
setting_b,2,Setting B,情景乙,738,0.35782723,0.55000000
setting_b,2,Setting B,情景乙,739,0.42129149,0.55000000
setting_b,2,Setting B,情景乙,740,0.42737627,0.55000000
setting_b,2,Setting B,情景乙,741,0.35932577,0.55000000
setting_b,2,Setting B,情景乙,742,0.35475149,0.55000000
setting_b,2,Setting B,情景乙,743,0.43579271,0.55000000
setting_b,2,Setting B,情景乙,744,0.40067130,0.55000000
setting_b,2,Setting B,情景乙,745,0.35490280,0.55000000
setting_b,2,Setting B,情景乙,746,0.32980037,0.55000000
setting_b,2,Setting B,情景乙,747,0.27131501,0.55000000
setting_b,2,Setting B,情景乙,748,0.45300158,0.55000000
setting_b,2,Setting B,情景乙,749,0.33515904,0.55000000
setting_b,2,Setting B,情景乙,750,0.47358161,0.55000000
setting_b,2,Setting B,情景乙,751,0.43579600,0.55000000
setting_b,2,Setting B,情景乙,752,0.42559954,0.55000000
setting_b,2,Setting B,情景乙,753,0.38084685,0.55000000
setting_b,2,Setting B,情景乙,754,0.41598208,0.55000000
setting_b,2,Setting B,情景乙,755,0.38190256,0.55000000
setting_b,2,Setting B,情景乙,756,0.45358690,0.55000000
setting_b,2,Setting B,情景乙,757,0.37139470,0.55000000
setting_b,2,Setting B,情景乙,758,0.43765346,0.55000000
setting_b,2,Setting B,情景乙,759,0.43638205,0.55000000
setting_b,2,Setting B,情景乙,760,0.39339527,0.55000000
setting_b,2,Setting B,情景乙,761,0.36848061,0.55000000
setting_b,2,Setting B,情景乙,762,0.33494224,0.55000000
setting_b,2,Setting B,情景乙,763,0.39143347,0.55000000
setting_b,2,Setting B,情景乙,764,0.42424536,0.55000000
setting_b,2,Setting B,情景乙,765,0.43358002,0.55000000
setting_b,2,Setting B,情景乙,766,0.33744624,0.55000000
setting_b,2,Setting B,情景乙,767,0.30738652,0.55000000
setting_b,2,Setting B,情景乙,768,0.49409443,0.55000000
setting_b,2,Setting B,情景乙,769,0.35824813,0.55000000
setting_b,2,Setting B,情景乙,770,0.36334581,0.55000000
setting_b,2,Setting B,情景乙,771,0.40226431,0.55000000
setting_b,2,Setting B,情景乙,772,0.41646029,0.55000000
setting_b,2,Setting B,情景乙,773,0.38708969,0.55000000
setting_b,2,Setting B,情景乙,774,0.36905145,0.55000000
setting_b,2,Setting B,情景乙,775,0.43283883,0.55000000
setting_b,2,Setting B,情景乙,776,0.51301252,0.55000000
setting_b,2,Setting B,情景乙,777,0.46673830,0.55000000
setting_b,2,Setting B,情景乙,778,0.41930846,0.55000000
setting_b,2,Setting B,情景乙,779,0.31977889,0.55000000
setting_b,2,Setting B,情景乙,780,0.29428154,0.55000000
setting_b,2,Setting B,情景乙,781,0.38322131,0.55000000
setting_b,2,Setting B,情景乙,782,0.44495863,0.55000000
setting_b,2,Setting B,情景乙,783,0.33608704,0.55000000
setting_b,2,Setting B,情景乙,784,0.44943531,0.55000000
setting_b,2,Setting B,情景乙,785,0.42831269,0.55000000
setting_b,2,Setting B,情景乙,786,0.44572468,0.55000000
setting_b,2,Setting B,情景乙,787,0.40631506,0.55000000
setting_b,2,Setting B,情景乙,788,0.39457107,0.55000000
setting_b,2,Setting B,情景乙,789,0.34956015,0.55000000
setting_b,2,Setting B,情景乙,790,0.36231434,0.55000000
setting_b,2,Setting B,情景乙,791,0.35859299,0.55000000
setting_b,2,Setting B,情景乙,792,0.36038885,0.55000000
setting_b,2,Setting B,情景乙,793,0.31414504,0.55000000
setting_b,2,Setting B,情景乙,794,0.40892815,0.55000000
setting_b,2,Setting B,情景乙,795,0.36034793,0.55000000
setting_b,2,Setting B,情景乙,796,0.42239425,0.55000000
setting_b,2,Setting B,情景乙,797,0.38111414,0.55000000
setting_b,2,Setting B,情景乙,798,0.38930040,0.55000000
setting_b,2,Setting B,情景乙,799,0.38604048,0.55000000
setting_b,2,Setting B,情景乙,800,0.39953905,0.55000000
setting_b,2,Setting B,情景乙,801,0.37163731,0.55000000
setting_b,2,Setting B,情景乙,802,0.41824099,0.55000000
setting_b,2,Setting B,情景乙,803,0.48423977,0.55000000
setting_b,2,Setting B,情景乙,804,0.37282399,0.55000000
setting_b,2,Setting B,情景乙,805,0.39692515,0.55000000
setting_b,2,Setting B,情景乙,806,0.41291317,0.55000000
setting_b,2,Setting B,情景乙,807,0.44632372,0.55000000
setting_b,2,Setting B,情景乙,808,0.45356320,0.55000000
setting_b,2,Setting B,情景乙,809,0.40712769,0.55000000
setting_b,2,Setting B,情景乙,810,0.37268712,0.55000000
setting_b,2,Setting B,情景乙,811,0.38302656,0.55000000
setting_b,2,Setting B,情景乙,812,0.44093997,0.55000000
setting_b,2,Setting B,情景乙,813,0.39699753,0.55000000
setting_b,2,Setting B,情景乙,814,0.38757950,0.55000000
setting_b,2,Setting B,情景乙,815,0.41048487,0.55000000
setting_b,2,Setting B,情景乙,816,0.37179959,0.55000000
setting_b,2,Setting B,情景乙,817,0.27011537,0.55000000
setting_b,2,Setting B,情景乙,818,0.33450127,0.55000000
setting_b,2,Setting B,情景乙,819,0.50668191,0.55000000
setting_b,2,Setting B,情景乙,820,0.38615257,0.55000000
setting_b,2,Setting B,情景乙,821,0.37968919,0.55000000
setting_b,2,Setting B,情景乙,822,0.42031588,0.55000000
setting_b,2,Setting B,情景乙,823,0.39369674,0.55000000
setting_b,2,Setting B,情景乙,824,0.36137017,0.55000000
setting_b,2,Setting B,情景乙,825,0.42065522,0.55000000
setting_b,2,Setting B,情景乙,826,0.38081701,0.55000000
setting_b,2,Setting B,情景乙,827,0.39172699,0.55000000
setting_b,2,Setting B,情景乙,828,0.35656362,0.55000000
setting_b,2,Setting B,情景乙,829,0.45546048,0.55000000
setting_b,2,Setting B,情景乙,830,0.46154896,0.55000000
setting_b,2,Setting B,情景乙,831,0.38399833,0.55000000
setting_b,2,Setting B,情景乙,832,0.37409409,0.55000000
setting_b,2,Setting B,情景乙,833,0.37091053,0.55000000
setting_b,2,Setting B,情景乙,834,0.46467059,0.55000000
setting_b,2,Setting B,情景乙,835,0.38424782,0.55000000
setting_b,2,Setting B,情景乙,836,0.41244219,0.55000000
setting_b,2,Setting B,情景乙,837,0.33791994,0.55000000
setting_b,2,Setting B,情景乙,838,0.40077053,0.55000000
setting_b,2,Setting B,情景乙,839,0.39644674,0.55000000
setting_b,2,Setting B,情景乙,840,0.28701742,0.55000000
setting_b,2,Setting B,情景乙,841,0.36368312,0.55000000
setting_b,2,Setting B,情景乙,842,0.42207077,0.55000000
setting_b,2,Setting B,情景乙,843,0.47059493,0.55000000
setting_b,2,Setting B,情景乙,844,0.36781726,0.55000000
setting_b,2,Setting B,情景乙,845,0.40803113,0.55000000
setting_b,2,Setting B,情景乙,846,0.41208646,0.55000000
setting_b,2,Setting B,情景乙,847,0.35722540,0.55000000
setting_b,2,Setting B,情景乙,848,0.37838844,0.55000000
setting_b,2,Setting B,情景乙,849,0.42722068,0.55000000
setting_b,2,Setting B,情景乙,850,0.35777357,0.55000000
setting_b,2,Setting B,情景乙,851,0.43103477,0.55000000
setting_b,2,Setting B,情景乙,852,0.39601815,0.55000000
setting_b,2,Setting B,情景乙,853,0.41422323,0.55000000
setting_b,2,Setting B,情景乙,854,0.50764506,0.55000000
setting_b,2,Setting B,情景乙,855,0.44387322,0.55000000
setting_b,2,Setting B,情景乙,856,0.42941591,0.55000000
setting_b,2,Setting B,情景乙,857,0.46499199,0.55000000
setting_b,2,Setting B,情景乙,858,0.30889416,0.55000000
setting_b,2,Setting B,情景乙,859,0.41270577,0.55000000
setting_b,2,Setting B,情景乙,860,0.40849351,0.55000000
setting_b,2,Setting B,情景乙,861,0.46751290,0.55000000
setting_b,2,Setting B,情景乙,862,0.33505588,0.55000000
setting_b,2,Setting B,情景乙,863,0.40938747,0.55000000
setting_b,2,Setting B,情景乙,864,0.33388602,0.55000000
setting_b,2,Setting B,情景乙,865,0.43991128,0.55000000
setting_b,2,Setting B,情景乙,866,0.35799566,0.55000000
setting_b,2,Setting B,情景乙,867,0.26660060,0.55000000
setting_b,2,Setting B,情景乙,868,0.42721084,0.55000000
setting_b,2,Setting B,情景乙,869,0.39196887,0.55000000
setting_b,2,Setting B,情景乙,870,0.39950098,0.55000000
setting_b,2,Setting B,情景乙,871,0.41568454,0.55000000
setting_b,2,Setting B,情景乙,872,0.41989944,0.55000000
setting_b,2,Setting B,情景乙,873,0.43125111,0.55000000
setting_b,2,Setting B,情景乙,874,0.34753270,0.55000000
setting_b,2,Setting B,情景乙,875,0.45915102,0.55000000
setting_b,2,Setting B,情景乙,876,0.41384683,0.55000000
setting_b,2,Setting B,情景乙,877,0.45787726,0.55000000
setting_b,2,Setting B,情景乙,878,0.38573025,0.55000000
setting_b,2,Setting B,情景乙,879,0.36347904,0.55000000
setting_b,2,Setting B,情景乙,880,0.34975543,0.55000000
setting_b,2,Setting B,情景乙,881,0.33914461,0.55000000
setting_b,2,Setting B,情景乙,882,0.39330422,0.55000000
setting_b,2,Setting B,情景乙,883,0.38244822,0.55000000
setting_b,2,Setting B,情景乙,884,0.36727162,0.55000000
setting_b,2,Setting B,情景乙,885,0.41656448,0.55000000
setting_b,2,Setting B,情景乙,886,0.37625025,0.55000000
setting_b,2,Setting B,情景乙,887,0.44025327,0.55000000
setting_b,2,Setting B,情景乙,888,0.46586325,0.55000000
setting_b,2,Setting B,情景乙,889,0.42728623,0.55000000
setting_b,2,Setting B,情景乙,890,0.32684129,0.55000000
setting_b,2,Setting B,情景乙,891,0.33067644,0.55000000
setting_b,2,Setting B,情景乙,892,0.35371302,0.55000000
setting_b,2,Setting B,情景乙,893,0.34684385,0.55000000
setting_b,2,Setting B,情景乙,894,0.39329067,0.55000000
setting_b,2,Setting B,情景乙,895,0.52645405,0.55000000
setting_b,2,Setting B,情景乙,896,0.43525334,0.55000000
setting_b,2,Setting B,情景乙,897,0.46711380,0.55000000
setting_b,2,Setting B,情景乙,898,0.30982257,0.55000000
setting_b,2,Setting B,情景乙,899,0.44607656,0.55000000
setting_b,2,Setting B,情景乙,900,0.34864394,0.55000000
setting_b,2,Setting B,情景乙,901,0.38088187,0.55000000
setting_b,2,Setting B,情景乙,902,0.42319729,0.55000000
setting_b,2,Setting B,情景乙,903,0.44190468,0.55000000
setting_b,2,Setting B,情景乙,904,0.33167145,0.55000000
setting_b,2,Setting B,情景乙,905,0.49090171,0.55000000
setting_b,2,Setting B,情景乙,906,0.37535257,0.55000000
setting_b,2,Setting B,情景乙,907,0.42710363,0.55000000
setting_b,2,Setting B,情景乙,908,0.29902543,0.55000000
setting_b,2,Setting B,情景乙,909,0.35998776,0.55000000
setting_b,2,Setting B,情景乙,910,0.43228326,0.55000000
setting_b,2,Setting B,情景乙,911,0.47480993,0.55000000
setting_b,2,Setting B,情景乙,912,0.42546291,0.55000000
setting_b,2,Setting B,情景乙,913,0.37752128,0.55000000
setting_b,2,Setting B,情景乙,914,0.44390760,0.55000000
setting_b,2,Setting B,情景乙,915,0.30421879,0.55000000
setting_b,2,Setting B,情景乙,916,0.42198860,0.55000000
setting_b,2,Setting B,情景乙,917,0.42484778,0.55000000
setting_b,2,Setting B,情景乙,918,0.41870422,0.55000000
setting_b,2,Setting B,情景乙,919,0.40497620,0.55000000
setting_b,2,Setting B,情景乙,920,0.40338685,0.55000000
setting_b,2,Setting B,情景乙,921,0.36509176,0.55000000
setting_b,2,Setting B,情景乙,922,0.30994732,0.55000000
setting_b,2,Setting B,情景乙,923,0.39595662,0.55000000
setting_b,2,Setting B,情景乙,924,0.38364827,0.55000000
setting_b,2,Setting B,情景乙,925,0.32376174,0.55000000
setting_b,2,Setting B,情景乙,926,0.37641933,0.55000000
setting_b,2,Setting B,情景乙,927,0.41745198,0.55000000
setting_b,2,Setting B,情景乙,928,0.49626904,0.55000000
setting_b,2,Setting B,情景乙,929,0.44184786,0.55000000
setting_b,2,Setting B,情景乙,930,0.41285249,0.55000000
setting_b,2,Setting B,情景乙,931,0.44252317,0.55000000
setting_b,2,Setting B,情景乙,932,0.41197796,0.55000000
setting_b,2,Setting B,情景乙,933,0.46883029,0.55000000
setting_b,2,Setting B,情景乙,934,0.41015947,0.55000000
setting_b,2,Setting B,情景乙,935,0.36068125,0.55000000
setting_b,2,Setting B,情景乙,936,0.36544992,0.55000000
setting_b,2,Setting B,情景乙,937,0.44587677,0.55000000
setting_b,2,Setting B,情景乙,938,0.38979827,0.55000000
setting_b,2,Setting B,情景乙,939,0.41028819,0.55000000
setting_b,2,Setting B,情景乙,940,0.43812173,0.55000000
setting_b,2,Setting B,情景乙,941,0.38681226,0.55000000
setting_b,2,Setting B,情景乙,942,0.45035204,0.55000000
setting_b,2,Setting B,情景乙,943,0.44284420,0.55000000
setting_b,2,Setting B,情景乙,944,0.48327528,0.55000000
setting_b,2,Setting B,情景乙,945,0.38992249,0.55000000
setting_b,2,Setting B,情景乙,946,0.48481402,0.55000000
setting_b,2,Setting B,情景乙,947,0.34717401,0.55000000
setting_b,2,Setting B,情景乙,948,0.41167457,0.55000000
setting_b,2,Setting B,情景乙,949,0.42389218,0.55000000
setting_b,2,Setting B,情景乙,950,0.35176744,0.55000000
setting_b,2,Setting B,情景乙,951,0.29992764,0.55000000
setting_b,2,Setting B,情景乙,952,0.44511861,0.55000000
setting_b,2,Setting B,情景乙,953,0.39585829,0.55000000
setting_b,2,Setting B,情景乙,954,0.44241407,0.55000000
setting_b,2,Setting B,情景乙,955,0.33589544,0.55000000
setting_b,2,Setting B,情景乙,956,0.32611168,0.55000000
setting_b,2,Setting B,情景乙,957,0.40403887,0.55000000
setting_b,2,Setting B,情景乙,958,0.47281573,0.55000000
setting_b,2,Setting B,情景乙,959,0.40757941,0.55000000
setting_b,2,Setting B,情景乙,960,0.38813978,0.55000000
setting_b,2,Setting B,情景乙,961,0.40560981,0.55000000
setting_b,2,Setting B,情景乙,962,0.41908226,0.55000000
setting_b,2,Setting B,情景乙,963,0.36267071,0.55000000
setting_b,2,Setting B,情景乙,964,0.42343589,0.55000000
setting_b,2,Setting B,情景乙,965,0.45530697,0.55000000
setting_b,2,Setting B,情景乙,966,0.52028143,0.55000000
setting_b,2,Setting B,情景乙,967,0.39891916,0.55000000
setting_b,2,Setting B,情景乙,968,0.45102722,0.55000000
setting_b,2,Setting B,情景乙,969,0.41788057,0.55000000
setting_b,2,Setting B,情景乙,970,0.31628801,0.55000000
setting_b,2,Setting B,情景乙,971,0.27688146,0.55000000
setting_b,2,Setting B,情景乙,972,0.37374022,0.55000000
setting_b,2,Setting B,情景乙,973,0.38382337,0.55000000
setting_b,2,Setting B,情景乙,974,0.38950790,0.55000000
setting_b,2,Setting B,情景乙,975,0.45145551,0.55000000
setting_b,2,Setting B,情景乙,976,0.33729942,0.55000000
setting_b,2,Setting B,情景乙,977,0.49625377,0.55000000
setting_b,2,Setting B,情景乙,978,0.38492377,0.55000000
setting_b,2,Setting B,情景乙,979,0.41217982,0.55000000
setting_b,2,Setting B,情景乙,980,0.38374663,0.55000000
setting_b,2,Setting B,情景乙,981,0.38536646,0.55000000
setting_b,2,Setting B,情景乙,982,0.36774514,0.55000000
setting_b,2,Setting B,情景乙,983,0.39390863,0.55000000
setting_b,2,Setting B,情景乙,984,0.35731201,0.55000000
setting_b,2,Setting B,情景乙,985,0.39856788,0.55000000
setting_b,2,Setting B,情景乙,986,0.45383916,0.55000000
setting_b,2,Setting B,情景乙,987,0.41985943,0.55000000
setting_b,2,Setting B,情景乙,988,0.41389623,0.55000000
setting_b,2,Setting B,情景乙,989,0.40130977,0.55000000
setting_b,2,Setting B,情景乙,990,0.46125119,0.55000000
setting_b,2,Setting B,情景乙,991,0.36834140,0.55000000
setting_b,2,Setting B,情景乙,992,0.40999097,0.55000000
setting_b,2,Setting B,情景乙,993,0.43713655,0.55000000
setting_b,2,Setting B,情景乙,994,0.42350016,0.55000000
setting_b,2,Setting B,情景乙,995,0.43722817,0.55000000
setting_b,2,Setting B,情景乙,996,0.40520811,0.55000000
setting_b,2,Setting B,情景乙,997,0.38894636,0.55000000
setting_b,2,Setting B,情景乙,998,0.43398861,0.55000000
setting_b,2,Setting B,情景乙,999,0.46605932,0.55000000
setting_b,2,Setting B,情景乙,1000,0.47497810,0.55000000
setting_b,2,Setting B,情景乙,1001,0.45758020,0.55000000
setting_b,2,Setting B,情景乙,1002,0.37718107,0.55000000
setting_b,2,Setting B,情景乙,1003,0.43387877,0.55000000
setting_b,2,Setting B,情景乙,1004,0.39944378,0.55000000
setting_b,2,Setting B,情景乙,1005,0.42186616,0.55000000
setting_b,2,Setting B,情景乙,1006,0.38157656,0.55000000
setting_b,2,Setting B,情景乙,1007,0.40527238,0.55000000
setting_b,2,Setting B,情景乙,1008,0.36411770,0.55000000
setting_b,2,Setting B,情景乙,1009,0.40992234,0.55000000
setting_b,2,Setting B,情景乙,1010,0.39926690,0.55000000
setting_b,2,Setting B,情景乙,1011,0.37778822,0.55000000
setting_b,2,Setting B,情景乙,1012,0.39486101,0.55000000
setting_b,2,Setting B,情景乙,1013,0.43740371,0.55000000
setting_b,2,Setting B,情景乙,1014,0.44343359,0.55000000
setting_b,2,Setting B,情景乙,1015,0.35448304,0.55000000
setting_b,2,Setting B,情景乙,1016,0.35823859,0.55000000
setting_b,2,Setting B,情景乙,1017,0.45242059,0.55000000
setting_b,2,Setting B,情景乙,1018,0.44926397,0.55000000
setting_b,2,Setting B,情景乙,1019,0.45083933,0.55000000
setting_b,2,Setting B,情景乙,1020,0.45580372,0.55000000
setting_b,2,Setting B,情景乙,1021,0.43422816,0.55000000
setting_b,2,Setting B,情景乙,1022,0.45091253,0.55000000
setting_b,2,Setting B,情景乙,1023,0.41927422,0.55000000
setting_b,2,Setting B,情景乙,1024,0.41567825,0.55000000
setting_b,2,Setting B,情景乙,1025,0.38788664,0.55000000
setting_b,2,Setting B,情景乙,1026,0.32058703,0.55000000
setting_b,2,Setting B,情景乙,1027,0.39838400,0.55000000
setting_b,2,Setting B,情景乙,1028,0.39170077,0.55000000
setting_b,2,Setting B,情景乙,1029,0.40590828,0.55000000
setting_b,2,Setting B,情景乙,1030,0.43705774,0.55000000
setting_b,2,Setting B,情景乙,1031,0.40014739,0.55000000
setting_b,2,Setting B,情景乙,1032,0.32612230,0.55000000
setting_b,2,Setting B,情景乙,1033,0.34449091,0.55000000
setting_b,2,Setting B,情景乙,1034,0.39492311,0.55000000
setting_b,2,Setting B,情景乙,1035,0.38707295,0.55000000
setting_b,2,Setting B,情景乙,1036,0.34896319,0.55000000
setting_b,2,Setting B,情景乙,1037,0.43179715,0.55000000
setting_b,2,Setting B,情景乙,1038,0.33756137,0.55000000
setting_b,2,Setting B,情景乙,1039,0.33648992,0.55000000
setting_b,2,Setting B,情景乙,1040,0.34830621,0.55000000
setting_b,2,Setting B,情景乙,1041,0.40163925,0.55000000
setting_b,2,Setting B,情景乙,1042,0.34237602,0.55000000
setting_b,2,Setting B,情景乙,1043,0.39432068,0.55000000
setting_b,2,Setting B,情景乙,1044,0.49389379,0.55000000
setting_b,2,Setting B,情景乙,1045,0.33952931,0.55000000
setting_b,2,Setting B,情景乙,1046,0.37578128,0.55000000
setting_b,2,Setting B,情景乙,1047,0.49917240,0.55000000
setting_b,2,Setting B,情景乙,1048,0.46214719,0.55000000
setting_b,2,Setting B,情景乙,1049,0.41856784,0.55000000
setting_b,2,Setting B,情景乙,1050,0.33952985,0.55000000
setting_b,2,Setting B,情景乙,1051,0.43200953,0.55000000
setting_b,2,Setting B,情景乙,1052,0.42182605,0.55000000
setting_b,2,Setting B,情景乙,1053,0.33872485,0.55000000
setting_b,2,Setting B,情景乙,1054,0.45272607,0.55000000
setting_b,2,Setting B,情景乙,1055,0.34159962,0.55000000
setting_b,2,Setting B,情景乙,1056,0.29345004,0.55000000
setting_b,2,Setting B,情景乙,1057,0.45417588,0.55000000
setting_b,2,Setting B,情景乙,1058,0.46988889,0.55000000
setting_b,2,Setting B,情景乙,1059,0.34883867,0.55000000
setting_b,2,Setting B,情景乙,1060,0.38622629,0.55000000
setting_b,2,Setting B,情景乙,1061,0.48872424,0.55000000
setting_b,2,Setting B,情景乙,1062,0.39200389,0.55000000
setting_b,2,Setting B,情景乙,1063,0.39608037,0.55000000
setting_b,2,Setting B,情景乙,1064,0.37388901,0.55000000
setting_b,2,Setting B,情景乙,1065,0.44508272,0.55000000
setting_b,2,Setting B,情景乙,1066,0.42152695,0.55000000
setting_b,2,Setting B,情景乙,1067,0.32824453,0.55000000
setting_b,2,Setting B,情景乙,1068,0.43427463,0.55000000
setting_b,2,Setting B,情景乙,1069,0.41473259,0.55000000
setting_b,2,Setting B,情景乙,1070,0.31301848,0.55000000
setting_b,2,Setting B,情景乙,1071,0.41672816,0.55000000
setting_b,2,Setting B,情景乙,1072,0.38822436,0.55000000
setting_b,2,Setting B,情景乙,1073,0.35858054,0.55000000
setting_b,2,Setting B,情景乙,1074,0.36168323,0.55000000
setting_b,2,Setting B,情景乙,1075,0.45266799,0.55000000
setting_b,2,Setting B,情景乙,1076,0.42507804,0.55000000
setting_b,2,Setting B,情景乙,1077,0.45963569,0.55000000
setting_b,2,Setting B,情景乙,1078,0.45541125,0.55000000
setting_b,2,Setting B,情景乙,1079,0.36535306,0.55000000
setting_b,2,Setting B,情景乙,1080,0.40272862,0.55000000
setting_b,2,Setting B,情景乙,1081,0.30917878,0.55000000
setting_b,2,Setting B,情景乙,1082,0.51693076,0.55000000
setting_b,2,Setting B,情景乙,1083,0.39584040,0.55000000
setting_b,2,Setting B,情景乙,1084,0.41665620,0.55000000
setting_b,2,Setting B,情景乙,1085,0.38993316,0.55000000
setting_b,2,Setting B,情景乙,1086,0.39328030,0.55000000
setting_b,2,Setting B,情景乙,1087,0.41657228,0.55000000
setting_b,2,Setting B,情景乙,1088,0.44009365,0.55000000
setting_b,2,Setting B,情景乙,1089,0.46460438,0.55000000
setting_b,2,Setting B,情景乙,1090,0.41911159,0.55000000
setting_b,2,Setting B,情景乙,1091,0.36544443,0.55000000
setting_b,2,Setting B,情景乙,1092,0.49794851,0.55000000
setting_b,2,Setting B,情景乙,1093,0.44051989,0.55000000
setting_b,2,Setting B,情景乙,1094,0.36950316,0.55000000
setting_b,2,Setting B,情景乙,1095,0.36395010,0.55000000
setting_b,2,Setting B,情景乙,1096,0.37433786,0.55000000
setting_b,2,Setting B,情景乙,1097,0.40741917,0.55000000
setting_b,2,Setting B,情景乙,1098,0.37509390,0.55000000
setting_b,2,Setting B,情景乙,1099,0.50273842,0.55000000
setting_b,2,Setting B,情景乙,1100,0.49292369,0.55000000
setting_b,2,Setting B,情景乙,1101,0.38106518,0.55000000
setting_b,2,Setting B,情景乙,1102,0.42269311,0.55000000
setting_b,2,Setting B,情景乙,1103,0.41508758,0.55000000
setting_b,2,Setting B,情景乙,1104,0.46768485,0.55000000
setting_b,2,Setting B,情景乙,1105,0.41312554,0.55000000
setting_b,2,Setting B,情景乙,1106,0.35036472,0.55000000
setting_b,2,Setting B,情景乙,1107,0.35950656,0.55000000
setting_b,2,Setting B,情景乙,1108,0.41651007,0.55000000
setting_b,2,Setting B,情景乙,1109,0.42311479,0.55000000
setting_b,2,Setting B,情景乙,1110,0.37509074,0.55000000
setting_b,2,Setting B,情景乙,1111,0.28438650,0.55000000
setting_b,2,Setting B,情景乙,1112,0.38122541,0.55000000
setting_b,2,Setting B,情景乙,1113,0.39665218,0.55000000
setting_b,2,Setting B,情景乙,1114,0.32277544,0.55000000
setting_b,2,Setting B,情景乙,1115,0.39053537,0.55000000
setting_b,2,Setting B,情景乙,1116,0.33123988,0.55000000
setting_b,2,Setting B,情景乙,1117,0.41743678,0.55000000
setting_b,2,Setting B,情景乙,1118,0.45060929,0.55000000
setting_b,2,Setting B,情景乙,1119,0.40524255,0.55000000
setting_b,2,Setting B,情景乙,1120,0.40291370,0.55000000
setting_b,2,Setting B,情景乙,1121,0.37309020,0.55000000
setting_b,2,Setting B,情景乙,1122,0.46858499,0.55000000
setting_b,2,Setting B,情景乙,1123,0.37344708,0.55000000
setting_b,2,Setting B,情景乙,1124,0.31863746,0.55000000
setting_b,2,Setting B,情景乙,1125,0.35264278,0.55000000
setting_b,2,Setting B,情景乙,1126,0.41419306,0.55000000
setting_b,2,Setting B,情景乙,1127,0.41640809,0.55000000
setting_b,2,Setting B,情景乙,1128,0.33017440,0.55000000
setting_b,2,Setting B,情景乙,1129,0.44671094,0.55000000
setting_b,2,Setting B,情景乙,1130,0.34870426,0.55000000
setting_b,2,Setting B,情景乙,1131,0.45745068,0.55000000
setting_b,2,Setting B,情景乙,1132,0.52810491,0.55000000
setting_b,2,Setting B,情景乙,1133,0.36017297,0.55000000
setting_b,2,Setting B,情景乙,1134,0.41659130,0.55000000
setting_b,2,Setting B,情景乙,1135,0.44903045,0.55000000
setting_b,2,Setting B,情景乙,1136,0.36253487,0.55000000
setting_b,2,Setting B,情景乙,1137,0.37586102,0.55000000
setting_b,2,Setting B,情景乙,1138,0.34896174,0.55000000
setting_b,2,Setting B,情景乙,1139,0.42432537,0.55000000
setting_b,2,Setting B,情景乙,1140,0.35919986,0.55000000
setting_b,2,Setting B,情景乙,1141,0.40330078,0.55000000
setting_b,2,Setting B,情景乙,1142,0.37704413,0.55000000
setting_b,2,Setting B,情景乙,1143,0.34748426,0.55000000
setting_b,2,Setting B,情景乙,1144,0.41282624,0.55000000
setting_b,2,Setting B,情景乙,1145,0.41683802,0.55000000
setting_b,2,Setting B,情景乙,1146,0.45343794,0.55000000
setting_b,2,Setting B,情景乙,1147,0.44021187,0.55000000
setting_b,2,Setting B,情景乙,1148,0.35596990,0.55000000
setting_b,2,Setting B,情景乙,1149,0.41522932,0.55000000
setting_b,2,Setting B,情景乙,1150,0.41144454,0.55000000
setting_b,2,Setting B,情景乙,1151,0.33751770,0.55000000
setting_b,2,Setting B,情景乙,1152,0.36807066,0.55000000
setting_b,2,Setting B,情景乙,1153,0.37536462,0.55000000
setting_b,2,Setting B,情景乙,1154,0.49056627,0.55000000
setting_b,2,Setting B,情景乙,1155,0.40649446,0.55000000
setting_b,2,Setting B,情景乙,1156,0.37680829,0.55000000
setting_b,2,Setting B,情景乙,1157,0.33939418,0.55000000
setting_b,2,Setting B,情景乙,1158,0.37888467,0.55000000
setting_b,2,Setting B,情景乙,1159,0.45152045,0.55000000
setting_b,2,Setting B,情景乙,1160,0.39285369,0.55000000
setting_b,2,Setting B,情景乙,1161,0.32304687,0.55000000
setting_b,2,Setting B,情景乙,1162,0.33868538,0.55000000
setting_b,2,Setting B,情景乙,1163,0.32992575,0.55000000
setting_b,2,Setting B,情景乙,1164,0.43132802,0.55000000
setting_b,2,Setting B,情景乙,1165,0.33322581,0.55000000
setting_b,2,Setting B,情景乙,1166,0.45073019,0.55000000
setting_b,2,Setting B,情景乙,1167,0.47742761,0.55000000
setting_b,2,Setting B,情景乙,1168,0.33348811,0.55000000
setting_b,2,Setting B,情景乙,1169,0.36540579,0.55000000
setting_b,2,Setting B,情景乙,1170,0.45907422,0.55000000
setting_b,2,Setting B,情景乙,1171,0.41018878,0.55000000
setting_b,2,Setting B,情景乙,1172,0.34404092,0.55000000
setting_b,2,Setting B,情景乙,1173,0.40957366,0.55000000
setting_b,2,Setting B,情景乙,1174,0.47827452,0.55000000
setting_b,2,Setting B,情景乙,1175,0.34641178,0.55000000
setting_b,2,Setting B,情景乙,1176,0.37441564,0.55000000
setting_b,2,Setting B,情景乙,1177,0.41091750,0.55000000
setting_b,2,Setting B,情景乙,1178,0.44110077,0.55000000
setting_b,2,Setting B,情景乙,1179,0.33157425,0.55000000
setting_b,2,Setting B,情景乙,1180,0.40787463,0.55000000
setting_b,2,Setting B,情景乙,1181,0.34004958,0.55000000
setting_b,2,Setting B,情景乙,1182,0.41618932,0.55000000
setting_b,2,Setting B,情景乙,1183,0.32931027,0.55000000
setting_b,2,Setting B,情景乙,1184,0.44300879,0.55000000
setting_b,2,Setting B,情景乙,1185,0.38370883,0.55000000
setting_b,2,Setting B,情景乙,1186,0.40809160,0.55000000
setting_b,2,Setting B,情景乙,1187,0.40737468,0.55000000
setting_b,2,Setting B,情景乙,1188,0.32528241,0.55000000
setting_b,2,Setting B,情景乙,1189,0.48007047,0.55000000
setting_b,2,Setting B,情景乙,1190,0.36966529,0.55000000
setting_b,2,Setting B,情景乙,1191,0.38041807,0.55000000
setting_b,2,Setting B,情景乙,1192,0.34522836,0.55000000
setting_b,2,Setting B,情景乙,1193,0.38066333,0.55000000
setting_b,2,Setting B,情景乙,1194,0.24470421,0.55000000
setting_b,2,Setting B,情景乙,1195,0.41626509,0.55000000
setting_b,2,Setting B,情景乙,1196,0.42844682,0.55000000
setting_b,2,Setting B,情景乙,1197,0.41643795,0.55000000
setting_b,2,Setting B,情景乙,1198,0.38414051,0.55000000
setting_b,2,Setting B,情景乙,1199,0.42691280,0.55000000
setting_b,2,Setting B,情景乙,1200,0.36494731,0.55000000
setting_b,2,Setting B,情景乙,1201,0.42351243,0.55000000
setting_b,2,Setting B,情景乙,1202,0.38014792,0.55000000
setting_b,2,Setting B,情景乙,1203,0.37738488,0.55000000
setting_b,2,Setting B,情景乙,1204,0.38683792,0.55000000
setting_b,2,Setting B,情景乙,1205,0.45853010,0.55000000
setting_b,2,Setting B,情景乙,1206,0.48451485,0.55000000
setting_b,2,Setting B,情景乙,1207,0.39981986,0.55000000
setting_b,2,Setting B,情景乙,1208,0.39598573,0.55000000
setting_b,2,Setting B,情景乙,1209,0.35237465,0.55000000
setting_b,2,Setting B,情景乙,1210,0.35058671,0.55000000
setting_b,2,Setting B,情景乙,1211,0.38563436,0.55000000
setting_b,2,Setting B,情景乙,1212,0.40599610,0.55000000
setting_b,2,Setting B,情景乙,1213,0.36546207,0.55000000
setting_b,2,Setting B,情景乙,1214,0.43978526,0.55000000
setting_b,2,Setting B,情景乙,1215,0.37891818,0.55000000
setting_b,2,Setting B,情景乙,1216,0.36164259,0.55000000
setting_b,2,Setting B,情景乙,1217,0.55877564,0.55000000
setting_b,2,Setting B,情景乙,1218,0.32381535,0.55000000
setting_b,2,Setting B,情景乙,1219,0.45043850,0.55000000
setting_b,2,Setting B,情景乙,1220,0.42598011,0.55000000
setting_b,2,Setting B,情景乙,1221,0.36391253,0.55000000
setting_b,2,Setting B,情景乙,1222,0.39511123,0.55000000
setting_b,2,Setting B,情景乙,1223,0.42139753,0.55000000
setting_b,2,Setting B,情景乙,1224,0.41625904,0.55000000
setting_b,2,Setting B,情景乙,1225,0.36493627,0.55000000
setting_b,2,Setting B,情景乙,1226,0.29824800,0.55000000
setting_b,2,Setting B,情景乙,1227,0.45280154,0.55000000
setting_b,2,Setting B,情景乙,1228,0.33660965,0.55000000
setting_b,2,Setting B,情景乙,1229,0.34719855,0.55000000
setting_b,2,Setting B,情景乙,1230,0.37769559,0.55000000
setting_b,2,Setting B,情景乙,1231,0.46278031,0.55000000
setting_b,2,Setting B,情景乙,1232,0.34649191,0.55000000
setting_b,2,Setting B,情景乙,1233,0.41704003,0.55000000
setting_b,2,Setting B,情景乙,1234,0.33981998,0.55000000
setting_b,2,Setting B,情景乙,1235,0.40517733,0.55000000
setting_b,2,Setting B,情景乙,1236,0.39240265,0.55000000
setting_b,2,Setting B,情景乙,1237,0.35689855,0.55000000
setting_b,2,Setting B,情景乙,1238,0.41721185,0.55000000
setting_b,2,Setting B,情景乙,1239,0.40876039,0.55000000
setting_b,2,Setting B,情景乙,1240,0.37711365,0.55000000
setting_b,2,Setting B,情景乙,1241,0.42281197,0.55000000
setting_b,2,Setting B,情景乙,1242,0.44840534,0.55000000
setting_b,2,Setting B,情景乙,1243,0.39996320,0.55000000
setting_b,2,Setting B,情景乙,1244,0.36697126,0.55000000
setting_b,2,Setting B,情景乙,1245,0.40705948,0.55000000
setting_b,2,Setting B,情景乙,1246,0.35554273,0.55000000
setting_b,2,Setting B,情景乙,1247,0.39579017,0.55000000
setting_b,2,Setting B,情景乙,1248,0.37087049,0.55000000
setting_b,2,Setting B,情景乙,1249,0.39336660,0.55000000
setting_b,2,Setting B,情景乙,1250,0.35250329,0.55000000
setting_b,2,Setting B,情景乙,1251,0.36736912,0.55000000
setting_b,2,Setting B,情景乙,1252,0.37799407,0.55000000
setting_b,2,Setting B,情景乙,1253,0.37104673,0.55000000
setting_b,2,Setting B,情景乙,1254,0.39448677,0.55000000
setting_b,2,Setting B,情景乙,1255,0.48529850,0.55000000
setting_b,2,Setting B,情景乙,1256,0.39375285,0.55000000
setting_b,2,Setting B,情景乙,1257,0.37599163,0.55000000
setting_b,2,Setting B,情景乙,1258,0.31397294,0.55000000
setting_b,2,Setting B,情景乙,1259,0.46725395,0.55000000
setting_b,2,Setting B,情景乙,1260,0.47230465,0.55000000
setting_b,2,Setting B,情景乙,1261,0.44796521,0.55000000
setting_b,2,Setting B,情景乙,1262,0.37187047,0.55000000
setting_b,2,Setting B,情景乙,1263,0.37678996,0.55000000
setting_b,2,Setting B,情景乙,1264,0.43970065,0.55000000
setting_b,2,Setting B,情景乙,1265,0.39985294,0.55000000
setting_b,2,Setting B,情景乙,1266,0.41618870,0.55000000
setting_b,2,Setting B,情景乙,1267,0.39699427,0.55000000
setting_b,2,Setting B,情景乙,1268,0.36823736,0.55000000
setting_b,2,Setting B,情景乙,1269,0.43004919,0.55000000
setting_b,2,Setting B,情景乙,1270,0.39376462,0.55000000
setting_b,2,Setting B,情景乙,1271,0.38226334,0.55000000
setting_b,2,Setting B,情景乙,1272,0.44080577,0.55000000
setting_b,2,Setting B,情景乙,1273,0.40018108,0.55000000
setting_b,2,Setting B,情景乙,1274,0.42633526,0.55000000
setting_b,2,Setting B,情景乙,1275,0.38552803,0.55000000
setting_b,2,Setting B,情景乙,1276,0.49547830,0.55000000
setting_b,2,Setting B,情景乙,1277,0.40418045,0.55000000
setting_b,2,Setting B,情景乙,1278,0.43493959,0.55000000
setting_b,2,Setting B,情景乙,1279,0.30817908,0.55000000
setting_b,2,Setting B,情景乙,1280,0.41646733,0.55000000
setting_b,2,Setting B,情景乙,1281,0.50104355,0.55000000
setting_b,2,Setting B,情景乙,1282,0.37374021,0.55000000
setting_b,2,Setting B,情景乙,1283,0.40253676,0.55000000
setting_b,2,Setting B,情景乙,1284,0.41302373,0.55000000
setting_b,2,Setting B,情景乙,1285,0.38248316,0.55000000
setting_b,2,Setting B,情景乙,1286,0.42838977,0.55000000
setting_b,2,Setting B,情景乙,1287,0.38000053,0.55000000
setting_b,2,Setting B,情景乙,1288,0.43123711,0.55000000
setting_b,2,Setting B,情景乙,1289,0.43722334,0.55000000
setting_b,2,Setting B,情景乙,1290,0.41879333,0.55000000
setting_b,2,Setting B,情景乙,1291,0.38021104,0.55000000
setting_b,2,Setting B,情景乙,1292,0.38413708,0.55000000
setting_b,2,Setting B,情景乙,1293,0.38046271,0.55000000
setting_b,2,Setting B,情景乙,1294,0.43950189,0.55000000
setting_b,2,Setting B,情景乙,1295,0.47287718,0.55000000
setting_b,2,Setting B,情景乙,1296,0.43473754,0.55000000
setting_b,2,Setting B,情景乙,1297,0.41700696,0.55000000
setting_b,2,Setting B,情景乙,1298,0.39162782,0.55000000
setting_b,2,Setting B,情景乙,1299,0.39876852,0.55000000
setting_b,2,Setting B,情景乙,1300,0.40826053,0.55000000
setting_b,2,Setting B,情景乙,1301,0.43584647,0.55000000
setting_b,2,Setting B,情景乙,1302,0.39167403,0.55000000
setting_b,2,Setting B,情景乙,1303,0.37270684,0.55000000
setting_b,2,Setting B,情景乙,1304,0.43228613,0.55000000
setting_b,2,Setting B,情景乙,1305,0.37238265,0.55000000
setting_b,2,Setting B,情景乙,1306,0.39520840,0.55000000
setting_b,2,Setting B,情景乙,1307,0.41239624,0.55000000
setting_b,2,Setting B,情景乙,1308,0.44199230,0.55000000
setting_b,2,Setting B,情景乙,1309,0.30941336,0.55000000
setting_b,2,Setting B,情景乙,1310,0.39829146,0.55000000
setting_b,2,Setting B,情景乙,1311,0.42459162,0.55000000
setting_b,2,Setting B,情景乙,1312,0.30676383,0.55000000
setting_b,2,Setting B,情景乙,1313,0.42935631,0.55000000
setting_b,2,Setting B,情景乙,1314,0.37023335,0.55000000
setting_b,2,Setting B,情景乙,1315,0.34604314,0.55000000
setting_b,2,Setting B,情景乙,1316,0.38809170,0.55000000
setting_b,2,Setting B,情景乙,1317,0.35457642,0.55000000
setting_b,2,Setting B,情景乙,1318,0.40767747,0.55000000
setting_b,2,Setting B,情景乙,1319,0.40212082,0.55000000
setting_b,2,Setting B,情景乙,1320,0.40618597,0.55000000
setting_b,2,Setting B,情景乙,1321,0.42864756,0.55000000
setting_b,2,Setting B,情景乙,1322,0.34331961,0.55000000
setting_b,2,Setting B,情景乙,1323,0.32303882,0.55000000
setting_b,2,Setting B,情景乙,1324,0.35914332,0.55000000
setting_b,2,Setting B,情景乙,1325,0.38596489,0.55000000
setting_b,2,Setting B,情景乙,1326,0.40171280,0.55000000
setting_b,2,Setting B,情景乙,1327,0.31633449,0.55000000
setting_b,2,Setting B,情景乙,1328,0.39922426,0.55000000
setting_b,2,Setting B,情景乙,1329,0.42980794,0.55000000
setting_b,2,Setting B,情景乙,1330,0.36208235,0.55000000
setting_b,2,Setting B,情景乙,1331,0.35488440,0.55000000
setting_b,2,Setting B,情景乙,1332,0.45751331,0.55000000
setting_b,2,Setting B,情景乙,1333,0.44574122,0.55000000
setting_b,2,Setting B,情景乙,1334,0.40785548,0.55000000
setting_b,2,Setting B,情景乙,1335,0.44110443,0.55000000
setting_b,2,Setting B,情景乙,1336,0.39824929,0.55000000
setting_b,2,Setting B,情景乙,1337,0.40395240,0.55000000
setting_b,2,Setting B,情景乙,1338,0.42166848,0.55000000
setting_b,2,Setting B,情景乙,1339,0.45468274,0.55000000
setting_b,2,Setting B,情景乙,1340,0.42737500,0.55000000
setting_b,2,Setting B,情景乙,1341,0.39556404,0.55000000
setting_b,2,Setting B,情景乙,1342,0.34539973,0.55000000
setting_b,2,Setting B,情景乙,1343,0.39191121,0.55000000
setting_b,2,Setting B,情景乙,1344,0.38558790,0.55000000
setting_b,2,Setting B,情景乙,1345,0.39522247,0.55000000
setting_b,2,Setting B,情景乙,1346,0.41132131,0.55000000
setting_b,2,Setting B,情景乙,1347,0.39411787,0.55000000
setting_b,2,Setting B,情景乙,1348,0.41916601,0.55000000
setting_b,2,Setting B,情景乙,1349,0.35142815,0.55000000
setting_b,2,Setting B,情景乙,1350,0.35054170,0.55000000
setting_b,2,Setting B,情景乙,1351,0.35750043,0.55000000
setting_b,2,Setting B,情景乙,1352,0.31511175,0.55000000
setting_b,2,Setting B,情景乙,1353,0.44972578,0.55000000
setting_b,2,Setting B,情景乙,1354,0.37070638,0.55000000
setting_b,2,Setting B,情景乙,1355,0.40269374,0.55000000
setting_b,2,Setting B,情景乙,1356,0.35385664,0.55000000
setting_b,2,Setting B,情景乙,1357,0.35274470,0.55000000
setting_b,2,Setting B,情景乙,1358,0.40190179,0.55000000
setting_b,2,Setting B,情景乙,1359,0.44929992,0.55000000
setting_b,2,Setting B,情景乙,1360,0.42602457,0.55000000
setting_b,2,Setting B,情景乙,1361,0.29967264,0.55000000
setting_b,2,Setting B,情景乙,1362,0.31605825,0.55000000
setting_b,2,Setting B,情景乙,1363,0.43982942,0.55000000
setting_b,2,Setting B,情景乙,1364,0.39964750,0.55000000
setting_b,2,Setting B,情景乙,1365,0.36573322,0.55000000
setting_b,2,Setting B,情景乙,1366,0.36417752,0.55000000
setting_b,2,Setting B,情景乙,1367,0.44102228,0.55000000
setting_b,2,Setting B,情景乙,1368,0.41224496,0.55000000
setting_b,2,Setting B,情景乙,1369,0.41914403,0.55000000
setting_b,2,Setting B,情景乙,1370,0.40968018,0.55000000
setting_b,2,Setting B,情景乙,1371,0.41196193,0.55000000
setting_b,2,Setting B,情景乙,1372,0.31568941,0.55000000
setting_b,2,Setting B,情景乙,1373,0.42285400,0.55000000
setting_b,2,Setting B,情景乙,1374,0.44350838,0.55000000
setting_b,2,Setting B,情景乙,1375,0.40474974,0.55000000
setting_b,2,Setting B,情景乙,1376,0.45725157,0.55000000
setting_b,2,Setting B,情景乙,1377,0.35613162,0.55000000
setting_b,2,Setting B,情景乙,1378,0.48878986,0.55000000
setting_b,2,Setting B,情景乙,1379,0.38243679,0.55000000
setting_b,2,Setting B,情景乙,1380,0.33977341,0.55000000
setting_b,2,Setting B,情景乙,1381,0.39948583,0.55000000
setting_b,2,Setting B,情景乙,1382,0.50762114,0.55000000
setting_b,2,Setting B,情景乙,1383,0.36102859,0.55000000
setting_b,2,Setting B,情景乙,1384,0.41087251,0.55000000
setting_b,2,Setting B,情景乙,1385,0.38471773,0.55000000
setting_b,2,Setting B,情景乙,1386,0.36277708,0.55000000
setting_b,2,Setting B,情景乙,1387,0.42892300,0.55000000
setting_b,2,Setting B,情景乙,1388,0.39482960,0.55000000
setting_b,2,Setting B,情景乙,1389,0.39645227,0.55000000
setting_b,2,Setting B,情景乙,1390,0.35995395,0.55000000
setting_b,2,Setting B,情景乙,1391,0.38158675,0.55000000
setting_b,2,Setting B,情景乙,1392,0.39452036,0.55000000
setting_b,2,Setting B,情景乙,1393,0.35453749,0.55000000
setting_b,2,Setting B,情景乙,1394,0.40231792,0.55000000
setting_b,2,Setting B,情景乙,1395,0.47046896,0.55000000
setting_b,2,Setting B,情景乙,1396,0.43835069,0.55000000
setting_b,2,Setting B,情景乙,1397,0.44304062,0.55000000
setting_b,2,Setting B,情景乙,1398,0.41629799,0.55000000
setting_b,2,Setting B,情景乙,1399,0.34062491,0.55000000
setting_b,2,Setting B,情景乙,1400,0.41135664,0.55000000
setting_b,2,Setting B,情景乙,1401,0.40359996,0.55000000
setting_b,2,Setting B,情景乙,1402,0.42942974,0.55000000
setting_b,2,Setting B,情景乙,1403,0.42687315,0.55000000
setting_b,2,Setting B,情景乙,1404,0.28502197,0.55000000
setting_b,2,Setting B,情景乙,1405,0.40170477,0.55000000
setting_b,2,Setting B,情景乙,1406,0.40433542,0.55000000
setting_b,2,Setting B,情景乙,1407,0.39441406,0.55000000
setting_b,2,Setting B,情景乙,1408,0.34977129,0.55000000
setting_b,2,Setting B,情景乙,1409,0.38553420,0.55000000
setting_b,2,Setting B,情景乙,1410,0.43841950,0.55000000
setting_b,2,Setting B,情景乙,1411,0.39551241,0.55000000
setting_b,2,Setting B,情景乙,1412,0.39349787,0.55000000
setting_b,2,Setting B,情景乙,1413,0.31452455,0.55000000
setting_b,2,Setting B,情景乙,1414,0.39111988,0.55000000
setting_b,2,Setting B,情景乙,1415,0.46718107,0.55000000
setting_b,2,Setting B,情景乙,1416,0.43274438,0.55000000
setting_b,2,Setting B,情景乙,1417,0.40720032,0.55000000
setting_b,2,Setting B,情景乙,1418,0.40699618,0.55000000
setting_b,2,Setting B,情景乙,1419,0.47347751,0.55000000
setting_b,2,Setting B,情景乙,1420,0.44483582,0.55000000
setting_b,2,Setting B,情景乙,1421,0.47559481,0.55000000
setting_b,2,Setting B,情景乙,1422,0.38713843,0.55000000
setting_b,2,Setting B,情景乙,1423,0.47203021,0.55000000
setting_b,2,Setting B,情景乙,1424,0.46288520,0.55000000
setting_b,2,Setting B,情景乙,1425,0.37973790,0.55000000
setting_b,2,Setting B,情景乙,1426,0.41706770,0.55000000
setting_b,2,Setting B,情景乙,1427,0.37359016,0.55000000
setting_b,2,Setting B,情景乙,1428,0.41851304,0.55000000
setting_b,2,Setting B,情景乙,1429,0.35749631,0.55000000
setting_b,2,Setting B,情景乙,1430,0.41142768,0.55000000
setting_b,2,Setting B,情景乙,1431,0.41317860,0.55000000
setting_b,2,Setting B,情景乙,1432,0.41624894,0.55000000
setting_b,2,Setting B,情景乙,1433,0.33135992,0.55000000
setting_b,2,Setting B,情景乙,1434,0.48666595,0.55000000
setting_b,2,Setting B,情景乙,1435,0.39762385,0.55000000
setting_b,2,Setting B,情景乙,1436,0.39150674,0.55000000
setting_b,2,Setting B,情景乙,1437,0.41114121,0.55000000
setting_b,2,Setting B,情景乙,1438,0.34617420,0.55000000
setting_b,2,Setting B,情景乙,1439,0.50100179,0.55000000
setting_b,2,Setting B,情景乙,1440,0.47065591,0.55000000
setting_b,2,Setting B,情景乙,1441,0.42875741,0.55000000
setting_b,2,Setting B,情景乙,1442,0.37484711,0.55000000
setting_b,2,Setting B,情景乙,1443,0.37824070,0.55000000
setting_b,2,Setting B,情景乙,1444,0.38284912,0.55000000
setting_b,2,Setting B,情景乙,1445,0.32322201,0.55000000
setting_b,2,Setting B,情景乙,1446,0.33943512,0.55000000
setting_b,2,Setting B,情景乙,1447,0.40731020,0.55000000
setting_b,2,Setting B,情景乙,1448,0.34254081,0.55000000
setting_b,2,Setting B,情景乙,1449,0.41544967,0.55000000
setting_b,2,Setting B,情景乙,1450,0.44886831,0.55000000
setting_b,2,Setting B,情景乙,1451,0.43754230,0.55000000
setting_b,2,Setting B,情景乙,1452,0.42396060,0.55000000
setting_b,2,Setting B,情景乙,1453,0.40148894,0.55000000
setting_b,2,Setting B,情景乙,1454,0.34818601,0.55000000
setting_b,2,Setting B,情景乙,1455,0.37773568,0.55000000
setting_b,2,Setting B,情景乙,1456,0.48190951,0.55000000
setting_b,2,Setting B,情景乙,1457,0.41009045,0.55000000
setting_b,2,Setting B,情景乙,1458,0.49944080,0.55000000
setting_b,2,Setting B,情景乙,1459,0.42995619,0.55000000
setting_b,2,Setting B,情景乙,1460,0.44036810,0.55000000
setting_b,2,Setting B,情景乙,1461,0.42802638,0.55000000
setting_b,2,Setting B,情景乙,1462,0.36832101,0.55000000
setting_b,2,Setting B,情景乙,1463,0.42694373,0.55000000
setting_b,2,Setting B,情景乙,1464,0.41397434,0.55000000
setting_b,2,Setting B,情景乙,1465,0.51244750,0.55000000
setting_b,2,Setting B,情景乙,1466,0.44102955,0.55000000
setting_b,2,Setting B,情景乙,1467,0.46943058,0.55000000
setting_b,2,Setting B,情景乙,1468,0.31031606,0.55000000
setting_b,2,Setting B,情景乙,1469,0.42699568,0.55000000
setting_b,2,Setting B,情景乙,1470,0.33141734,0.55000000
setting_b,2,Setting B,情景乙,1471,0.37529170,0.55000000
setting_b,2,Setting B,情景乙,1472,0.38533304,0.55000000
setting_b,2,Setting B,情景乙,1473,0.38371381,0.55000000
setting_b,2,Setting B,情景乙,1474,0.43099497,0.55000000
setting_b,2,Setting B,情景乙,1475,0.44426035,0.55000000
setting_b,2,Setting B,情景乙,1476,0.39455294,0.55000000
setting_b,2,Setting B,情景乙,1477,0.38415547,0.55000000
setting_b,2,Setting B,情景乙,1478,0.33352017,0.55000000
setting_b,2,Setting B,情景乙,1479,0.40093662,0.55000000
setting_b,2,Setting B,情景乙,1480,0.39449579,0.55000000
setting_b,2,Setting B,情景乙,1481,0.41774438,0.55000000
setting_b,2,Setting B,情景乙,1482,0.34416216,0.55000000
setting_b,2,Setting B,情景乙,1483,0.46265735,0.55000000
setting_b,2,Setting B,情景乙,1484,0.40929539,0.55000000
setting_b,2,Setting B,情景乙,1485,0.34082250,0.55000000
setting_b,2,Setting B,情景乙,1486,0.42132529,0.55000000
setting_b,2,Setting B,情景乙,1487,0.46486952,0.55000000
setting_b,2,Setting B,情景乙,1488,0.45008366,0.55000000
setting_b,2,Setting B,情景乙,1489,0.32949255,0.55000000
setting_b,2,Setting B,情景乙,1490,0.39960898,0.55000000
setting_b,2,Setting B,情景乙,1491,0.36476365,0.55000000
setting_b,2,Setting B,情景乙,1492,0.44998443,0.55000000
setting_b,2,Setting B,情景乙,1493,0.33793382,0.55000000
setting_b,2,Setting B,情景乙,1494,0.37094245,0.55000000
setting_b,2,Setting B,情景乙,1495,0.36899563,0.55000000
setting_b,2,Setting B,情景乙,1496,0.41412769,0.55000000
setting_b,2,Setting B,情景乙,1497,0.39295689,0.55000000
setting_b,2,Setting B,情景乙,1498,0.36206323,0.55000000
setting_b,2,Setting B,情景乙,1499,0.47019934,0.55000000
setting_b,2,Setting B,情景乙,1500,0.42007869,0.55000000
setting_b,2,Setting B,情景乙,1501,0.53160117,0.55000000
setting_b,2,Setting B,情景乙,1502,0.45413661,0.55000000
setting_b,2,Setting B,情景乙,1503,0.41414366,0.55000000
setting_b,2,Setting B,情景乙,1504,0.47843287,0.55000000
setting_b,2,Setting B,情景乙,1505,0.34549966,0.55000000
setting_b,2,Setting B,情景乙,1506,0.39452329,0.55000000
setting_b,2,Setting B,情景乙,1507,0.34134634,0.55000000
setting_b,2,Setting B,情景乙,1508,0.38911004,0.55000000
setting_b,2,Setting B,情景乙,1509,0.40232247,0.55000000
setting_b,2,Setting B,情景乙,1510,0.37657911,0.55000000
setting_b,2,Setting B,情景乙,1511,0.43726474,0.55000000
setting_b,2,Setting B,情景乙,1512,0.37388226,0.55000000
setting_b,2,Setting B,情景乙,1513,0.39471766,0.55000000
setting_b,2,Setting B,情景乙,1514,0.41739688,0.55000000
setting_b,2,Setting B,情景乙,1515,0.32530535,0.55000000
setting_b,2,Setting B,情景乙,1516,0.38082389,0.55000000
setting_b,2,Setting B,情景乙,1517,0.35695696,0.55000000
setting_b,2,Setting B,情景乙,1518,0.28580468,0.55000000
setting_b,2,Setting B,情景乙,1519,0.34404667,0.55000000
setting_b,2,Setting B,情景乙,1520,0.30656458,0.55000000
setting_b,2,Setting B,情景乙,1521,0.36836216,0.55000000
setting_b,2,Setting B,情景乙,1522,0.47803577,0.55000000
setting_b,2,Setting B,情景乙,1523,0.49247440,0.55000000
setting_b,2,Setting B,情景乙,1524,0.45723642,0.55000000
setting_b,2,Setting B,情景乙,1525,0.37454502,0.55000000
setting_b,2,Setting B,情景乙,1526,0.43484867,0.55000000
setting_b,2,Setting B,情景乙,1527,0.33658999,0.55000000
setting_b,2,Setting B,情景乙,1528,0.38352059,0.55000000
setting_b,2,Setting B,情景乙,1529,0.48447428,0.55000000
setting_b,2,Setting B,情景乙,1530,0.42696484,0.55000000
setting_b,2,Setting B,情景乙,1531,0.42760537,0.55000000
setting_b,2,Setting B,情景乙,1532,0.34188588,0.55000000
setting_b,2,Setting B,情景乙,1533,0.35775581,0.55000000
setting_b,2,Setting B,情景乙,1534,0.42099679,0.55000000
setting_b,2,Setting B,情景乙,1535,0.42657118,0.55000000
setting_b,2,Setting B,情景乙,1536,0.35304403,0.55000000
setting_b,2,Setting B,情景乙,1537,0.44774927,0.55000000
setting_b,2,Setting B,情景乙,1538,0.39437521,0.55000000
setting_b,2,Setting B,情景乙,1539,0.43593296,0.55000000
setting_b,2,Setting B,情景乙,1540,0.39664784,0.55000000
setting_b,2,Setting B,情景乙,1541,0.38937943,0.55000000
setting_b,2,Setting B,情景乙,1542,0.42155267,0.55000000
setting_b,2,Setting B,情景乙,1543,0.48509447,0.55000000
setting_b,2,Setting B,情景乙,1544,0.31504281,0.55000000
setting_b,2,Setting B,情景乙,1545,0.35432323,0.55000000
setting_b,2,Setting B,情景乙,1546,0.35157672,0.55000000
setting_b,2,Setting B,情景乙,1547,0.42673047,0.55000000
setting_b,2,Setting B,情景乙,1548,0.34448781,0.55000000
setting_b,2,Setting B,情景乙,1549,0.42663904,0.55000000
setting_b,2,Setting B,情景乙,1550,0.39759584,0.55000000
setting_b,2,Setting B,情景乙,1551,0.42321598,0.55000000
setting_b,2,Setting B,情景乙,1552,0.44608514,0.55000000
setting_b,2,Setting B,情景乙,1553,0.35873643,0.55000000
setting_b,2,Setting B,情景乙,1554,0.43351262,0.55000000
setting_b,2,Setting B,情景乙,1555,0.45178109,0.55000000
setting_b,2,Setting B,情景乙,1556,0.44455497,0.55000000
setting_b,2,Setting B,情景乙,1557,0.33869673,0.55000000
setting_b,2,Setting B,情景乙,1558,0.39814535,0.55000000
setting_b,2,Setting B,情景乙,1559,0.40043724,0.55000000
setting_b,2,Setting B,情景乙,1560,0.45831293,0.55000000
setting_b,2,Setting B,情景乙,1561,0.38870830,0.55000000
setting_b,2,Setting B,情景乙,1562,0.39976468,0.55000000
setting_b,2,Setting B,情景乙,1563,0.47503261,0.55000000
setting_b,2,Setting B,情景乙,1564,0.37898657,0.55000000
setting_b,2,Setting B,情景乙,1565,0.45246468,0.55000000
setting_b,2,Setting B,情景乙,1566,0.35549189,0.55000000
setting_b,2,Setting B,情景乙,1567,0.33865538,0.55000000
setting_b,2,Setting B,情景乙,1568,0.48084845,0.55000000
setting_b,2,Setting B,情景乙,1569,0.42003162,0.55000000
setting_b,2,Setting B,情景乙,1570,0.48486358,0.55000000
setting_b,2,Setting B,情景乙,1571,0.39224841,0.55000000
setting_b,2,Setting B,情景乙,1572,0.35625473,0.55000000
setting_b,2,Setting B,情景乙,1573,0.47491935,0.55000000
setting_b,2,Setting B,情景乙,1574,0.36291431,0.55000000
setting_b,2,Setting B,情景乙,1575,0.40572043,0.55000000
setting_b,2,Setting B,情景乙,1576,0.31683259,0.55000000
setting_b,2,Setting B,情景乙,1577,0.40721034,0.55000000
setting_b,2,Setting B,情景乙,1578,0.35763713,0.55000000
setting_b,2,Setting B,情景乙,1579,0.38987145,0.55000000
setting_b,2,Setting B,情景乙,1580,0.39079122,0.55000000
setting_b,2,Setting B,情景乙,1581,0.45563913,0.55000000
setting_b,2,Setting B,情景乙,1582,0.37731850,0.55000000
setting_b,2,Setting B,情景乙,1583,0.40685968,0.55000000
setting_b,2,Setting B,情景乙,1584,0.40582357,0.55000000
setting_b,2,Setting B,情景乙,1585,0.37784222,0.55000000
setting_b,2,Setting B,情景乙,1586,0.45049088,0.55000000
setting_b,2,Setting B,情景乙,1587,0.40797901,0.55000000
setting_b,2,Setting B,情景乙,1588,0.35622842,0.55000000
setting_b,2,Setting B,情景乙,1589,0.33057711,0.55000000
setting_b,2,Setting B,情景乙,1590,0.35332442,0.55000000
setting_b,2,Setting B,情景乙,1591,0.42105983,0.55000000
setting_b,2,Setting B,情景乙,1592,0.43883791,0.55000000
setting_b,2,Setting B,情景乙,1593,0.41414991,0.55000000
setting_b,2,Setting B,情景乙,1594,0.40141459,0.55000000
setting_b,2,Setting B,情景乙,1595,0.38389419,0.55000000
setting_b,2,Setting B,情景乙,1596,0.36619412,0.55000000
setting_b,2,Setting B,情景乙,1597,0.43080016,0.55000000
setting_b,2,Setting B,情景乙,1598,0.39379438,0.55000000
setting_b,2,Setting B,情景乙,1599,0.39363432,0.55000000
setting_b,2,Setting B,情景乙,1600,0.34846217,0.55000000
setting_b,2,Setting B,情景乙,1601,0.33615344,0.55000000
setting_b,2,Setting B,情景乙,1602,0.48523151,0.55000000
setting_b,2,Setting B,情景乙,1603,0.40749474,0.55000000
setting_b,2,Setting B,情景乙,1604,0.43709733,0.55000000
setting_b,2,Setting B,情景乙,1605,0.31361064,0.55000000
setting_b,2,Setting B,情景乙,1606,0.42382190,0.55000000
setting_b,2,Setting B,情景乙,1607,0.35969371,0.55000000
setting_b,2,Setting B,情景乙,1608,0.42316798,0.55000000
setting_b,2,Setting B,情景乙,1609,0.47231020,0.55000000
setting_b,2,Setting B,情景乙,1610,0.50919115,0.55000000
setting_b,2,Setting B,情景乙,1611,0.46473707,0.55000000
setting_b,2,Setting B,情景乙,1612,0.42555236,0.55000000
setting_b,2,Setting B,情景乙,1613,0.35777251,0.55000000
setting_b,2,Setting B,情景乙,1614,0.39150378,0.55000000
setting_b,2,Setting B,情景乙,1615,0.35085326,0.55000000
setting_b,2,Setting B,情景乙,1616,0.40498020,0.55000000
setting_b,2,Setting B,情景乙,1617,0.35053745,0.55000000
setting_b,2,Setting B,情景乙,1618,0.47449195,0.55000000
setting_b,2,Setting B,情景乙,1619,0.36335990,0.55000000
setting_b,2,Setting B,情景乙,1620,0.41220013,0.55000000
setting_b,2,Setting B,情景乙,1621,0.41150488,0.55000000
setting_b,2,Setting B,情景乙,1622,0.35096126,0.55000000
setting_b,2,Setting B,情景乙,1623,0.47435377,0.55000000
setting_b,2,Setting B,情景乙,1624,0.43155283,0.55000000
setting_b,2,Setting B,情景乙,1625,0.41516372,0.55000000
setting_b,2,Setting B,情景乙,1626,0.45961264,0.55000000
setting_b,2,Setting B,情景乙,1627,0.43397990,0.55000000
setting_b,2,Setting B,情景乙,1628,0.44004394,0.55000000
setting_b,2,Setting B,情景乙,1629,0.45187091,0.55000000
setting_b,2,Setting B,情景乙,1630,0.33309547,0.55000000
setting_b,2,Setting B,情景乙,1631,0.35491955,0.55000000
setting_b,2,Setting B,情景乙,1632,0.47770574,0.55000000
setting_b,2,Setting B,情景乙,1633,0.39707444,0.55000000
setting_b,2,Setting B,情景乙,1634,0.37406885,0.55000000
setting_b,2,Setting B,情景乙,1635,0.43864273,0.55000000
setting_b,2,Setting B,情景乙,1636,0.41617528,0.55000000
setting_b,2,Setting B,情景乙,1637,0.41304443,0.55000000
setting_b,2,Setting B,情景乙,1638,0.37889253,0.55000000
setting_b,2,Setting B,情景乙,1639,0.31822957,0.55000000
setting_b,2,Setting B,情景乙,1640,0.46170904,0.55000000
setting_b,2,Setting B,情景乙,1641,0.47239988,0.55000000
setting_b,2,Setting B,情景乙,1642,0.32438973,0.55000000
setting_b,2,Setting B,情景乙,1643,0.43650315,0.55000000
setting_b,2,Setting B,情景乙,1644,0.42825460,0.55000000
setting_b,2,Setting B,情景乙,1645,0.44197024,0.55000000
setting_b,2,Setting B,情景乙,1646,0.47415440,0.55000000
setting_b,2,Setting B,情景乙,1647,0.38876330,0.55000000
setting_b,2,Setting B,情景乙,1648,0.37417958,0.55000000
setting_b,2,Setting B,情景乙,1649,0.40763035,0.55000000
setting_b,2,Setting B,情景乙,1650,0.39529176,0.55000000
setting_b,2,Setting B,情景乙,1651,0.37227982,0.55000000
setting_b,2,Setting B,情景乙,1652,0.40242680,0.55000000
setting_b,2,Setting B,情景乙,1653,0.43623806,0.55000000
setting_b,2,Setting B,情景乙,1654,0.42461571,0.55000000
setting_b,2,Setting B,情景乙,1655,0.41097902,0.55000000
setting_b,2,Setting B,情景乙,1656,0.37518540,0.55000000
setting_b,2,Setting B,情景乙,1657,0.41980650,0.55000000
setting_b,2,Setting B,情景乙,1658,0.39331192,0.55000000
setting_b,2,Setting B,情景乙,1659,0.40239115,0.55000000
setting_b,2,Setting B,情景乙,1660,0.43497303,0.55000000
setting_b,2,Setting B,情景乙,1661,0.39871074,0.55000000
setting_b,2,Setting B,情景乙,1662,0.45005473,0.55000000
setting_b,2,Setting B,情景乙,1663,0.34360841,0.55000000
setting_b,2,Setting B,情景乙,1664,0.31805938,0.55000000
setting_b,2,Setting B,情景乙,1665,0.39756130,0.55000000
setting_b,2,Setting B,情景乙,1666,0.41561714,0.55000000
setting_b,2,Setting B,情景乙,1667,0.42228328,0.55000000
setting_b,2,Setting B,情景乙,1668,0.39805573,0.55000000
setting_b,2,Setting B,情景乙,1669,0.39477035,0.55000000
setting_b,2,Setting B,情景乙,1670,0.42640812,0.55000000
setting_b,2,Setting B,情景乙,1671,0.44839330,0.55000000
setting_b,2,Setting B,情景乙,1672,0.35048293,0.55000000
setting_b,2,Setting B,情景乙,1673,0.38475343,0.55000000
setting_b,2,Setting B,情景乙,1674,0.30772888,0.55000000
setting_b,2,Setting B,情景乙,1675,0.43559443,0.55000000
setting_b,2,Setting B,情景乙,1676,0.41991232,0.55000000
setting_b,2,Setting B,情景乙,1677,0.33287181,0.55000000
setting_b,2,Setting B,情景乙,1678,0.41000797,0.55000000
setting_b,2,Setting B,情景乙,1679,0.33023274,0.55000000
setting_b,2,Setting B,情景乙,1680,0.41806853,0.55000000
setting_b,2,Setting B,情景乙,1681,0.45059679,0.55000000
setting_b,2,Setting B,情景乙,1682,0.37010389,0.55000000
setting_b,2,Setting B,情景乙,1683,0.37258552,0.55000000
setting_b,2,Setting B,情景乙,1684,0.43458260,0.55000000
setting_b,2,Setting B,情景乙,1685,0.38914459,0.55000000
setting_b,2,Setting B,情景乙,1686,0.46181942,0.55000000
setting_b,2,Setting B,情景乙,1687,0.40755710,0.55000000
setting_b,2,Setting B,情景乙,1688,0.40973130,0.55000000
setting_b,2,Setting B,情景乙,1689,0.33866332,0.55000000
setting_b,2,Setting B,情景乙,1690,0.43685374,0.55000000
setting_b,2,Setting B,情景乙,1691,0.37972159,0.55000000
setting_b,2,Setting B,情景乙,1692,0.36432152,0.55000000
setting_b,2,Setting B,情景乙,1693,0.34521620,0.55000000
setting_b,2,Setting B,情景乙,1694,0.37219657,0.55000000
setting_b,2,Setting B,情景乙,1695,0.40623966,0.55000000
setting_b,2,Setting B,情景乙,1696,0.43803864,0.55000000
setting_b,2,Setting B,情景乙,1697,0.45045990,0.55000000
setting_b,2,Setting B,情景乙,1698,0.39813229,0.55000000
setting_b,2,Setting B,情景乙,1699,0.34896350,0.55000000
setting_b,2,Setting B,情景乙,1700,0.40075858,0.55000000
setting_b,2,Setting B,情景乙,1701,0.36682268,0.55000000
setting_b,2,Setting B,情景乙,1702,0.34699430,0.55000000
setting_b,2,Setting B,情景乙,1703,0.35050678,0.55000000
setting_b,2,Setting B,情景乙,1704,0.39083076,0.55000000
setting_b,2,Setting B,情景乙,1705,0.36950482,0.55000000
setting_b,2,Setting B,情景乙,1706,0.36211987,0.55000000
setting_b,2,Setting B,情景乙,1707,0.36513010,0.55000000
setting_b,2,Setting B,情景乙,1708,0.33410964,0.55000000
setting_b,2,Setting B,情景乙,1709,0.38312170,0.55000000
setting_b,2,Setting B,情景乙,1710,0.41189362,0.55000000
setting_b,2,Setting B,情景乙,1711,0.52450032,0.55000000
setting_b,2,Setting B,情景乙,1712,0.37098995,0.55000000
setting_b,2,Setting B,情景乙,1713,0.35300594,0.55000000
setting_b,2,Setting B,情景乙,1714,0.48433545,0.55000000
setting_b,2,Setting B,情景乙,1715,0.47170387,0.55000000
setting_b,2,Setting B,情景乙,1716,0.43611803,0.55000000
setting_b,2,Setting B,情景乙,1717,0.31852586,0.55000000
setting_b,2,Setting B,情景乙,1718,0.43856918,0.55000000
setting_b,2,Setting B,情景乙,1719,0.34678477,0.55000000
setting_b,2,Setting B,情景乙,1720,0.39217678,0.55000000
setting_b,2,Setting B,情景乙,1721,0.31749227,0.55000000
setting_b,2,Setting B,情景乙,1722,0.33514278,0.55000000
setting_b,2,Setting B,情景乙,1723,0.31678867,0.55000000
setting_b,2,Setting B,情景乙,1724,0.38617840,0.55000000
setting_b,2,Setting B,情景乙,1725,0.48862002,0.55000000
setting_b,2,Setting B,情景乙,1726,0.38238420,0.55000000
setting_b,2,Setting B,情景乙,1727,0.44649926,0.55000000
setting_b,2,Setting B,情景乙,1728,0.35313339,0.55000000
setting_b,2,Setting B,情景乙,1729,0.34104204,0.55000000
setting_b,2,Setting B,情景乙,1730,0.35907296,0.55000000
setting_b,2,Setting B,情景乙,1731,0.39314152,0.55000000
setting_b,2,Setting B,情景乙,1732,0.37972568,0.55000000
setting_b,2,Setting B,情景乙,1733,0.32101161,0.55000000
setting_b,2,Setting B,情景乙,1734,0.45433911,0.55000000
setting_b,2,Setting B,情景乙,1735,0.49846265,0.55000000
setting_b,2,Setting B,情景乙,1736,0.42453643,0.55000000
setting_b,2,Setting B,情景乙,1737,0.40060585,0.55000000
setting_b,2,Setting B,情景乙,1738,0.37526247,0.55000000
setting_b,2,Setting B,情景乙,1739,0.33628733,0.55000000
setting_b,2,Setting B,情景乙,1740,0.38601355,0.55000000
setting_b,2,Setting B,情景乙,1741,0.35702045,0.55000000
setting_b,2,Setting B,情景乙,1742,0.36638399,0.55000000
setting_b,2,Setting B,情景乙,1743,0.39439492,0.55000000
setting_b,2,Setting B,情景乙,1744,0.39534634,0.55000000
setting_b,2,Setting B,情景乙,1745,0.40024948,0.55000000
setting_b,2,Setting B,情景乙,1746,0.48418797,0.55000000
setting_b,2,Setting B,情景乙,1747,0.33888439,0.55000000
setting_b,2,Setting B,情景乙,1748,0.41342512,0.55000000
setting_b,2,Setting B,情景乙,1749,0.36045023,0.55000000
setting_b,2,Setting B,情景乙,1750,0.45551234,0.55000000
setting_b,2,Setting B,情景乙,1751,0.44732195,0.55000000
setting_b,2,Setting B,情景乙,1752,0.40870104,0.55000000
setting_b,2,Setting B,情景乙,1753,0.38844667,0.55000000
setting_b,2,Setting B,情景乙,1754,0.33997045,0.55000000
setting_b,2,Setting B,情景乙,1755,0.45855863,0.55000000
setting_b,2,Setting B,情景乙,1756,0.37129716,0.55000000
setting_b,2,Setting B,情景乙,1757,0.36116214,0.55000000
setting_b,2,Setting B,情景乙,1758,0.41081383,0.55000000
setting_b,2,Setting B,情景乙,1759,0.35075862,0.55000000
setting_b,2,Setting B,情景乙,1760,0.39953172,0.55000000
setting_b,2,Setting B,情景乙,1761,0.45744019,0.55000000
setting_b,2,Setting B,情景乙,1762,0.40827158,0.55000000
setting_b,2,Setting B,情景乙,1763,0.40629085,0.55000000
setting_b,2,Setting B,情景乙,1764,0.39118633,0.55000000
setting_b,2,Setting B,情景乙,1765,0.41812419,0.55000000
setting_b,2,Setting B,情景乙,1766,0.40264749,0.55000000
setting_b,2,Setting B,情景乙,1767,0.52553047,0.55000000
setting_b,2,Setting B,情景乙,1768,0.42453941,0.55000000
setting_b,2,Setting B,情景乙,1769,0.38453988,0.55000000
setting_b,2,Setting B,情景乙,1770,0.41109642,0.55000000
setting_b,2,Setting B,情景乙,1771,0.42493292,0.55000000
setting_b,2,Setting B,情景乙,1772,0.41913419,0.55000000
setting_b,2,Setting B,情景乙,1773,0.32422087,0.55000000
setting_b,2,Setting B,情景乙,1774,0.34016106,0.55000000
setting_b,2,Setting B,情景乙,1775,0.45294842,0.55000000
setting_b,2,Setting B,情景乙,1776,0.41077402,0.55000000
setting_b,2,Setting B,情景乙,1777,0.42857426,0.55000000
setting_b,2,Setting B,情景乙,1778,0.42209337,0.55000000
setting_b,2,Setting B,情景乙,1779,0.40240696,0.55000000
setting_b,2,Setting B,情景乙,1780,0.42749760,0.55000000
setting_b,2,Setting B,情景乙,1781,0.39071957,0.55000000
setting_b,2,Setting B,情景乙,1782,0.33146756,0.55000000
setting_b,2,Setting B,情景乙,1783,0.40132082,0.55000000
setting_b,2,Setting B,情景乙,1784,0.39176663,0.55000000
setting_b,2,Setting B,情景乙,1785,0.45327593,0.55000000
setting_b,2,Setting B,情景乙,1786,0.47143353,0.55000000
setting_b,2,Setting B,情景乙,1787,0.44731342,0.55000000
setting_b,2,Setting B,情景乙,1788,0.43833679,0.55000000
setting_b,2,Setting B,情景乙,1789,0.45929778,0.55000000
setting_b,2,Setting B,情景乙,1790,0.38251228,0.55000000
setting_b,2,Setting B,情景乙,1791,0.38689743,0.55000000
setting_b,2,Setting B,情景乙,1792,0.38262353,0.55000000
setting_b,2,Setting B,情景乙,1793,0.27989913,0.55000000
setting_b,2,Setting B,情景乙,1794,0.45123182,0.55000000
setting_b,2,Setting B,情景乙,1795,0.37190832,0.55000000
setting_b,2,Setting B,情景乙,1796,0.36434335,0.55000000
setting_b,2,Setting B,情景乙,1797,0.33752659,0.55000000
setting_b,2,Setting B,情景乙,1798,0.34141961,0.55000000
setting_b,2,Setting B,情景乙,1799,0.41730973,0.55000000
setting_b,2,Setting B,情景乙,1800,0.40190878,0.55000000
setting_b,2,Setting B,情景乙,1801,0.37998203,0.55000000
setting_b,2,Setting B,情景乙,1802,0.40207871,0.55000000
setting_b,2,Setting B,情景乙,1803,0.34430786,0.55000000
setting_b,2,Setting B,情景乙,1804,0.38550758,0.55000000
setting_b,2,Setting B,情景乙,1805,0.36222295,0.55000000
setting_b,2,Setting B,情景乙,1806,0.37894280,0.55000000
setting_b,2,Setting B,情景乙,1807,0.39668580,0.55000000
setting_b,2,Setting B,情景乙,1808,0.39747407,0.55000000
setting_b,2,Setting B,情景乙,1809,0.42126335,0.55000000
setting_b,2,Setting B,情景乙,1810,0.39658505,0.55000000
setting_b,2,Setting B,情景乙,1811,0.38769657,0.55000000
setting_b,2,Setting B,情景乙,1812,0.32537339,0.55000000
setting_b,2,Setting B,情景乙,1813,0.50020029,0.55000000
setting_b,2,Setting B,情景乙,1814,0.37212953,0.55000000
setting_b,2,Setting B,情景乙,1815,0.40458374,0.55000000
setting_b,2,Setting B,情景乙,1816,0.41304009,0.55000000
setting_b,2,Setting B,情景乙,1817,0.44533892,0.55000000
setting_b,2,Setting B,情景乙,1818,0.41379421,0.55000000
setting_b,2,Setting B,情景乙,1819,0.46585791,0.55000000
setting_b,2,Setting B,情景乙,1820,0.39820502,0.55000000
setting_b,2,Setting B,情景乙,1821,0.36398019,0.55000000
setting_b,2,Setting B,情景乙,1822,0.30921527,0.55000000
setting_b,2,Setting B,情景乙,1823,0.41533420,0.55000000
setting_b,2,Setting B,情景乙,1824,0.46886110,0.55000000
setting_b,2,Setting B,情景乙,1825,0.44923518,0.55000000
setting_b,2,Setting B,情景乙,1826,0.35242464,0.55000000
setting_b,2,Setting B,情景乙,1827,0.40371091,0.55000000
setting_b,2,Setting B,情景乙,1828,0.38564274,0.55000000
setting_b,2,Setting B,情景乙,1829,0.39858067,0.55000000
setting_b,2,Setting B,情景乙,1830,0.36080375,0.55000000
setting_b,2,Setting B,情景乙,1831,0.49737118,0.55000000
setting_b,2,Setting B,情景乙,1832,0.38754394,0.55000000
setting_b,2,Setting B,情景乙,1833,0.38425587,0.55000000
setting_b,2,Setting B,情景乙,1834,0.32465876,0.55000000
setting_b,2,Setting B,情景乙,1835,0.42199505,0.55000000
setting_b,2,Setting B,情景乙,1836,0.44155471,0.55000000
setting_b,2,Setting B,情景乙,1837,0.40582031,0.55000000
setting_b,2,Setting B,情景乙,1838,0.36472495,0.55000000
setting_b,2,Setting B,情景乙,1839,0.45881203,0.55000000
setting_b,2,Setting B,情景乙,1840,0.44836573,0.55000000
setting_b,2,Setting B,情景乙,1841,0.37284220,0.55000000
setting_b,2,Setting B,情景乙,1842,0.39733301,0.55000000
setting_b,2,Setting B,情景乙,1843,0.38204918,0.55000000
setting_b,2,Setting B,情景乙,1844,0.37057342,0.55000000
setting_b,2,Setting B,情景乙,1845,0.50865675,0.55000000
setting_b,2,Setting B,情景乙,1846,0.42276025,0.55000000
setting_b,2,Setting B,情景乙,1847,0.37411795,0.55000000
setting_b,2,Setting B,情景乙,1848,0.41113695,0.55000000
setting_b,2,Setting B,情景乙,1849,0.38640473,0.55000000
setting_b,2,Setting B,情景乙,1850,0.39435139,0.55000000
setting_b,2,Setting B,情景乙,1851,0.38725682,0.55000000
setting_b,2,Setting B,情景乙,1852,0.34685003,0.55000000
setting_b,2,Setting B,情景乙,1853,0.43946118,0.55000000
setting_b,2,Setting B,情景乙,1854,0.37958064,0.55000000
setting_b,2,Setting B,情景乙,1855,0.42270358,0.55000000
setting_b,2,Setting B,情景乙,1856,0.41323776,0.55000000
setting_b,2,Setting B,情景乙,1857,0.45255397,0.55000000
setting_b,2,Setting B,情景乙,1858,0.31152143,0.55000000
setting_b,2,Setting B,情景乙,1859,0.35406545,0.55000000
setting_b,2,Setting B,情景乙,1860,0.27966244,0.55000000
setting_b,2,Setting B,情景乙,1861,0.38502433,0.55000000
setting_b,2,Setting B,情景乙,1862,0.53787969,0.55000000
setting_b,2,Setting B,情景乙,1863,0.44033624,0.55000000
setting_b,2,Setting B,情景乙,1864,0.46026699,0.55000000
setting_b,2,Setting B,情景乙,1865,0.42529137,0.55000000
setting_b,2,Setting B,情景乙,1866,0.37457546,0.55000000
setting_b,2,Setting B,情景乙,1867,0.41508657,0.55000000
setting_b,2,Setting B,情景乙,1868,0.39576938,0.55000000
setting_b,2,Setting B,情景乙,1869,0.41755001,0.55000000
setting_b,2,Setting B,情景乙,1870,0.37001462,0.55000000
setting_b,2,Setting B,情景乙,1871,0.40801901,0.55000000
setting_b,2,Setting B,情景乙,1872,0.35956096,0.55000000
setting_b,2,Setting B,情景乙,1873,0.43301352,0.55000000
setting_b,2,Setting B,情景乙,1874,0.37027089,0.55000000
setting_b,2,Setting B,情景乙,1875,0.48364884,0.55000000
setting_b,2,Setting B,情景乙,1876,0.33866517,0.55000000
setting_b,2,Setting B,情景乙,1877,0.32267129,0.55000000
setting_b,2,Setting B,情景乙,1878,0.42376285,0.55000000
setting_b,2,Setting B,情景乙,1879,0.45125629,0.55000000
setting_b,2,Setting B,情景乙,1880,0.33071586,0.55000000
setting_b,2,Setting B,情景乙,1881,0.36864833,0.55000000
setting_b,2,Setting B,情景乙,1882,0.41304013,0.55000000
setting_b,2,Setting B,情景乙,1883,0.37223161,0.55000000
setting_b,2,Setting B,情景乙,1884,0.41215490,0.55000000
setting_b,2,Setting B,情景乙,1885,0.43876104,0.55000000
setting_b,2,Setting B,情景乙,1886,0.44155197,0.55000000
setting_b,2,Setting B,情景乙,1887,0.38404974,0.55000000
setting_b,2,Setting B,情景乙,1888,0.46656916,0.55000000
setting_b,2,Setting B,情景乙,1889,0.34783908,0.55000000
setting_b,2,Setting B,情景乙,1890,0.41214480,0.55000000
setting_b,2,Setting B,情景乙,1891,0.31525726,0.55000000
setting_b,2,Setting B,情景乙,1892,0.42267191,0.55000000
setting_b,2,Setting B,情景乙,1893,0.42473387,0.55000000
setting_b,2,Setting B,情景乙,1894,0.36824713,0.55000000
setting_b,2,Setting B,情景乙,1895,0.40219070,0.55000000
setting_b,2,Setting B,情景乙,1896,0.39473932,0.55000000
setting_b,2,Setting B,情景乙,1897,0.36724749,0.55000000
setting_b,2,Setting B,情景乙,1898,0.39040851,0.55000000
setting_b,2,Setting B,情景乙,1899,0.44355431,0.55000000
setting_b,2,Setting B,情景乙,1900,0.40982413,0.55000000
setting_b,2,Setting B,情景乙,1901,0.35492147,0.55000000
setting_b,2,Setting B,情景乙,1902,0.44428075,0.55000000
setting_b,2,Setting B,情景乙,1903,0.43463808,0.55000000
setting_b,2,Setting B,情景乙,1904,0.41126873,0.55000000
setting_b,2,Setting B,情景乙,1905,0.35754810,0.55000000
setting_b,2,Setting B,情景乙,1906,0.35599595,0.55000000
setting_b,2,Setting B,情景乙,1907,0.44461120,0.55000000
setting_b,2,Setting B,情景乙,1908,0.37065361,0.55000000
setting_b,2,Setting B,情景乙,1909,0.32732147,0.55000000
setting_b,2,Setting B,情景乙,1910,0.46466216,0.55000000
setting_b,2,Setting B,情景乙,1911,0.46925996,0.55000000
setting_b,2,Setting B,情景乙,1912,0.36933171,0.55000000
setting_b,2,Setting B,情景乙,1913,0.49559705,0.55000000
setting_b,2,Setting B,情景乙,1914,0.35320807,0.55000000
setting_b,2,Setting B,情景乙,1915,0.35382574,0.55000000
setting_b,2,Setting B,情景乙,1916,0.40720963,0.55000000
setting_b,2,Setting B,情景乙,1917,0.42599647,0.55000000
setting_b,2,Setting B,情景乙,1918,0.41585292,0.55000000
setting_b,2,Setting B,情景乙,1919,0.39700251,0.55000000
setting_b,2,Setting B,情景乙,1920,0.42480987,0.55000000
setting_b,2,Setting B,情景乙,1921,0.49379056,0.55000000
setting_b,2,Setting B,情景乙,1922,0.32916915,0.55000000
setting_b,2,Setting B,情景乙,1923,0.38081437,0.55000000
setting_b,2,Setting B,情景乙,1924,0.35205541,0.55000000
setting_b,2,Setting B,情景乙,1925,0.43095720,0.55000000
setting_b,2,Setting B,情景乙,1926,0.36520345,0.55000000
setting_b,2,Setting B,情景乙,1927,0.39273831,0.55000000
setting_b,2,Setting B,情景乙,1928,0.44937261,0.55000000
setting_b,2,Setting B,情景乙,1929,0.40155030,0.55000000
setting_b,2,Setting B,情景乙,1930,0.32863358,0.55000000
setting_b,2,Setting B,情景乙,1931,0.43712957,0.55000000
setting_b,2,Setting B,情景乙,1932,0.41695316,0.55000000
setting_b,2,Setting B,情景乙,1933,0.39847683,0.55000000
setting_b,2,Setting B,情景乙,1934,0.34472307,0.55000000
setting_b,2,Setting B,情景乙,1935,0.46136758,0.55000000
setting_b,2,Setting B,情景乙,1936,0.44686550,0.55000000
setting_b,2,Setting B,情景乙,1937,0.38935592,0.55000000
setting_b,2,Setting B,情景乙,1938,0.42177331,0.55000000
setting_b,2,Setting B,情景乙,1939,0.34792476,0.55000000
setting_b,2,Setting B,情景乙,1940,0.38812180,0.55000000
setting_b,2,Setting B,情景乙,1941,0.44097168,0.55000000
setting_b,2,Setting B,情景乙,1942,0.43253692,0.55000000
setting_b,2,Setting B,情景乙,1943,0.37338051,0.55000000
setting_b,2,Setting B,情景乙,1944,0.44305592,0.55000000
setting_b,2,Setting B,情景乙,1945,0.35922504,0.55000000
setting_b,2,Setting B,情景乙,1946,0.48105672,0.55000000
setting_b,2,Setting B,情景乙,1947,0.35604525,0.55000000
setting_b,2,Setting B,情景乙,1948,0.46029122,0.55000000
setting_b,2,Setting B,情景乙,1949,0.40203452,0.55000000
setting_b,2,Setting B,情景乙,1950,0.38320283,0.55000000
setting_b,2,Setting B,情景乙,1951,0.41547093,0.55000000
setting_b,2,Setting B,情景乙,1952,0.42361075,0.55000000
setting_b,2,Setting B,情景乙,1953,0.41623160,0.55000000
setting_b,2,Setting B,情景乙,1954,0.36718975,0.55000000
setting_b,2,Setting B,情景乙,1955,0.36411504,0.55000000
setting_b,2,Setting B,情景乙,1956,0.54271764,0.55000000
setting_b,2,Setting B,情景乙,1957,0.28454326,0.55000000
setting_b,2,Setting B,情景乙,1958,0.47508527,0.55000000
setting_b,2,Setting B,情景乙,1959,0.38096220,0.55000000
setting_b,2,Setting B,情景乙,1960,0.38804435,0.55000000
setting_b,2,Setting B,情景乙,1961,0.36666115,0.55000000
setting_b,2,Setting B,情景乙,1962,0.40360394,0.55000000
setting_b,2,Setting B,情景乙,1963,0.37890301,0.55000000
setting_b,2,Setting B,情景乙,1964,0.31356936,0.55000000
setting_b,2,Setting B,情景乙,1965,0.46709038,0.55000000
setting_b,2,Setting B,情景乙,1966,0.44351518,0.55000000
setting_b,2,Setting B,情景乙,1967,0.49429862,0.55000000
setting_b,2,Setting B,情景乙,1968,0.39143279,0.55000000
setting_b,2,Setting B,情景乙,1969,0.46498449,0.55000000
setting_b,2,Setting B,情景乙,1970,0.31072891,0.55000000
setting_b,2,Setting B,情景乙,1971,0.50641524,0.55000000
setting_b,2,Setting B,情景乙,1972,0.44700345,0.55000000
setting_b,2,Setting B,情景乙,1973,0.39984416,0.55000000
setting_b,2,Setting B,情景乙,1974,0.48116952,0.55000000
setting_b,2,Setting B,情景乙,1975,0.37410085,0.55000000
setting_b,2,Setting B,情景乙,1976,0.41284590,0.55000000
setting_b,2,Setting B,情景乙,1977,0.35488050,0.55000000
setting_b,2,Setting B,情景乙,1978,0.40546563,0.55000000
setting_b,2,Setting B,情景乙,1979,0.39813425,0.55000000
setting_b,2,Setting B,情景乙,1980,0.36124854,0.55000000
setting_b,2,Setting B,情景乙,1981,0.42534845,0.55000000
setting_b,2,Setting B,情景乙,1982,0.31459216,0.55000000
setting_b,2,Setting B,情景乙,1983,0.33105763,0.55000000
setting_b,2,Setting B,情景乙,1984,0.43079361,0.55000000
setting_b,2,Setting B,情景乙,1985,0.40266551,0.55000000
setting_b,2,Setting B,情景乙,1986,0.37739887,0.55000000
setting_b,2,Setting B,情景乙,1987,0.36990176,0.55000000
setting_b,2,Setting B,情景乙,1988,0.30930499,0.55000000
setting_b,2,Setting B,情景乙,1989,0.38604455,0.55000000
setting_b,2,Setting B,情景乙,1990,0.27917401,0.55000000
setting_b,2,Setting B,情景乙,1991,0.36144622,0.55000000
setting_b,2,Setting B,情景乙,1992,0.39579773,0.55000000
setting_b,2,Setting B,情景乙,1993,0.42006168,0.55000000
setting_b,2,Setting B,情景乙,1994,0.41944621,0.55000000
setting_b,2,Setting B,情景乙,1995,0.40079205,0.55000000
setting_b,2,Setting B,情景乙,1996,0.49358447,0.55000000
setting_b,2,Setting B,情景乙,1997,0.40595209,0.55000000
setting_b,2,Setting B,情景乙,1998,0.32813906,0.55000000
setting_b,2,Setting B,情景乙,1999,0.32970922,0.55000000
setting_b,2,Setting B,情景乙,2000,0.34898641,0.55000000
setting_b,2,Setting B,情景乙,2001,0.38797702,0.55000000
setting_b,2,Setting B,情景乙,2002,0.39735737,0.55000000
setting_b,2,Setting B,情景乙,2003,0.39228370,0.55000000
setting_b,2,Setting B,情景乙,2004,0.43848660,0.55000000
setting_b,2,Setting B,情景乙,2005,0.32757007,0.55000000
setting_b,2,Setting B,情景乙,2006,0.40152579,0.55000000
setting_b,2,Setting B,情景乙,2007,0.43242444,0.55000000
setting_b,2,Setting B,情景乙,2008,0.44560418,0.55000000
setting_b,2,Setting B,情景乙,2009,0.36566720,0.55000000
setting_b,2,Setting B,情景乙,2010,0.39729608,0.55000000
setting_b,2,Setting B,情景乙,2011,0.43945260,0.55000000
setting_b,2,Setting B,情景乙,2012,0.37628234,0.55000000
setting_b,2,Setting B,情景乙,2013,0.36702427,0.55000000
setting_b,2,Setting B,情景乙,2014,0.38375476,0.55000000
setting_b,2,Setting B,情景乙,2015,0.41587577,0.55000000
setting_b,2,Setting B,情景乙,2016,0.42714829,0.55000000
setting_b,2,Setting B,情景乙,2017,0.45202345,0.55000000
setting_b,2,Setting B,情景乙,2018,0.35717394,0.55000000
setting_b,2,Setting B,情景乙,2019,0.41019277,0.55000000
setting_b,2,Setting B,情景乙,2020,0.50600457,0.55000000
setting_b,2,Setting B,情景乙,2021,0.39155833,0.55000000
setting_b,2,Setting B,情景乙,2022,0.41390031,0.55000000
setting_b,2,Setting B,情景乙,2023,0.37350716,0.55000000
setting_b,2,Setting B,情景乙,2024,0.30461611,0.55000000
setting_b,2,Setting B,情景乙,2025,0.42785046,0.55000000
setting_b,2,Setting B,情景乙,2026,0.42315882,0.55000000
setting_b,2,Setting B,情景乙,2027,0.39758250,0.55000000
setting_b,2,Setting B,情景乙,2028,0.39395151,0.55000000
setting_b,2,Setting B,情景乙,2029,0.37346592,0.55000000
setting_b,2,Setting B,情景乙,2030,0.39198959,0.55000000
setting_b,2,Setting B,情景乙,2031,0.32967517,0.55000000
setting_b,2,Setting B,情景乙,2032,0.39157699,0.55000000
setting_b,2,Setting B,情景乙,2033,0.44885310,0.55000000
setting_b,2,Setting B,情景乙,2034,0.41985644,0.55000000
setting_b,2,Setting B,情景乙,2035,0.31809744,0.55000000
setting_b,2,Setting B,情景乙,2036,0.39929126,0.55000000
setting_b,2,Setting B,情景乙,2037,0.37132441,0.55000000
setting_b,2,Setting B,情景乙,2038,0.46114457,0.55000000
setting_b,2,Setting B,情景乙,2039,0.36366261,0.55000000
setting_b,2,Setting B,情景乙,2040,0.39560891,0.55000000
setting_b,2,Setting B,情景乙,2041,0.43784260,0.55000000
setting_b,2,Setting B,情景乙,2042,0.47744781,0.55000000
setting_b,2,Setting B,情景乙,2043,0.37437595,0.55000000
setting_b,2,Setting B,情景乙,2044,0.40502536,0.55000000
setting_b,2,Setting B,情景乙,2045,0.43985197,0.55000000
setting_b,2,Setting B,情景乙,2046,0.40775171,0.55000000
setting_b,2,Setting B,情景乙,2047,0.31124103,0.55000000
setting_b,2,Setting B,情景乙,2048,0.45287808,0.55000000
setting_b,2,Setting B,情景乙,2049,0.42877483,0.55000000
setting_b,2,Setting B,情景乙,2050,0.35214933,0.55000000
setting_b,2,Setting B,情景乙,2051,0.46222113,0.55000000
setting_b,2,Setting B,情景乙,2052,0.40331819,0.55000000
setting_b,2,Setting B,情景乙,2053,0.40561633,0.55000000
setting_b,2,Setting B,情景乙,2054,0.45373535,0.55000000
setting_b,2,Setting B,情景乙,2055,0.36592595,0.55000000
setting_b,2,Setting B,情景乙,2056,0.33752126,0.55000000
setting_b,2,Setting B,情景乙,2057,0.41952272,0.55000000
setting_b,2,Setting B,情景乙,2058,0.30150111,0.55000000
setting_b,2,Setting B,情景乙,2059,0.32616213,0.55000000
setting_b,2,Setting B,情景乙,2060,0.42509304,0.55000000
setting_b,2,Setting B,情景乙,2061,0.34691314,0.55000000
setting_b,2,Setting B,情景乙,2062,0.35956311,0.55000000
setting_b,2,Setting B,情景乙,2063,0.36189400,0.55000000
setting_b,2,Setting B,情景乙,2064,0.35906717,0.55000000
setting_b,2,Setting B,情景乙,2065,0.35329298,0.55000000
setting_b,2,Setting B,情景乙,2066,0.44873033,0.55000000
setting_b,2,Setting B,情景乙,2067,0.35774773,0.55000000
setting_b,2,Setting B,情景乙,2068,0.41330031,0.55000000
setting_b,2,Setting B,情景乙,2069,0.34981619,0.55000000
setting_b,2,Setting B,情景乙,2070,0.37768045,0.55000000
setting_b,2,Setting B,情景乙,2071,0.33830485,0.55000000
setting_b,2,Setting B,情景乙,2072,0.38087338,0.55000000
setting_b,2,Setting B,情景乙,2073,0.42551758,0.55000000
setting_b,2,Setting B,情景乙,2074,0.46348045,0.55000000
setting_b,2,Setting B,情景乙,2075,0.34360234,0.55000000
setting_b,2,Setting B,情景乙,2076,0.40828857,0.55000000
setting_b,2,Setting B,情景乙,2077,0.37663290,0.55000000
setting_b,2,Setting B,情景乙,2078,0.47275258,0.55000000
setting_b,2,Setting B,情景乙,2079,0.42553724,0.55000000
setting_b,2,Setting B,情景乙,2080,0.42989345,0.55000000
setting_b,2,Setting B,情景乙,2081,0.38403261,0.55000000
setting_b,2,Setting B,情景乙,2082,0.31798409,0.55000000
setting_b,2,Setting B,情景乙,2083,0.34629042,0.55000000
setting_b,2,Setting B,情景乙,2084,0.39043691,0.55000000
setting_b,2,Setting B,情景乙,2085,0.45992353,0.55000000
setting_b,2,Setting B,情景乙,2086,0.32490627,0.55000000
setting_b,2,Setting B,情景乙,2087,0.38017370,0.55000000
setting_b,2,Setting B,情景乙,2088,0.38743917,0.55000000
setting_b,2,Setting B,情景乙,2089,0.39894472,0.55000000
setting_b,2,Setting B,情景乙,2090,0.47040387,0.55000000
setting_b,2,Setting B,情景乙,2091,0.43555041,0.55000000
setting_b,2,Setting B,情景乙,2092,0.40302667,0.55000000
setting_b,2,Setting B,情景乙,2093,0.37179143,0.55000000
setting_b,2,Setting B,情景乙,2094,0.38461569,0.55000000
setting_b,2,Setting B,情景乙,2095,0.35933906,0.55000000
setting_b,2,Setting B,情景乙,2096,0.32096367,0.55000000
setting_b,2,Setting B,情景乙,2097,0.39344349,0.55000000
setting_b,2,Setting B,情景乙,2098,0.43472032,0.55000000
setting_b,2,Setting B,情景乙,2099,0.39606445,0.55000000
setting_b,2,Setting B,情景乙,2100,0.44923479,0.55000000
setting_b,2,Setting B,情景乙,2101,0.40367911,0.55000000
setting_b,2,Setting B,情景乙,2102,0.32057772,0.55000000
setting_b,2,Setting B,情景乙,2103,0.34006712,0.55000000
setting_b,2,Setting B,情景乙,2104,0.45535155,0.55000000
setting_b,2,Setting B,情景乙,2105,0.27822821,0.55000000
setting_b,2,Setting B,情景乙,2106,0.41926664,0.55000000
setting_b,2,Setting B,情景乙,2107,0.40002181,0.55000000
setting_b,2,Setting B,情景乙,2108,0.38822844,0.55000000
setting_b,2,Setting B,情景乙,2109,0.44910420,0.55000000
setting_b,2,Setting B,情景乙,2110,0.37488934,0.55000000
setting_b,2,Setting B,情景乙,2111,0.36776655,0.55000000
setting_b,2,Setting B,情景乙,2112,0.44242140,0.55000000
setting_b,2,Setting B,情景乙,2113,0.44976076,0.55000000
setting_b,2,Setting B,情景乙,2114,0.32052153,0.55000000
setting_b,2,Setting B,情景乙,2115,0.38823544,0.55000000
setting_b,2,Setting B,情景乙,2116,0.41880703,0.55000000
setting_b,2,Setting B,情景乙,2117,0.45341449,0.55000000
setting_b,2,Setting B,情景乙,2118,0.46503553,0.55000000
setting_b,2,Setting B,情景乙,2119,0.31728699,0.55000000
setting_b,2,Setting B,情景乙,2120,0.33776447,0.55000000
setting_b,2,Setting B,情景乙,2121,0.39223063,0.55000000
setting_b,2,Setting B,情景乙,2122,0.31106354,0.55000000
setting_b,2,Setting B,情景乙,2123,0.32535032,0.55000000
setting_b,2,Setting B,情景乙,2124,0.40855094,0.55000000
setting_b,2,Setting B,情景乙,2125,0.46631910,0.55000000
setting_b,2,Setting B,情景乙,2126,0.41812287,0.55000000
setting_b,2,Setting B,情景乙,2127,0.39114407,0.55000000
setting_b,2,Setting B,情景乙,2128,0.46876256,0.55000000
setting_b,2,Setting B,情景乙,2129,0.35769679,0.55000000
setting_b,2,Setting B,情景乙,2130,0.45316358,0.55000000
setting_b,2,Setting B,情景乙,2131,0.39064312,0.55000000
setting_b,2,Setting B,情景乙,2132,0.36279533,0.55000000
setting_b,2,Setting B,情景乙,2133,0.42240541,0.55000000
setting_b,2,Setting B,情景乙,2134,0.45257543,0.55000000
setting_b,2,Setting B,情景乙,2135,0.34306831,0.55000000
setting_b,2,Setting B,情景乙,2136,0.38518335,0.55000000
setting_b,2,Setting B,情景乙,2137,0.43643993,0.55000000
setting_b,2,Setting B,情景乙,2138,0.47922843,0.55000000
setting_b,2,Setting B,情景乙,2139,0.37675252,0.55000000
setting_b,2,Setting B,情景乙,2140,0.53401810,0.55000000
setting_b,2,Setting B,情景乙,2141,0.45199217,0.55000000
setting_b,2,Setting B,情景乙,2142,0.39016852,0.55000000
setting_b,2,Setting B,情景乙,2143,0.44197958,0.55000000
setting_b,2,Setting B,情景乙,2144,0.44437158,0.55000000
setting_b,2,Setting B,情景乙,2145,0.42945563,0.55000000
setting_b,2,Setting B,情景乙,2146,0.46837461,0.55000000
setting_b,2,Setting B,情景乙,2147,0.39165524,0.55000000
setting_b,2,Setting B,情景乙,2148,0.46068339,0.55000000
setting_b,2,Setting B,情景乙,2149,0.42496299,0.55000000
setting_b,2,Setting B,情景乙,2150,0.41751909,0.55000000
setting_b,2,Setting B,情景乙,2151,0.42932108,0.55000000
setting_b,2,Setting B,情景乙,2152,0.44588657,0.55000000
setting_b,2,Setting B,情景乙,2153,0.49852847,0.55000000
setting_b,2,Setting B,情景乙,2154,0.44281894,0.55000000
setting_b,2,Setting B,情景乙,2155,0.37708127,0.55000000
setting_b,2,Setting B,情景乙,2156,0.40464483,0.55000000
setting_b,2,Setting B,情景乙,2157,0.48932374,0.55000000
setting_b,2,Setting B,情景乙,2158,0.38110600,0.55000000
setting_b,2,Setting B,情景乙,2159,0.45514633,0.55000000
setting_b,2,Setting B,情景乙,2160,0.41169070,0.55000000
setting_b,2,Setting B,情景乙,2161,0.30932368,0.55000000
setting_b,2,Setting B,情景乙,2162,0.45436296,0.55000000
setting_b,2,Setting B,情景乙,2163,0.38048353,0.55000000
setting_b,2,Setting B,情景乙,2164,0.37301351,0.55000000
setting_b,2,Setting B,情景乙,2165,0.37394704,0.55000000
setting_b,2,Setting B,情景乙,2166,0.45370378,0.55000000
setting_b,2,Setting B,情景乙,2167,0.47355277,0.55000000
setting_b,2,Setting B,情景乙,2168,0.40559670,0.55000000
setting_b,2,Setting B,情景乙,2169,0.33565458,0.55000000
setting_b,2,Setting B,情景乙,2170,0.49747794,0.55000000
setting_b,2,Setting B,情景乙,2171,0.44817817,0.55000000
setting_b,2,Setting B,情景乙,2172,0.36101736,0.55000000
setting_b,2,Setting B,情景乙,2173,0.37622263,0.55000000
setting_b,2,Setting B,情景乙,2174,0.39484915,0.55000000
setting_b,2,Setting B,情景乙,2175,0.35979555,0.55000000
setting_b,2,Setting B,情景乙,2176,0.33721262,0.55000000
setting_b,2,Setting B,情景乙,2177,0.35059469,0.55000000
setting_b,2,Setting B,情景乙,2178,0.42370162,0.55000000
setting_b,2,Setting B,情景乙,2179,0.46187423,0.55000000
setting_b,2,Setting B,情景乙,2180,0.45381031,0.55000000
setting_b,2,Setting B,情景乙,2181,0.38072071,0.55000000
setting_b,2,Setting B,情景乙,2182,0.44256304,0.55000000
setting_b,2,Setting B,情景乙,2183,0.42452852,0.55000000
setting_b,2,Setting B,情景乙,2184,0.45301240,0.55000000
setting_b,2,Setting B,情景乙,2185,0.30428993,0.55000000
setting_b,2,Setting B,情景乙,2186,0.31796245,0.55000000
setting_b,2,Setting B,情景乙,2187,0.29739782,0.55000000
setting_b,2,Setting B,情景乙,2188,0.46214802,0.55000000
setting_b,2,Setting B,情景乙,2189,0.38898703,0.55000000
setting_b,2,Setting B,情景乙,2190,0.41270029,0.55000000
setting_b,2,Setting B,情景乙,2191,0.33364803,0.55000000
setting_b,2,Setting B,情景乙,2192,0.35609777,0.55000000
setting_b,2,Setting B,情景乙,2193,0.42189948,0.55000000
setting_b,2,Setting B,情景乙,2194,0.51060489,0.55000000
setting_b,2,Setting B,情景乙,2195,0.47873757,0.55000000
setting_b,2,Setting B,情景乙,2196,0.38663784,0.55000000
setting_b,2,Setting B,情景乙,2197,0.41357934,0.55000000
setting_b,2,Setting B,情景乙,2198,0.45156128,0.55000000
setting_b,2,Setting B,情景乙,2199,0.44013299,0.55000000
setting_b,2,Setting B,情景乙,2200,0.44526259,0.55000000
setting_b,2,Setting B,情景乙,2201,0.36075771,0.55000000
setting_b,2,Setting B,情景乙,2202,0.42222215,0.55000000
setting_b,2,Setting B,情景乙,2203,0.41507486,0.55000000
setting_b,2,Setting B,情景乙,2204,0.47716187,0.55000000
setting_b,2,Setting B,情景乙,2205,0.38228606,0.55000000
setting_b,2,Setting B,情景乙,2206,0.42530154,0.55000000
setting_b,2,Setting B,情景乙,2207,0.40656898,0.55000000
setting_b,2,Setting B,情景乙,2208,0.33044195,0.55000000
setting_b,2,Setting B,情景乙,2209,0.36585115,0.55000000
setting_b,2,Setting B,情景乙,2210,0.36111058,0.55000000
setting_b,2,Setting B,情景乙,2211,0.43736207,0.55000000
setting_b,2,Setting B,情景乙,2212,0.34732514,0.55000000
setting_b,2,Setting B,情景乙,2213,0.41038981,0.55000000
setting_b,2,Setting B,情景乙,2214,0.31974147,0.55000000
setting_b,2,Setting B,情景乙,2215,0.40762630,0.55000000
setting_b,2,Setting B,情景乙,2216,0.35142705,0.55000000
setting_b,2,Setting B,情景乙,2217,0.42243653,0.55000000
setting_b,2,Setting B,情景乙,2218,0.44977634,0.55000000
setting_b,2,Setting B,情景乙,2219,0.34540007,0.55000000
setting_b,2,Setting B,情景乙,2220,0.34672744,0.55000000
setting_b,2,Setting B,情景乙,2221,0.42713068,0.55000000
setting_b,2,Setting B,情景乙,2222,0.35230043,0.55000000
setting_b,2,Setting B,情景乙,2223,0.45303025,0.55000000
setting_b,2,Setting B,情景乙,2224,0.37462488,0.55000000
setting_b,2,Setting B,情景乙,2225,0.37923833,0.55000000
setting_b,2,Setting B,情景乙,2226,0.36807178,0.55000000
setting_b,2,Setting B,情景乙,2227,0.31126040,0.55000000
setting_b,2,Setting B,情景乙,2228,0.38007983,0.55000000
setting_b,2,Setting B,情景乙,2229,0.40104433,0.55000000
setting_b,2,Setting B,情景乙,2230,0.43833277,0.55000000
setting_b,2,Setting B,情景乙,2231,0.40439036,0.55000000
setting_b,2,Setting B,情景乙,2232,0.34561009,0.55000000
setting_b,2,Setting B,情景乙,2233,0.36479006,0.55000000
setting_b,2,Setting B,情景乙,2234,0.36169262,0.55000000
setting_b,2,Setting B,情景乙,2235,0.42666356,0.55000000
setting_b,2,Setting B,情景乙,2236,0.37911446,0.55000000
setting_b,2,Setting B,情景乙,2237,0.38143730,0.55000000
setting_b,2,Setting B,情景乙,2238,0.44561454,0.55000000
setting_b,2,Setting B,情景乙,2239,0.40731356,0.55000000
setting_b,2,Setting B,情景乙,2240,0.54756176,0.55000000
setting_b,2,Setting B,情景乙,2241,0.39382364,0.55000000
setting_b,2,Setting B,情景乙,2242,0.31629688,0.55000000
setting_b,2,Setting B,情景乙,2243,0.34318961,0.55000000
setting_b,2,Setting B,情景乙,2244,0.42059679,0.55000000
setting_b,2,Setting B,情景乙,2245,0.36897743,0.55000000
setting_b,2,Setting B,情景乙,2246,0.36938191,0.55000000
setting_b,2,Setting B,情景乙,2247,0.40622529,0.55000000
setting_b,2,Setting B,情景乙,2248,0.45275162,0.55000000
setting_b,2,Setting B,情景乙,2249,0.44050203,0.55000000
setting_b,2,Setting B,情景乙,2250,0.34078702,0.55000000
setting_b,2,Setting B,情景乙,2251,0.49004449,0.55000000
setting_b,2,Setting B,情景乙,2252,0.38405834,0.55000000
setting_b,2,Setting B,情景乙,2253,0.47209895,0.55000000
setting_b,2,Setting B,情景乙,2254,0.41756271,0.55000000
setting_b,2,Setting B,情景乙,2255,0.42430412,0.55000000
setting_b,2,Setting B,情景乙,2256,0.38744781,0.55000000
setting_b,2,Setting B,情景乙,2257,0.33840666,0.55000000
setting_b,2,Setting B,情景乙,2258,0.45112162,0.55000000
setting_b,2,Setting B,情景乙,2259,0.44475052,0.55000000
setting_b,2,Setting B,情景乙,2260,0.41429816,0.55000000
setting_b,2,Setting B,情景乙,2261,0.40747111,0.55000000
setting_b,2,Setting B,情景乙,2262,0.40144476,0.55000000
setting_b,2,Setting B,情景乙,2263,0.33650547,0.55000000
setting_b,2,Setting B,情景乙,2264,0.35479963,0.55000000
setting_b,2,Setting B,情景乙,2265,0.32971887,0.55000000
setting_b,2,Setting B,情景乙,2266,0.45829377,0.55000000
setting_b,2,Setting B,情景乙,2267,0.45617108,0.55000000
setting_b,2,Setting B,情景乙,2268,0.42334846,0.55000000
setting_b,2,Setting B,情景乙,2269,0.42924886,0.55000000
setting_b,2,Setting B,情景乙,2270,0.43866274,0.55000000
setting_b,2,Setting B,情景乙,2271,0.44084517,0.55000000
setting_b,2,Setting B,情景乙,2272,0.41329707,0.55000000
setting_b,2,Setting B,情景乙,2273,0.37135445,0.55000000
setting_b,2,Setting B,情景乙,2274,0.35156160,0.55000000
setting_b,2,Setting B,情景乙,2275,0.41901504,0.55000000
setting_b,2,Setting B,情景乙,2276,0.42556181,0.55000000
setting_b,2,Setting B,情景乙,2277,0.43337748,0.55000000
setting_b,2,Setting B,情景乙,2278,0.42734126,0.55000000
setting_b,2,Setting B,情景乙,2279,0.33843128,0.55000000
setting_b,2,Setting B,情景乙,2280,0.40764601,0.55000000
setting_b,2,Setting B,情景乙,2281,0.34853386,0.55000000
setting_b,2,Setting B,情景乙,2282,0.36650351,0.55000000
setting_b,2,Setting B,情景乙,2283,0.41232902,0.55000000
setting_b,2,Setting B,情景乙,2284,0.39981662,0.55000000
setting_b,2,Setting B,情景乙,2285,0.31877182,0.55000000
setting_b,2,Setting B,情景乙,2286,0.39377715,0.55000000
setting_b,2,Setting B,情景乙,2287,0.33317756,0.55000000
setting_b,2,Setting B,情景乙,2288,0.38410728,0.55000000
setting_b,2,Setting B,情景乙,2289,0.41282576,0.55000000
setting_b,2,Setting B,情景乙,2290,0.31863680,0.55000000
setting_b,2,Setting B,情景乙,2291,0.42569208,0.55000000
setting_b,2,Setting B,情景乙,2292,0.38147559,0.55000000
setting_b,2,Setting B,情景乙,2293,0.44346838,0.55000000
setting_b,2,Setting B,情景乙,2294,0.42348789,0.55000000
setting_b,2,Setting B,情景乙,2295,0.40456482,0.55000000
setting_b,2,Setting B,情景乙,2296,0.50819888,0.55000000
setting_b,2,Setting B,情景乙,2297,0.35192670,0.55000000
setting_b,2,Setting B,情景乙,2298,0.38857303,0.55000000
setting_b,2,Setting B,情景乙,2299,0.38064794,0.55000000
setting_b,2,Setting B,情景乙,2300,0.43541557,0.55000000
setting_b,2,Setting B,情景乙,2301,0.37735409,0.55000000
setting_b,2,Setting B,情景乙,2302,0.43953004,0.55000000
setting_b,2,Setting B,情景乙,2303,0.31937212,0.55000000
setting_b,2,Setting B,情景乙,2304,0.35945780,0.55000000
setting_b,2,Setting B,情景乙,2305,0.41801986,0.55000000
setting_b,2,Setting B,情景乙,2306,0.36476525,0.55000000
setting_b,2,Setting B,情景乙,2307,0.37256415,0.55000000
setting_b,2,Setting B,情景乙,2308,0.38853379,0.55000000
setting_b,2,Setting B,情景乙,2309,0.31435669,0.55000000
setting_b,2,Setting B,情景乙,2310,0.40123457,0.55000000
setting_b,2,Setting B,情景乙,2311,0.31515661,0.55000000
setting_b,2,Setting B,情景乙,2312,0.35003508,0.55000000
setting_b,2,Setting B,情景乙,2313,0.41041316,0.55000000
setting_b,2,Setting B,情景乙,2314,0.25595658,0.55000000
setting_b,2,Setting B,情景乙,2315,0.36205408,0.55000000
setting_b,2,Setting B,情景乙,2316,0.38222234,0.55000000
setting_b,2,Setting B,情景乙,2317,0.44838524,0.55000000
setting_b,2,Setting B,情景乙,2318,0.42096626,0.55000000
setting_b,2,Setting B,情景乙,2319,0.37415232,0.55000000
setting_b,2,Setting B,情景乙,2320,0.43432011,0.55000000
setting_b,2,Setting B,情景乙,2321,0.40360834,0.55000000
setting_b,2,Setting B,情景乙,2322,0.44536133,0.55000000
setting_b,2,Setting B,情景乙,2323,0.42267418,0.55000000
setting_b,2,Setting B,情景乙,2324,0.42339464,0.55000000
setting_b,2,Setting B,情景乙,2325,0.35853475,0.55000000
setting_b,2,Setting B,情景乙,2326,0.32051866,0.55000000
setting_b,2,Setting B,情景乙,2327,0.38620903,0.55000000
setting_b,2,Setting B,情景乙,2328,0.42593653,0.55000000
setting_b,2,Setting B,情景乙,2329,0.44211747,0.55000000
setting_b,2,Setting B,情景乙,2330,0.43729463,0.55000000
setting_b,2,Setting B,情景乙,2331,0.44030885,0.55000000
setting_b,2,Setting B,情景乙,2332,0.39113745,0.55000000
setting_b,2,Setting B,情景乙,2333,0.37851181,0.55000000
setting_b,2,Setting B,情景乙,2334,0.35589386,0.55000000
setting_b,2,Setting B,情景乙,2335,0.40900065,0.55000000
setting_b,2,Setting B,情景乙,2336,0.45473999,0.55000000
setting_b,2,Setting B,情景乙,2337,0.43579636,0.55000000
setting_b,2,Setting B,情景乙,2338,0.40979427,0.55000000
setting_b,2,Setting B,情景乙,2339,0.38836688,0.55000000
setting_b,2,Setting B,情景乙,2340,0.39833910,0.55000000
setting_b,2,Setting B,情景乙,2341,0.39169774,0.55000000
setting_b,2,Setting B,情景乙,2342,0.48241447,0.55000000
setting_b,2,Setting B,情景乙,2343,0.37725843,0.55000000
setting_b,2,Setting B,情景乙,2344,0.36003151,0.55000000
setting_b,2,Setting B,情景乙,2345,0.44858735,0.55000000
setting_b,2,Setting B,情景乙,2346,0.31097611,0.55000000
setting_b,2,Setting B,情景乙,2347,0.37377129,0.55000000
setting_b,2,Setting B,情景乙,2348,0.27373844,0.55000000
setting_b,2,Setting B,情景乙,2349,0.46781782,0.55000000
setting_b,2,Setting B,情景乙,2350,0.33620771,0.55000000
setting_b,2,Setting B,情景乙,2351,0.33223709,0.55000000
setting_b,2,Setting B,情景乙,2352,0.42710321,0.55000000
setting_b,2,Setting B,情景乙,2353,0.43525968,0.55000000
setting_b,2,Setting B,情景乙,2354,0.43738133,0.55000000
setting_b,2,Setting B,情景乙,2355,0.36932617,0.55000000
setting_b,2,Setting B,情景乙,2356,0.46442034,0.55000000
setting_b,2,Setting B,情景乙,2357,0.36823011,0.55000000
setting_b,2,Setting B,情景乙,2358,0.46392967,0.55000000
setting_b,2,Setting B,情景乙,2359,0.30988843,0.55000000
setting_b,2,Setting B,情景乙,2360,0.42110748,0.55000000
setting_b,2,Setting B,情景乙,2361,0.34796172,0.55000000
setting_b,2,Setting B,情景乙,2362,0.46633911,0.55000000
setting_b,2,Setting B,情景乙,2363,0.42252425,0.55000000
setting_b,2,Setting B,情景乙,2364,0.39362340,0.55000000
setting_b,2,Setting B,情景乙,2365,0.39952863,0.55000000
setting_b,2,Setting B,情景乙,2366,0.38846788,0.55000000
setting_b,2,Setting B,情景乙,2367,0.34993509,0.55000000
setting_b,2,Setting B,情景乙,2368,0.34232895,0.55000000
setting_b,2,Setting B,情景乙,2369,0.30469935,0.55000000
setting_b,2,Setting B,情景乙,2370,0.41847088,0.55000000
setting_b,2,Setting B,情景乙,2371,0.40554605,0.55000000
setting_b,2,Setting B,情景乙,2372,0.32525915,0.55000000
setting_b,2,Setting B,情景乙,2373,0.39075463,0.55000000
setting_b,2,Setting B,情景乙,2374,0.39367499,0.55000000
setting_b,2,Setting B,情景乙,2375,0.41985247,0.55000000
setting_b,2,Setting B,情景乙,2376,0.43689970,0.55000000
setting_b,2,Setting B,情景乙,2377,0.35362444,0.55000000
setting_b,2,Setting B,情景乙,2378,0.31002354,0.55000000
setting_b,2,Setting B,情景乙,2379,0.38372866,0.55000000
setting_b,2,Setting B,情景乙,2380,0.37895859,0.55000000
setting_b,2,Setting B,情景乙,2381,0.45311758,0.55000000
setting_b,2,Setting B,情景乙,2382,0.47260476,0.55000000
setting_b,2,Setting B,情景乙,2383,0.33279109,0.55000000
setting_b,2,Setting B,情景乙,2384,0.37062867,0.55000000
setting_b,2,Setting B,情景乙,2385,0.40633025,0.55000000
setting_b,2,Setting B,情景乙,2386,0.37666816,0.55000000
setting_b,2,Setting B,情景乙,2387,0.44460554,0.55000000
setting_b,2,Setting B,情景乙,2388,0.40744861,0.55000000
setting_b,2,Setting B,情景乙,2389,0.40206963,0.55000000
setting_b,2,Setting B,情景乙,2390,0.43249679,0.55000000
setting_b,2,Setting B,情景乙,2391,0.42200742,0.55000000
setting_b,2,Setting B,情景乙,2392,0.33513669,0.55000000
setting_b,2,Setting B,情景乙,2393,0.31420905,0.55000000
setting_b,2,Setting B,情景乙,2394,0.39699172,0.55000000
setting_b,2,Setting B,情景乙,2395,0.39542500,0.55000000
setting_b,2,Setting B,情景乙,2396,0.40144327,0.55000000
setting_b,2,Setting B,情景乙,2397,0.39227146,0.55000000
setting_b,2,Setting B,情景乙,2398,0.37176748,0.55000000
setting_b,2,Setting B,情景乙,2399,0.36235709,0.55000000
setting_b,2,Setting B,情景乙,2400,0.40237565,0.55000000
setting_b,2,Setting B,情景乙,2401,0.31819284,0.55000000
setting_b,2,Setting B,情景乙,2402,0.35141274,0.55000000
setting_b,2,Setting B,情景乙,2403,0.36675446,0.55000000
setting_b,2,Setting B,情景乙,2404,0.38584669,0.55000000
setting_b,2,Setting B,情景乙,2405,0.45019730,0.55000000
setting_b,2,Setting B,情景乙,2406,0.37608602,0.55000000
setting_b,2,Setting B,情景乙,2407,0.38116047,0.55000000
setting_b,2,Setting B,情景乙,2408,0.38453390,0.55000000
setting_b,2,Setting B,情景乙,2409,0.38989287,0.55000000
setting_b,2,Setting B,情景乙,2410,0.40847161,0.55000000
setting_b,2,Setting B,情景乙,2411,0.36086225,0.55000000
setting_b,2,Setting B,情景乙,2412,0.42982610,0.55000000
setting_b,2,Setting B,情景乙,2413,0.37040803,0.55000000
setting_b,2,Setting B,情景乙,2414,0.46230655,0.55000000
setting_b,2,Setting B,情景乙,2415,0.31959432,0.55000000
setting_b,2,Setting B,情景乙,2416,0.42043428,0.55000000
setting_b,2,Setting B,情景乙,2417,0.38439279,0.55000000
setting_b,2,Setting B,情景乙,2418,0.42578872,0.55000000
setting_b,2,Setting B,情景乙,2419,0.43092443,0.55000000
setting_b,2,Setting B,情景乙,2420,0.37143881,0.55000000
setting_b,2,Setting B,情景乙,2421,0.38923544,0.55000000
setting_b,2,Setting B,情景乙,2422,0.35881704,0.55000000
setting_b,2,Setting B,情景乙,2423,0.37096578,0.55000000
setting_b,2,Setting B,情景乙,2424,0.42598409,0.55000000
setting_b,2,Setting B,情景乙,2425,0.44031367,0.55000000
setting_b,2,Setting B,情景乙,2426,0.36020295,0.55000000
setting_b,2,Setting B,情景乙,2427,0.45053294,0.55000000
setting_b,2,Setting B,情景乙,2428,0.42656960,0.55000000
setting_b,2,Setting B,情景乙,2429,0.43860142,0.55000000
setting_b,2,Setting B,情景乙,2430,0.32241423,0.55000000
setting_b,2,Setting B,情景乙,2431,0.47875354,0.55000000
setting_b,2,Setting B,情景乙,2432,0.38994702,0.55000000
setting_b,2,Setting B,情景乙,2433,0.38976323,0.55000000
setting_b,2,Setting B,情景乙,2434,0.49298800,0.55000000
setting_b,2,Setting B,情景乙,2435,0.31877123,0.55000000
setting_b,2,Setting B,情景乙,2436,0.36898706,0.55000000
setting_b,2,Setting B,情景乙,2437,0.38825319,0.55000000
setting_b,2,Setting B,情景乙,2438,0.39412942,0.55000000
setting_b,2,Setting B,情景乙,2439,0.32035342,0.55000000
setting_b,2,Setting B,情景乙,2440,0.37552549,0.55000000
setting_b,2,Setting B,情景乙,2441,0.40467401,0.55000000
setting_b,2,Setting B,情景乙,2442,0.42138962,0.55000000
setting_b,2,Setting B,情景乙,2443,0.33551673,0.55000000
setting_b,2,Setting B,情景乙,2444,0.37729179,0.55000000
setting_b,2,Setting B,情景乙,2445,0.43216227,0.55000000
setting_b,2,Setting B,情景乙,2446,0.41312936,0.55000000
setting_b,2,Setting B,情景乙,2447,0.42838141,0.55000000
setting_b,2,Setting B,情景乙,2448,0.40074191,0.55000000
setting_b,2,Setting B,情景乙,2449,0.44166370,0.55000000
setting_b,2,Setting B,情景乙,2450,0.39507175,0.55000000
setting_b,2,Setting B,情景乙,2451,0.49380315,0.55000000
setting_b,2,Setting B,情景乙,2452,0.36815495,0.55000000
setting_b,2,Setting B,情景乙,2453,0.39925366,0.55000000
setting_b,2,Setting B,情景乙,2454,0.40095940,0.55000000
setting_b,2,Setting B,情景乙,2455,0.38988208,0.55000000
setting_b,2,Setting B,情景乙,2456,0.36525109,0.55000000
setting_b,2,Setting B,情景乙,2457,0.49117518,0.55000000
setting_b,2,Setting B,情景乙,2458,0.25058015,0.55000000
setting_b,2,Setting B,情景乙,2459,0.47321599,0.55000000
setting_b,2,Setting B,情景乙,2460,0.42770136,0.55000000
setting_b,2,Setting B,情景乙,2461,0.47079554,0.55000000
setting_b,2,Setting B,情景乙,2462,0.40268868,0.55000000
setting_b,2,Setting B,情景乙,2463,0.28822773,0.55000000
setting_b,2,Setting B,情景乙,2464,0.48444554,0.55000000
setting_b,2,Setting B,情景乙,2465,0.46176539,0.55000000
setting_b,2,Setting B,情景乙,2466,0.42112278,0.55000000
setting_b,2,Setting B,情景乙,2467,0.34479893,0.55000000
setting_b,2,Setting B,情景乙,2468,0.39622617,0.55000000
setting_b,2,Setting B,情景乙,2469,0.42846488,0.55000000
setting_b,2,Setting B,情景乙,2470,0.35654568,0.55000000
setting_b,2,Setting B,情景乙,2471,0.45161660,0.55000000
setting_b,2,Setting B,情景乙,2472,0.37384263,0.55000000
setting_b,2,Setting B,情景乙,2473,0.42564629,0.55000000
setting_b,2,Setting B,情景乙,2474,0.35244236,0.55000000
setting_b,2,Setting B,情景乙,2475,0.45265071,0.55000000
setting_b,2,Setting B,情景乙,2476,0.39597638,0.55000000
setting_b,2,Setting B,情景乙,2477,0.39152658,0.55000000
setting_b,2,Setting B,情景乙,2478,0.42987921,0.55000000
setting_b,2,Setting B,情景乙,2479,0.42276881,0.55000000
setting_b,2,Setting B,情景乙,2480,0.40441353,0.55000000
setting_b,2,Setting B,情景乙,2481,0.37109775,0.55000000
setting_b,2,Setting B,情景乙,2482,0.33943379,0.55000000
setting_b,2,Setting B,情景乙,2483,0.40970718,0.55000000
setting_b,2,Setting B,情景乙,2484,0.33485424,0.55000000
setting_b,2,Setting B,情景乙,2485,0.43755589,0.55000000
setting_b,2,Setting B,情景乙,2486,0.38202843,0.55000000
setting_b,2,Setting B,情景乙,2487,0.39832061,0.55000000
setting_b,2,Setting B,情景乙,2488,0.42701000,0.55000000
setting_b,2,Setting B,情景乙,2489,0.32191926,0.55000000
setting_b,2,Setting B,情景乙,2490,0.37404132,0.55000000
setting_b,2,Setting B,情景乙,2491,0.42175465,0.55000000
setting_b,2,Setting B,情景乙,2492,0.42797596,0.55000000
setting_b,2,Setting B,情景乙,2493,0.44154143,0.55000000
setting_b,2,Setting B,情景乙,2494,0.45902703,0.55000000
setting_b,2,Setting B,情景乙,2495,0.32696137,0.55000000
setting_b,2,Setting B,情景乙,2496,0.39874167,0.55000000
setting_b,2,Setting B,情景乙,2497,0.46288398,0.55000000
setting_b,2,Setting B,情景乙,2498,0.43978258,0.55000000
setting_b,2,Setting B,情景乙,2499,0.39448071,0.55000000
setting_b,2,Setting B,情景乙,2500,0.33520107,0.55000000
