race_id,horizon_ms,metric,value_bps
0,1,price_impact,1.1768292874714492
1,1,price_impact,0.648511880994039
2,1,price_impact,2.2588701259732185
3,1,price_impact,0.0
4,1,price_impact,1.512733153757416
5,1,price_impact,-0.0011159392538757917
6,1,price_impact,1.4937195514753816
7,1,price_impact,1.10551499032764
8,1,price_impact,3.0509143875351197
9,1,price_impact,1.7944273191462385
10,1,price_impact,0.33120610381766213
11,1,price_impact,0.3934623395700523
12,1,price_impact,3.0384647461361793
13,1,price_impact,1.6399614674836305
14,1,price_impact,0.0
15,1,price_impact,0.8395069806205456
16,1,price_impact,0.0
17,1,price_impact,1.8771100225842035
18,1,price_impact,3.8593533430668994
19,1,price_impact,0.7299145681815438
20,1,price_impact,1.9695575443634368
21,1,price_impact,3.479224985299359
22,1,price_impact,3.3480887739188203
23,1,price_impact,1.3464986508847208
24,1,price_impact,0.0
25,1,price_impact,-0.15990425028765134
26,1,price_impact,1.6875126189323728
27,1,price_impact,0.0
28,1,price_impact,2.21648154485197
29,1,price_impact,1.1872575928857774
30,1,price_impact,0.0
31,1,price_impact,0.2227037110560355
32,1,price_impact,2.4580654180288777
33,1,price_impact,4.519466855212835
34,1,price_impact,0.0
35,1,price_impact,0.8919436851770755
36,1,price_impact,1.266967525985476
37,1,price_impact,0.5949068283368483
38,1,price_impact,0.0
39,1,price_impact,-0.04116095494246863
40,1,price_impact,1.6683193601092317
41,1,price_impact,1.5512261344865208
42,1,price_impact,2.0540422312992708
43,1,price_impact,0.6730409600741237
44,1,price_impact,0.0
45,1,price_impact,2.5055318398610162
46,1,price_impact,0.4809085525959107
47,1,price_impact,1.00656182053648
48,1,price_impact,4.988200661090373
49,1,price_impact,0.236891199597827
50,1,price_impact,1.242447860764714
51,1,price_impact,0.8122867679417197
52,1,price_impact,0.7647037830451016
53,1,price_impact,1.626199632148671
54,1,price_impact,1.4437216866317073
55,1,price_impact,0.8621497454151263
56,1,price_impact,1.9375718522396645
57,1,price_impact,1.7714122488882673
58,1,price_impact,2.1094738166797926
59,1,price_impact,1.718317090846769
60,1,price_impact,0.42824192436809394
61,1,price_impact,0.0
62,1,price_impact,0.0
63,1,price_impact,0.6806341471730032
64,1,price_impact,0.0
65,1,price_impact,1.1410736759838198
66,1,price_impact,1.3396563076230121
67,1,price_impact,0.0
68,1,price_impact,1.0001668977807894
69,1,price_impact,0.5783138470241166
70,1,price_impact,4.191085501038679
71,1,price_impact,2.147789569524504
72,1,price_impact,3.504372665606619
73,1,price_impact,0.25609028343888657
74,1,price_impact,0.42102072962877934
75,1,price_impact,2.2166872368789527
76,1,price_impact,0.557490785479644
77,1,price_impact,2.333297588022696
78,1,price_impact,0.0
79,1,price_impact,0.0
80,1,price_impact,4.741868750588343
81,1,price_impact,2.7760818922148642
82,1,price_impact,1.8834711451842783
83,1,price_impact,4.24917804810027
84,1,price_impact,2.13441166601331
85,1,price_impact,0.043889008113837946
86,1,price_impact,0.6659144453389365
87,1,price_impact,2.917603228415625
88,1,price_impact,2.767033532016042
89,1,price_impact,1.5458457251939053
90,1,price_impact,2.003388376083813
91,1,price_impact,0.39841385760285813
92,1,price_impact,1.509222846769648
93,1,price_impact,2.738803487092224
94,1,price_impact,4.166990074473655
95,1,price_impact,2.5877153515930726
96,1,price_impact,0.7949280191151511
97,1,price_impact,1.5618075283675068
98,1,price_impact,2.539159869870101
99,1,price_impact,0.0
100,1,price_impact,0.5861140385016592
101,1,price_impact,0.0
102,1,price_impact,2.431247912260348
103,1,price_impact,1.9524433554219733
104,1,price_impact,1.8702534221950387
105,1,price_impact,1.8892518206158662
106,1,price_impact,3.5158267682085143
107,1,price_impact,2.3317023670118893
108,1,price_impact,0.4144454925253538
109,1,price_impact,0.12587186185224838
110,1,price_impact,1.293333128938163
111,1,price_impact,0.48759153267559674
112,1,price_impact,1.4777539824381623
113,1,price_impact,2.217222349056476
114,1,price_impact,1.0125956170079755
115,1,price_impact,0.15663373655608923
116,1,price_impact,0.0
117,1,price_impact,1.9211333589744701
118,1,price_impact,0.2860073464294328
119,1,price_impact,1.0165051619300414
120,1,price_impact,2.2339886683168406
121,1,price_impact,1.812333672886406
122,1,price_impact,0.7961351630125963
123,1,price_impact,1.786606788257824
124,1,price_impact,4.3727568089059625
125,1,price_impact,1.5877612046069336
126,1,price_impact,4.999792635096352
127,1,price_impact,1.3599285123707363
128,1,price_impact,4.639044992642873
129,1,price_impact,5.051345492824718
130,1,price_impact,-0.0804725563493591
131,1,price_impact,0.7986273288981827
132,1,price_impact,2.32699248835535
133,1,price_impact,0.0
134,1,price_impact,2.7764642515106113
135,1,price_impact,1.7268687965670622
136,1,price_impact,0.0
137,1,price_impact,2.7764740045027043
138,1,price_impact,0.8336598854154392
139,1,price_impact,3.9588947513008734
140,1,price_impact,3.3138019667185215
141,1,price_impact,1.983509439240788
142,1,price_impact,0.9375591549885587
143,1,price_impact,0.4738414012107498
144,1,price_impact,4.742755175672994
145,1,price_impact,1.5315265446088664
146,1,price_impact,2.1721544086272604
147,1,price_impact,1.5000027093288335
148,1,price_impact,0.32212466418735386
149,1,price_impact,1.8976310716538347
150,1,price_impact,0.0
151,1,price_impact,2.9523726223054068
152,1,price_impact,0.1902934069228644
153,1,price_impact,0.0
154,1,price_impact,2.4871136073362408
155,1,price_impact,3.5042159781639377
156,1,price_impact,3.086551890583764
157,1,price_impact,1.0982430107640857
158,1,price_impact,0.0
159,1,price_impact,1.4391886360789747
160,1,price_impact,1.9958487667019837
161,1,price_impact,1.478703497910705
162,1,price_impact,0.0
163,1,price_impact,0.0
164,1,price_impact,0.9369189737883669
165,1,price_impact,0.0
166,1,price_impact,1.2586106332311315
167,1,price_impact,0.0
168,1,price_impact,1.0892112411192423
169,1,price_impact,4.323205468410493
170,1,price_impact,2.4026066519647573
171,1,price_impact,1.1318078289752855
172,1,price_impact,3.023897970852102
173,1,price_impact,2.211054302867279
174,1,price_impact,1.8524217414981003
175,1,price_impact,0.6518993156282835
176,1,price_impact,2.802428777511766
177,1,price_impact,1.3675575782793299
178,1,price_impact,2.0915373485376656
179,1,price_impact,1.300017928111704
180,1,price_impact,0.2533745386850353
181,1,price_impact,1.2833538786583245
182,1,price_impact,1.4171639098216249
183,1,price_impact,0.0
184,1,price_impact,0.7399543122182877
185,1,price_impact,0.0
186,1,price_impact,0.0
187,1,price_impact,0.0
188,1,price_impact,0.0
189,1,price_impact,0.8480757860361811
190,1,price_impact,1.3727495307144264
191,1,price_impact,0.0
192,1,price_impact,0.5056789123807066
193,1,price_impact,2.759627655878017
194,1,price_impact,0.42004315385754437
195,1,price_impact,5.8068386584568685
196,1,price_impact,0.16167885500019819
197,1,price_impact,4.909888018801436
198,1,price_impact,1.2008905686625815
199,1,price_impact,0.0
200,1,price_impact,0.439498611647346
201,1,price_impact,0.0
202,1,price_impact,-0.06682046827902213
203,1,price_impact,0.4634059375091476
204,1,price_impact,0.5678790353735943
205,1,price_impact,2.660984974455138
206,1,price_impact,0.5226379988288644
207,1,price_impact,1.8367978081488108
208,1,price_impact,0.326651833268073
209,1,price_impact,1.689774741030947
210,1,price_impact,2.131373985706628
211,1,price_impact,0.6218814906141364
212,1,price_impact,1.139167522909514
213,1,price_impact,4.4444099430006965
214,1,price_impact,0.0
215,1,price_impact,6.634334808119231
216,1,price_impact,0.3724423906872032
217,1,price_impact,0.0
218,1,price_impact,1.2131472226055908
219,1,price_impact,1.671688629570298
220,1,price_impact,1.6025130000911436
221,1,price_impact,2.76266076796605
222,1,price_impact,0.0
223,1,price_impact,0.6750917664443546
224,1,price_impact,1.513779311448533
225,1,price_impact,0.8592695584618089
226,1,price_impact,0.0
227,1,price_impact,0.43846980032221694
228,1,price_impact,0.2718274463727052
229,1,price_impact,0.1896358193093101
230,1,price_impact,4.580913342270464
231,1,price_impact,5.051404817119811
232,1,price_impact,2.0615601951159124
233,1,price_impact,0.0
234,1,price_impact,3.710456372037619
235,1,price_impact,0.0
236,1,price_impact,2.5192300359738935
237,1,price_impact,4.6461247584770105
238,1,price_impact,0.0
239,1,price_impact,1.1618094360844482
240,1,price_impact,0.0
241,1,price_impact,0.8345073008459523
242,1,price_impact,0.7550450161176738
243,1,price_impact,0.0
244,1,price_impact,1.8111127468676542
245,1,price_impact,0.0
246,1,price_impact,0.0
247,1,price_impact,1.6835132433891493
248,1,price_impact,3.7158341631021843
249,1,price_impact,0.0
250,1,price_impact,0.17179156775575774
251,1,price_impact,4.3060551659724
252,1,price_impact,0.0
253,1,price_impact,2.991791395241965
254,1,price_impact,0.8217630601204423
255,1,price_impact,0.3460507547114652
256,1,price_impact,2.196399700634865
257,1,price_impact,0.0
258,1,price_impact,3.8822353205219526
259,1,price_impact,0.0
260,1,price_impact,0.0
261,1,price_impact,1.9099952029022065
262,1,price_impact,2.684892625510236
263,1,price_impact,1.2443523415920394
264,1,price_impact,1.6949197387610735
265,1,price_impact,0.0
266,1,price_impact,0.0
267,1,price_impact,2.386802252388586
268,1,price_impact,1.6743178209884868
269,1,price_impact,5.3471617683849715
270,1,price_impact,3.1909902568657826
271,1,price_impact,0.0
272,1,price_impact,3.9376480287745297
273,1,price_impact,0.7571987942356051
274,1,price_impact,0.0
275,1,price_impact,3.076596864745739
276,1,price_impact,0.0
277,1,price_impact,-0.016411858228412346
278,1,price_impact,1.923245194203981
279,1,price_impact,0.545263716774292
280,1,price_impact,4.132709888047953
281,1,price_impact,1.2625211609994471
282,1,price_impact,2.083981951688034
283,1,price_impact,4.44342105806003
284,1,price_impact,1.0273104563484106
285,1,price_impact,0.0
286,1,price_impact,0.6372597617511923
287,1,price_impact,0.9280756598676863
288,1,price_impact,0.0
289,1,price_impact,1.6710417948531135
290,1,price_impact,1.225460284352475
291,1,price_impact,0.9926265517725015
292,1,price_impact,1.0644616165887502
293,1,price_impact,2.0508322496382396
294,1,price_impact,2.5394108968135605
295,1,price_impact,0.9310812241792007
296,1,price_impact,3.1793969029365052
297,1,price_impact,0.085968844505861
298,1,price_impact,0.0
299,1,price_impact,0.7766899015149646
300,1,price_impact,3.113191595893721
301,1,price_impact,3.3252536555091763
302,1,price_impact,0.20845057662266314
303,1,price_impact,1.656329895886896
304,1,price_impact,7.078632301599983
305,1,price_impact,0.0
306,1,price_impact,2.4210051359576403
307,1,price_impact,3.958985656817648
308,1,price_impact,4.434115763088859
309,1,price_impact,0.8357859294310136
310,1,price_impact,0.0
311,1,price_impact,1.3278040587660853
312,1,price_impact,0.8714094390600461
313,1,price_impact,0.0
314,1,price_impact,0.28581213144142814
315,1,price_impact,2.7678336777582406
316,1,price_impact,0.4882500208802575
317,1,price_impact,0.375269078380967
318,1,price_impact,0.38115280152422404
319,1,price_impact,0.887249104871492
320,1,price_impact,2.7032607356097897
321,1,price_impact,-0.12444625984453328
322,1,price_impact,0.0
323,1,price_impact,0.03165564837375104
324,1,price_impact,1.7467408456322993
325,1,price_impact,2.747326043410297
326,1,price_impact,2.4314475774730417
327,1,price_impact,2.1483001286885424
328,1,price_impact,0.0
329,1,price_impact,2.696915183410284
330,1,price_impact,1.8405605903783278
331,1,price_impact,0.0
332,1,price_impact,0.05477005539166699
333,1,price_impact,0.4286703864754656
334,1,price_impact,0.9336379966465586
335,1,price_impact,2.7858558151074733
336,1,price_impact,0.0
337,1,price_impact,0.21197418358067283
338,1,price_impact,2.7564852846372436
339,1,price_impact,-0.043127133734364734
340,1,price_impact,0.3985293758300107
341,1,price_impact,3.1294309650531122
342,1,price_impact,2.2508193339491545
343,1,price_impact,0.0
344,1,price_impact,1.5925974094871398
345,1,price_impact,0.7537455795585666
346,1,price_impact,1.8105033032323192
347,1,price_impact,0.6496929410451199
348,1,price_impact,1.5955294956383002
349,1,price_impact,0.48347687310888654
350,1,price_impact,1.7627206071827992
351,1,price_impact,2.2925428338806064
352,1,price_impact,3.157474812559931
353,1,price_impact,2.626865249877752
354,1,price_impact,0.937549515856948
355,1,price_impact,1.2503073735812464
356,1,price_impact,0.9183485649289058
357,1,price_impact,0.0
358,1,price_impact,0.0
359,1,price_impact,4.366794556783888
360,1,price_impact,0.0
361,1,price_impact,5.397394263898083
362,1,price_impact,2.7693961270742298
363,1,price_impact,0.0
364,1,price_impact,0.0
365,1,price_impact,1.5992673287935508
366,1,price_impact,0.0
367,1,price_impact,0.0
368,1,price_impact,0.7008459494233868
369,1,price_impact,0.5409022001246659
370,1,price_impact,2.46730466974352
371,1,price_impact,1.212083466759409
372,1,price_impact,2.05028751388656
373,1,price_impact,2.505935438218534
374,1,price_impact,3.2351256815500493
375,1,price_impact,1.7782622384250648
376,1,price_impact,2.1430030763971857
377,1,price_impact,0.028476536596388546
378,1,price_impact,0.9329003527047703
379,1,price_impact,0.9860344919322553
380,1,price_impact,0.6272934011145654
381,1,price_impact,1.4423383173332696
382,1,price_impact,1.508466431927004
383,1,price_impact,3.605059927045179
384,1,price_impact,4.549040030665843
385,1,price_impact,0.6905365827236087
386,1,price_impact,0.0
387,1,price_impact,0.16119674902637982
388,1,price_impact,3.4640604252527285
389,1,price_impact,0.23839517081213474
390,1,price_impact,0.2204927856752898
391,1,price_impact,0.8393827084219624
392,1,price_impact,0.5130342532057555
393,1,price_impact,0.9208653608436203
394,1,price_impact,0.0
395,1,price_impact,0.0
396,1,price_impact,1.8785120678101486
397,1,price_impact,2.4925092259290054
398,1,price_impact,0.5102560850311516
399,1,price_impact,1.1762345113038895
400,1,price_impact,1.4755502169823218
401,1,price_impact,1.7654676269485046
402,1,price_impact,1.2453744365079675
403,1,price_impact,0.4925976298493592
404,1,price_impact,0.0
405,1,price_impact,1.602759158548495
406,1,price_impact,1.029500889631306
407,1,price_impact,0.0
408,1,price_impact,3.0914498207268215
409,1,price_impact,0.0
410,1,price_impact,2.3849339478773888
411,1,price_impact,1.5204699874522125
412,1,price_impact,2.116000909098222
413,1,price_impact,1.5737995116716108
414,1,price_impact,1.9083129117792943
415,1,price_impact,0.0
416,1,price_impact,0.12709045311327324
417,1,price_impact,0.08974208910170005
418,1,price_impact,1.645438720240372
419,1,price_impact,2.156380048377658
420,1,price_impact,0.0
421,1,price_impact,2.8134226812415144
422,1,price_impact,3.4415448952191405
423,1,price_impact,3.6612407593322516
424,1,price_impact,2.409390498069436
425,1,price_impact,5.766419649287554
426,1,price_impact,0.0
427,1,price_impact,0.0
428,1,price_impact,4.25126572454182
429,1,price_impact,1.6377812689456106
430,1,price_impact,0.0
431,1,price_impact,2.4818014961675403
432,1,price_impact,3.5786267153498015
433,1,price_impact,0.0
434,1,price_impact,3.0603404570904265
435,1,price_impact,4.493459727588393
436,1,price_impact,1.3178640812979208
437,1,price_impact,2.8278861172261047
438,1,price_impact,1.2464703279023663
439,1,price_impact,1.7806206129825886
440,1,price_impact,3.609399063712998
441,1,price_impact,3.308588610890564
442,1,price_impact,0.0582153142914969
443,1,price_impact,3.99485129690546
444,1,price_impact,0.0
445,1,price_impact,0.0
446,1,price_impact,1.9426003557711375
447,1,price_impact,0.649491238648228
448,1,price_impact,0.0
449,1,price_impact,3.501245352549783
450,1,price_impact,0.0
451,1,price_impact,3.8660546918862644
452,1,price_impact,4.633190286401177
453,1,price_impact,1.6726310376296007
454,1,price_impact,0.0
455,1,price_impact,1.5253563990981727
456,1,price_impact,3.477816408309705
457,1,price_impact,4.423847724731584
458,1,price_impact,0.0
459,1,price_impact,2.4339180263572753
460,1,price_impact,0.0
461,1,price_impact,0.0
462,1,price_impact,4.714926529877774
463,1,price_impact,8.90790931521629
464,1,price_impact,1.6813797583398977
465,1,price_impact,1.2907884466634807
466,1,price_impact,0.6646420095093017
467,1,price_impact,0.0
468,1,price_impact,0.7681586553039028
469,1,price_impact,1.9426081086718832
470,1,price_impact,0.10909602081639447
471,1,price_impact,0.31313099716641146
472,1,price_impact,0.6992114553493253
473,1,price_impact,2.301884009721516
474,1,price_impact,0.21728815609654156
475,1,price_impact,0.0
476,1,price_impact,0.8565262856875582
477,1,price_impact,2.6755443436761976
478,1,price_impact,1.3055773093650636
479,1,price_impact,2.117417690076661
480,1,price_impact,2.77492045168723
481,1,price_impact,0.0
482,1,price_impact,0.28623549141282545
483,1,price_impact,2.60118719922061
484,1,price_impact,0.5539397628996958
485,1,price_impact,0.0
486,1,price_impact,0.9506306075984837
487,1,price_impact,1.3002719229855608
488,1,price_impact,0.0
489,1,price_impact,0.4783285141685958
490,1,price_impact,5.270618328102923
491,1,price_impact,1.111080671592066
492,1,price_impact,3.383380852320171
493,1,price_impact,4.710220916939884
494,1,price_impact,0.7908503683934263
495,1,price_impact,0.0
496,1,price_impact,0.0
497,1,price_impact,0.0
498,1,price_impact,3.502483468271512
499,1,price_impact,0.8537039540276473
500,1,price_impact,0.0
501,1,price_impact,2.593686755881097
502,1,price_impact,0.0
503,1,price_impact,0.7064706238375285
504,1,price_impact,4.738237304460439
505,1,price_impact,1.9602046235067303
506,1,price_impact,0.0
507,1,price_impact,1.816806208317915
508,1,price_impact,0.0
509,1,price_impact,3.190485101886245
510,1,price_impact,0.05218428884250015
511,1,price_impact,0.7840305104037906
512,1,price_impact,0.0
513,1,price_impact,0.5965887662213336
514,1,price_impact,0.6038922888496541
515,1,price_impact,2.1632369751965785
516,1,price_impact,0.0
517,1,price_impact,0.23722010426288787
518,1,price_impact,0.42870384311311704
519,1,price_impact,1.4324097535890477
520,1,price_impact,1.2262936778145865
521,1,price_impact,1.7277697398735699
522,1,price_impact,-0.028632080448476815
523,1,price_impact,1.8838040835457146
524,1,price_impact,-0.007826614796785876
525,1,price_impact,0.2183800809500894
526,1,price_impact,0.0
527,1,price_impact,1.6039749761143718
528,1,price_impact,0.0
529,1,price_impact,0.0
530,1,price_impact,1.381309420905661
531,1,price_impact,2.7157128345537
532,1,price_impact,7.044491420714429
533,1,price_impact,0.858645312296628
534,1,price_impact,0.0
535,1,price_impact,0.0
536,1,price_impact,0.7732095552388645
537,1,price_impact,0.0
538,1,price_impact,1.3063122502574376
539,1,price_impact,0.8022174793660468
540,1,price_impact,1.3353147362131408
541,1,price_impact,3.497264605805696
542,1,price_impact,0.0
543,1,price_impact,0.9831298331817242
544,1,price_impact,0.0
545,1,price_impact,2.436855961425748
546,1,price_impact,3.1196460638806904
547,1,price_impact,2.093760476818019
548,1,price_impact,1.0978943857886143
549,1,price_impact,0.8599297336849793
550,1,price_impact,0.5445755953086666
551,1,price_impact,3.2503807572987595
552,1,price_impact,2.8134428696151974
553,1,price_impact,3.0721815897270015
554,1,price_impact,0.13765799963196834
555,1,price_impact,1.0830486401016584
556,1,price_impact,1.3036278223330922
557,1,price_impact,0.0
558,1,price_impact,0.24506111361223698
559,1,price_impact,1.5268534797301085
560,1,price_impact,4.847167484658189
561,1,price_impact,1.7437516809778413
562,1,price_impact,5.694672240540408
563,1,price_impact,1.0534402593140642
564,1,price_impact,0.0
565,1,price_impact,2.8155185109697887
566,1,price_impact,1.6030784113039647
567,1,price_impact,1.5964200083638524
568,1,price_impact,0.9241303839921364
569,1,price_impact,0.7601690351335644
570,1,price_impact,2.1186343955954854
571,1,price_impact,3.187268151799834
572,1,price_impact,1.3786161238690762
573,1,price_impact,0.8645103281279565
574,1,price_impact,0.0
575,1,price_impact,1.6432663849510294
576,1,price_impact,0.23197434586824722
577,1,price_impact,2.3167157175317015
578,1,price_impact,3.136384329321195
579,1,price_impact,0.5491066753105242
580,1,price_impact,4.694445433014948
581,1,price_impact,0.9428946462733189
582,1,price_impact,2.5068945998203813
583,1,price_impact,2.15260779561592
584,1,price_impact,1.5069599902299127
585,1,price_impact,2.933722351662339
586,1,price_impact,1.9533931352935165
587,1,price_impact,0.15674042848741226
588,1,price_impact,0.47939547712171127
589,1,price_impact,2.2076882054720373
590,1,price_impact,1.1320510521101006
591,1,price_impact,4.046546735383813
592,1,price_impact,0.9680404364805248
593,1,price_impact,0.0
594,1,price_impact,2.631168020411347
595,1,price_impact,0.24654070958174992
596,1,price_impact,1.3402997711746572
597,1,price_impact,0.0
598,1,price_impact,0.5702030992559468
599,1,price_impact,0.0
0,1,profits,-1.5930608308222034
1,1,profits,0.0
2,1,profits,2.0210067154218487
3,1,profits,5.192783263216136
4,1,profits,-1.7035293735965638
5,1,profits,-1.096203691707628
6,1,profits,0.0
7,1,profits,0.0
8,1,profits,-6.211039651866981
9,1,profits,0.0
10,1,profits,-4.306643839488816
11,1,profits,0.0
12,1,profits,0.90538606363767
13,1,profits,1.0876551353545554
14,1,profits,2.5006522104609092
15,1,profits,-0.7356530104576184
16,1,profits,-1.6510140669508133
17,1,profits,-0.10659666305125004
18,1,profits,0.0
19,1,profits,0.0
20,1,profits,1.6350576179706753
21,1,profits,-0.11919149645671519
22,1,profits,-0.6513916773874237
23,1,profits,0.4463315736181071
24,1,profits,1.3112031986672101
25,1,profits,2.6245859476563522
26,1,profits,0.4608790985622331
27,1,profits,0.0
28,1,profits,0.8525759253126188
29,1,profits,4.033178938536201
30,1,profits,0.794641957041049
31,1,profits,3.857459975999862
32,1,profits,1.034076430353764
33,1,profits,-2.2240716849460584
34,1,profits,1.9749842627084235
35,1,profits,-1.4803049168373732
36,1,profits,0.8892709920658595
37,1,profits,-2.078301114445689
38,1,profits,0.0
39,1,profits,-0.73303898891815
40,1,profits,-1.5533917460366018
41,1,profits,-2.9765928105065456
42,1,profits,-1.00794110890198
43,1,profits,-0.9946973331045493
44,1,profits,-2.699312216131088
45,1,profits,2.9105514971212996
46,1,profits,1.2514853939903456
47,1,profits,0.6293504281785871
48,1,profits,1.8402867460627244
49,1,profits,0.38579455942419694
50,1,profits,-2.2558189898486263
51,1,profits,0.58052017897439
52,1,profits,0.0
53,1,profits,3.9693819560411234
54,1,profits,-2.983188634900342
55,1,profits,-2.1375533937303293
56,1,profits,-1.061277985337621
57,1,profits,-2.72213523714629
58,1,profits,-2.03417184238824
59,1,profits,1.5089187478593957
60,1,profits,0.0
61,1,profits,0.5843839464390458
62,1,profits,-0.16538617713970138
63,1,profits,0.0
64,1,profits,2.7074882817174215
65,1,profits,1.277749850068073
66,1,profits,0.28570809024824706
67,1,profits,-0.5146480681545313
68,1,profits,1.1373267713213415
69,1,profits,1.3222536232874986
70,1,profits,0.0
71,1,profits,-0.7981670739372093
72,1,profits,-0.7748329071986437
73,1,profits,2.469846740910512
74,1,profits,-1.3151706164890369
75,1,profits,-1.1935076640088613
76,1,profits,2.6836532819563717
77,1,profits,3.0007658343746764
78,1,profits,0.0
79,1,profits,0.8159905112638011
80,1,profits,1.3354204472244164
81,1,profits,0.6806890078634278
82,1,profits,-0.5777994462472824
83,1,profits,-1.087555104672953
84,1,profits,0.0
85,1,profits,0.0
86,1,profits,0.32073115235378846
87,1,profits,0.0
88,1,profits,1.043382026584584
89,1,profits,0.0
90,1,profits,-4.394094862067208
91,1,profits,2.7760119446000524
92,1,profits,-2.0339936219583867
93,1,profits,0.0
94,1,profits,3.278929535274312
95,1,profits,1.8166321470793108
96,1,profits,2.270826462260499
97,1,profits,0.33981378214583047
98,1,profits,-2.4264079224946093
99,1,profits,-0.0921066591290591
100,1,profits,2.4911592053118383
101,1,profits,3.2948066934208464
102,1,profits,0.9996682725991963
103,1,profits,2.7405270116269933
104,1,profits,-1.3503443046569188
105,1,profits,1.3094877034038295
106,1,profits,0.9972265992955273
107,1,profits,-1.1119111696159365
108,1,profits,-2.3476051508822406
109,1,profits,0.0
110,1,profits,3.560431566611552
111,1,profits,0.0
112,1,profits,0.0
113,1,profits,-2.418512362507103
114,1,profits,0.30016057720847367
115,1,profits,-1.6817648737622697
116,1,profits,1.4550376050493297
117,1,profits,0.0
118,1,profits,0.7727951692846746
119,1,profits,1.0377226654589775
120,1,profits,-0.17912354086295817
121,1,profits,0.6328617743271145
122,1,profits,-2.100353817188872
123,1,profits,-2.246905768839754
124,1,profits,-4.035413593329263
125,1,profits,-3.280665663568761
126,1,profits,2.534390744698328
127,1,profits,1.7755248468448546
128,1,profits,-2.588222494264609
129,1,profits,-3.026675697280264
130,1,profits,0.0
131,1,profits,-0.5206378038067687
132,1,profits,0.0
133,1,profits,-1.1643273035187462
134,1,profits,0.3520724028235753
135,1,profits,4.602471755081732
136,1,profits,0.061492371824735326
137,1,profits,0.3739454019571161
138,1,profits,1.3163479106058733
139,1,profits,0.0
140,1,profits,0.8484495431517614
141,1,profits,2.6753563669876375
142,1,profits,0.0
143,1,profits,0.0
144,1,profits,0.4549476618747957
145,1,profits,-1.5707834500982325
146,1,profits,0.0
147,1,profits,1.2485756976701143
148,1,profits,-1.85460014967394
149,1,profits,-1.4352150682918738
150,1,profits,-1.0574879870044283
151,1,profits,-2.43572938774386
152,1,profits,3.250930952008166
153,1,profits,0.0
154,1,profits,-1.2244672131325154
155,1,profits,3.075145339431918
156,1,profits,-0.615747502907676
157,1,profits,-1.3620717078369262
158,1,profits,0.0
159,1,profits,-1.2796705003777769
160,1,profits,2.2893633317649287
161,1,profits,0.0
162,1,profits,0.0
163,1,profits,-3.1647558878383797
164,1,profits,0.0
165,1,profits,-1.8134018471666924
166,1,profits,-0.5282788545115095
167,1,profits,0.9174685526044823
168,1,profits,1.9850349689403737
169,1,profits,2.612354008158938
170,1,profits,-2.696141595322359
171,1,profits,0.0
172,1,profits,4.603470245185101
173,1,profits,-1.305257133138192
174,1,profits,-1.8188429016253964
175,1,profits,1.9751727539620716
176,1,profits,0.8719200388290314
177,1,profits,3.0428905212100497
178,1,profits,-2.724611771360039
179,1,profits,1.3666555854093463
180,1,profits,0.0
181,1,profits,0.0
182,1,profits,0.0
183,1,profits,-3.073046873135766
184,1,profits,2.8137255539221564
185,1,profits,6.308003145847502
186,1,profits,0.5946890370231606
187,1,profits,3.4160303677086556
188,1,profits,-3.881573048407042
189,1,profits,1.198093627147685
190,1,profits,0.9181699421274726
191,1,profits,0.0
192,1,profits,-6.311914801120118
193,1,profits,0.0
194,1,profits,-0.8352188367702069
195,1,profits,1.4447186197136297
196,1,profits,0.6214786639483397
197,1,profits,-1.1793402394269235
198,1,profits,-0.9887796897500483
199,1,profits,1.9052672990098016
200,1,profits,-1.1266405492514628
201,1,profits,2.980135934477425
202,1,profits,0.0
203,1,profits,-0.19028409842514316
204,1,profits,3.1718110202372443
205,1,profits,1.4356326107321213
206,1,profits,0.9840418904472736
207,1,profits,3.22828803933336
208,1,profits,1.5875961028240755
209,1,profits,1.7382835828048677
210,1,profits,-4.384167853017324
211,1,profits,-2.951623463062037
212,1,profits,-3.46704647148618
213,1,profits,0.0
214,1,profits,0.0
215,1,profits,-2.9103587495145415
216,1,profits,0.8473648162419647
217,1,profits,1.7851216752902976
218,1,profits,1.0334895359362544
219,1,profits,1.3573068592618016
220,1,profits,2.2860323208231064
221,1,profits,0.0
222,1,profits,0.8549824743802479
223,1,profits,-0.7661810455497353
224,1,profits,-0.3387546195677971
225,1,profits,0.0
226,1,profits,-0.30584463692298225
227,1,profits,1.1622828579048172
228,1,profits,0.11575813315905581
229,1,profits,1.5447910083937628
230,1,profits,1.4106384961088638
231,1,profits,2.131899144748709
232,1,profits,0.3898199330528179
233,1,profits,-5.3160540788894295
234,1,profits,-1.947945633364054
235,1,profits,0.0
236,1,profits,-1.9235304825678876
237,1,profits,0.14087932764999572
238,1,profits,1.6443973645281285
239,1,profits,1.072542610455522
240,1,profits,0.7840632290393412
241,1,profits,1.1945995994701322
242,1,profits,0.6773193902459692
243,1,profits,-1.5180709001217134
244,1,profits,-3.2874310720912923
245,1,profits,-1.1518450886793148
246,1,profits,2.338000532664562
247,1,profits,0.0
248,1,profits,1.1521807637850205
249,1,profits,-0.9202136899510444
250,1,profits,0.0
251,1,profits,0.0
252,1,profits,-0.07356878831113811
253,1,profits,0.6352077131911232
254,1,profits,-0.7232626277761754
255,1,profits,-4.8595229921120975
256,1,profits,0.0
257,1,profits,3.0391117888199553
258,1,profits,4.649589572088928
259,1,profits,-1.2314491879082279
260,1,profits,-1.8327842276821615
261,1,profits,0.9811873462580524
262,1,profits,1.207808506670175
263,1,profits,1.977896225259265
264,1,profits,11.084857245011932
265,1,profits,-1.3023028333388809
266,1,profits,-3.76809403236683
267,1,profits,0.09918127813980243
268,1,profits,-0.5968898190819185
269,1,profits,2.98414681622482
270,1,profits,1.385539462307594
271,1,profits,0.989586461037987
272,1,profits,1.4498855388824423
273,1,profits,0.0
274,1,profits,-1.2551486762060686
275,1,profits,-2.7126444112786663
276,1,profits,1.0221555737497963
277,1,profits,0.0
278,1,profits,1.3245236374396763
279,1,profits,0.0
280,1,profits,0.0
281,1,profits,-1.1078248662698638
282,1,profits,1.2695138034229725
283,1,profits,0.0
284,1,profits,0.0
285,1,profits,0.19269897652627427
286,1,profits,-0.011914694591097702
287,1,profits,-3.5673552018321737
288,1,profits,-1.271153803036923
289,1,profits,0.0
290,1,profits,-1.4573092416959739
291,1,profits,1.7655650307385087
292,1,profits,3.2871730481702386
293,1,profits,-1.4120145113385947
294,1,profits,-3.090075761308635
295,1,profits,-1.8211516904663352
296,1,profits,2.26091044663511
297,1,profits,0.0
298,1,profits,-0.8261673980519861
299,1,profits,1.1317302897514543
300,1,profits,1.106773781394623
301,1,profits,0.0
302,1,profits,2.378981070670863
303,1,profits,0.8199393728115452
304,1,profits,0.665993625425427
305,1,profits,-1.4246311027682854
306,1,profits,-4.484195390527245
307,1,profits,0.0
308,1,profits,0.0
309,1,profits,-0.02312598921746961
310,1,profits,0.5046380933573376
311,1,profits,-0.12828114855695938
312,1,profits,-1.40154218867816
313,1,profits,2.0290296850611926
314,1,profits,0.9400549179585367
315,1,profits,0.0
316,1,profits,-0.9701158789251617
317,1,profits,-1.1507902307638194
318,1,profits,0.0
319,1,profits,0.0
320,1,profits,-3.4797540697557268
321,1,profits,0.0
322,1,profits,4.004691869605215
323,1,profits,-0.43420173822721136
324,1,profits,-0.8269370259057764
325,1,profits,0.27331576943114544
326,1,profits,-4.2768657768945895
327,1,profits,0.9776792048328289
328,1,profits,0.6008466861796993
329,1,profits,-2.9358956612825025
330,1,profits,-2.768524258359147
331,1,profits,2.545373231569406
332,1,profits,0.0
333,1,profits,3.034841607703741
334,1,profits,-0.7439626648627444
335,1,profits,1.1920548819596894
336,1,profits,-0.8285673489150217
337,1,profits,-0.5116800861949741
338,1,profits,3.5814299331073087
339,1,profits,-3.603173128058151
340,1,profits,-2.070721564428685
341,1,profits,0.0
342,1,profits,-0.34072673020640065
343,1,profits,-2.101939993664652
344,1,profits,3.680109699351056
345,1,profits,2.1878708645482123
346,1,profits,2.376517952736291
347,1,profits,-3.4452999376051174
348,1,profits,0.6077349984837273
349,1,profits,1.8643750673380273
350,1,profits,4.615435942743976
351,1,profits,4.280709917267673
352,1,profits,1.1653191832810958
353,1,profits,0.0
354,1,profits,1.1184045851375795
355,1,profits,0.0
356,1,profits,-3.315519048485005
357,1,profits,2.198845385188343
358,1,profits,-3.4953860138484636
359,1,profits,0.0
360,1,profits,-1.4394702555804273
361,1,profits,-2.7963432910383403
362,1,profits,-1.157942793309579
363,1,profits,0.2856792245630397
364,1,profits,7.430156243307807
365,1,profits,-2.4435224371108726
366,1,profits,0.0
367,1,profits,0.0
368,1,profits,0.8223123646814662
369,1,profits,-2.455832603818067
370,1,profits,0.620414616219302
371,1,profits,5.1125333767575345
372,1,profits,-3.244030790906059
373,1,profits,-0.8235460826739491
374,1,profits,-3.5746875675045766
375,1,profits,-1.442498842812247
376,1,profits,-2.8204382121249054
377,1,profits,1.9953133693830838
378,1,profits,-1.2979139876348724
379,1,profits,-4.04984284802332
380,1,profits,-2.0440073029207144
381,1,profits,0.3726202910495969
382,1,profits,1.9093690951944118
383,1,profits,-0.7631351257959881
384,1,profits,0.9382332556952211
385,1,profits,-1.3529468874259822
386,1,profits,0.8687903339316589
387,1,profits,-3.2217224889309577
388,1,profits,-0.26273755412698196
389,1,profits,0.5678633991755968
390,1,profits,0.0
391,1,profits,1.0410530294998648
392,1,profits,0.0
393,1,profits,-0.9689085819173545
394,1,profits,0.5125318613664822
395,1,profits,3.5771073465673693
396,1,profits,0.0
397,1,profits,0.4573728081293323
398,1,profits,3.1205342780090515
399,1,profits,-1.599302052319952
400,1,profits,0.0
401,1,profits,0.8065040330668097
402,1,profits,0.0
403,1,profits,-2.160763873645779
404,1,profits,0.0
405,1,profits,1.8479907015951347
406,1,profits,5.4686519476441315
407,1,profits,0.0
408,1,profits,-2.758392234678112
409,1,profits,-2.9954052609651316
410,1,profits,-3.0834061773811436
411,1,profits,-4.42555712942327
412,1,profits,0.0
413,1,profits,0.0
414,1,profits,1.5072320767703398
415,1,profits,-1.937743890666753
416,1,profits,1.357818571665343
417,1,profits,1.422964364153721
418,1,profits,-0.32214511577695604
419,1,profits,1.565027554025423
420,1,profits,1.2198762961293905
421,1,profits,1.7356424532673154
422,1,profits,2.3325557583790153
423,1,profits,0.8815666441598219
424,1,profits,3.440294005260393
425,1,profits,-2.59414194809205
426,1,profits,1.2944176296249679
427,1,profits,0.0
428,1,profits,-1.1482146609070767
429,1,profits,-4.603257844172871
430,1,profits,0.380161979588076
431,1,profits,1.9990189361924728
432,1,profits,-2.624889031605382
433,1,profits,0.4165303861064322
434,1,profits,0.32493698481536043
435,1,profits,1.5232680163397008
436,1,profits,1.1757698877857923
437,1,profits,0.0
438,1,profits,1.756621392107109
439,1,profits,-1.7107107374259605
440,1,profits,1.4633687928933472
441,1,profits,2.6786796536218573
442,1,profits,1.8781693839972458
443,1,profits,0.0
444,1,profits,-4.001370042477828
445,1,profits,-0.1224158919996714
446,1,profits,1.0262667603981823
447,1,profits,1.1111506682567298
448,1,profits,2.5613038983068246
449,1,profits,0.0
450,1,profits,-1.1577200509279537
451,1,profits,0.0
452,1,profits,5.704473618883094
453,1,profits,3.2902412137976262
454,1,profits,3.9835539998178646
455,1,profits,0.0
456,1,profits,0.9923217559521802
457,1,profits,-2.6007077720913854
458,1,profits,0.0
459,1,profits,1.405575567839473
460,1,profits,4.2814039239822
461,1,profits,-2.924459411505332
462,1,profits,1.1619379080101857
463,1,profits,0.0
464,1,profits,1.9052504043241933
465,1,profits,-0.843857403086377
466,1,profits,-1.6629495220472266
467,1,profits,-3.1690111714003604
468,1,profits,2.2322543707691778
469,1,profits,-10.265358851400162
470,1,profits,0.0
471,1,profits,-0.5532725840102054
472,1,profits,1.854309007740049
473,1,profits,1.9606236150037226
474,1,profits,0.05850925891284203
475,1,profits,-2.7166901207463248
476,1,profits,2.330138112450822
477,1,profits,-1.98185659450029
478,1,profits,0.0
479,1,profits,0.0
480,1,profits,0.0
481,1,profits,-3.1212685260057267
482,1,profits,0.33272328081133673
483,1,profits,-0.43094325564018354
484,1,profits,3.0326474782333523
485,1,profits,-1.4816983876241845
486,1,profits,-0.06993687374649829
487,1,profits,2.725968808900566
488,1,profits,3.560323023344821
489,1,profits,-1.486709942293388
490,1,profits,-1.0486962321146935
491,1,profits,0.594433517164751
492,1,profits,4.394184336139556
493,1,profits,0.0
494,1,profits,-1.6507372724607685
495,1,profits,0.0
496,1,profits,-3.357559697999142
497,1,profits,0.0
498,1,profits,-0.9496929785224686
499,1,profits,0.0
500,1,profits,-1.7726508085115147
501,1,profits,0.001880687963944222
502,1,profits,0.0
503,1,profits,-0.9218926818708495
504,1,profits,2.3245500586007206
505,1,profits,-1.4716765915952539
506,1,profits,0.8906587259079903
507,1,profits,-4.780697230210422
508,1,profits,0.0
509,1,profits,0.0
510,1,profits,-1.9095648137061731
511,1,profits,5.596211039849327
512,1,profits,-1.817941333680127
513,1,profits,3.5114774224189764
514,1,profits,0.0
515,1,profits,3.528401690615569
516,1,profits,1.6412666116233783
517,1,profits,-0.827472573411832
518,1,profits,0.0
519,1,profits,-1.9056087247845341
520,1,profits,1.7804097073820966
521,1,profits,-1.5963315631189636
522,1,profits,-0.9058057820377738
523,1,profits,0.0
524,1,profits,-1.206396558404239
525,1,profits,1.4120309900837624
526,1,profits,-1.2087123627432057
527,1,profits,2.6299964108396856
528,1,profits,0.436852740257053
529,1,profits,0.20513969618315314
530,1,profits,-3.3329189331409905
531,1,profits,-2.539004733476569
532,1,profits,0.0
533,1,profits,-1.6363943767845652
534,1,profits,0.7715171849231
535,1,profits,1.3335600203219025
536,1,profits,1.4489127631861027
537,1,profits,-1.0981963332997908
538,1,profits,1.1401794938981795
539,1,profits,0.0
540,1,profits,0.3510470020118621
541,1,profits,2.6931685390697147
542,1,profits,1.4593793197038356
543,1,profits,-1.289077941712581
544,1,profits,0.37645611437903753
545,1,profits,0.0
546,1,profits,0.16711413162433764
547,1,profits,-0.23312669829427918
548,1,profits,0.6174332374189585
549,1,profits,-0.23946293591194806
550,1,profits,2.155570247659367
551,1,profits,0.3179021959302907
552,1,profits,-0.21990972819368948
553,1,profits,1.7684755000905015
554,1,profits,-2.3746015871144754
555,1,profits,-2.6605833389318168
556,1,profits,-0.40575030100735265
557,1,profits,0.0
558,1,profits,-0.7172470613629749
559,1,profits,0.0
560,1,profits,-0.3149354616083442
561,1,profits,-5.412614563077739
562,1,profits,-3.107829320694846
563,1,profits,-1.4994258837092405
564,1,profits,1.494404930765795
565,1,profits,0.0
566,1,profits,2.198601273664446
567,1,profits,3.083799043143408
568,1,profits,1.1966695378960868
569,1,profits,0.0
570,1,profits,0.0
571,1,profits,1.5177062026009276
572,1,profits,0.39929695735924126
573,1,profits,2.6147626892786797
574,1,profits,1.1891282383453636
575,1,profits,2.6819241406188192
576,1,profits,1.0858009060387617
577,1,profits,2.1567348603503484
578,1,profits,-2.7127422085325206
579,1,profits,0.8662068487482824
580,1,profits,0.0
581,1,profits,0.7295300629519847
582,1,profits,-0.13001819463305536
583,1,profits,-3.5152068948188706
584,1,profits,0.0
585,1,profits,0.706103339856005
586,1,profits,1.667952717296618
587,1,profits,1.8249996273676399
588,1,profits,0.0
589,1,profits,-2.602559159905946
590,1,profits,-1.8631382391336317
591,1,profits,0.0
592,1,profits,-1.947041657436265
593,1,profits,-2.9824250189634895
594,1,profits,-2.148007994023396
595,1,profits,-0.5414873434877816
596,1,profits,-1.237328705346339
597,1,profits,-2.2575518456632677
598,1,profits,-1.4371935351567522
599,1,profits,0.0
0,10,price_impact,1.7870978642733089
1,10,price_impact,0.0
2,10,price_impact,0.0
3,10,price_impact,2.603779773352388
4,10,price_impact,0.895319467907843
5,10,price_impact,1.1628162913373934
6,10,price_impact,0.8774479428246846
7,10,price_impact,2.678647289464586
8,10,price_impact,3.9190394988369737
9,10,price_impact,0.0
10,10,price_impact,0.0
11,10,price_impact,0.2132256628493354
12,10,price_impact,5.558472587943203
13,10,price_impact,2.0542177009260336
14,10,price_impact,0.0
15,10,price_impact,1.730923048397631
16,10,price_impact,0.3499899870162928
17,10,price_impact,1.1403398038158972
18,10,price_impact,1.2392368194483636
19,10,price_impact,2.7957362591555537
20,10,price_impact,1.748588613554943
21,10,price_impact,1.1373087214632513
22,10,price_impact,0.0
23,10,price_impact,3.0250101158473957
24,10,price_impact,0.0
25,10,price_impact,0.0
26,10,price_impact,3.0779810243182504
27,10,price_impact,2.317753857205712
28,10,price_impact,2.1698831360855553
29,10,price_impact,2.0036184166318507
30,10,price_impact,0.3492733685413655
31,10,price_impact,0.4093320173827408
32,10,price_impact,1.8309689061426773
33,10,price_impact,1.5622681049579281
34,10,price_impact,0.0
35,10,price_impact,1.7576557664780288
36,10,price_impact,0.0
37,10,price_impact,1.1868148284492814
38,10,price_impact,0.22531006280345567
39,10,price_impact,0.0
40,10,price_impact,0.19646594575105664
41,10,price_impact,0.0
42,10,price_impact,0.0
43,10,price_impact,2.80823557578661
44,10,price_impact,0.0
45,10,price_impact,0.0
46,10,price_impact,1.1604099689035745
47,10,price_impact,4.258464002403655
48,10,price_impact,2.777804590508348
49,10,price_impact,5.2300954610514605
50,10,price_impact,1.5787192271951764
51,10,price_impact,4.369611566862032
52,10,price_impact,4.730821019056494
53,10,price_impact,0.6541653875520614
54,10,price_impact,1.5549699734275417
55,10,price_impact,6.601805031333845
56,10,price_impact,0.49166658784439277
57,10,price_impact,3.743496809833702
58,10,price_impact,0.9952066749252341
59,10,price_impact,2.7953627822707237
60,10,price_impact,1.1925351040441603
61,10,price_impact,1.240814266240581
62,10,price_impact,3.5117965881428814
63,10,price_impact,2.548454844087078
64,10,price_impact,1.106844996787972
65,10,price_impact,1.390642976585483
66,10,price_impact,3.2385238926106417
67,10,price_impact,1.0463075979732086
68,10,price_impact,1.9471995755091187
69,10,price_impact,2.360254456007033
70,10,price_impact,0.5302609319262294
71,10,price_impact,0.2742464824383514
72,10,price_impact,2.203155275640095
73,10,price_impact,0.0
74,10,price_impact,0.8132079928763196
75,10,price_impact,0.9132656505093832
76,10,price_impact,1.0796981390453197
77,10,price_impact,1.117356216065241
78,10,price_impact,3.048558994070583
79,10,price_impact,1.7964504825668526
80,10,price_impact,0.5406944280455742
81,10,price_impact,0.0
82,10,price_impact,1.2648702311326092
83,10,price_impact,-0.011374689603255161
84,10,price_impact,0.43169889213461776
85,10,price_impact,1.9578037726827373
86,10,price_impact,3.04501966815502
87,10,price_impact,1.1328348719659584
88,10,price_impact,5.508847481091082
89,10,price_impact,3.993238392544351
90,10,price_impact,0.8498512848930426
91,10,price_impact,0.4855899883029643
92,10,price_impact,4.517726737241003
93,10,price_impact,2.156982964791201
94,10,price_impact,4.903231288755064
95,10,price_impact,0.6037573420208855
96,10,price_impact,-0.04221821054971131
97,10,price_impact,1.7398267351030108
98,10,price_impact,2.0278825977904926
99,10,price_impact,-0.06720561189527044
100,10,price_impact,-0.09782943382146153
101,10,price_impact,0.0
102,10,price_impact,3.3857787110474113
103,10,price_impact,0.3728609428977214
104,10,price_impact,0.07341009550601779
105,10,price_impact,5.430120350252421
106,10,price_impact,5.0832060734480375
107,10,price_impact,3.3451886558221915
108,10,price_impact,3.0787063258607765
109,10,price_impact,1.881009544572498
110,10,price_impact,1.3462841643536034
111,10,price_impact,5.766715790077192
112,10,price_impact,4.080622838471943
113,10,price_impact,1.7106164410585176
114,10,price_impact,7.288439392042274
115,10,price_impact,2.7499423023159255
116,10,price_impact,-0.112464537937772
117,10,price_impact,2.8311628872281673
118,10,price_impact,-0.08383849224189284
119,10,price_impact,0.0
120,10,price_impact,0.0
121,10,price_impact,1.2877824003476754
122,10,price_impact,1.8114185172348696
123,10,price_impact,3.661877053337363
124,10,price_impact,-0.09458278116924856
125,10,price_impact,0.9220458917521179
126,10,price_impact,1.336754410288594
127,10,price_impact,1.4198898071524408
128,10,price_impact,0.0
129,10,price_impact,0.0
130,10,price_impact,3.62970496676568
131,10,price_impact,2.155327796211005
132,10,price_impact,2.3681279914142728
133,10,price_impact,0.3841964817886908
134,10,price_impact,1.3506685983194275
135,10,price_impact,2.4949240560351345
136,10,price_impact,0.0
137,10,price_impact,4.170560643202511
138,10,price_impact,0.0
139,10,price_impact,2.300954847771121
140,10,price_impact,0.0
141,10,price_impact,2.2098556999531946
142,10,price_impact,2.4712801458973117
143,10,price_impact,0.35648610936050595
144,10,price_impact,2.055126929698041
145,10,price_impact,0.0
146,10,price_impact,-0.0848745010349033
147,10,price_impact,1.7488211186296883
148,10,price_impact,0.6416953028204988
149,10,price_impact,1.8513079918329944
150,10,price_impact,1.237845174781899
151,10,price_impact,0.6616520424258676
152,10,price_impact,0.8688575304155658
153,10,price_impact,-0.13370577125000516
154,10,price_impact,0.8084337385672354
155,10,price_impact,0.9475294399965981
156,10,price_impact,4.003359972304888
157,10,price_impact,1.5909841786585832
158,10,price_impact,0.0
159,10,price_impact,1.7822324846371596
160,10,price_impact,0.0
161,10,price_impact,0.5132308857351361
162,10,price_impact,2.554715620201682
163,10,price_impact,1.3277831346796218
164,10,price_impact,1.194812341706434
165,10,price_impact,0.0
166,10,price_impact,3.054236849081242
167,10,price_impact,2.616692445177665
168,10,price_impact,1.1248062831148615
169,10,price_impact,2.263232134458248
170,10,price_impact,0.0
171,10,price_impact,0.8043766916319324
172,10,price_impact,1.8504065437418227
173,10,price_impact,1.6169103687293203
174,10,price_impact,0.743695536273528
175,10,price_impact,1.2026775055462862
176,10,price_impact,2.2051179112370045
177,10,price_impact,2.2351718354413883
178,10,price_impact,0.2261558744970701
179,10,price_impact,-0.07926631103159604
180,10,price_impact,0.5218721257605843
181,10,price_impact,1.1812914825843859
182,10,price_impact,1.4902161527280497
183,10,price_impact,0.31402797985633796
184,10,price_impact,0.6562464332944509
185,10,price_impact,1.3807837378740613
186,10,price_impact,0.0
187,10,price_impact,0.0
188,10,price_impact,0.0
189,10,price_impact,0.5834142946042369
190,10,price_impact,0.0
191,10,price_impact,0.19962299157774466
192,10,price_impact,2.0048724052039293
193,10,price_impact,1.7889189099774998
194,10,price_impact,1.1536495473400257
195,10,price_impact,3.312098248872959
196,10,price_impact,0.6518493716077775
197,10,price_impact,1.1038455189978746
198,10,price_impact,0.47237334019966926
199,10,price_impact,2.443406762426515
200,10,price_impact,1.1054869232313278
201,10,price_impact,2.1173152243692615
202,10,price_impact,3.1984559804586046
203,10,price_impact,0.7642922514511062
204,10,price_impact,2.278518277374878
205,10,price_impact,3.635903426418086
206,10,price_impact,2.9147851628720853
207,10,price_impact,0.3893096204609134
208,10,price_impact,0.0
209,10,price_impact,1.5984299920610714
210,10,price_impact,1.1550411663549107
211,10,price_impact,3.8665940108549615
212,10,price_impact,0.0
213,10,price_impact,0.0
214,10,price_impact,2.8820743392861496
215,10,price_impact,2.8333559774515287
216,10,price_impact,0.8565423163882364
217,10,price_impact,1.3066818384042649
218,10,price_impact,0.0
219,10,price_impact,0.0
220,10,price_impact,0.080876001500645
221,10,price_impact,1.006026768614318
222,10,price_impact,0.0
223,10,price_impact,2.4725532298653348
224,10,price_impact,1.0944525025489138
225,10,price_impact,2.950799736161539
226,10,price_impact,0.0
227,10,price_impact,3.6673435654767004
228,10,price_impact,0.7655145463192005
229,10,price_impact,0.0
230,10,price_impact,6.004145831815709
231,10,price_impact,1.9718542143964974
232,10,price_impact,1.9762667253619797
233,10,price_impact,2.323485642146953
234,10,price_impact,2.139741105213769
235,10,price_impact,0.8314079154621352
236,10,price_impact,1.494900637408285
237,10,price_impact,4.302349204554551
238,10,price_impact,0.8738305147713541
239,10,price_impact,0.0
240,10,price_impact,-0.020663422524624164
241,10,price_impact,0.8108045786659817
242,10,price_impact,1.4735941257800556
243,10,price_impact,1.359566116554649
244,10,price_impact,1.9719528557154633
245,10,price_impact,1.9425331852638668
246,10,price_impact,4.8870837780636105
247,10,price_impact,1.9878582873240174
248,10,price_impact,5.098107847224551
249,10,price_impact,0.8730657576617683
250,10,price_impact,0.6983405768959406
251,10,price_impact,2.415009949114347
252,10,price_impact,1.4153635441140446
253,10,price_impact,2.0490427016441153
254,10,price_impact,0.0
255,10,price_impact,-0.025172593529615678
256,10,price_impact,0.3416104895202662
257,10,price_impact,9.987657972230828
258,10,price_impact,0.7586789047172302
259,10,price_impact,0.7311754028662992
260,10,price_impact,0.8792934652076719
261,10,price_impact,2.1871809211753113
262,10,price_impact,1.2012294149993263
263,10,price_impact,1.1635168350606198
264,10,price_impact,0.817226659104439
265,10,price_impact,2.7775899580561014
266,10,price_impact,2.5824753063993935
267,10,price_impact,0.0
268,10,price_impact,2.2090697861870514
269,10,price_impact,2.533810243631813
270,10,price_impact,7.951456477107754
271,10,price_impact,6.45508631943213
272,10,price_impact,0.7208995660635295
273,10,price_impact,0.0
274,10,price_impact,0.5261076374443899
275,10,price_impact,3.835602657323813
276,10,price_impact,2.473127199144371
277,10,price_impact,0.0
278,10,price_impact,1.2718568411545979
279,10,price_impact,2.2828172415634223
280,10,price_impact,1.8084726473539225
281,10,price_impact,0.0
282,10,price_impact,1.8777939266302752
283,10,price_impact,0.0
284,10,price_impact,0.29499785482297913
285,10,price_impact,2.293026565927718
286,10,price_impact,0.07790501856293403
287,10,price_impact,0.5251561327714147
288,10,price_impact,3.6041513833309016
289,10,price_impact,3.2735302436445455
290,10,price_impact,0.4677912678398326
291,10,price_impact,6.77137133475383
292,10,price_impact,3.0775698728767065
293,10,price_impact,1.8355966656728875
294,10,price_impact,4.619311665883458
295,10,price_impact,1.444487650146695
296,10,price_impact,1.0554080874385718
297,10,price_impact,2.170396710523335
298,10,price_impact,0.334570887871465
299,10,price_impact,0.5533763689793606
300,10,price_impact,4.170132705163221
301,10,price_impact,4.685353200207889
302,10,price_impact,5.650639877508889
303,10,price_impact,2.4885092861416074
304,10,price_impact,1.8212207771605127
305,10,price_impact,9.368572911464796
306,10,price_impact,0.0
307,10,price_impact,1.1380344648237024
308,10,price_impact,1.6495837093317005
309,10,price_impact,0.9595294933141341
310,10,price_impact,0.4790239767396197
311,10,price_impact,0.6940933507968424
312,10,price_impact,0.0
313,10,price_impact,1.148943708770168
314,10,price_impact,3.219947583108299
315,10,price_impact,4.779367678527226
316,10,price_impact,0.33575381579355956
317,10,price_impact,1.4862550151055853
318,10,price_impact,2.189755870645903
319,10,price_impact,0.0
320,10,price_impact,4.358089130144989
321,10,price_impact,3.272587834628449
322,10,price_impact,3.1826066651019276
323,10,price_impact,3.1349157516647024
324,10,price_impact,0.9910989886877002
325,10,price_impact,0.9341644287342075
326,10,price_impact,2.6650051041014633
327,10,price_impact,0.0
328,10,price_impact,0.6884991643424738
329,10,price_impact,2.3276687637763236
330,10,price_impact,2.238957081514286
331,10,price_impact,1.4241824901936577
332,10,price_impact,0.0
333,10,price_impact,4.696883532349714
334,10,price_impact,1.6020636118822094
335,10,price_impact,3.431840287362302
336,10,price_impact,4.126652372164206
337,10,price_impact,0.7308502017562244
338,10,price_impact,0.5382213708749737
339,10,price_impact,0.3622330302673063
340,10,price_impact,1.8634089196506827
341,10,price_impact,-0.06523086542786173
342,10,price_impact,-0.08466714513357121
343,10,price_impact,1.2706577267956056
344,10,price_impact,2.1956261142442166
345,10,price_impact,2.2052008166225288
346,10,price_impact,0.6250025278249558
347,10,price_impact,0.0
348,10,price_impact,3.5036379945325447
349,10,price_impact,2.0636433466822894
350,10,price_impact,0.7365370286403303
351,10,price_impact,2.638028193634907
352,10,price_impact,2.2939716319078673
353,10,price_impact,-0.03905471870161312
354,10,price_impact,1.9298984199939333
355,10,price_impact,1.6393027534035391
356,10,price_impact,1.132966419012091
357,10,price_impact,0.6316860846403565
358,10,price_impact,2.099071532172913
359,10,price_impact,-0.28220780345721685
360,10,price_impact,-0.09909663227006324
361,10,price_impact,1.9224649068293858
362,10,price_impact,3.1615173712640563
363,10,price_impact,1.6589926075157055
364,10,price_impact,0.9626312211594298
365,10,price_impact,3.645958687217857
366,10,price_impact,4.963139553373993
367,10,price_impact,2.143944610545314
368,10,price_impact,3.767862522572396
369,10,price_impact,2.8705307900703896
370,10,price_impact,3.3578943155454017
371,10,price_impact,0.0
372,10,price_impact,3.168901264040581
373,10,price_impact,0.8390849153386186
374,10,price_impact,0.8721847074124269
375,10,price_impact,-0.06157867637407116
376,10,price_impact,0.6013917888094653
377,10,price_impact,3.7831485768139057
378,10,price_impact,2.48824813696513
379,10,price_impact,0.0
380,10,price_impact,2.98080032830891
381,10,price_impact,1.8121710828150976
382,10,price_impact,0.0
383,10,price_impact,3.189479741282174
384,10,price_impact,0.0
385,10,price_impact,0.0
386,10,price_impact,0.47383749303945794
387,10,price_impact,2.798733520436832
388,10,price_impact,6.2449626328409344
389,10,price_impact,1.8170964722746072
390,10,price_impact,0.0
391,10,price_impact,0.0
392,10,price_impact,2.0426221096167474
393,10,price_impact,2.0197602347935133
394,10,price_impact,0.0
395,10,price_impact,1.0293218652312
396,10,price_impact,0.805072602746598
397,10,price_impact,0.0
398,10,price_impact,5.7049179965557375
399,10,price_impact,0.5488332386024873
400,10,price_impact,1.2078794002242248
401,10,price_impact,1.025261732228963
402,10,price_impact,0.0
403,10,price_impact,1.8051042067584455
404,10,price_impact,1.2228588121018882
405,10,price_impact,5.875662528468948
406,10,price_impact,6.065862920084503
407,10,price_impact,2.9522524466690694
408,10,price_impact,0.6550838600160128
409,10,price_impact,0.5416998038386852
410,10,price_impact,0.8127775793156454
411,10,price_impact,0.0
412,10,price_impact,3.7683848271888185
413,10,price_impact,2.2335128332948093
414,10,price_impact,0.0
415,10,price_impact,1.1643161371513449
416,10,price_impact,2.1863165702881315
417,10,price_impact,1.9992939833766934
418,10,price_impact,0.6714961156763853
419,10,price_impact,0.7023482261642447
420,10,price_impact,0.8858447729035394
421,10,price_impact,0.04157671884131259
422,10,price_impact,4.78663478146296
423,10,price_impact,3.2040190080596114
424,10,price_impact,5.297624701974935
425,10,price_impact,0.9685993297272331
426,10,price_impact,3.374418093511865
427,10,price_impact,0.31198095426112227
428,10,price_impact,1.8642728746528565
429,10,price_impact,0.7620651928234933
430,10,price_impact,2.095007185637026
431,10,price_impact,0.11371616558328873
432,10,price_impact,1.823373398333613
433,10,price_impact,1.230607270205546
434,10,price_impact,0.8137114443858275
435,10,price_impact,0.4362592887574994
436,10,price_impact,2.09235755958755
437,10,price_impact,3.7775051907937547
438,10,price_impact,1.19157368929173
439,10,price_impact,1.923254688151391
440,10,price_impact,0.0
441,10,price_impact,2.0509451868497526
442,10,price_impact,1.4927324842073888
443,10,price_impact,4.019254098446459
444,10,price_impact,2.285853929800725
445,10,price_impact,1.0961648319574928
446,10,price_impact,0.0
447,10,price_impact,1.4745091513587174
448,10,price_impact,0.6017994999921682
449,10,price_impact,1.109385409242576
450,10,price_impact,0.9419194096913843
451,10,price_impact,1.362353677788147
452,10,price_impact,9.152536404378935
453,10,price_impact,0.0
454,10,price_impact,0.4456402093006564
455,10,price_impact,2.4692682375577713
456,10,price_impact,2.949068251819047
457,10,price_impact,3.0610402152543505
458,10,price_impact,0.0
459,10,price_impact,4.102204109719543
460,10,price_impact,2.22340225529398
461,10,price_impact,0.0
462,10,price_impact,0.5130085390928801
463,10,price_impact,2.3798130467252476
464,10,price_impact,0.6714736188594869
465,10,price_impact,1.0298953273505616
466,10,price_impact,1.6486738804718795
467,10,price_impact,0.477836791690317
468,10,price_impact,0.0
469,10,price_impact,2.00409765073608
470,10,price_impact,-0.04505240150300721
471,10,price_impact,0.8212084983838572
472,10,price_impact,0.6379472276590732
473,10,price_impact,2.1911912429778
474,10,price_impact,0.0
475,10,price_impact,2.2659023219685737
476,10,price_impact,2.0420321458310675
477,10,price_impact,2.6507264143347333
478,10,price_impact,3.0233251585296883
479,10,price_impact,0.630981804406708
480,10,price_impact,1.3368806319784021
481,10,price_impact,2.3892774491678
482,10,price_impact,0.6296876127202046
483,10,price_impact,1.941582257021736
484,10,price_impact,1.3859200025526044
485,10,price_impact,0.0
486,10,price_impact,2.4636225051969625
487,10,price_impact,3.1046889259408625
488,10,price_impact,0.2669211422766707
489,10,price_impact,-0.2063798649207177
490,10,price_impact,2.9983725183461836
491,10,price_impact,2.4021533362543996
492,10,price_impact,0.0
493,10,price_impact,2.215560816065949
494,10,price_impact,1.0851941462341406
495,10,price_impact,0.7656188233221322
496,10,price_impact,2.9983289187738524
497,10,price_impact,2.6331428947268627
498,10,price_impact,3.9950522853448502
499,10,price_impact,3.2758078345775345
500,10,price_impact,1.8143202814273975
501,10,price_impact,0.41333194329325146
502,10,price_impact,1.251365558462954
503,10,price_impact,1.4832252928749903
504,10,price_impact,0.0
505,10,price_impact,0.06691590313240753
506,10,price_impact,5.979692538653275
507,10,price_impact,2.1147579481331125
508,10,price_impact,1.0305467383348224
509,10,price_impact,0.0
510,10,price_impact,0.44465761221172234
511,10,price_impact,1.1739401910958622
512,10,price_impact,0.0
513,10,price_impact,0.0006373921544026717
514,10,price_impact,0.7062504448489558
515,10,price_impact,2.3785200330094223
516,10,price_impact,1.5492033230543139
517,10,price_impact,0.7634455833661212
518,10,price_impact,0.0
519,10,price_impact,0.8132604086366821
520,10,price_impact,2.0378611984662993
521,10,price_impact,2.5472801583510454
522,10,price_impact,0.6687119004514783
523,10,price_impact,0.2828161915473586
524,10,price_impact,0.0
525,10,price_impact,4.211588500215386
526,10,price_impact,2.815630612690378
527,10,price_impact,2.2635543161468124
528,10,price_impact,2.985683582769123
529,10,price_impact,4.142887124055404
530,10,price_impact,2.0217530040603076
531,10,price_impact,2.5230587791722785
532,10,price_impact,2.853987623659356
533,10,price_impact,2.722632000540123
534,10,price_impact,3.774291390950415
535,10,price_impact,0.0
536,10,price_impact,0.0
537,10,price_impact,4.223773059513675
538,10,price_impact,0.0
539,10,price_impact,0.40461251548036997
540,10,price_impact,0.7828005038614279
541,10,price_impact,0.5192217800433543
542,10,price_impact,0.0
543,10,price_impact,1.6342569859136635
544,10,price_impact,1.6229411805303429
545,10,price_impact,1.172259588142863
546,10,price_impact,8.320566344804211
547,10,price_impact,1.8960440947181691
548,10,price_impact,1.2866355639524953
549,10,price_impact,2.7884142574764907
550,10,price_impact,2.8223815433481345
551,10,price_impact,0.0
552,10,price_impact,1.508341171100079
553,10,price_impact,1.1623499411344742
554,10,price_impact,0.6414641254745999
555,10,price_impact,6.435181004827485
556,10,price_impact,1.0636634642657223
557,10,price_impact,2.985758982804659
558,10,price_impact,2.157923966688561
559,10,price_impact,0.4121984956922634
560,10,price_impact,0.0
561,10,price_impact,0.0
562,10,price_impact,3.5853628843816345
563,10,price_impact,0.0
564,10,price_impact,0.8925848008342407
565,10,price_impact,6.828469629572452
566,10,price_impact,0.7351917621870916
567,10,price_impact,0.0
568,10,price_impact,0.45583914369144174
569,10,price_impact,0.0
570,10,price_impact,-0.28589963837797533
571,10,price_impact,4.3052316360014355
572,10,price_impact,0.0
573,10,price_impact,1.898276786801027
574,10,price_impact,0.0
575,10,price_impact,1.7799958602860546
576,10,price_impact,1.7508686421643382
577,10,price_impact,0.6701049119854869
578,10,price_impact,1.387730176212453
579,10,price_impact,0.655182796500049
580,10,price_impact,0.6296059857888829
581,10,price_impact,-0.12397854406822284
582,10,price_impact,1.100487630132899
583,10,price_impact,3.200630989177625
584,10,price_impact,0.0
585,10,price_impact,4.114132065794244
586,10,price_impact,0.7882890031113353
587,10,price_impact,0.7577860668768298
588,10,price_impact,1.8290082943588148
589,10,price_impact,0.3029238067325081
590,10,price_impact,1.435109969180103
591,10,price_impact,6.910382525190294
592,10,price_impact,1.542677788164074
593,10,price_impact,1.013328757099789
594,10,price_impact,1.1760739537387312
595,10,price_impact,0.7959238760503696
596,10,price_impact,5.50920969868086
597,10,price_impact,3.842436613529717
598,10,price_impact,1.1775401173763471
599,10,price_impact,0.0
0,10,profits,1.471251468014008
1,10,profits,-0.8766129522658705
2,10,profits,2.0629046932526185
3,10,profits,0.9309148212448016
4,10,profits,0.0
5,10,profits,1.6293220889522526
6,10,profits,-4.685122297454762
7,10,profits,-0.3975502903164826
8,10,profits,0.0
9,10,profits,-1.3402515236673365
10,10,profits,1.1762264502553834
11,10,profits,1.6328558343672808
12,10,profits,0.0
13,10,profits,0.0
14,10,profits,1.6427657523549148
15,10,profits,0.0
16,10,profits,-0.4904357024406291
17,10,profits,0.1835062036702585
18,10,profits,-0.7715826272710594
19,10,profits,5.465692327423701
20,10,profits,0.59489806265936
21,10,profits,1.343796499158712
22,10,profits,4.461157853491761
23,10,profits,3.088339577957966
24,10,profits,-1.050835657151137
25,10,profits,0.2018898707840819
26,10,profits,0.0
27,10,profits,0.0
28,10,profits,1.9511332509488526
29,10,profits,0.0
30,10,profits,-0.4310010837228942
31,10,profits,1.581178426677475
32,10,profits,3.966750761350431
33,10,profits,1.2876687543306125
34,10,profits,1.3022750146871027
35,10,profits,-1.3241660874926569
36,10,profits,0.0
37,10,profits,1.1843461008883243
38,10,profits,1.0129916940113868
39,10,profits,-2.251923152938368
40,10,profits,1.9928589115867412
41,10,profits,1.2507604016907123
42,10,profits,-2.025247573311918
43,10,profits,0.6074614939445848
44,10,profits,0.0
45,10,profits,2.9769379730367502
46,10,profits,1.8459075022498788
47,10,profits,-2.8516480401873996
48,10,profits,0.0
49,10,profits,-0.3995585172308613
50,10,profits,2.7364359644315677
51,10,profits,0.11749214630654034
52,10,profits,0.0
53,10,profits,0.0
54,10,profits,0.0
55,10,profits,2.4684322625748356
56,10,profits,2.295718293525672
57,10,profits,1.7307305170488698
58,10,profits,0.3803421664891826
59,10,profits,2.30367289596794
60,10,profits,2.1106528928102226
61,10,profits,1.9033876646366532
62,10,profits,0.6494442464824239
63,10,profits,2.0358755926674723
64,10,profits,0.9884322036828973
65,10,profits,0.0
66,10,profits,0.0
67,10,profits,3.360450156050755
68,10,profits,-3.3774821402263013
69,10,profits,0.28664649906408596
70,10,profits,2.1543665455002796
71,10,profits,-1.0919587865091325
72,10,profits,0.0
73,10,profits,-0.4999292625486248
74,10,profits,3.1133912850556875
75,10,profits,1.3863336517447225
76,10,profits,0.04069491587239926
77,10,profits,1.2464760574902596
78,10,profits,0.0
79,10,profits,-1.349245216637784
80,10,profits,0.0
81,10,profits,1.0913818451924668
82,10,profits,-0.6850295311221659
83,10,profits,0.24436687211162117
84,10,profits,0.0
85,10,profits,0.8825771622407382
86,10,profits,0.0
87,10,profits,0.0
88,10,profits,1.315764341520968
89,10,profits,0.0
90,10,profits,-0.5346846139050465
91,10,profits,-3.118224804332745
92,10,profits,2.0986105875427037
93,10,profits,-1.7659530678754969
94,10,profits,-1.096899439978279
95,10,profits,0.0
96,10,profits,2.642166327739136
97,10,profits,-6.225485393032313
98,10,profits,-4.6301761442854525
99,10,profits,-1.8192727397238635
100,10,profits,0.0
101,10,profits,-0.2579549875714526
102,10,profits,0.3141657189478272
103,10,profits,3.330739577943402
104,10,profits,0.0
105,10,profits,0.08766230482250786
106,10,profits,1.0377477286746049
107,10,profits,0.0
108,10,profits,-2.341746050329018
109,10,profits,-1.0807991725389017
110,10,profits,4.524591323970398
111,10,profits,2.0907197332164196
112,10,profits,1.2740176773194054
113,10,profits,0.12948461041746612
114,10,profits,0.0
115,10,profits,2.466925448864551
116,10,profits,0.0
117,10,profits,0.8679803098184703
118,10,profits,-1.4159584378568566
119,10,profits,-5.803374106637327
120,10,profits,-0.6593155936191599
121,10,profits,1.4442287872318906
122,10,profits,0.0
123,10,profits,-5.797117463574751
124,10,profits,1.2023555028185786
125,10,profits,-12.019592966990954
126,10,profits,0.0
127,10,profits,2.7739698464517373
128,10,profits,-2.9236660666311973
129,10,profits,-1.1083267846013831
130,10,profits,-0.23595546999440545
131,10,profits,0.0
132,10,profits,-1.555482988393605
133,10,profits,0.8792433570429229
134,10,profits,0.0
135,10,profits,2.7454304595011405
136,10,profits,-0.354346907207268
137,10,profits,0.011335134962922377
138,10,profits,-10.728737961839093
139,10,profits,1.161004229237649
140,10,profits,0.0
141,10,profits,-0.08828078860847743
142,10,profits,2.2964683942618875
143,10,profits,0.7149378005226219
144,10,profits,-0.5332158030295278
145,10,profits,2.5257566643568774
146,10,profits,-1.6332733249361775
147,10,profits,0.2488594426193284
148,10,profits,0.0
149,10,profits,1.8619878147721098
150,10,profits,3.072822761044012
151,10,profits,-1.3026377781417797
152,10,profits,2.7801910540148698
153,10,profits,0.2309752187568247
154,10,profits,0.0
155,10,profits,0.551871307622892
156,10,profits,2.284355589948679
157,10,profits,0.0
158,10,profits,2.6776186926497383
159,10,profits,1.5296861455759325
160,10,profits,1.4656196128803718
161,10,profits,-1.8574418807392965
162,10,profits,0.9567893823635013
163,10,profits,0.8157853652523708
164,10,profits,0.735974026422497
165,10,profits,-2.7369869590380307
166,10,profits,3.136973849037292
167,10,profits,1.00552953873768
168,10,profits,-3.919826064491932
169,10,profits,1.9285529773830379
170,10,profits,1.866072951254545
171,10,profits,1.5961950410799641
172,10,profits,-1.7340900359067437
173,10,profits,0.0
174,10,profits,0.0
175,10,profits,1.715474669706881
176,10,profits,1.1366799278261461
177,10,profits,0.36906230381199245
178,10,profits,1.904598676739207
179,10,profits,0.0
180,10,profits,0.9155553721864542
181,10,profits,0.0
182,10,profits,2.2519261871012124
183,10,profits,-1.453651298163002
184,10,profits,-0.44141561165315796
185,10,profits,-0.5091503638312628
186,10,profits,1.4335588465936047
187,10,profits,-1.9308271304670492
188,10,profits,-3.067301378759289
189,10,profits,1.2139879802634328
190,10,profits,2.8898646368371557
191,10,profits,-1.1092153276716912
192,10,profits,0.0
193,10,profits,0.0
194,10,profits,0.17047158594402823
195,10,profits,0.0
196,10,profits,1.0610278954828114
197,10,profits,-3.5560017919741798
198,10,profits,-2.0758932523088203
199,10,profits,-0.5808687461448223
200,10,profits,0.8771941764942028
201,10,profits,1.2544698172635786
202,10,profits,-2.713099769763077
203,10,profits,2.697490026589263
204,10,profits,2.1644724610322217
205,10,profits,-6.035722458969197
206,10,profits,0.0
207,10,profits,0.0
208,10,profits,0.0
209,10,profits,-1.137662746157027
210,10,profits,0.2272869298700018
211,10,profits,3.2077287329802515
212,10,profits,4.222511244124707
213,10,profits,3.666522358957366
214,10,profits,0.0
215,10,profits,2.1618574959512142
216,10,profits,1.089805242558147
217,10,profits,0.0
218,10,profits,0.0
219,10,profits,2.1163116301089744
220,10,profits,0.0
221,10,profits,0.0
222,10,profits,3.7152325046197556
223,10,profits,5.222874474616168
224,10,profits,0.8969281885989574
225,10,profits,3.8574985952613243
226,10,profits,3.9083787484106254
227,10,profits,-2.193022884472942
228,10,profits,4.434496021644902
229,10,profits,-0.878086268757148
230,10,profits,-1.3508042442052524
231,10,profits,4.296124927057645
232,10,profits,0.7903677481237438
233,10,profits,4.010578981930682
234,10,profits,-2.0947344320053265
235,10,profits,2.059376756520389
236,10,profits,1.8514453525194758
237,10,profits,-3.568081863774658
238,10,profits,-1.9435830242397816
239,10,profits,0.0
240,10,profits,-0.704167855608306
241,10,profits,1.1076877540759003
242,10,profits,-1.5947471923701415
243,10,profits,0.0
244,10,profits,-1.6052571406826643
245,10,profits,0.2279683321505625
246,10,profits,-0.8735120486060896
247,10,profits,1.1833392808130718
248,10,profits,0.0
249,10,profits,4.700408431291535
250,10,profits,1.3449178473720464
251,10,profits,-4.137249201733619
252,10,profits,-0.6658745097702542
253,10,profits,0.3472747781687111
254,10,profits,-3.8308384005712854
255,10,profits,0.7433529986453934
256,10,profits,2.2602364975982474
257,10,profits,-1.2264031119578858
258,10,profits,0.0
259,10,profits,0.2472502956272819
260,10,profits,6.963086003966583
261,10,profits,-2.9712448571420937
262,10,profits,4.00089962610031
263,10,profits,1.3341458363833276
264,10,profits,0.8835111476729762
265,10,profits,-2.451116982940845
266,10,profits,0.0
267,10,profits,0.2860206250277794
268,10,profits,0.0
269,10,profits,0.0
270,10,profits,0.26744354757145133
271,10,profits,-3.4398900146957727
272,10,profits,-4.615779240769268
273,10,profits,1.258158976205486
274,10,profits,0.0
275,10,profits,-0.6877773240507261
276,10,profits,0.32581139072265164
277,10,profits,-1.708072507492587
278,10,profits,-2.742856221557846
279,10,profits,0.6693467361227785
280,10,profits,-1.0797393410837424
281,10,profits,0.0
282,10,profits,-2.057526030532914
283,10,profits,0.8831536835753798
284,10,profits,-6.958486376305906
285,10,profits,1.6395289613512558
286,10,profits,0.0
287,10,profits,0.7480985739123195
288,10,profits,3.6973586725129364
289,10,profits,-2.9076995357757496
290,10,profits,3.6615968838634125
291,10,profits,-2.8247548172178094
292,10,profits,0.42974272040623823
293,10,profits,2.965186484227202
294,10,profits,-0.6668938740463777
295,10,profits,-1.1718600718209333
296,10,profits,0.5084810108799482
297,10,profits,2.5137564467073474
298,10,profits,0.0
299,10,profits,2.0851136327922557
300,10,profits,0.01383032483629082
301,10,profits,-0.45926691451587465
302,10,profits,-0.17777892596237926
303,10,profits,-3.856019348535986
304,10,profits,0.42838068874754787
305,10,profits,-1.4579906295212341
306,10,profits,0.0
307,10,profits,-0.14391794095602445
308,10,profits,-0.8437242821999719
309,10,profits,0.0
310,10,profits,1.0114146829515476
311,10,profits,0.0
312,10,profits,-4.462393127148511
313,10,profits,3.4947670840465834
314,10,profits,2.348019577349275
315,10,profits,-1.6336896953934033
316,10,profits,2.61583076240278
317,10,profits,0.0
318,10,profits,-3.58299509039178
319,10,profits,2.164200785977662
320,10,profits,2.8763042667633067
321,10,profits,1.5044385117444694
322,10,profits,-1.7732083291357181
323,10,profits,2.692232576576662
324,10,profits,-0.46851641934033783
325,10,profits,-1.605627970895609
326,10,profits,1.3224658643383216
327,10,profits,1.3120834080485908
328,10,profits,0.46440248121771266
329,10,profits,-1.391165691016258
330,10,profits,1.553692615482206
331,10,profits,0.0
332,10,profits,0.06315596887160868
333,10,profits,2.1842606890865617
334,10,profits,-0.5244859800388539
335,10,profits,1.3479483802437824
336,10,profits,-4.292241132538975
337,10,profits,8.746225279188613
338,10,profits,3.021151865736444
339,10,profits,1.7207789018748152
340,10,profits,5.047084375884259
341,10,profits,0.7155389286765371
342,10,profits,2.943609771971287
343,10,profits,2.4185921336771203
344,10,profits,1.6931017034014055
345,10,profits,1.7806668918171786
346,10,profits,-1.2301742928367645
347,10,profits,1.5858406554343631
348,10,profits,0.6455891351818213
349,10,profits,0.0
350,10,profits,-0.5306579543874437
351,10,profits,1.47026664264743
352,10,profits,-2.3713951236958764
353,10,profits,-0.21146726002915295
354,10,profits,0.0
355,10,profits,0.0
356,10,profits,-3.107164474134633
357,10,profits,-0.30266173413505904
358,10,profits,0.6343928778589505
359,10,profits,0.0
360,10,profits,0.0
361,10,profits,0.0
362,10,profits,-3.0688840756631515
363,10,profits,-1.4909071936849525
364,10,profits,-1.3033068723422983
365,10,profits,0.3950183688724783
366,10,profits,0.11256813942505745
367,10,profits,2.2048998423394033
368,10,profits,1.336336424779909
369,10,profits,-2.1548943481610197
370,10,profits,1.0187613259269814
371,10,profits,-2.7027372015367765
372,10,profits,1.5790207850726785
373,10,profits,1.1087255081378202
374,10,profits,-0.5484304299656394
375,10,profits,0.0
376,10,profits,1.7081024455034304
377,10,profits,-2.370714557477567
378,10,profits,0.0
379,10,profits,2.0433403861126886
380,10,profits,-2.8226476356697328
381,10,profits,1.5274908915676089
382,10,profits,-1.4675174666836082
383,10,profits,6.220116856258271
384,10,profits,1.6138134498260714
385,10,profits,0.8471533460195648
386,10,profits,1.42773852709373
387,10,profits,-0.44331551006648223
388,10,profits,-0.5110197279383799
389,10,profits,-1.2642211004257613
390,10,profits,1.3898179852442487
391,10,profits,-0.40887586347368815
392,10,profits,0.4052536764742107
393,10,profits,-3.391017190513172
394,10,profits,0.0
395,10,profits,-2.6323305414444285
396,10,profits,3.0873157745067554
397,10,profits,0.0
398,10,profits,-0.38450778505034483
399,10,profits,3.527912611278423
400,10,profits,2.8383724174139964
401,10,profits,0.0
402,10,profits,0.0
403,10,profits,0.0
404,10,profits,7.980454976264658
405,10,profits,-1.2573552603841212
406,10,profits,-2.578002518500263
407,10,profits,0.0
408,10,profits,0.0
409,10,profits,1.6072720990227711
410,10,profits,0.6574394133379269
411,10,profits,-0.24244148184571995
412,10,profits,0.5724646957759023
413,10,profits,0.676935768880381
414,10,profits,0.6516061519874445
415,10,profits,-1.165884839184415
416,10,profits,1.7219433220660116
417,10,profits,2.617315426763989
418,10,profits,2.5476931995555443
419,10,profits,0.9930667830865936
420,10,profits,1.9648112401628002
421,10,profits,0.9736209449606383
422,10,profits,2.10785814035538
423,10,profits,1.6660942535686507
424,10,profits,-1.1933667576570235
425,10,profits,1.299601002288078
426,10,profits,0.0
427,10,profits,-0.7636582243724015
428,10,profits,-1.2906368990953254
429,10,profits,1.8422416292504982
430,10,profits,-0.22799406215636425
431,10,profits,0.0
432,10,profits,0.0
433,10,profits,-1.4625637157891622
434,10,profits,-0.14094234953171023
435,10,profits,2.4815072496463833
436,10,profits,-1.6793508465112996
437,10,profits,-5.761085204724374
438,10,profits,2.854977143320042
439,10,profits,0.0
440,10,profits,2.062192907957991
441,10,profits,-0.5835211626090014
442,10,profits,-3.601958271592305
443,10,profits,-0.7252120790226689
444,10,profits,0.0
445,10,profits,-4.834841325438416
446,10,profits,-1.2585028738096544
447,10,profits,1.0587050201429542
448,10,profits,1.4896716344233594
449,10,profits,1.9229603323693136
450,10,profits,0.6963252382739764
451,10,profits,5.311725586690419
452,10,profits,0.0
453,10,profits,0.26823144468748644
454,10,profits,-2.1516172818819856
455,10,profits,1.6296925243696458
456,10,profits,3.8297319160119385
457,10,profits,0.6711349859727384
458,10,profits,-2.9106960517307074
459,10,profits,1.5863361584164988
460,10,profits,2.2798406422568047
461,10,profits,-0.22241074053321647
462,10,profits,0.7557585426576343
463,10,profits,4.218335638813256
464,10,profits,0.4724010238289823
465,10,profits,-4.273402256895693
466,10,profits,0.0
467,10,profits,3.0761576327931675
468,10,profits,0.0
469,10,profits,-0.8999765840676327
470,10,profits,0.0
471,10,profits,2.9397659806588017
472,10,profits,0.785777001591726
473,10,profits,3.680403989806626
474,10,profits,0.0
475,10,profits,-5.243976629080783
476,10,profits,-2.2033906448648275
477,10,profits,0.9654207424119345
478,10,profits,0.0
479,10,profits,-0.3926610536926526
480,10,profits,0.5415798619061625
481,10,profits,0.69804195727782
482,10,profits,0.0
483,10,profits,-0.9955920624347012
484,10,profits,0.7675206030168016
485,10,profits,-0.6685584594595727
486,10,profits,-2.6077127666656805
487,10,profits,-1.4344739412952143
488,10,profits,0.0
489,10,profits,-0.39004613644954395
490,10,profits,-5.927255727323591
491,10,profits,-3.8986661600328283
492,10,profits,3.4377301719082918
493,10,profits,0.060344815644439054
494,10,profits,3.615867780937444
495,10,profits,-0.9954813370305957
496,10,profits,-1.5271684533772598
497,10,profits,1.215084931572611
498,10,profits,0.0
499,10,profits,0.0
500,10,profits,0.26646510737540796
501,10,profits,1.1674330525146366
502,10,profits,4.297048339769577
503,10,profits,-3.6636581074081267
504,10,profits,0.5786604519126091
505,10,profits,3.046206870099282
506,10,profits,-2.140353922511567
507,10,profits,-1.646123223444106
508,10,profits,0.8901314715389759
509,10,profits,-1.7671128761293422
510,10,profits,0.9392754828493357
511,10,profits,2.672550255001933
512,10,profits,-3.3980030760611535
513,10,profits,2.141036116420179
514,10,profits,2.0513141589357087
515,10,profits,0.6544916097697692
516,10,profits,-3.0451841856213235
517,10,profits,0.0
518,10,profits,2.3631875470444186
519,10,profits,-0.6272541598861741
520,10,profits,0.0
521,10,profits,2.210036218583862
522,10,profits,-2.707306385452445
523,10,profits,-0.5523613883889217
524,10,profits,-1.0256897203146047
525,10,profits,0.0
526,10,profits,0.7611855591685679
527,10,profits,-5.794426658947286
528,10,profits,-3.119865945093757
529,10,profits,2.0567934557391516
530,10,profits,-1.6464194716657523
531,10,profits,1.9705466982073834
532,10,profits,5.74530577548269
533,10,profits,0.0
534,10,profits,7.20760372845556
535,10,profits,5.106090327921439
536,10,profits,0.0
537,10,profits,-2.565595117290526
538,10,profits,0.9721449398922133
539,10,profits,1.0743031677005843
540,10,profits,0.0
541,10,profits,0.20042246135918895
542,10,profits,0.0
543,10,profits,2.2214650245810494
544,10,profits,0.0
545,10,profits,0.0
546,10,profits,0.0
547,10,profits,2.4234547346494417
548,10,profits,-1.1558498568315718
549,10,profits,0.9122664049687558
550,10,profits,1.8660098268640535
551,10,profits,0.3189593617648859
552,10,profits,0.27288523750780064
553,10,profits,-0.6436019488798453
554,10,profits,0.6436967658390712
555,10,profits,1.0304573816167757
556,10,profits,-2.663523474097874
557,10,profits,-2.174679743248456
558,10,profits,0.19484067223474982
559,10,profits,0.0
560,10,profits,3.172994105012603
561,10,profits,6.341265567516191
562,10,profits,-5.568527673750072
563,10,profits,-2.1729046965635668
564,10,profits,0.0
565,10,profits,1.4182640481766833
566,10,profits,0.011949723849878663
567,10,profits,-2.7653699005431753
568,10,profits,0.0
569,10,profits,0.8690296716205489
570,10,profits,0.0
571,10,profits,1.4332438997769406
572,10,profits,1.3573711889002011
573,10,profits,1.1677349302869517
574,10,profits,0.3867949763288767
575,10,profits,2.978330642990739
576,10,profits,-1.6162251423476535
577,10,profits,-1.038686904957773
578,10,profits,1.7897637457213524
579,10,profits,1.036141535648306
580,10,profits,1.9514116918495843
581,10,profits,-0.7907091894665621
582,10,profits,3.5669626502586516
583,10,profits,0.0
584,10,profits,1.504995512772356
585,10,profits,-2.1340625602439918
586,10,profits,1.7322211814171484
587,10,profits,1.3661494112809156
588,10,profits,0.0
589,10,profits,0.0
590,10,profits,0.12773202329742128
591,10,profits,0.0
592,10,profits,0.0
593,10,profits,0.0
594,10,profits,0.9745901498454506
595,10,profits,-2.4967600809600863
596,10,profits,2.097031874602333
597,10,profits,3.4827086755099206
598,10,profits,2.2021996314332526
599,10,profits,0.0
0,100,price_impact,1.9254308153528332
1,100,price_impact,0.0
2,100,price_impact,0.0
3,100,price_impact,-0.3681484052288847
4,100,price_impact,3.3288044816496307
5,100,price_impact,6.058393283529655
6,100,price_impact,1.1443870159665117
7,100,price_impact,0.8639734884392986
8,100,price_impact,1.9876426584076947
9,100,price_impact,0.03877711894169228
10,100,price_impact,1.355474944266714
11,100,price_impact,0.9369333812215783
12,100,price_impact,1.8359025096069566
13,100,price_impact,0.0
14,100,price_impact,0.0
15,100,price_impact,1.0829241246464396
16,100,price_impact,3.090784816778809
17,100,price_impact,0.29174928354870355
18,100,price_impact,0.4435460280730412
19,100,price_impact,1.0011353241546386
20,100,price_impact,0.0
21,100,price_impact,3.338941046171408
22,100,price_impact,0.7086664866167484
23,100,price_impact,1.1137316229365872
24,100,price_impact,0.0
25,100,price_impact,2.782447168027538
26,100,price_impact,0.6732839032252881
27,100,price_impact,4.854165075008451
28,100,price_impact,3.905544463905528
29,100,price_impact,0.0
30,100,price_impact,0.0
31,100,price_impact,1.3755163532826276
32,100,price_impact,3.260905753945224
33,100,price_impact,1.3067507261600055
34,100,price_impact,0.8355114025190391
35,100,price_impact,2.225105211699907
36,100,price_impact,2.615474411569192
37,100,price_impact,3.005248702803837
38,100,price_impact,0.3787991508444904
39,100,price_impact,1.082741626451449
40,100,price_impact,0.0
41,100,price_impact,0.0
42,100,price_impact,1.038523574447264
43,100,price_impact,0.5494915948624716
44,100,price_impact,1.1287583217590567
45,100,price_impact,0.0
46,100,price_impact,0.0
47,100,price_impact,0.33044573509520014
48,100,price_impact,3.878852773250601
49,100,price_impact,6.709648685342438
50,100,price_impact,0.8740431863517896
51,100,price_impact,1.868045225404631
52,100,price_impact,1.4719772730764382
53,100,price_impact,5.114898974283065
54,100,price_impact,3.7462385526372723
55,100,price_impact,0.9676696627752445
56,100,price_impact,1.3177633506940727
57,100,price_impact,3.393533900003632
58,100,price_impact,5.173559206975071
59,100,price_impact,1.4612492185684554
60,100,price_impact,0.49634123160020965
61,100,price_impact,0.0
62,100,price_impact,1.8568505291346158
63,100,price_impact,1.0143460516472216
64,100,price_impact,3.8723463577158452
65,100,price_impact,1.7085364184546865
66,100,price_impact,1.5725698921280584
67,100,price_impact,1.045082564919379
68,100,price_impact,0.0
69,100,price_impact,0.44457254609742247
70,100,price_impact,1.551713989059672
71,100,price_impact,1.962375454655379
72,100,price_impact,0.5660127152507688
73,100,price_impact,6.630926611562669
74,100,price_impact,3.730702827170961
75,100,price_impact,-0.16205131708395704
76,100,price_impact,-0.18668080493974695
77,100,price_impact,2.2753727855277806
78,100,price_impact,1.7259175502759234
79,100,price_impact,1.1053115942453813
80,100,price_impact,0.8099120141782672
81,100,price_impact,0.0
82,100,price_impact,0.0
83,100,price_impact,3.8778430891222935
84,100,price_impact,5.362784789301305
85,100,price_impact,3.2871067120402606
86,100,price_impact,1.6247043103806424
87,100,price_impact,0.32561787548962184
88,100,price_impact,0.23721849418352253
89,100,price_impact,5.005056610574409
90,100,price_impact,2.627064977029923
91,100,price_impact,1.0378836402634954
92,100,price_impact,0.0
93,100,price_impact,-0.17544206805403434
94,100,price_impact,5.623338385952168
95,100,price_impact,0.22319558903584086
96,100,price_impact,0.7448239780672403
97,100,price_impact,1.506969464182625
98,100,price_impact,1.5199668366079173
99,100,price_impact,3.8776253643498046
100,100,price_impact,0.0
101,100,price_impact,0.0
102,100,price_impact,3.9201736375948477
103,100,price_impact,2.560112386889303
104,100,price_impact,3.6433044774999255
105,100,price_impact,0.8539006939105059
106,100,price_impact,1.567372473709905
107,100,price_impact,0.34304735164024025
108,100,price_impact,3.223968695833649
109,100,price_impact,0.9937685380416769
110,100,price_impact,2.7424434888876372
111,100,price_impact,0.7582861699542559
112,100,price_impact,3.7579222180017813
113,100,price_impact,0.677423703800289
114,100,price_impact,1.2358013427429568
115,100,price_impact,0.0
116,100,price_impact,0.6474452125350827
117,100,price_impact,0.31025981275720615
118,100,price_impact,0.36471946186157234
119,100,price_impact,0.6174105852897911
120,100,price_impact,9.679653668905887
121,100,price_impact,0.0
122,100,price_impact,4.577159163173763
123,100,price_impact,1.5718401925350856
124,100,price_impact,3.7745647904575144
125,100,price_impact,0.0
126,100,price_impact,0.0
127,100,price_impact,1.8653736255800548
128,100,price_impact,1.3577733353595363
129,100,price_impact,7.600790037053831
130,100,price_impact,1.9449241717908665
131,100,price_impact,0.0
132,100,price_impact,2.5921817201995765
133,100,price_impact,1.1923873861729912
134,100,price_impact,3.020582750780877
135,100,price_impact,1.6828485740867245
136,100,price_impact,2.1424701608764534
137,100,price_impact,2.811519122468364
138,100,price_impact,3.254174298745443
139,100,price_impact,1.7916465987400454
140,100,price_impact,4.260808402610725
141,100,price_impact,8.688856989936056
142,100,price_impact,0.0
143,100,price_impact,2.058957166594481
144,100,price_impact,2.497590031454056
145,100,price_impact,3.7360378131674876
146,100,price_impact,0.2089177348932585
147,100,price_impact,2.3441709963673207
148,100,price_impact,0.0
149,100,price_impact,0.0
150,100,price_impact,1.3501301521968117
151,100,price_impact,0.0
152,100,price_impact,1.0795408884748237
153,100,price_impact,2.975862698234724
154,100,price_impact,0.0
155,100,price_impact,6.908235028283275
156,100,price_impact,0.0
157,100,price_impact,3.4172708759823553
158,100,price_impact,0.23033026526607303
159,100,price_impact,8.55970268646309
160,100,price_impact,2.58776045808352
161,100,price_impact,0.0
162,100,price_impact,0.0
163,100,price_impact,1.8582139103461424
164,100,price_impact,0.6131397913916157
165,100,price_impact,0.15894070579913822
166,100,price_impact,0.0
167,100,price_impact,0.3966660400870138
168,100,price_impact,1.0642716984458451
169,100,price_impact,4.248714344044137
170,100,price_impact,0.0
171,100,price_impact,0.0
172,100,price_impact,1.6906471897042148
173,100,price_impact,0.6804616770450473
174,100,price_impact,1.8109762916075218
175,100,price_impact,0.0
176,100,price_impact,0.5580915196971986
177,100,price_impact,0.0
178,100,price_impact,-0.15313154018983444
179,100,price_impact,0.0
180,100,price_impact,1.9699423105799325
181,100,price_impact,5.399860445785248
182,100,price_impact,1.2923673373574993
183,100,price_impact,2.610627301795846
184,100,price_impact,1.9111787748063715
185,100,price_impact,2.0903652988016734
186,100,price_impact,3.111903108642154
187,100,price_impact,2.510490138967745
188,100,price_impact,2.4184584234249886
189,100,price_impact,0.9638399258872606
190,100,price_impact,0.0
191,100,price_impact,0.2519734920964909
192,100,price_impact,0.3175478949366515
193,100,price_impact,1.2619974150736368
194,100,price_impact,1.8189677761993777
195,100,price_impact,0.0
196,100,price_impact,1.0295983557946382
197,100,price_impact,1.931171025221105
198,100,price_impact,1.5797964156789521
199,100,price_impact,4.48393430865637
200,100,price_impact,0.0
201,100,price_impact,0.4775603348528151
202,100,price_impact,7.117481748350749
203,100,price_impact,6.1711037625455685
204,100,price_impact,2.0959261322636773
205,100,price_impact,4.525698329591422
206,100,price_impact,4.166245632937045
207,100,price_impact,5.207790674859931
208,100,price_impact,0.0
209,100,price_impact,0.0
210,100,price_impact,0.27707880632040277
211,100,price_impact,2.041508070993352
212,100,price_impact,1.963831921582548
213,100,price_impact,1.4590094769832846
214,100,price_impact,0.7764590960263853
215,100,price_impact,0.0
216,100,price_impact,1.8776808464823325
217,100,price_impact,3.8363657736619703
218,100,price_impact,1.6480513561785124
219,100,price_impact,2.3799254722728143
220,100,price_impact,0.0
221,100,price_impact,3.266336534027528
222,100,price_impact,0.0
223,100,price_impact,4.047596610020473
224,100,price_impact,3.4778404885678325
225,100,price_impact,1.5127195092362253
226,100,price_impact,1.2393488170149163
227,100,price_impact,1.4470386215322097
228,100,price_impact,0.9038860630166277
229,100,price_impact,1.1324429341966131
230,100,price_impact,2.149598808146633
231,100,price_impact,0.9061998412434848
232,100,price_impact,7.327993349600147
233,100,price_impact,0.7168490922873222
234,100,price_impact,6.848175055847774
235,100,price_impact,3.5909701360477113
236,100,price_impact,0.7311528917840948
237,100,price_impact,1.8515684731337765
238,100,price_impact,1.6816292481903143
239,100,price_impact,0.0
240,100,price_impact,4.474178390737698
241,100,price_impact,0.0
242,100,price_impact,4.031539271485575
243,100,price_impact,-0.236065036199946
244,100,price_impact,2.5524046247875694
245,100,price_impact,4.4928544213336465
246,100,price_impact,3.2924517430269367
247,100,price_impact,2.0751443954088566
248,100,price_impact,2.1700413120974757
249,100,price_impact,0.0
250,100,price_impact,2.849262462149684
251,100,price_impact,-0.2780444351995852
252,100,price_impact,1.7590162700663845
253,100,price_impact,3.566373002122947
254,100,price_impact,3.026294479593054
255,100,price_impact,0.9745934384054276
256,100,price_impact,0.0
257,100,price_impact,0.9546101808808731
258,100,price_impact,4.331487464680617
259,100,price_impact,1.353622631067085
260,100,price_impact,6.955144786642031
261,100,price_impact,2.4999886845517274
262,100,price_impact,0.0
263,100,price_impact,2.126362061461228
264,100,price_impact,4.60199808121598
265,100,price_impact,1.7733016826472505
266,100,price_impact,0.21959502901952999
267,100,price_impact,1.9793235407260332
268,100,price_impact,2.688867968202212
269,100,price_impact,1.12382587943499
270,100,price_impact,0.0
271,100,price_impact,3.5165409642138994
272,100,price_impact,0.9627967729385426
273,100,price_impact,0.382816683281496
274,100,price_impact,2.3682871970779766
275,100,price_impact,0.9873961963675733
276,100,price_impact,0.0
277,100,price_impact,0.0
278,100,price_impact,0.0
279,100,price_impact,2.813267032285688
280,100,price_impact,0.0
281,100,price_impact,0.0
282,100,price_impact,7.0969543230828895
283,100,price_impact,3.0413405210122453
284,100,price_impact,0.4295792587032411
285,100,price_impact,0.0
286,100,price_impact,3.6253569937689867
287,100,price_impact,2.1468486062701038
288,100,price_impact,1.863722416478398
289,100,price_impact,0.44891230748389027
290,100,price_impact,1.3022834045587877
291,100,price_impact,0.8856613051599779
292,100,price_impact,1.0579625337195098
293,100,price_impact,0.28846412492013684
294,100,price_impact,1.0992625858421694
295,100,price_impact,4.2120059436548045
296,100,price_impact,3.0529910793838564
297,100,price_impact,0.0
298,100,price_impact,1.6894526519376145
299,100,price_impact,2.598533886633473
300,100,price_impact,0.0
301,100,price_impact,5.22703218911706
302,100,price_impact,0.0
303,100,price_impact,0.0
304,100,price_impact,3.076030627584874
305,100,price_impact,4.371333327235805
306,100,price_impact,0.48926219167380575
307,100,price_impact,3.1251795202067525
308,100,price_impact,1.985110630950026
309,100,price_impact,1.1998460674246085
310,100,price_impact,1.1614489497284393
311,100,price_impact,0.8498356952507208
312,100,price_impact,0.9232434190806089
313,100,price_impact,0.46194143882096395
314,100,price_impact,1.116360501282179
315,100,price_impact,3.67811112282473
316,100,price_impact,0.0
317,100,price_impact,2.1093924959717363
318,100,price_impact,-0.3302206034383232
319,100,price_impact,0.0
320,100,price_impact,-0.4328801141481048
321,100,price_impact,2.330301457433132
322,100,price_impact,3.085928132352475
323,100,price_impact,5.268340264247425
324,100,price_impact,1.934303987484947
325,100,price_impact,1.1985059952999868
326,100,price_impact,4.2107750076925266
327,100,price_impact,2.9468394545534498
328,100,price_impact,3.6501711491706295
329,100,price_impact,0.6422903674052862
330,100,price_impact,0.7080724115125979
331,100,price_impact,0.816028437831733
332,100,price_impact,3.4899610653545743
333,100,price_impact,1.9308963529250203
334,100,price_impact,2.0570612732363753
335,100,price_impact,1.1104461636196312
336,100,price_impact,1.9071539476390984
337,100,price_impact,2.1990871689887865
338,100,price_impact,1.8201935693233664
339,100,price_impact,0.0
340,100,price_impact,0.0
341,100,price_impact,2.682141947116396
342,100,price_impact,0.8435800950218052
343,100,price_impact,1.5564636216791228
344,100,price_impact,0.8719942248976558
345,100,price_impact,4.101038632341457
346,100,price_impact,0.8985911774396069
347,100,price_impact,1.865134945674505
348,100,price_impact,-0.3764372070406992
349,100,price_impact,0.0
350,100,price_impact,3.5088521956679406
351,100,price_impact,1.805048738064873
352,100,price_impact,0.901872057088427
353,100,price_impact,1.2648285402619228
354,100,price_impact,1.9544103856680501
355,100,price_impact,1.1322719154270766
356,100,price_impact,1.6800074561201481
357,100,price_impact,2.5237233322453614
358,100,price_impact,1.4749128035874586
359,100,price_impact,2.114648221623264
360,100,price_impact,0.0
361,100,price_impact,1.0073492545470821
362,100,price_impact,1.4376619542312161
363,100,price_impact,6.74606973249303
364,100,price_impact,0.0
365,100,price_impact,3.9790235185238947
366,100,price_impact,1.4277265803900299
367,100,price_impact,0.7994121701216835
368,100,price_impact,2.9065927895186707
369,100,price_impact,1.86787636346927
370,100,price_impact,0.0
371,100,price_impact,1.227304790136754
372,100,price_impact,2.35182206403144
373,100,price_impact,1.8551278508947955
374,100,price_impact,3.5309393014988295
375,100,price_impact,1.5350565980362259
376,100,price_impact,0.0
377,100,price_impact,2.10362558261019
378,100,price_impact,1.0047750061206866
379,100,price_impact,1.6764829775750028
380,100,price_impact,3.2069849172170573
381,100,price_impact,1.1672682509268906
382,100,price_impact,2.7971165172845054
383,100,price_impact,5.731582796828955
384,100,price_impact,0.0
385,100,price_impact,1.1685483752983612
386,100,price_impact,0.614311647471826
387,100,price_impact,0.14544810421465432
388,100,price_impact,0.7084986319245461
389,100,price_impact,2.262259112491518
390,100,price_impact,1.6946657699317527
391,100,price_impact,1.1919848347547137
392,100,price_impact,5.474991915612027
393,100,price_impact,7.2738467367070125
394,100,price_impact,1.9144692851567537
395,100,price_impact,1.32928815781439
396,100,price_impact,7.685961880344177
397,100,price_impact,1.492905099762438
398,100,price_impact,1.9626139641707885
399,100,price_impact,2.540408804323757
400,100,price_impact,0.0
401,100,price_impact,3.1721124854913127
402,100,price_impact,0.37015836100920285
403,100,price_impact,1.0868793906357372
404,100,price_impact,0.0
405,100,price_impact,1.3920938886937493
406,100,price_impact,0.0
407,100,price_impact,2.2611825089232416
408,100,price_impact,0.0
409,100,price_impact,2.714728122585625
410,100,price_impact,3.648829753356832
411,100,price_impact,1.0260472341872686
412,100,price_impact,0.0
413,100,price_impact,4.3686356383864355
414,100,price_impact,0.7402886587735586
415,100,price_impact,0.6525253498319574
416,100,price_impact,0.0
417,100,price_impact,0.0
418,100,price_impact,2.487697471191229
419,100,price_impact,2.291274333468953
420,100,price_impact,4.9603814407657305
421,100,price_impact,0.558710298303043
422,100,price_impact,0.6323253203626702
423,100,price_impact,0.0
424,100,price_impact,2.9713922248931373
425,100,price_impact,1.7531188013802763
426,100,price_impact,0.764079337753597
427,100,price_impact,0.9184075139235184
428,100,price_impact,0.7456707977859139
429,100,price_impact,0.0
430,100,price_impact,0.9817132756951901
431,100,price_impact,4.991318483135179
432,100,price_impact,1.9739011525137524
433,100,price_impact,2.0824276941767583
434,100,price_impact,3.6412134092423796
435,100,price_impact,0.5659170169974068
436,100,price_impact,0.0
437,100,price_impact,0.25210500416505527
438,100,price_impact,0.0
439,100,price_impact,0.0
440,100,price_impact,1.4448237670606978
441,100,price_impact,1.231060479269892
442,100,price_impact,7.114947132777713
443,100,price_impact,2.5655100638474075
444,100,price_impact,1.3473281545023472
445,100,price_impact,4.0059317920437385
446,100,price_impact,1.9741810794286425
447,100,price_impact,2.591944654247036
448,100,price_impact,0.6413776768535139
449,100,price_impact,1.1152942252176508
450,100,price_impact,2.5749530501352376
451,100,price_impact,0.3615213833028322
452,100,price_impact,0.04099349390080623
453,100,price_impact,1.744109239656547
454,100,price_impact,2.883628098773094
455,100,price_impact,0.0
456,100,price_impact,0.0
457,100,price_impact,0.9414861788913453
458,100,price_impact,5.094614113855412
459,100,price_impact,2.4167543174124075
460,100,price_impact,2.5621482590207196
461,100,price_impact,0.4176944515434623
462,100,price_impact,2.17323094001261
463,100,price_impact,0.5845358824679397
464,100,price_impact,0.2671130930083879
465,100,price_impact,0.9537541722351972
466,100,price_impact,0.0
467,100,price_impact,0.0
468,100,price_impact,2.319517094638784
469,100,price_impact,0.0
470,100,price_impact,1.1291544239123212
471,100,price_impact,3.5292901470827163
472,100,price_impact,2.051721352597502
473,100,price_impact,2.0299977540357688
474,100,price_impact,9.38122923479951
475,100,price_impact,1.8589836324863867
476,100,price_impact,0.0
477,100,price_impact,3.3748348205481764
478,100,price_impact,2.8396699186072794
479,100,price_impact,0.0
480,100,price_impact,2.1351211988639385
481,100,price_impact,6.606997536231049
482,100,price_impact,2.635055188439377
483,100,price_impact,2.125849018757794
484,100,price_impact,1.331255916061881
485,100,price_impact,0.0
486,100,price_impact,1.8922293014790292
487,100,price_impact,0.32983471551273763
488,100,price_impact,0.0
489,100,price_impact,0.0
490,100,price_impact,0.0
491,100,price_impact,0.8870323891761114
492,100,price_impact,2.2314530628643974
493,100,price_impact,1.85843714890125
494,100,price_impact,1.7972676148365911
495,100,price_impact,0.3964714238766568
496,100,price_impact,2.482576068518364
497,100,price_impact,0.9606117999232817
498,100,price_impact,2.8943984586412066
499,100,price_impact,0.0
500,100,price_impact,1.5508728005492438
501,100,price_impact,1.9478671053919634
502,100,price_impact,0.0
503,100,price_impact,0.0
504,100,price_impact,1.8363906647555082
505,100,price_impact,2.4825995996765617
506,100,price_impact,1.6705138495762086
507,100,price_impact,0.0
508,100,price_impact,1.1193040204210847
509,100,price_impact,0.0
510,100,price_impact,2.9292812867832114
511,100,price_impact,1.6182825714846358
512,100,price_impact,0.0
513,100,price_impact,0.0
514,100,price_impact,0.0
515,100,price_impact,0.0
516,100,price_impact,0.0
517,100,price_impact,2.4733173633364385
518,100,price_impact,0.0
519,100,price_impact,6.224996483978918
520,100,price_impact,1.124016654570656
521,100,price_impact,3.923026996930911
522,100,price_impact,1.8511763937453176
523,100,price_impact,1.899103623816469
524,100,price_impact,0.0
525,100,price_impact,1.5814635118033926
526,100,price_impact,1.777576132057114
527,100,price_impact,0.8091941112493108
528,100,price_impact,1.9072578558161988
529,100,price_impact,2.0024943670024733
530,100,price_impact,0.4700085101999508
531,100,price_impact,2.4055737852634893
532,100,price_impact,3.9892160373317083
533,100,price_impact,4.761242181030559
534,100,price_impact,0.9464565872071986
535,100,price_impact,0.0
536,100,price_impact,0.0
537,100,price_impact,0.0
538,100,price_impact,1.18261988686538
539,100,price_impact,0.28108344012476005
540,100,price_impact,0.8794960621586341
541,100,price_impact,0.0
542,100,price_impact,0.0
543,100,price_impact,0.6776195584310621
544,100,price_impact,1.0807348734576088
545,100,price_impact,-0.09572297962681964
546,100,price_impact,3.127456775536391
547,100,price_impact,1.483811980814858
548,100,price_impact,3.4506792709935636
549,100,price_impact,0.0
550,100,price_impact,2.022938390029629
551,100,price_impact,0.4955545397118431
552,100,price_impact,1.3276567673354294
553,100,price_impact,1.2100238547704905
554,100,price_impact,1.204969810617829
555,100,price_impact,0.9249842690787771
556,100,price_impact,1.5221520817665275
557,100,price_impact,3.5246439855042033
558,100,price_impact,0.0
559,100,price_impact,3.9454657963740103
560,100,price_impact,0.9352269701483824
561,100,price_impact,1.1814763982990453
562,100,price_impact,0.0
563,100,price_impact,2.4074526271055374
564,100,price_impact,4.229205289713239
565,100,price_impact,0.0
566,100,price_impact,0.0
567,100,price_impact,1.178268091179735
568,100,price_impact,0.0
569,100,price_impact,0.0
570,100,price_impact,-0.271398371233969
571,100,price_impact,0.0
572,100,price_impact,0.0
573,100,price_impact,2.884127809926196
574,100,price_impact,1.0021179435733278
575,100,price_impact,1.052703686231989
576,100,price_impact,1.7197251122099253
577,100,price_impact,0.6378756311682175
578,100,price_impact,2.8506059068825085
579,100,price_impact,5.682226598918367
580,100,price_impact,0.2015722329462749
581,100,price_impact,3.474473726724686
582,100,price_impact,0.0
583,100,price_impact,0.15391181863301595
584,100,price_impact,0.0
585,100,price_impact,1.9872123915247486
586,100,price_impact,4.3767980016510935
587,100,price_impact,0.0
588,100,price_impact,1.6819414037666598
589,100,price_impact,4.989139826958338
590,100,price_impact,2.292119866968372
591,100,price_impact,0.3244259554348041
592,100,price_impact,2.778045857818343
593,100,price_impact,0.6841357314838283
594,100,price_impact,1.1105467336273553
595,100,price_impact,3.644272193002371
596,100,price_impact,3.0481991191611697
597,100,price_impact,6.838019414050352
598,100,price_impact,2.005361183589288
599,100,price_impact,2.645199958320919
0,100,profits,-0.6193241368103299
1,100,profits,3.3461395091266057
2,100,profits,2.2439160509035134
3,100,profits,-5.364113229758097
4,100,profits,0.5572926469187148
5,100,profits,-1.653792204137264
6,100,profits,2.4535330919095273
7,100,profits,2.8044958311233072
8,100,profits,0.0
9,100,profits,1.1291975464207782
10,100,profits,-0.31307950197622486
11,100,profits,1.4786109419041968
12,100,profits,-2.39295436890219
13,100,profits,3.0158481652537033
14,100,profits,-4.253825292287374
15,100,profits,1.424419140454053
16,100,profits,-0.7563912329840382
17,100,profits,2.528302865335509
18,100,profits,1.7104982172339303
19,100,profits,1.9418215633389742
20,100,profits,2.418875573941346
21,100,profits,1.9066327650919497
22,100,profits,0.0
23,100,profits,2.291361578827879
24,100,profits,2.0545737883991544
25,100,profits,-1.0141325330721491
26,100,profits,2.314186969049246
27,100,profits,-2.237510005599347
28,100,profits,-3.4675541115000916
29,100,profits,1.8730529068784465
30,100,profits,0.0
31,100,profits,-2.870658218498941
32,100,profits,-5.224174355403102
33,100,profits,0.2644823094303219
34,100,profits,-1.0581000450357305
35,100,profits,0.0
36,100,profits,2.2091865599656657
37,100,profits,-0.8498145293599507
38,100,profits,-0.6389585456280222
39,100,profits,0.771143469851771
40,100,profits,-3.0421773271339787
41,100,profits,0.0
42,100,profits,-0.9680244592170865
43,100,profits,-3.904682087737659
44,100,profits,0.0
45,100,profits,1.247960345529937
46,100,profits,-1.6877339000845566
47,100,profits,0.5915568954233104
48,100,profits,1.462417752461597
49,100,profits,0.33476750397776855
50,100,profits,1.7107061328156514
51,100,profits,1.9303197762925037
52,100,profits,0.0
53,100,profits,0.0
54,100,profits,-0.7357422984806536
55,100,profits,-0.09132243412627965
56,100,profits,-0.5719589360148372
57,100,profits,2.9239324214894724
58,100,profits,-0.40177463305421435
59,100,profits,-4.583437292637551
60,100,profits,1.5664090832249589
61,100,profits,0.0
62,100,profits,0.0
63,100,profits,-1.3461715528389577
64,100,profits,0.0
65,100,profits,3.3568893753326257
66,100,profits,-2.747720558136228
67,100,profits,1.590279783686919
68,100,profits,4.700157222243408
69,100,profits,-1.697102834986121
70,100,profits,0.0
71,100,profits,0.6205548043197832
72,100,profits,0.0
73,100,profits,-1.1707984958826696
74,100,profits,-2.308511221181296
75,100,profits,2.214045768070012
76,100,profits,0.5052126661712717
77,100,profits,2.759554906530272
78,100,profits,0.0
79,100,profits,0.0
80,100,profits,0.0
81,100,profits,0.0
82,100,profits,1.1761739508707745
83,100,profits,0.0
84,100,profits,-1.3245112423326175
85,100,profits,1.459552615274261
86,100,profits,1.024273427326495
87,100,profits,-0.16319559849741824
88,100,profits,1.2852984374189433
89,100,profits,1.5897443102372881
90,100,profits,0.0
91,100,profits,2.1547721567171543
92,100,profits,0.857613611241571
93,100,profits,0.0
94,100,profits,-2.1624827349684606
95,100,profits,1.7153858490735359
96,100,profits,-1.6114039117041619
97,100,profits,1.6982279434000527
98,100,profits,3.2739247089719665
99,100,profits,-1.4181135038287658
100,100,profits,0.0
101,100,profits,4.321850588393609
102,100,profits,0.0
103,100,profits,0.495694110475417
104,100,profits,0.0
105,100,profits,0.0
106,100,profits,0.03532327009092888
107,100,profits,0.0
108,100,profits,2.3298121562243894
109,100,profits,-0.8793843515175526
110,100,profits,2.9428307745969295
111,100,profits,0.5676512397467184
112,100,profits,2.3466593508536566
113,100,profits,2.751735488268768
114,100,profits,0.3806606549478681
115,100,profits,0.14234787940763122
116,100,profits,-0.9808499836324722
117,100,profits,-2.429993124115537
118,100,profits,0.6742035987130053
119,100,profits,1.486229380505312
120,100,profits,-1.2571720746178463
121,100,profits,2.0327461097830497
122,100,profits,2.303221771010737
123,100,profits,1.3459187297452544
124,100,profits,0.0
125,100,profits,3.002951524739065
126,100,profits,-2.676546729998805
127,100,profits,0.0
128,100,profits,-0.4057757870650994
129,100,profits,0.0
130,100,profits,1.371331573491989
131,100,profits,-0.44707932287347935
132,100,profits,-2.387270147617804
133,100,profits,2.337255326503169
134,100,profits,1.47138895520967
135,100,profits,-0.8439190764423286
136,100,profits,-2.06396417162952
137,100,profits,1.5053852236822722
138,100,profits,2.859074307450751
139,100,profits,1.6725663690425956
140,100,profits,-1.091598053735907
141,100,profits,-1.256225447090359
142,100,profits,-0.5461587170684933
143,100,profits,-2.6657553685145063
144,100,profits,0.0
145,100,profits,0.8264100774313777
146,100,profits,-2.2977851010025225
147,100,profits,3.563695294818775
148,100,profits,-0.7871362137316
149,100,profits,2.720330970266487
150,100,profits,-0.7696849900022609
151,100,profits,0.49179235319856873
152,100,profits,2.2589379001125622
153,100,profits,-4.996567172804056
154,100,profits,0.2643103110532167
155,100,profits,-0.9729663357117899
156,100,profits,-1.5217512009829441
157,100,profits,4.1137746563235815
158,100,profits,-2.419264860072385
159,100,profits,3.4194049379571787
160,100,profits,0.0
161,100,profits,4.273874090910025
162,100,profits,-1.4824550569461836
163,100,profits,2.2027459906705587
164,100,profits,3.052446970273901
165,100,profits,-3.9051101225611893
166,100,profits,-3.0729540482021154
167,100,profits,-4.631074841526977
168,100,profits,-0.9735951236550413
169,100,profits,1.9498101026977963
170,100,profits,0.41431456901945246
171,100,profits,-1.0814238677870347
172,100,profits,-0.315874294215782
173,100,profits,-0.6901509373934032
174,100,profits,-0.9248779858511461
175,100,profits,-0.47277572839020043
176,100,profits,0.0
177,100,profits,0.3953640594386866
178,100,profits,0.0
179,100,profits,4.104162855867575
180,100,profits,-1.8949762042336182
181,100,profits,1.1223280078570474
182,100,profits,0.9397455374889039
183,100,profits,1.6119050229283987
184,100,profits,-5.82329761361776
185,100,profits,-0.7339496919489222
186,100,profits,0.0
187,100,profits,0.0
188,100,profits,-2.5576110330844983
189,100,profits,0.8081978785542167
190,100,profits,1.3063403984612731
191,100,profits,-2.1007511090257935
192,100,profits,0.33927390989295714
193,100,profits,1.256249306375294
194,100,profits,-1.646785160948265
195,100,profits,0.0
196,100,profits,0.0
197,100,profits,-2.076718184588556
198,100,profits,-0.9938428131549514
199,100,profits,0.36763484255339196
200,100,profits,1.6552673189359748
201,100,profits,2.9282757950113907
202,100,profits,0.0
203,100,profits,1.4725076785078974
204,100,profits,0.0
205,100,profits,1.7416263533495333
206,100,profits,1.224642178555674
207,100,profits,2.0866663080998076
208,100,profits,-0.3265923833254041
209,100,profits,2.177495029677015
210,100,profits,-2.2098552551909747
211,100,profits,0.0
212,100,profits,0.0
213,100,profits,-1.7039791890620462
214,100,profits,0.4972142341143068
215,100,profits,-1.0009627244085015
216,100,profits,-0.9107510528893227
217,100,profits,0.0
218,100,profits,1.8976024593798313
219,100,profits,1.747635574794216
220,100,profits,-0.4366539500651594
221,100,profits,2.281954072485067
222,100,profits,1.1701950960023826
223,100,profits,4.1384235223053665
224,100,profits,0.37836769989989744
225,100,profits,-2.332188260708667
226,100,profits,0.8389141490359642
227,100,profits,-5.282871331394566
228,100,profits,2.5943731473845766
229,100,profits,3.2750586007098192
230,100,profits,0.08629534153094848
231,100,profits,-1.0195232504794083
232,100,profits,4.12411626798075
233,100,profits,-1.475137534722229
234,100,profits,-5.202972608019664
235,100,profits,-1.6641530875474604
236,100,profits,0.0
237,100,profits,1.8954868872622357
238,100,profits,1.3291162611063967
239,100,profits,-2.1145410143259395
240,100,profits,0.298970234156417
241,100,profits,0.0
242,100,profits,-2.6911132681168026
243,100,profits,0.6859896391199904
244,100,profits,-9.419000297145775
245,100,profits,-0.8951573943265575
246,100,profits,-0.9688657047714886
247,100,profits,-1.906372709633769
248,100,profits,0.5005928366551302
249,100,profits,0.16293796657860987
250,100,profits,0.7358010150134155
251,100,profits,0.8592735756390086
252,100,profits,0.0
253,100,profits,-2.2518679411902163
254,100,profits,2.4807339429337074
255,100,profits,-2.0945740908837753
256,100,profits,4.760013294813629
257,100,profits,3.158268212617134
258,100,profits,0.0
259,100,profits,1.5961746370188594
260,100,profits,2.5365140188892745
261,100,profits,-2.562010783116861
262,100,profits,1.3057960326269518
263,100,profits,0.9762306136781705
264,100,profits,0.0
265,100,profits,1.3313093370054532
266,100,profits,3.4382196057482566
267,100,profits,5.705146299204702
268,100,profits,-2.1591248696896943
269,100,profits,0.0
270,100,profits,0.8819473041271659
271,100,profits,1.4297152948577283
272,100,profits,0.8877526716058927
273,100,profits,-2.6942119777789095
274,100,profits,-1.9538524125671266
275,100,profits,2.5056644856202555
276,100,profits,-1.0352331795385794
277,100,profits,-0.21797765698390806
278,100,profits,0.0
279,100,profits,2.3212211742984628
280,100,profits,0.3389471367021435
281,100,profits,2.6470249604016485
282,100,profits,2.1435731716397983
283,100,profits,-0.8958947851251189
284,100,profits,-0.07527493294856179
285,100,profits,0.6527271284448593
286,100,profits,-0.37604891425652043
287,100,profits,-0.19743433266430954
288,100,profits,0.4139590571899249
289,100,profits,0.6328501780910551
290,100,profits,3.595822935025355
291,100,profits,2.4054794752508735
292,100,profits,1.1183007043809954
293,100,profits,1.1072764145783633
294,100,profits,1.3344105054077504
295,100,profits,-3.768650200289638
296,100,profits,3.8035453947067115
297,100,profits,-4.3508006853383385
298,100,profits,-2.0750098227306304
299,100,profits,-0.11030217659992356
300,100,profits,2.2603727850869473
301,100,profits,-7.190183921545682
302,100,profits,0.0
303,100,profits,-0.4181693562220312
304,100,profits,4.160664381631394
305,100,profits,2.741875085061738
306,100,profits,0.0
307,100,profits,1.7472934915756948
308,100,profits,-0.4254485051249546
309,100,profits,-1.939661389148247
310,100,profits,-3.242379999639571
311,100,profits,1.5385487163355307
312,100,profits,0.12679735286429927
313,100,profits,0.0
314,100,profits,-0.4144741190948019
315,100,profits,0.8143676331742309
316,100,profits,1.3364944797361775
317,100,profits,-4.002552079050229
318,100,profits,0.0
319,100,profits,0.0
320,100,profits,0.0
321,100,profits,0.6996702148816615
322,100,profits,0.8297200526766583
323,100,profits,0.009061239989114317
324,100,profits,1.898221924761067
325,100,profits,0.0
326,100,profits,-1.7890942955216267
327,100,profits,0.8104162756373388
328,100,profits,-1.2631032564350222
329,100,profits,-1.5102566396099952
330,100,profits,2.6785498273709893
331,100,profits,0.0
332,100,profits,0.5279354286606628
333,100,profits,1.04525163797242
334,100,profits,0.0
335,100,profits,2.595947144089749
336,100,profits,-0.5533098774957451
337,100,profits,1.7507557360162127
338,100,profits,0.0
339,100,profits,-1.3716802049036687
340,100,profits,1.0720558016342712
341,100,profits,0.0
342,100,profits,-2.893805151733461
343,100,profits,0.0
344,100,profits,0.44364522174698967
345,100,profits,0.0
346,100,profits,-4.090989525034051
347,100,profits,2.040945723998326
348,100,profits,-3.1705084955050413
349,100,profits,0.0
350,100,profits,-3.0238853219521853
351,100,profits,3.7520089668589307
352,100,profits,-2.9074158101121594
353,100,profits,-0.5718675423576556
354,100,profits,3.792162211085006
355,100,profits,-0.45677404672707944
356,100,profits,3.430928047500196
357,100,profits,0.19754853560983388
358,100,profits,-1.243042945313423
359,100,profits,-1.6366514863727026
360,100,profits,1.4606279592053355
361,100,profits,0.5299364286630784
362,100,profits,0.0
363,100,profits,-2.7430102014351916
364,100,profits,0.22357958651593032
365,100,profits,0.4004954586878102
366,100,profits,-4.96211537204182
367,100,profits,-1.5667767973375053
368,100,profits,0.5592726593433852
369,100,profits,-3.47168566232893
370,100,profits,0.7727460577455749
371,100,profits,-1.7842347512258419
372,100,profits,4.774682441719168
373,100,profits,-3.4460428812490718
374,100,profits,-6.169455191709884
375,100,profits,-2.871036654531166
376,100,profits,1.070123550192513
377,100,profits,-0.3606624616401409
378,100,profits,0.47992542795120413
379,100,profits,0.48811646206660647
380,100,profits,0.0
381,100,profits,-1.8764833709516866
382,100,profits,1.4818595979207703
383,100,profits,1.3187185951547755
384,100,profits,0.0
385,100,profits,3.5626342535245548
386,100,profits,1.0008520331742476
387,100,profits,-1.2347070256421313
388,100,profits,0.0
389,100,profits,-0.517444298646942
390,100,profits,-1.8865143924220724
391,100,profits,-1.6068476764587132
392,100,profits,0.7453659703359311
393,100,profits,0.17701411561394786
394,100,profits,-0.6819693638354963
395,100,profits,4.557758880418961
396,100,profits,3.625508360985327
397,100,profits,-1.483552543690898
398,100,profits,1.3327533287882036
399,100,profits,0.49722090020877857
400,100,profits,0.0
401,100,profits,2.4121769381780584
402,100,profits,-1.052502219380381
403,100,profits,-0.4612247168061628
404,100,profits,-2.9561984379262536
405,100,profits,4.03469517210018
406,100,profits,-0.5539982609215324
407,100,profits,4.198649508653043
408,100,profits,4.9192331787283985
409,100,profits,-1.007482480111702
410,100,profits,3.2428413588358485
411,100,profits,-1.288453166752423
412,100,profits,0.35171943840172215
413,100,profits,-3.660961660006109
414,100,profits,3.235169273425934
415,100,profits,0.0
416,100,profits,-1.7909136552473908
417,100,profits,-2.442947746514571
418,100,profits,3.304235102173586
419,100,profits,0.0
420,100,profits,2.005698938354264
421,100,profits,1.315299763054575
422,100,profits,0.3529143061910337
423,100,profits,4.665601698349542
424,100,profits,0.9061172508735287
425,100,profits,0.5934008207382584
426,100,profits,2.3910872643624734
427,100,profits,0.02029492295615684
428,100,profits,1.8515271490260272
429,100,profits,0.0
430,100,profits,-1.8503899539406943
431,100,profits,3.7387331247771796
432,100,profits,2.7114776566480767
433,100,profits,2.2247995388293003
434,100,profits,1.7218492357223685
435,100,profits,0.7925752474896011
436,100,profits,1.5173653689357511
437,100,profits,0.0
438,100,profits,2.7064871057222715
439,100,profits,0.5424611855206066
440,100,profits,1.0305442676416101
441,100,profits,0.0
442,100,profits,2.4956731906403
443,100,profits,-2.945567262706701
444,100,profits,1.0676506913408448
445,100,profits,-1.0455407395773628
446,100,profits,-1.5552044621074756
447,100,profits,-0.4079837795764205
448,100,profits,0.0
449,100,profits,1.943143110278418
450,100,profits,0.2715145877547982
451,100,profits,0.0
452,100,profits,0.9093370008408007
453,100,profits,-5.471308930706723
454,100,profits,1.0265217921694163
455,100,profits,-2.0510728613664133
456,100,profits,0.0
457,100,profits,1.2455763856708362
458,100,profits,-1.6277325181402231
459,100,profits,-1.469211908133087
460,100,profits,0.0
461,100,profits,-0.10477698095447519
462,100,profits,0.0
463,100,profits,-2.668548449991767
464,100,profits,0.0
465,100,profits,2.0153056484397935
466,100,profits,-2.6473087887514724
467,100,profits,0.0
468,100,profits,-0.5549503925297885
469,100,profits,1.9156969285268879
470,100,profits,-2.8422432210415454
471,100,profits,0.0
472,100,profits,0.0
473,100,profits,-0.778067578292245
474,100,profits,-0.03341803948017162
475,100,profits,-1.738144541842845
476,100,profits,1.2906623414352172
477,100,profits,-0.6341647776030732
478,100,profits,2.609031356232788
479,100,profits,0.0
480,100,profits,0.0
481,100,profits,3.9904060258865712
482,100,profits,1.1290876887372148
483,100,profits,0.0
484,100,profits,0.0
485,100,profits,0.0
486,100,profits,0.0
487,100,profits,1.2914153881228991
488,100,profits,2.081769023175538
489,100,profits,-1.1596609403120675
490,100,profits,-1.436523848636389
491,100,profits,1.5422568570104096
492,100,profits,1.3781811574599399
493,100,profits,0.8623470746689701
494,100,profits,0.0
495,100,profits,-0.11752247651501521
496,100,profits,-1.1637580828606373
497,100,profits,3.9497105331333664
498,100,profits,0.62798422035836
499,100,profits,-4.3210249763697535
500,100,profits,-4.843711977998332
501,100,profits,-2.473151520859274
502,100,profits,-1.9803093845591424
503,100,profits,0.0
504,100,profits,-0.3512815819773016
505,100,profits,0.8560734433874042
506,100,profits,0.0
507,100,profits,-1.1755217302945478
508,100,profits,0.0
509,100,profits,-3.8424786817541254
510,100,profits,-2.7086541366226395
511,100,profits,0.0
512,100,profits,5.459163624415662
513,100,profits,0.0
514,100,profits,-0.6293116157482608
515,100,profits,-1.0219933306807152
516,100,profits,0.0
517,100,profits,0.0
518,100,profits,0.920717861977457
519,100,profits,0.0
520,100,profits,-3.9636177466924147
521,100,profits,0.3496019046247008
522,100,profits,-4.611036689905105
523,100,profits,-0.6482974340095574
524,100,profits,3.821392439587371
525,100,profits,-0.24062167892116784
526,100,profits,-3.592470186022114
527,100,profits,-0.6873997569607488
528,100,profits,0.6233499916515854
529,100,profits,0.014999332460372161
530,100,profits,2.6463119549921195
531,100,profits,-2.0575770076422666
532,100,profits,0.854424780280106
533,100,profits,1.812043113705702
534,100,profits,1.0755651096265613
535,100,profits,0.0
536,100,profits,-0.7240430307431441
537,100,profits,0.0
538,100,profits,4.168603560137798
539,100,profits,0.0
540,100,profits,0.11601804009426187
541,100,profits,-0.48823459926088136
542,100,profits,2.996430998729178
543,100,profits,2.895807407102455
544,100,profits,0.5599675427537285
545,100,profits,-0.15517354618644275
546,100,profits,3.3972785030421186
547,100,profits,0.5185727355833246
548,100,profits,-4.154514536179089
549,100,profits,0.0
550,100,profits,-3.0960569699383695
551,100,profits,-1.5039574922250476
552,100,profits,3.3945623051862635
553,100,profits,2.0254118117364683
554,100,profits,1.0453525048179468
555,100,profits,0.0
556,100,profits,1.2544275454464828
557,100,profits,1.037490588717957
558,100,profits,-1.0450202529013082
559,100,profits,1.3766483761676098
560,100,profits,0.7384059758540156
561,100,profits,2.359751266437608
562,100,profits,2.659554068658779
563,100,profits,0.2574735143030664
564,100,profits,1.9247556030671127
565,100,profits,-4.177250929109591
566,100,profits,5.7072595873998955
567,100,profits,0.33235202357867344
568,100,profits,-1.1545627136809917
569,100,profits,2.7049860420839065
570,100,profits,-4.154283238326415
571,100,profits,-1.054154663927747
572,100,profits,0.7948784740099908
573,100,profits,1.563283401221266
574,100,profits,0.29266227297599423
575,100,profits,2.0916145260115138
576,100,profits,0.0
577,100,profits,-0.771642115999157
578,100,profits,1.2333992646848022
579,100,profits,0.0
580,100,profits,1.9847027389403562
581,100,profits,2.395055655212664
582,100,profits,-0.9177442377578664
583,100,profits,0.0
584,100,profits,-4.107373707233287
585,100,profits,2.9587644928859986
586,100,profits,2.5551364548293516
587,100,profits,0.0
588,100,profits,-2.7812607089427415
589,100,profits,0.0
590,100,profits,0.0
591,100,profits,-1.9445969509395944
592,100,profits,3.3603381818743823
593,100,profits,0.10058554567258304
594,100,profits,0.0
595,100,profits,0.5616973672934508
596,100,profits,2.5905800614342933
597,100,profits,0.8794798419456439
598,100,profits,2.4217213272694496
599,100,profits,-2.180544406227296
0,1000,price_impact,2.4431579690024128
1,1000,price_impact,0.0
2,1000,price_impact,0.16819797890223365
3,1000,price_impact,0.6101531856967444
4,1000,price_impact,0.0
5,1000,price_impact,0.0
6,1000,price_impact,0.6353094518583606
7,1000,price_impact,3.979616079968247
8,1000,price_impact,0.12222920487355976
9,1000,price_impact,0.0
10,1000,price_impact,2.443061083568719
11,1000,price_impact,2.7172257942451314
12,1000,price_impact,0.0
13,1000,price_impact,0.0
14,1000,price_impact,3.5689200518755233
15,1000,price_impact,0.16263446567931494
16,1000,price_impact,3.517004243429954
17,1000,price_impact,3.8865230650549436
18,1000,price_impact,0.6268087685077637
19,1000,price_impact,0.9639814695534727
20,1000,price_impact,0.359513831116755
21,1000,price_impact,-0.11001247266800579
22,1000,price_impact,-0.03354149662422251
23,1000,price_impact,0.6271058806696159
24,1000,price_impact,1.6102212796367434
25,1000,price_impact,2.4984479678324303
26,1000,price_impact,6.813894186678672
27,1000,price_impact,1.1792405326744269
28,1000,price_impact,4.174132800634397
29,1000,price_impact,2.6183917760938287
30,1000,price_impact,2.1280224427310728
31,1000,price_impact,1.0662050803099374
32,1000,price_impact,0.0
33,1000,price_impact,4.321383553608222
34,1000,price_impact,2.0588162689099208
35,1000,price_impact,1.6523317874549535
36,1000,price_impact,0.06623801539564567
37,1000,price_impact,2.0307012919786285
38,1000,price_impact,0.0
39,1000,price_impact,0.0
40,1000,price_impact,4.784221877454099
41,1000,price_impact,2.577293397173296
42,1000,price_impact,1.574782127495217
43,1000,price_impact,3.8770542083396515
44,1000,price_impact,0.0
45,1000,price_impact,1.8627549883192824
46,1000,price_impact,3.184625356426151
47,1000,price_impact,3.193205462334518
48,1000,price_impact,5.744167813275607
49,1000,price_impact,0.433637382783433
50,1000,price_impact,0.0
51,1000,price_impact,4.931989046781423
52,1000,price_impact,2.833519996886931
53,1000,price_impact,4.159935514277419
54,1000,price_impact,1.3165324798268374
55,1000,price_impact,3.9576691704305706
56,1000,price_impact,3.1811752804939215
57,1000,price_impact,1.2860487209772815
58,1000,price_impact,-0.24906844051733723
59,1000,price_impact,4.313468929955852
60,1000,price_impact,1.5997344019306017
61,1000,price_impact,0.4658231276592022
62,1000,price_impact,0.42791317096440645
63,1000,price_impact,0.0
64,1000,price_impact,0.5338796307439567
65,1000,price_impact,2.21853486153439
66,1000,price_impact,2.011572915305486
67,1000,price_impact,2.9915762703482853
68,1000,price_impact,0.8498292050425784
69,1000,price_impact,0.0
70,1000,price_impact,1.1899848987303008
71,1000,price_impact,3.2337576748909105
72,1000,price_impact,2.3156712117545943
73,1000,price_impact,1.1509391503524309
74,1000,price_impact,1.833920941563356
75,1000,price_impact,1.7634181152645256
76,1000,price_impact,4.548775489218644
77,1000,price_impact,4.721872351042411
78,1000,price_impact,0.2960430510015846
79,1000,price_impact,1.2515456133630378
80,1000,price_impact,0.3251990750995929
81,1000,price_impact,3.307238598818645
82,1000,price_impact,3.1459686365027935
83,1000,price_impact,4.938476373154474
84,1000,price_impact,4.8434583692589745
85,1000,price_impact,0.0
86,1000,price_impact,0.0
87,1000,price_impact,0.0
88,1000,price_impact,0.0
89,1000,price_impact,0.0
90,1000,price_impact,0.0
91,1000,price_impact,0.0
92,1000,price_impact,0.7056971836890776
93,1000,price_impact,0.4874151070516149
94,1000,price_impact,1.6754892596318238
95,1000,price_impact,0.0
96,1000,price_impact,1.5998370314451724
97,1000,price_impact,4.523301062120711
98,1000,price_impact,-0.17081313308404744
99,1000,price_impact,1.600044133594319
100,1000,price_impact,1.3561592342696263
101,1000,price_impact,1.0659637067651997
102,1000,price_impact,0.0
103,1000,price_impact,0.7127097009125621
104,1000,price_impact,-0.0812279797647591
105,1000,price_impact,0.0
106,1000,price_impact,2.2949717751660064
107,1000,price_impact,4.8950157109809265
108,1000,price_impact,1.4588892781504041
109,1000,price_impact,0.0
110,1000,price_impact,2.959140252784742
111,1000,price_impact,4.354426637762065
112,1000,price_impact,1.5415597354976405
113,1000,price_impact,1.6365436952152574
114,1000,price_impact,3.6691597340200137
115,1000,price_impact,0.8779610565496098
116,1000,price_impact,0.7145893573095047
117,1000,price_impact,0.7562670142528105
118,1000,price_impact,0.0
119,1000,price_impact,2.6156620416808947
120,1000,price_impact,0.0
121,1000,price_impact,4.693112031716952
122,1000,price_impact,4.138331484565418
123,1000,price_impact,1.8795953295973202
124,1000,price_impact,2.90049503537467
125,1000,price_impact,3.3053082818839012
126,1000,price_impact,0.6911200803063566
127,1000,price_impact,2.0634153311555528
128,1000,price_impact,1.4827477249219498
129,1000,price_impact,2.9516325073083105
130,1000,price_impact,0.7148362902886645
131,1000,price_impact,2.8405119296709898
132,1000,price_impact,3.128918834184559
133,1000,price_impact,6.99398768263817
134,1000,price_impact,1.1053838062505692
135,1000,price_impact,0.0
136,1000,price_impact,5.361247660092543
137,1000,price_impact,1.3653757234704411
138,1000,price_impact,2.7394483903881715
139,1000,price_impact,1.3569875887090908
140,1000,price_impact,6.131382063110064
141,1000,price_impact,3.868922044985324
142,1000,price_impact,0.0
143,1000,price_impact,0.0
144,1000,price_impact,1.7918041482844136
145,1000,price_impact,1.9230398355736047
146,1000,price_impact,3.7847465563667253
147,1000,price_impact,2.555428107566508
148,1000,price_impact,0.7539427172211116
149,1000,price_impact,3.2608831326647305
150,1000,price_impact,0.933329309178446
151,1000,price_impact,1.2895887104214725
152,1000,price_impact,1.0227277894455478
153,1000,price_impact,0.0
154,1000,price_impact,0.0
155,1000,price_impact,0.10635185807979411
156,1000,price_impact,0.0
157,1000,price_impact,1.8470641279186841
158,1000,price_impact,3.2968956478571743
159,1000,price_impact,2.1308347956642084
160,1000,price_impact,4.021169621723983
161,1000,price_impact,1.7347430921580291
162,1000,price_impact,0.0
163,1000,price_impact,0.0
164,1000,price_impact,0.0
165,1000,price_impact,2.30729431635628
166,1000,price_impact,2.2057503254793733
167,1000,price_impact,0.8995818495641621
168,1000,price_impact,2.7504561817871696
169,1000,price_impact,3.243826165025169
170,1000,price_impact,0.9095610737108246
171,1000,price_impact,2.3286446628858615
172,1000,price_impact,4.937204654858841
173,1000,price_impact,3.836745858913478
174,1000,price_impact,0.5570989731906014
175,1000,price_impact,0.5123004150537249
176,1000,price_impact,0.0
177,1000,price_impact,0.0
178,1000,price_impact,4.049996966517095
179,1000,price_impact,3.8179664661732566
180,1000,price_impact,3.468547398481391
181,1000,price_impact,0.4272888698253798
182,1000,price_impact,0.2725574575991794
183,1000,price_impact,0.9665353299481394
184,1000,price_impact,0.8778626336132398
185,1000,price_impact,0.6115150231568912
186,1000,price_impact,0.0
187,1000,price_impact,0.5235670830491926
188,1000,price_impact,2.523029800216947
189,1000,price_impact,0.7211745339765623
190,1000,price_impact,1.3953089446707978
191,1000,price_impact,9.15859791241147
192,1000,price_impact,3.255678590564246
193,1000,price_impact,1.7988777023466678
194,1000,price_impact,1.517456652410291
195,1000,price_impact,0.0
196,1000,price_impact,0.5759280634591333
197,1000,price_impact,2.824089989300512
198,1000,price_impact,1.7297552312266409
199,1000,price_impact,0.9464717238075268
200,1000,price_impact,2.8097875225928597
201,1000,price_impact,0.9031928437770357
202,1000,price_impact,2.2971370043570953
203,1000,price_impact,1.2193406767242196
204,1000,price_impact,0.4083179521052299
205,1000,price_impact,3.1410580749013164
206,1000,price_impact,0.7783101663748354
207,1000,price_impact,1.0092137957601879
208,1000,price_impact,3.8038744344784012
209,1000,price_impact,0.6701031530683307
210,1000,price_impact,0.19107939610260288
211,1000,price_impact,0.0
212,1000,price_impact,0.0
213,1000,price_impact,0.0
214,1000,price_impact,3.3975560964388087
215,1000,price_impact,0.0
216,1000,price_impact,0.13943746583173167
217,1000,price_impact,0.0
218,1000,price_impact,0.0
219,1000,price_impact,-0.4565865235898653
220,1000,price_impact,1.752665875814083
221,1000,price_impact,-0.1331956655816407
222,1000,price_impact,0.0
223,1000,price_impact,0.0
224,1000,price_impact,0.0
225,1000,price_impact,1.4081513383371302
226,1000,price_impact,3.692773129979945
227,1000,price_impact,1.4944029030635135
228,1000,price_impact,1.8804923899165717
229,1000,price_impact,0.0
230,1000,price_impact,-0.6124749062615599
231,1000,price_impact,0.9358805693156348
232,1000,price_impact,5.015965768344212
233,1000,price_impact,1.5637001867321554
234,1000,price_impact,5.225174836370946
235,1000,price_impact,0.6395254187601085
236,1000,price_impact,0.03720781457795186
237,1000,price_impact,0.5662960419135318
238,1000,price_impact,3.4897856445909774
239,1000,price_impact,2.601761298354157
240,1000,price_impact,1.414692189412193
241,1000,price_impact,1.0310506644178963
242,1000,price_impact,0.5317517907085101
243,1000,price_impact,1.1076012463733118
244,1000,price_impact,3.5302582079668685
245,1000,price_impact,1.1825137287081529
246,1000,price_impact,1.4384366869893357
247,1000,price_impact,0.19476839705525362
248,1000,price_impact,3.120349168199777
249,1000,price_impact,1.8317660300945038
250,1000,price_impact,1.016041384992457
251,1000,price_impact,0.0
252,1000,price_impact,0.4241124234264541
253,1000,price_impact,-0.04215187196854442
254,1000,price_impact,1.6899199960008986
255,1000,price_impact,0.0
256,1000,price_impact,0.0
257,1000,price_impact,3.335638558399105
258,1000,price_impact,1.1092671578093392
259,1000,price_impact,0.0
260,1000,price_impact,0.9209717403759339
261,1000,price_impact,1.03340702514068
262,1000,price_impact,1.4638458639624372
263,1000,price_impact,3.6618412025084215
264,1000,price_impact,5.219694334092019
265,1000,price_impact,5.183199973286291
266,1000,price_impact,2.9232002125207854
267,1000,price_impact,0.6294369861620339
268,1000,price_impact,1.1350938711304
269,1000,price_impact,0.0
270,1000,price_impact,0.40390560625739025
271,1000,price_impact,0.0
272,1000,price_impact,0.0
273,1000,price_impact,5.72679922995068
274,1000,price_impact,2.7522165759854103
275,1000,price_impact,6.494739812423
276,1000,price_impact,4.4909650440395765
277,1000,price_impact,0.8088244045006366
278,1000,price_impact,0.0
279,1000,price_impact,3.846758833445216
280,1000,price_impact,0.6036659031713387
281,1000,price_impact,0.0
282,1000,price_impact,6.765471164589377
283,1000,price_impact,2.3975776250143293
284,1000,price_impact,3.5292504602782606
285,1000,price_impact,0.9731549290622845
286,1000,price_impact,3.9418101989998187
287,1000,price_impact,0.41424058403890074
288,1000,price_impact,3.234509710456481
289,1000,price_impact,4.153016472467517
290,1000,price_impact,2.0134724518895046
291,1000,price_impact,0.3734810638771735
292,1000,price_impact,0.0
293,1000,price_impact,0.5400157733811505
294,1000,price_impact,1.3667600173069474
295,1000,price_impact,0.0
296,1000,price_impact,0.0
297,1000,price_impact,0.5257065162331275
298,1000,price_impact,1.7212599142477223
299,1000,price_impact,2.0767829315832547
300,1000,price_impact,3.3736325030426046
301,1000,price_impact,7.636960388695619
302,1000,price_impact,1.0952292596556115
303,1000,price_impact,0.0
304,1000,price_impact,1.1131107937376357
305,1000,price_impact,0.0
306,1000,price_impact,1.426008796887589
307,1000,price_impact,4.767657785862461
308,1000,price_impact,0.0
309,1000,price_impact,1.268433033125663
310,1000,price_impact,1.5890617796597657
311,1000,price_impact,0.0
312,1000,price_impact,2.4107045703597
313,1000,price_impact,6.750339004758294
314,1000,price_impact,7.05903147594343
315,1000,price_impact,4.614380489019511
316,1000,price_impact,0.8453976713780387
317,1000,price_impact,0.0
318,1000,price_impact,6.261260752426692
319,1000,price_impact,1.2912280041080562
320,1000,price_impact,1.3157100285797
321,1000,price_impact,0.932108757156946
322,1000,price_impact,3.6437838926430626
323,1000,price_impact,2.270927688500078
324,1000,price_impact,4.508264906759818
325,1000,price_impact,0.5469764078566222
326,1000,price_impact,0.0
327,1000,price_impact,1.0594547324037598
328,1000,price_impact,2.5125831546305437
329,1000,price_impact,0.0
330,1000,price_impact,0.8144677416434518
331,1000,price_impact,0.0
332,1000,price_impact,0.0
333,1000,price_impact,0.6544746265088596
334,1000,price_impact,0.6336621065640282
335,1000,price_impact,8.61632420263425
336,1000,price_impact,0.1992594351885534
337,1000,price_impact,0.0
338,1000,price_impact,1.7623871599116752
339,1000,price_impact,1.2096646171399337
340,1000,price_impact,1.569435508238056
341,1000,price_impact,3.6225443137825204
342,1000,price_impact,0.0
343,1000,price_impact,0.0
344,1000,price_impact,1.7972897890535697
345,1000,price_impact,0.9207090507957212
346,1000,price_impact,0.0
347,1000,price_impact,3.3400296576790782
348,1000,price_impact,0.4246246449775989
349,1000,price_impact,-0.1795231840595919
350,1000,price_impact,2.375624001131371
351,1000,price_impact,0.0
352,1000,price_impact,0.0
353,1000,price_impact,1.1265529695271228
354,1000,price_impact,0.47340442119082937
355,1000,price_impact,7.088122061232755
356,1000,price_impact,-0.057098529735268966
357,1000,price_impact,0.0
358,1000,price_impact,1.6926358198133378
359,1000,price_impact,0.0
360,1000,price_impact,1.1014653373366536
361,1000,price_impact,-0.19238265873009314
362,1000,price_impact,5.40221480916263
363,1000,price_impact,3.5924927607771604
364,1000,price_impact,1.853950963926024
365,1000,price_impact,0.0
366,1000,price_impact,2.0085258633220855
367,1000,price_impact,4.520061647811577
368,1000,price_impact,0.6144026822178814
369,1000,price_impact,3.526873737008118
370,1000,price_impact,0.9487292024801104
371,1000,price_impact,3.6018922868216663
372,1000,price_impact,0.0
373,1000,price_impact,5.956748717104758
374,1000,price_impact,0.0
375,1000,price_impact,0.0
376,1000,price_impact,1.3670175808762843
377,1000,price_impact,0.0
378,1000,price_impact,2.4302300889852884
379,1000,price_impact,0.0
380,1000,price_impact,0.7232410854692389
381,1000,price_impact,2.0935816623272454
382,1000,price_impact,0.0
383,1000,price_impact,1.4335414096097954
384,1000,price_impact,5.200910774921157
385,1000,price_impact,3.442642278395301
386,1000,price_impact,3.189150487708088
387,1000,price_impact,1.2699516771306385
388,1000,price_impact,1.867964610547279
389,1000,price_impact,3.361686395276498
390,1000,price_impact,1.1845763150971207
391,1000,price_impact,0.26929562005451263
392,1000,price_impact,3.737418402321153
393,1000,price_impact,2.8001982443139584
394,1000,price_impact,2.1958332029326146
395,1000,price_impact,0.0
396,1000,price_impact,-0.7336914577090666
397,1000,price_impact,1.7552985495125717
398,1000,price_impact,0.0
399,1000,price_impact,0.10386979646693667
400,1000,price_impact,3.6436697266507827
401,1000,price_impact,0.0
402,1000,price_impact,-0.1615573066675843
403,1000,price_impact,2.9993707730777466
404,1000,price_impact,2.9328450760884097
405,1000,price_impact,0.0
406,1000,price_impact,2.3316965240016767
407,1000,price_impact,2.4376726352484677
408,1000,price_impact,2.506576890728721
409,1000,price_impact,0.0
410,1000,price_impact,0.6102174859678201
411,1000,price_impact,0.0
412,1000,price_impact,0.8748695692058625
413,1000,price_impact,1.7557851889552194
414,1000,price_impact,0.18041169262695633
415,1000,price_impact,2.207606531156176
416,1000,price_impact,1.5006073181936816
417,1000,price_impact,1.0539202042465543
418,1000,price_impact,0.0
419,1000,price_impact,3.422260700896416
420,1000,price_impact,0.0
421,1000,price_impact,0.8353748039687015
422,1000,price_impact,0.0
423,1000,price_impact,2.254011373546982
424,1000,price_impact,0.0
425,1000,price_impact,1.1059574527653668
426,1000,price_impact,4.736391832177971
427,1000,price_impact,2.010201172673248
428,1000,price_impact,1.2147535031571923
429,1000,price_impact,4.774495819975875
430,1000,price_impact,0.0
431,1000,price_impact,0.0
432,1000,price_impact,4.481416899259376
433,1000,price_impact,1.782263243380333
434,1000,price_impact,2.37849475266077
435,1000,price_impact,1.9931577378908132
436,1000,price_impact,1.13729895638598
437,1000,price_impact,2.426619613131248
438,1000,price_impact,0.48724217954512217
439,1000,price_impact,3.8087236738202925
440,1000,price_impact,0.0
441,1000,price_impact,1.8269732280608326
442,1000,price_impact,1.8414948705501204
443,1000,price_impact,0.0
444,1000,price_impact,2.164949874176862
445,1000,price_impact,1.4789452481212968
446,1000,price_impact,0.5064402854553435
447,1000,price_impact,0.0
448,1000,price_impact,1.8661268247693483
449,1000,price_impact,-0.3686702476506786
450,1000,price_impact,2.050630237012972
451,1000,price_impact,0.0
452,1000,price_impact,1.8311289283613843
453,1000,price_impact,0.0
454,1000,price_impact,0.0
455,1000,price_impact,2.2279952013452426
456,1000,price_impact,1.3124998541705148
457,1000,price_impact,1.6556332385764154
458,1000,price_impact,0.0
459,1000,price_impact,0.39559296203092065
460,1000,price_impact,2.842191325878968
461,1000,price_impact,0.584089760829195
462,1000,price_impact,2.402879622908365
463,1000,price_impact,2.273707255970789
464,1000,price_impact,2.5654385511295934
465,1000,price_impact,0.5976308380788231
466,1000,price_impact,1.3707925802932635
467,1000,price_impact,1.0558629741707655
468,1000,price_impact,1.4035315321610375
469,1000,price_impact,0.0
470,1000,price_impact,0.3901043513103123
471,1000,price_impact,0.0
472,1000,price_impact,0.0
473,1000,price_impact,1.3478588811601386
474,1000,price_impact,2.675979853756002
475,1000,price_impact,-0.25624329202684876
476,1000,price_impact,5.456303009553105
477,1000,price_impact,1.8724393149694625
478,1000,price_impact,1.20806738147885
479,1000,price_impact,0.0
480,1000,price_impact,3.369311960391011
481,1000,price_impact,1.3247245014615583
482,1000,price_impact,-0.03314529334236371
483,1000,price_impact,1.7197375560218908
484,1000,price_impact,0.9844921024871631
485,1000,price_impact,1.4084956496357985
486,1000,price_impact,0.5476982363832512
487,1000,price_impact,3.5549532182492025
488,1000,price_impact,1.640687412347643
489,1000,price_impact,1.4476540740371486
490,1000,price_impact,0.0
491,1000,price_impact,4.267793613070093
492,1000,price_impact,0.0
493,1000,price_impact,0.3465829186440882
494,1000,price_impact,0.0
495,1000,price_impact,4.528573988056717
496,1000,price_impact,0.7168055874342025
497,1000,price_impact,0.4291033722152877
498,1000,price_impact,2.573595238119861
499,1000,price_impact,2.6518906900251737
500,1000,price_impact,3.0731797559127805
501,1000,price_impact,1.2009785878321033
502,1000,price_impact,0.8218103712325688
503,1000,price_impact,-0.4159837556085748
504,1000,price_impact,1.986953722844561
505,1000,price_impact,3.855815322620683
506,1000,price_impact,0.45183036649585395
507,1000,price_impact,5.385403676375548
508,1000,price_impact,1.1406371949159633
509,1000,price_impact,6.120066176694649
510,1000,price_impact,1.9474825885429539
511,1000,price_impact,1.4661170470001412
512,1000,price_impact,3.2441307008924856
513,1000,price_impact,0.21293251760647436
514,1000,price_impact,3.0383478288095533
515,1000,price_impact,0.0
516,1000,price_impact,5.178965380995979
517,1000,price_impact,6.491919153610089
518,1000,price_impact,-0.22735063869640249
519,1000,price_impact,2.2363812647663797
520,1000,price_impact,0.891437060706313
521,1000,price_impact,2.5053402004468945
522,1000,price_impact,0.0
523,1000,price_impact,2.0756492779449163
524,1000,price_impact,2.2218754194904164
525,1000,price_impact,0.0
526,1000,price_impact,2.473838186961212
527,1000,price_impact,0.0
528,1000,price_impact,0.0
529,1000,price_impact,2.17593225953671
530,1000,price_impact,0.4276969149969061
531,1000,price_impact,4.759963685867211
532,1000,price_impact,5.034101709968827
533,1000,price_impact,3.751284649629778
534,1000,price_impact,-0.17147568233724075
535,1000,price_impact,0.0
536,1000,price_impact,1.3809022160420898
537,1000,price_impact,1.7435129455171334
538,1000,price_impact,0.0
539,1000,price_impact,0.8022340808126504
540,1000,price_impact,0.9076181805870536
541,1000,price_impact,1.2741652371259147
542,1000,price_impact,0.0
543,1000,price_impact,2.1119511442840744
544,1000,price_impact,0.8365869372530488
545,1000,price_impact,0.6144028659860745
546,1000,price_impact,0.8364788691998987
547,1000,price_impact,-0.07702442305811996
548,1000,price_impact,0.0
549,1000,price_impact,0.0
550,1000,price_impact,3.462917816928388
551,1000,price_impact,0.0
552,1000,price_impact,1.44127289260994
553,1000,price_impact,0.0
554,1000,price_impact,2.907173087677397
555,1000,price_impact,0.0
556,1000,price_impact,0.0
557,1000,price_impact,0.0
558,1000,price_impact,0.7054077471249625
559,1000,price_impact,2.5355231304038184
560,1000,price_impact,-0.24646180697625486
561,1000,price_impact,0.868445178561527
562,1000,price_impact,5.6658977553632575
563,1000,price_impact,0.6154300633785126
564,1000,price_impact,0.0
565,1000,price_impact,2.0973828018885974
566,1000,price_impact,0.0
567,1000,price_impact,0.0
568,1000,price_impact,3.3317018922857535
569,1000,price_impact,0.0
570,1000,price_impact,4.247616230260515
571,1000,price_impact,0.0
572,1000,price_impact,4.034968121987113
573,1000,price_impact,1.3457307497094597
574,1000,price_impact,4.139358460685283
575,1000,price_impact,1.285740248724255
576,1000,price_impact,0.9698093851736556
577,1000,price_impact,0.4063531518285696
578,1000,price_impact,0.7788045339972359
579,1000,price_impact,1.1075950363716194
580,1000,price_impact,0.0
581,1000,price_impact,1.5549183620706022
582,1000,price_impact,1.3223368214996412
583,1000,price_impact,1.1402002319968072
584,1000,price_impact,2.6350304557238537
585,1000,price_impact,7.541281890824764
586,1000,price_impact,2.480592480728862
587,1000,price_impact,0.0
588,1000,price_impact,1.1768180240565487
589,1000,price_impact,3.6323795551184213
590,1000,price_impact,0.7738535779232676
591,1000,price_impact,0.9012318298237922
592,1000,price_impact,3.3033819701898355
593,1000,price_impact,3.0693006347539935
594,1000,price_impact,0.8625464138107106
595,1000,price_impact,0.0
596,1000,price_impact,1.829522365883618
597,1000,price_impact,1.6726743848564032
598,1000,price_impact,1.6396213491060176
599,1000,price_impact,0.0
0,1000,profits,0.572370643197346
1,1000,profits,1.861436194829234
2,1000,profits,-2.816557353152891
3,1000,profits,-2.688885472645721
4,1000,profits,2.0057985375821876
5,1000,profits,2.0765643081761915
6,1000,profits,1.4586042365602454
7,1000,profits,-1.5658072140090002
8,1000,profits,1.1265058120347924
9,1000,profits,1.1425681945360269
10,1000,profits,4.8149954421526155
11,1000,profits,0.0
12,1000,profits,-0.5929297425873659
13,1000,profits,1.1777663582314255
14,1000,profits,3.4312057816281865
15,1000,profits,-0.8058648265482538
16,1000,profits,-5.290883343785317
17,1000,profits,0.0
18,1000,profits,0.0
19,1000,profits,-2.5487155200100755
20,1000,profits,0.0
21,1000,profits,-0.6228167980936177
22,1000,profits,0.0
23,1000,profits,3.0378507047589633
24,1000,profits,0.6575867863559104
25,1000,profits,0.0
26,1000,profits,1.1195264860157683
27,1000,profits,2.318806620479344
28,1000,profits,1.0702339502000688
29,1000,profits,2.0495328996385456
30,1000,profits,2.372701323059815
31,1000,profits,0.15130913867009516
32,1000,profits,2.114852930096114
33,1000,profits,0.8885103812361348
34,1000,profits,1.4845847968947925
35,1000,profits,5.673762215524054
36,1000,profits,-0.8440141097998335
37,1000,profits,0.0
38,1000,profits,0.3928079094949788
39,1000,profits,1.1058546459470069
40,1000,profits,-1.4343923518549313
41,1000,profits,-3.382790002559058
42,1000,profits,3.252236955714712
43,1000,profits,-1.0928652575840307
44,1000,profits,0.0
45,1000,profits,1.3403949013657623
46,1000,profits,0.10152523673502994
47,1000,profits,-3.2140945856854533
48,1000,profits,-1.5199550174082557
49,1000,profits,1.212869726105628
50,1000,profits,0.0
51,1000,profits,0.0
52,1000,profits,2.8796488090139873
53,1000,profits,2.6550133039693518
54,1000,profits,3.1522671392283037
55,1000,profits,-3.2118347931290803
56,1000,profits,0.932030307326788
57,1000,profits,-4.380771061414044
58,1000,profits,0.0
59,1000,profits,-1.5057933947596862
60,1000,profits,0.0
61,1000,profits,-0.6645506801514431
62,1000,profits,0.555648740454097
63,1000,profits,1.6263970249227666
64,1000,profits,1.8630336056858148
65,1000,profits,0.7714088814531499
66,1000,profits,2.030176221425071
67,1000,profits,4.069245200771542
68,1000,profits,-2.0532717374758347
69,1000,profits,1.7070199054030435
70,1000,profits,-5.223048683925429
71,1000,profits,-0.13677157634836457
72,1000,profits,-0.1918686930143256
73,1000,profits,-0.01793368825336472
74,1000,profits,-2.1003269405733684
75,1000,profits,-0.5871214226447272
76,1000,profits,1.588768309259507
77,1000,profits,-0.26613672411169825
78,1000,profits,0.5786625824740899
79,1000,profits,-2.0901058695098524
80,1000,profits,-1.1613013900525324
81,1000,profits,-1.2140113746197554
82,1000,profits,-6.076392107606844
83,1000,profits,0.0
84,1000,profits,0.4888266503372003
85,1000,profits,2.417562692722044
86,1000,profits,-0.07211771888836105
87,1000,profits,0.0
88,1000,profits,-0.7068713279411996
89,1000,profits,-3.057342178984847
90,1000,profits,3.2733812715892823
91,1000,profits,3.2684890526426225
92,1000,profits,3.006199956113063
93,1000,profits,-0.21532493914235984
94,1000,profits,-1.8199511862903992
95,1000,profits,-1.6640149793308985
96,1000,profits,3.457124698444869
97,1000,profits,0.0
98,1000,profits,0.0
99,1000,profits,3.7230797771466064
100,1000,profits,-0.4252537301588726
101,1000,profits,-1.758340219355261
102,1000,profits,0.8078350031710237
103,1000,profits,1.6637535916128134
104,1000,profits,-1.7083808676160355
105,1000,profits,0.7887007799672783
106,1000,profits,0.0
107,1000,profits,-2.8141660973049123
108,1000,profits,-3.148721154377
109,1000,profits,3.0624942224387315
110,1000,profits,0.0
111,1000,profits,1.3727233888493617
112,1000,profits,0.0
113,1000,profits,2.2492352735351
114,1000,profits,0.48611924549633384
115,1000,profits,-0.3032939668767683
116,1000,profits,-2.7279351786791204
117,1000,profits,0.0
118,1000,profits,3.4288572138437106
119,1000,profits,0.0
120,1000,profits,0.0
121,1000,profits,-0.012315862962669816
122,1000,profits,0.0
123,1000,profits,-1.4125903723424957
124,1000,profits,-0.9633546423893018
125,1000,profits,3.0640762511028106
126,1000,profits,0.0
127,1000,profits,-1.1551597094235904
128,1000,profits,1.43579469201227
129,1000,profits,1.5506715118163665
130,1000,profits,0.13842540470189268
131,1000,profits,-3.4221919882147938
132,1000,profits,-0.32965776985822776
133,1000,profits,0.0
134,1000,profits,4.601342708255246
135,1000,profits,0.7372076840441588
136,1000,profits,0.8250729211599865
137,1000,profits,0.0
138,1000,profits,0.8116899803438806
139,1000,profits,0.03297326572893913
140,1000,profits,0.7534913919823365
141,1000,profits,1.3103880878676666
142,1000,profits,-1.1699597507561594
143,1000,profits,0.5441187213423176
144,1000,profits,0.0
145,1000,profits,3.2083622106805976
146,1000,profits,4.865843324186546
147,1000,profits,-0.6016984575008182
148,1000,profits,0.35879639916386663
149,1000,profits,0.0
150,1000,profits,4.992482617021042
151,1000,profits,0.0
152,1000,profits,0.7830560617867462
153,1000,profits,-2.287795218663616
154,1000,profits,6.043640322392593
155,1000,profits,0.7398675795542955
156,1000,profits,-1.611036095897251
157,1000,profits,3.423432284417308
158,1000,profits,1.1480524401624501
159,1000,profits,-0.39766779334976377
160,1000,profits,-3.6218049744217926
161,1000,profits,0.0
162,1000,profits,3.7069861336726646
163,1000,profits,0.287464792062049
164,1000,profits,-3.416370828688064
165,1000,profits,6.072566276721464
166,1000,profits,0.8102123149405511
167,1000,profits,0.0
168,1000,profits,0.0
169,1000,profits,-0.6582035822061338
170,1000,profits,4.058194066555073
171,1000,profits,2.767259712361873
172,1000,profits,4.148775785349482
173,1000,profits,0.0
174,1000,profits,-0.6294866198328362
175,1000,profits,0.0
176,1000,profits,0.0
177,1000,profits,2.611679558647758
178,1000,profits,2.449870595208203
179,1000,profits,2.4683231332023645
180,1000,profits,0.6009304576781048
181,1000,profits,2.172245468764488
182,1000,profits,-3.5936758139270384
183,1000,profits,0.6656170984559286
184,1000,profits,1.3639563072610685
185,1000,profits,-2.9426640586368786
186,1000,profits,2.5423016517189163
187,1000,profits,-0.2157450232153107
188,1000,profits,0.9918197007557249
189,1000,profits,0.0
190,1000,profits,-2.7722835634866647
191,1000,profits,1.1847334148033444
192,1000,profits,1.4292148838903538
193,1000,profits,-1.6618493663047906
194,1000,profits,0.0
195,1000,profits,0.0
196,1000,profits,5.0564693939142495
197,1000,profits,0.07222869196764692
198,1000,profits,1.5678171426816896
199,1000,profits,-3.658776049153172
200,1000,profits,1.6736726461319873
201,1000,profits,4.220750864688157
202,1000,profits,6.7786464966778235
203,1000,profits,-2.4534555545296097
204,1000,profits,0.0
205,1000,profits,-3.341645271274846
206,1000,profits,-1.9697627957230193
207,1000,profits,2.7665449606804824
208,1000,profits,1.0594981744715752
209,1000,profits,0.0
210,1000,profits,-2.8828383490029883
211,1000,profits,0.28382889842810716
212,1000,profits,3.459422969455099
213,1000,profits,-0.23851933858870944
214,1000,profits,0.0
215,1000,profits,-1.0349298965669478
216,1000,profits,-0.7139928237283559
217,1000,profits,2.6687096467001847
218,1000,profits,0.2970044284950347
219,1000,profits,5.644982658611695
220,1000,profits,0.3433886884773114
221,1000,profits,0.0
222,1000,profits,-0.5205863398513726
223,1000,profits,-3.003200459075788
224,1000,profits,-0.8446304390500426
225,1000,profits,0.0
226,1000,profits,-2.217330289930145
227,1000,profits,0.0
228,1000,profits,0.0
229,1000,profits,2.343836692379102
230,1000,profits,2.327897641098733
231,1000,profits,0.0
232,1000,profits,0.0
233,1000,profits,0.0
234,1000,profits,-1.7795932427387602
235,1000,profits,-1.0446328179559448
236,1000,profits,0.0
237,1000,profits,-2.3746532099490034
238,1000,profits,1.5089242920588235
239,1000,profits,-4.528778379433133
240,1000,profits,2.4591821394589166
241,1000,profits,3.044152000467327
242,1000,profits,1.1203184871304543
243,1000,profits,-4.456103079529318
244,1000,profits,-5.039829121930232
245,1000,profits,0.1372549334089358
246,1000,profits,1.2540585532602004
247,1000,profits,2.9629253451179722
248,1000,profits,-2.9441653384696407
249,1000,profits,-3.708294086379932
250,1000,profits,1.4585496320484272
251,1000,profits,0.5041097523074434
252,1000,profits,0.5454059570542229
253,1000,profits,0.0
254,1000,profits,0.38788774678031035
255,1000,profits,-0.18967558775551613
256,1000,profits,0.0
257,1000,profits,0.0
258,1000,profits,3.105778970492214
259,1000,profits,-1.985626960307805
260,1000,profits,-1.3615739042962947
261,1000,profits,-2.3394699522268683
262,1000,profits,0.0
263,1000,profits,-1.2739104048821734
264,1000,profits,0.5179727920962249
265,1000,profits,3.249850431177956
266,1000,profits,2.036094492716007
267,1000,profits,3.4378182769247325
268,1000,profits,6.607942017277095
269,1000,profits,2.5551400085416573
270,1000,profits,0.0
271,1000,profits,0.5888056158959633
272,1000,profits,5.002963989320558
273,1000,profits,0.6792070883587947
274,1000,profits,-2.370723463383598
275,1000,profits,-0.9523689154834687
276,1000,profits,0.0
277,1000,profits,-0.27217120592045013
278,1000,profits,1.7634317077038846
279,1000,profits,0.0
280,1000,profits,0.0
281,1000,profits,0.0
282,1000,profits,1.613798187397528
283,1000,profits,1.2116076370376991
284,1000,profits,0.0
285,1000,profits,2.818989780603527
286,1000,profits,1.9187947930137206
287,1000,profits,0.0
288,1000,profits,-0.9378575855564278
289,1000,profits,2.5721499076093775
290,1000,profits,-1.405851338638868
291,1000,profits,-3.9389808138422784
292,1000,profits,0.7787988921147845
293,1000,profits,0.0
294,1000,profits,-5.939090117163267
295,1000,profits,1.0011897450364866
296,1000,profits,0.0
297,1000,profits,1.9251014523042
298,1000,profits,0.0
299,1000,profits,2.2815544446081786
300,1000,profits,0.8694964003145282
301,1000,profits,0.0
302,1000,profits,-1.6370156769695343
303,1000,profits,2.636050232755004
304,1000,profits,2.632863778309222
305,1000,profits,1.0682332889593789
306,1000,profits,-1.2758790952164833
307,1000,profits,0.0
308,1000,profits,0.5546357260951911
309,1000,profits,0.0
310,1000,profits,4.701774633803558
311,1000,profits,0.2634291358977182
312,1000,profits,-2.0234160493195716
313,1000,profits,2.692314130395819
314,1000,profits,2.602973380379575
315,1000,profits,-1.9870504122019679
316,1000,profits,0.0
317,1000,profits,0.0
318,1000,profits,-1.2498773702826005
319,1000,profits,0.0
320,1000,profits,-1.9009870361647305
321,1000,profits,-3.4988828233416926
322,1000,profits,1.557482927032068
323,1000,profits,0.7787993970832328
324,1000,profits,-1.1432642601689875
325,1000,profits,0.0
326,1000,profits,-1.9036869847521416
327,1000,profits,-1.1090801476231318
328,1000,profits,-5.518654407492679
329,1000,profits,0.0
330,1000,profits,0.0
331,1000,profits,0.5363274188289793
332,1000,profits,2.1218210555012678
333,1000,profits,-2.6488661152160335
334,1000,profits,1.1715539948525955
335,1000,profits,-0.02469975326743365
336,1000,profits,1.2940675983542855
337,1000,profits,2.181700627133071
338,1000,profits,2.443015530748657
339,1000,profits,1.3943745278560207
340,1000,profits,1.2619776921418897
341,1000,profits,0.0
342,1000,profits,0.0
343,1000,profits,0.0
344,1000,profits,1.247970841702196
345,1000,profits,0.08685177795336874
346,1000,profits,-3.1849220988342757
347,1000,profits,1.531101852666675
348,1000,profits,-0.055693528509932644
349,1000,profits,1.6202347664743606
350,1000,profits,-1.765837074367805
351,1000,profits,3.8184510259744204
352,1000,profits,1.8947338410075325
353,1000,profits,-0.6615294472719335
354,1000,profits,0.0
355,1000,profits,0.0
356,1000,profits,0.0
357,1000,profits,-1.4914461077359984
358,1000,profits,0.45298773437294443
359,1000,profits,0.5864680476992137
360,1000,profits,1.8518045106564174
361,1000,profits,1.8524126300508619
362,1000,profits,0.6998569733315363
363,1000,profits,0.0
364,1000,profits,1.893087495679853
365,1000,profits,-3.8503121985714346
366,1000,profits,0.0
367,1000,profits,1.7931794768400935
368,1000,profits,1.8120638614274103
369,1000,profits,-0.059638543235458585
370,1000,profits,-0.11877046114245057
371,1000,profits,-1.175994489770726
372,1000,profits,0.2643399614914952
373,1000,profits,1.2522700806330933
374,1000,profits,2.1016454551342494
375,1000,profits,0.0
376,1000,profits,-1.4300367197299466
377,1000,profits,4.212221228534287
378,1000,profits,-4.110538764657353
379,1000,profits,0.0
380,1000,profits,-0.4986292978508437
381,1000,profits,0.0
382,1000,profits,-1.3348910755382186
383,1000,profits,-0.7137128311807025
384,1000,profits,-0.4830625954724963
385,1000,profits,0.8704988361920581
386,1000,profits,-0.9970459747109854
387,1000,profits,3.6170276537294668
388,1000,profits,-2.9762861472783007
389,1000,profits,4.476769411468547
390,1000,profits,0.0
391,1000,profits,1.7472074535246027
392,1000,profits,-1.6666790619991487
393,1000,profits,0.0
394,1000,profits,0.5260266026736264
395,1000,profits,-2.006987741106931
396,1000,profits,1.3137415679590485
397,1000,profits,-6.718660009920228
398,1000,profits,0.0
399,1000,profits,-3.2977532710538777
400,1000,profits,1.1541281684186797
401,1000,profits,-0.6754840464255359
402,1000,profits,2.9933186375942338
403,1000,profits,1.1896464041726922
404,1000,profits,-1.4534187559425593
405,1000,profits,-0.3570654408692544
406,1000,profits,0.6800392490116346
407,1000,profits,0.0
408,1000,profits,3.142173413144822
409,1000,profits,-0.045800235302541514
410,1000,profits,-1.5506433264999049
411,1000,profits,-0.5915759134391421
412,1000,profits,-1.0638641473572628
413,1000,profits,-4.1647060385076
414,1000,profits,-0.566703185260925
415,1000,profits,-0.6468999196145875
416,1000,profits,0.74202023752945
417,1000,profits,-2.5211825833365986
418,1000,profits,-2.7158683682168574
419,1000,profits,4.529250528826912
420,1000,profits,-0.850711145907262
421,1000,profits,0.5817834573223765
422,1000,profits,0.6524880254804468
423,1000,profits,3.90682035960997
424,1000,profits,2.0812129264894454
425,1000,profits,1.59399435860118
426,1000,profits,0.6855496367370731
427,1000,profits,0.12287521358218444
428,1000,profits,0.0
429,1000,profits,-1.9289598878897247
430,1000,profits,3.3825569269455076
431,1000,profits,1.1477370129503544
432,1000,profits,0.941340477620876
433,1000,profits,-0.7052442218863442
434,1000,profits,-4.659320308607394
435,1000,profits,0.7522486771529923
436,1000,profits,0.0
437,1000,profits,-3.8438641900265886
438,1000,profits,5.909520404995186
439,1000,profits,-0.8753979361443878
440,1000,profits,-1.547290637305902
441,1000,profits,0.0
442,1000,profits,2.0852764157487043
443,1000,profits,2.41383200941088
444,1000,profits,-1.2461575687771325
445,1000,profits,-0.15701813687222033
446,1000,profits,2.4665685182099026
447,1000,profits,2.1242199938641484
448,1000,profits,-1.9310793127322425
449,1000,profits,-4.905864152774382
450,1000,profits,0.0
451,1000,profits,0.0
452,1000,profits,0.0
453,1000,profits,0.0
454,1000,profits,-1.5957703806095789
455,1000,profits,3.9974269976729193
456,1000,profits,-0.9269378446147207
457,1000,profits,0.0
458,1000,profits,0.8719591061714431
459,1000,profits,2.512328326863159
460,1000,profits,-5.091287427763584
461,1000,profits,-4.614922697419043
462,1000,profits,0.0
463,1000,profits,-0.2047030248467503
464,1000,profits,-1.9760469514516292
465,1000,profits,1.7215004127007822
466,1000,profits,0.0
467,1000,profits,-1.6863412483471896
468,1000,profits,0.0
469,1000,profits,1.9527193144209478
470,1000,profits,2.5705864552429745
471,1000,profits,0.0
472,1000,profits,-1.2719224922923786
473,1000,profits,0.7760678614186467
474,1000,profits,0.7557016193780728
475,1000,profits,0.0
476,1000,profits,0.6959525035181451
477,1000,profits,-3.3602461035279245
478,1000,profits,3.3173886861484876
479,1000,profits,3.5551861390545807
480,1000,profits,-1.4498822618002678
481,1000,profits,0.0
482,1000,profits,-2.8172548483162276
483,1000,profits,-1.33194496387201
484,1000,profits,0.0
485,1000,profits,1.8258625764240048
486,1000,profits,-0.8129883078322574
487,1000,profits,3.965682342527878
488,1000,profits,1.6724723139332822
489,1000,profits,1.190949370261263
490,1000,profits,-2.478168303734926
491,1000,profits,-0.6581551898972181
492,1000,profits,-1.487340639085481
493,1000,profits,0.11064564921353603
494,1000,profits,0.3102499690486951
495,1000,profits,2.05613030615319
496,1000,profits,1.9445612451529632
497,1000,profits,-1.6155221247533373
498,1000,profits,1.9665554379343566
499,1000,profits,-1.544330694705445
500,1000,profits,-0.3440913333949949
501,1000,profits,1.9304047445880934
502,1000,profits,-1.2406846088374053
503,1000,profits,2.7256706657775673
504,1000,profits,0.0
505,1000,profits,1.9116473746141631
506,1000,profits,1.2881642230633377
507,1000,profits,2.3619387470741926
508,1000,profits,0.6809288112093282
509,1000,profits,1.5541802318097926
510,1000,profits,0.0
511,1000,profits,-1.4677019724199358
512,1000,profits,-1.2666613601058188
513,1000,profits,0.6710328176443205
514,1000,profits,-3.76994410861811
515,1000,profits,-0.8588484354800269
516,1000,profits,-6.691348378316073
517,1000,profits,0.0
518,1000,profits,-3.5412744651142805
519,1000,profits,0.6038579587095823
520,1000,profits,0.9411364824031406
521,1000,profits,1.6234997746528441
522,1000,profits,0.14295358858161422
523,1000,profits,3.1280105630905215
524,1000,profits,-0.6815786279124136
525,1000,profits,1.9040380196452178
526,1000,profits,-0.20843158076704021
527,1000,profits,0.0
528,1000,profits,-3.8342293382185337
529,1000,profits,-0.8474201004535197
530,1000,profits,1.0279324673315349
531,1000,profits,7.79155220484585
532,1000,profits,-1.6812673679312022
533,1000,profits,-0.8927999338082058
534,1000,profits,-1.0948158413362137
535,1000,profits,0.0
536,1000,profits,1.3331013470806488
537,1000,profits,4.798966735480082
538,1000,profits,4.686344713827236
539,1000,profits,2.0302815543691213
540,1000,profits,0.0
541,1000,profits,1.5840802892829489
542,1000,profits,2.4738274634665336
543,1000,profits,2.183315427303514
544,1000,profits,0.0
545,1000,profits,1.3647318679525497
546,1000,profits,-0.4371161712414798
547,1000,profits,0.9227940375099499
548,1000,profits,-0.035150632641819564
549,1000,profits,0.0
550,1000,profits,0.0
551,1000,profits,1.3805173620616928
552,1000,profits,2.1784974839972175
553,1000,profits,4.936996356796183
554,1000,profits,1.1145408746683134
555,1000,profits,-0.2990466901101888
556,1000,profits,-4.719319005085536
557,1000,profits,1.673053932570192
558,1000,profits,3.165371621525442
559,1000,profits,1.7997895183900097
560,1000,profits,1.9694132665768707
561,1000,profits,0.8454056942071648
562,1000,profits,-1.3091029626997082
563,1000,profits,0.0
564,1000,profits,1.374965318904262
565,1000,profits,-0.4475441494599418
566,1000,profits,-0.9249276369607783
567,1000,profits,0.0
568,1000,profits,2.0660384663076132
569,1000,profits,0.7593714136838055
570,1000,profits,1.6669470061286549
571,1000,profits,-1.511491134805594
572,1000,profits,-1.7082699984094405
573,1000,profits,0.0
574,1000,profits,0.0
575,1000,profits,3.594990646745496
576,1000,profits,-1.8152604394036682
577,1000,profits,0.1731396489413738
578,1000,profits,-2.016008974661339
579,1000,profits,1.6941394345911063
580,1000,profits,0.5864825967473732
581,1000,profits,-1.5668291781622714
582,1000,profits,2.993715071021614
583,1000,profits,-0.7146337633867302
584,1000,profits,-1.0563480692120246
585,1000,profits,5.690375225475195
586,1000,profits,2.416983984471277
587,1000,profits,-0.9156008064243768
588,1000,profits,2.387638029219589
589,1000,profits,0.0
590,1000,profits,-1.0612810961290675
591,1000,profits,0.6920600135588606
592,1000,profits,0.0
593,1000,profits,1.2134394745036425
594,1000,profits,0.42470695457110064
595,1000,profits,4.410104892368365
596,1000,profits,2.3170384195339535
597,1000,profits,0.0
598,1000,profits,2.406528075573274
599,1000,profits,1.1154133684869365
0,10000,price_impact,1.8476723744936256
1,10000,price_impact,0.8559385239496784
2,10000,price_impact,1.6214236824394381
3,10000,price_impact,3.316397368026559
4,10000,price_impact,0.9719409146170654
5,10000,price_impact,5.223248211595369
6,10000,price_impact,1.1693407616356237
7,10000,price_impact,0.6715918307207416
8,10000,price_impact,4.152250766417975
9,10000,price_impact,0.8382930284283332
10,10000,price_impact,1.9876973374045792
11,10000,price_impact,1.0409224848143594
12,10000,price_impact,1.055424377207539
13,10000,price_impact,4.419820479658468
14,10000,price_impact,3.407344596566605
15,10000,price_impact,3.5193285339668585
16,10000,price_impact,0.6425367337178123
17,10000,price_impact,1.9304213489422484
18,10000,price_impact,2.227107457356243
19,10000,price_impact,2.578452633867732
20,10000,price_impact,1.1468778951752538
21,10000,price_impact,1.498925454712037
22,10000,price_impact,3.7941361192858674
23,10000,price_impact,2.9771650512375176
24,10000,price_impact,0.5186108483063321
25,10000,price_impact,2.728405454231655
26,10000,price_impact,2.243095748189777
27,10000,price_impact,0.4082579960494664
28,10000,price_impact,0.0
29,10000,price_impact,1.7671866667846743
30,10000,price_impact,2.1948373033075868
31,10000,price_impact,0.882430552561709
32,10000,price_impact,2.6969305564762176
33,10000,price_impact,0.0
34,10000,price_impact,0.0
35,10000,price_impact,1.612015028874275
36,10000,price_impact,6.019457017866859
37,10000,price_impact,3.2966825403254845
38,10000,price_impact,5.14203698850891
39,10000,price_impact,0.0
40,10000,price_impact,4.629433220986386
41,10000,price_impact,1.6494016985648527
42,10000,price_impact,4.47705788345061
43,10000,price_impact,0.7250816643680323
44,10000,price_impact,0.6219748548170916
45,10000,price_impact,3.1862779775032313
46,10000,price_impact,0.0
47,10000,price_impact,9.706920619586064
48,10000,price_impact,0.7211865584839177
49,10000,price_impact,2.201042278317785
50,10000,price_impact,3.800751242935047
51,10000,price_impact,7.4254770440855635
52,10000,price_impact,0.30957671309300516
53,10000,price_impact,2.9786064330199364
54,10000,price_impact,3.655632577958825
55,10000,price_impact,1.5717563193713562
56,10000,price_impact,0.6090837895060139
57,10000,price_impact,-0.4450581991852173
58,10000,price_impact,0.8480928018954629
59,10000,price_impact,1.7670653056637886
60,10000,price_impact,-0.05516555328984232
61,10000,price_impact,2.14995745992385
62,10000,price_impact,0.12760643811293593
63,10000,price_impact,0.0
64,10000,price_impact,0.0
65,10000,price_impact,0.0
66,10000,price_impact,0.49550597252671313
67,10000,price_impact,1.6684201868862851
68,10000,price_impact,6.478999223129105
69,10000,price_impact,1.9845652692904072
70,10000,price_impact,0.0
71,10000,price_impact,1.622658666423018
72,10000,price_impact,3.367883793161976
73,10000,price_impact,0.0
74,10000,price_impact,2.2614155063574928
75,10000,price_impact,2.0541629403723753
76,10000,price_impact,3.280093055843211
77,10000,price_impact,2.3263394821327497
78,10000,price_impact,-0.6955669059743181
79,10000,price_impact,2.830345391733425
80,10000,price_impact,1.588946655284863
81,10000,price_impact,1.3143819350036918
82,10000,price_impact,2.270916809039426
83,10000,price_impact,4.242748852522531
84,10000,price_impact,0.0
85,10000,price_impact,5.2944664759464315
86,10000,price_impact,0.4877188040282906
87,10000,price_impact,2.4408523716488526
88,10000,price_impact,3.0022809072940913
89,10000,price_impact,3.841214767993215
90,10000,price_impact,0.518678018297231
91,10000,price_impact,0.8064441950428147
92,10000,price_impact,2.4990847253621356
93,10000,price_impact,9.497650230628697
94,10000,price_impact,1.0014536130809564
95,10000,price_impact,1.6667328882037589
96,10000,price_impact,4.344985628145513
97,10000,price_impact,1.2318334687910413
98,10000,price_impact,1.317604561342026
99,10000,price_impact,0.0
100,10000,price_impact,2.6110390991889707
101,10000,price_impact,2.6736172440430326
102,10000,price_impact,1.610359587651875
103,10000,price_impact,2.292240074011218
104,10000,price_impact,2.9279703220002724
105,10000,price_impact,2.891473933866117
106,10000,price_impact,4.330932936469892
107,10000,price_impact,0.6699566646427761
108,10000,price_impact,0.0
109,10000,price_impact,0.8126387892711582
110,10000,price_impact,0.0
111,10000,price_impact,2.3054011809737167
112,10000,price_impact,0.0
113,10000,price_impact,0.615225612288663
114,10000,price_impact,3.1615358915888376
115,10000,price_impact,2.2845025015958984
116,10000,price_impact,3.912240604222788
117,10000,price_impact,1.854608238078719
118,10000,price_impact,0.0
119,10000,price_impact,2.0399627451321733
120,10000,price_impact,2.5285078698568126
121,10000,price_impact,3.9173402343466424
122,10000,price_impact,2.290383792216006
123,10000,price_impact,5.762631324147165
124,10000,price_impact,1.2515131410539486
125,10000,price_impact,0.0
126,10000,price_impact,0.9019923079734555
127,10000,price_impact,1.7670418072180587
128,10000,price_impact,1.8222481773419932
129,10000,price_impact,4.506145291161536
130,10000,price_impact,0.8517195030234884
131,10000,price_impact,1.634760939824173
132,10000,price_impact,2.7871308222340807
133,10000,price_impact,0.0
134,10000,price_impact,1.415065510040733
135,10000,price_impact,3.0916900673919425
136,10000,price_impact,5.600204164323016
137,10000,price_impact,1.339041055994862
138,10000,price_impact,0.45845326147126464
139,10000,price_impact,0.0
140,10000,price_impact,-0.7793793560602684
141,10000,price_impact,1.895351584256915
142,10000,price_impact,5.650226552887355
143,10000,price_impact,3.1467360680329843
144,10000,price_impact,-0.3318886343628811
145,10000,price_impact,0.7533008478237087
146,10000,price_impact,0.8495690457750648
147,10000,price_impact,-0.11311634712413185
148,10000,price_impact,1.2872704400110548
149,10000,price_impact,4.833443145175959
150,10000,price_impact,3.9112575741870703
151,10000,price_impact,2.556230392307085
152,10000,price_impact,4.505905284496867
153,10000,price_impact,4.342715719412246
154,10000,price_impact,0.41016743875692807
155,10000,price_impact,2.104843483732161
156,10000,price_impact,1.694740466004275
157,10000,price_impact,3.76002574997936
158,10000,price_impact,5.59267131755814
159,10000,price_impact,1.6926816957487139
160,10000,price_impact,0.0
161,10000,price_impact,0.0
162,10000,price_impact,6.710828978959368
163,10000,price_impact,2.647450404166558
164,10000,price_impact,0.7876326023427008
165,10000,price_impact,1.8651707927087373
166,10000,price_impact,2.0604819709418587
167,10000,price_impact,0.0
168,10000,price_impact,2.0307074926999253
169,10000,price_impact,3.871812672637777
170,10000,price_impact,0.0
171,10000,price_impact,4.250363076395486
172,10000,price_impact,2.5648552589535467
173,10000,price_impact,3.001200410582941
174,10000,price_impact,8.656746117861218
175,10000,price_impact,5.465485131148691
176,10000,price_impact,0.28194132114320747
177,10000,price_impact,0.0
178,10000,price_impact,1.9169212200013108
179,10000,price_impact,1.7798775824203548
180,10000,price_impact,0.0
181,10000,price_impact,2.103219528316921
182,10000,price_impact,0.5390696081883848
183,10000,price_impact,-0.055016612524755315
184,10000,price_impact,-0.23244215912723193
185,10000,price_impact,1.6403971528323449
186,10000,price_impact,0.7835117419518312
187,10000,price_impact,0.0
188,10000,price_impact,0.0
189,10000,price_impact,1.1367019445736135
190,10000,price_impact,1.9564463160350924
191,10000,price_impact,3.5619066596577293
192,10000,price_impact,0.6201891672319764
193,10000,price_impact,0.0
194,10000,price_impact,-1.1697553845562478
195,10000,price_impact,1.8720237414259513
196,10000,price_impact,0.0
197,10000,price_impact,0.0
198,10000,price_impact,0.0
199,10000,price_impact,5.719417629597255
200,10000,price_impact,1.621034313403366
201,10000,price_impact,0.9475112988640894
202,10000,price_impact,0.26882587018907833
203,10000,price_impact,0.0
204,10000,price_impact,0.0
205,10000,price_impact,0.0
206,10000,price_impact,0.0
207,10000,price_impact,1.3267929222964665
208,10000,price_impact,3.5846942415639873
209,10000,price_impact,0.2059514823589036
210,10000,price_impact,0.0
211,10000,price_impact,3.8729851772206265
212,10000,price_impact,0.0
213,10000,price_impact,3.928198825926869
214,10000,price_impact,1.0436523298191653
215,10000,price_impact,1.5105751809802208
216,10000,price_impact,3.314753519602782
217,10000,price_impact,2.891157320323049
218,10000,price_impact,1.4796988800696054
219,10000,price_impact,4.885000922221644
220,10000,price_impact,0.26954545258936763
221,10000,price_impact,0.3397424256602498
222,10000,price_impact,1.7849695988747907
223,10000,price_impact,0.0
224,10000,price_impact,0.0
225,10000,price_impact,0.0
226,10000,price_impact,6.528775491619447
227,10000,price_impact,0.5615824194044297
228,10000,price_impact,4.2119020950265345
229,10000,price_impact,4.653695313029655
230,10000,price_impact,0.6175739417826002
231,10000,price_impact,2.6847085312092673
232,10000,price_impact,1.3345151224271083
233,10000,price_impact,1.042199123464193
234,10000,price_impact,0.5425732444827897
235,10000,price_impact,2.821164186643323
236,10000,price_impact,4.1902426230748375
237,10000,price_impact,1.0041235997143931
238,10000,price_impact,2.8602970197041038
239,10000,price_impact,2.1113559499992083
240,10000,price_impact,0.880413019995169
241,10000,price_impact,2.335099962502733
242,10000,price_impact,1.8685588090597847
243,10000,price_impact,1.7690808359521424
244,10000,price_impact,1.8385936255988558
245,10000,price_impact,-0.3536002398212973
246,10000,price_impact,5.125968097537632
247,10000,price_impact,2.111370968856292
248,10000,price_impact,0.0
249,10000,price_impact,0.0
250,10000,price_impact,1.4995514492692028
251,10000,price_impact,1.0291670337916838
252,10000,price_impact,0.47443901639871805
253,10000,price_impact,1.0918561540566254
254,10000,price_impact,4.1022178000901075
255,10000,price_impact,1.5974302919548526
256,10000,price_impact,0.0
257,10000,price_impact,0.34008819973285953
258,10000,price_impact,2.8906169150344434
259,10000,price_impact,2.109768698805728
260,10000,price_impact,3.1977769882487
261,10000,price_impact,3.436742005388695
262,10000,price_impact,0.0
263,10000,price_impact,0.8260240648876167
264,10000,price_impact,0.0
265,10000,price_impact,2.6619106632477436
266,10000,price_impact,-0.09357553941483587
267,10000,price_impact,-0.7011984260491515
268,10000,price_impact,4.2625194096820485
269,10000,price_impact,1.2707166370650151
270,10000,price_impact,3.4517053963517115
271,10000,price_impact,0.4416189111535056
272,10000,price_impact,1.9655632215116934
273,10000,price_impact,3.8167913978365418
274,10000,price_impact,2.2709142125810216
275,10000,price_impact,2.827195857101598
276,10000,price_impact,3.2835383255334447
277,10000,price_impact,0.0
278,10000,price_impact,0.7074177522909639
279,10000,price_impact,3.2025203581104744
280,10000,price_impact,1.024390421240675
281,10000,price_impact,1.6528907182755355
282,10000,price_impact,3.3514042965809425
283,10000,price_impact,1.7082113368787493
284,10000,price_impact,0.0
285,10000,price_impact,0.0
286,10000,price_impact,1.8428480980984108
287,10000,price_impact,3.6183497621982332
288,10000,price_impact,0.0
289,10000,price_impact,0.0
290,10000,price_impact,1.6988081570758897
291,10000,price_impact,2.788145137801362
292,10000,price_impact,1.7256459456937607
293,10000,price_impact,0.0
294,10000,price_impact,0.6630706984705679
295,10000,price_impact,4.495690461355728
296,10000,price_impact,1.700336270457341
297,10000,price_impact,3.0210431211811715
298,10000,price_impact,3.243226773173097
299,10000,price_impact,0.0
300,10000,price_impact,1.946153173473677
301,10000,price_impact,7.125749308875702
302,10000,price_impact,6.648213053130056
303,10000,price_impact,1.8323643894901616
304,10000,price_impact,5.2952038380407185
305,10000,price_impact,0.6195650692572731
306,10000,price_impact,2.1959538701437284
307,10000,price_impact,3.348822532894306
308,10000,price_impact,1.6917109036305622
309,10000,price_impact,1.2764766670462655
310,10000,price_impact,0.6242847361897346
311,10000,price_impact,0.9938507996706492
312,10000,price_impact,1.9120346798608607
313,10000,price_impact,3.8124646931465147
314,10000,price_impact,2.591787495096269
315,10000,price_impact,0.3162396026146907
316,10000,price_impact,0.4383749421191342
317,10000,price_impact,3.975640596273878
318,10000,price_impact,2.9029318784522826
319,10000,price_impact,0.9538303186378225
320,10000,price_impact,3.640362072149862
321,10000,price_impact,0.32221012318007247
322,10000,price_impact,4.410763050243264
323,10000,price_impact,2.1918591725995413
324,10000,price_impact,2.3159455869910417
325,10000,price_impact,0.0
326,10000,price_impact,3.3478727589903667
327,10000,price_impact,0.9641500534725351
328,10000,price_impact,2.386572364508304
329,10000,price_impact,2.5003509974327347
330,10000,price_impact,1.7749301276968315
331,10000,price_impact,1.2790880055806408
332,10000,price_impact,0.09551651764829416
333,10000,price_impact,0.0
334,10000,price_impact,2.580043151844607
335,10000,price_impact,1.1861411061757896
336,10000,price_impact,0.0
337,10000,price_impact,4.466711510654703
338,10000,price_impact,2.648782864616854
339,10000,price_impact,2.4601189701977892
340,10000,price_impact,0.0
341,10000,price_impact,4.610642777281492
342,10000,price_impact,0.2485438484263336
343,10000,price_impact,1.6974050959526785
344,10000,price_impact,1.5335873868983865
345,10000,price_impact,2.9515643035323675
346,10000,price_impact,3.7103681018306705
347,10000,price_impact,0.0
348,10000,price_impact,1.3714619301816866
349,10000,price_impact,2.035682929031666
350,10000,price_impact,0.0
351,10000,price_impact,0.0
352,10000,price_impact,3.0659765928781826
353,10000,price_impact,4.637378465235792
354,10000,price_impact,2.6622598829625646
355,10000,price_impact,3.782312785225701
356,10000,price_impact,2.1532213670058846
357,10000,price_impact,3.803420732316932
358,10000,price_impact,0.0
359,10000,price_impact,0.47520066457134724
360,10000,price_impact,2.738116445242801
361,10000,price_impact,0.0
362,10000,price_impact,7.043395410580271
363,10000,price_impact,1.5834240178597685
364,10000,price_impact,-0.28405115509239054
365,10000,price_impact,1.9949817624607373
366,10000,price_impact,0.7647774465220573
367,10000,price_impact,3.3734207694685825
368,10000,price_impact,3.648896583872959
369,10000,price_impact,2.078673590020081
370,10000,price_impact,-0.3678796189826936
371,10000,price_impact,0.8715132471121302
372,10000,price_impact,0.0
373,10000,price_impact,1.9563138993748594
374,10000,price_impact,2.205752256168064
375,10000,price_impact,0.0
376,10000,price_impact,2.7424484248213394
377,10000,price_impact,2.247274652684729
378,10000,price_impact,3.083398640165373
379,10000,price_impact,0.14740101476369194
380,10000,price_impact,2.1702801389852793
381,10000,price_impact,0.0
382,10000,price_impact,3.0666952537185006
383,10000,price_impact,1.9139981160744635
384,10000,price_impact,2.8797302410467718
385,10000,price_impact,5.991264858951503
386,10000,price_impact,0.0
387,10000,price_impact,0.5865635041023778
388,10000,price_impact,0.9594522646720566
389,10000,price_impact,1.7138983225167532
390,10000,price_impact,6.630546713669792
391,10000,price_impact,1.5165472787804075
392,10000,price_impact,0.0
393,10000,price_impact,3.597841129083181
394,10000,price_impact,0.0
395,10000,price_impact,2.577019982689205
396,10000,price_impact,3.9580371729003567
397,10000,price_impact,0.0248960299955045
398,10000,price_impact,2.7083574058107827
399,10000,price_impact,0.0
400,10000,price_impact,0.8075807180028143
401,10000,price_impact,1.469728852562156
402,10000,price_impact,0.09532152889990653
403,10000,price_impact,2.212788151813201
404,10000,price_impact,3.1352629172216506
405,10000,price_impact,4.15729350665061
406,10000,price_impact,1.102350132025995
407,10000,price_impact,0.0
408,10000,price_impact,0.7466039894392467
409,10000,price_impact,2.5667245719736136
410,10000,price_impact,3.7465810522753906
411,10000,price_impact,0.3954651501805752
412,10000,price_impact,2.122109767069963
413,10000,price_impact,2.603090507974135
414,10000,price_impact,3.553836630308108
415,10000,price_impact,4.766618078907927
416,10000,price_impact,7.235294439400271
417,10000,price_impact,2.4613393857431562
418,10000,price_impact,0.47134513867074945
419,10000,price_impact,1.6247735289566445
420,10000,price_impact,0.0
421,10000,price_impact,1.494387254748017
422,10000,price_impact,1.8619454793752017
423,10000,price_impact,3.0665415662208138
424,10000,price_impact,2.3442559383989394
425,10000,price_impact,0.6745337121482202
426,10000,price_impact,0.0
427,10000,price_impact,0.8600945402390696
428,10000,price_impact,1.4357615405665307
429,10000,price_impact,1.2316801318699202
430,10000,price_impact,1.0639135665851893
431,10000,price_impact,2.634075390307257
432,10000,price_impact,3.64014658709258
433,10000,price_impact,1.8520830176822516
434,10000,price_impact,0.0
435,10000,price_impact,3.9624558453240053
436,10000,price_impact,1.1956739661310032
437,10000,price_impact,0.6355892508173863
438,10000,price_impact,5.4854729369183985
439,10000,price_impact,0.9043860277072944
440,10000,price_impact,0.9441070939933791
441,10000,price_impact,0.0
442,10000,price_impact,1.8463631459155723
443,10000,price_impact,1.0725307438567815
444,10000,price_impact,0.0
445,10000,price_impact,1.6633646894878837
446,10000,price_impact,2.548788247828748
447,10000,price_impact,1.1537807951284949
448,10000,price_impact,9.175848156584689
449,10000,price_impact,1.7922852335216535
450,10000,price_impact,0.3519185257542301
451,10000,price_impact,4.084569289578443
452,10000,price_impact,3.478759569441034
453,10000,price_impact,1.2842368221089961
454,10000,price_impact,4.379725503516881
455,10000,price_impact,0.11356570708180613
456,10000,price_impact,-0.1519528169459322
457,10000,price_impact,-0.09500632047838053
458,10000,price_impact,0.0
459,10000,price_impact,1.9707431130584225
460,10000,price_impact,0.0
461,10000,price_impact,0.6449708615080871
462,10000,price_impact,-0.4985547166593865
463,10000,price_impact,1.880377937551325
464,10000,price_impact,2.074042757047575
465,10000,price_impact,0.0
466,10000,price_impact,4.162752666191276
467,10000,price_impact,4.145519208895679
468,10000,price_impact,1.4878041972446225
469,10000,price_impact,1.2625111147665666
470,10000,price_impact,3.6509248857422407
471,10000,price_impact,0.0
472,10000,price_impact,3.243736065540135
473,10000,price_impact,1.2757272337291714
474,10000,price_impact,1.2265030255116973
475,10000,price_impact,0.0
476,10000,price_impact,3.513822774935058
477,10000,price_impact,7.359901500410359
478,10000,price_impact,0.0
479,10000,price_impact,2.882030199792151
480,10000,price_impact,0.6290230175370592
481,10000,price_impact,0.13401634389262873
482,10000,price_impact,0.11707821103005925
483,10000,price_impact,6.139901205251823
484,10000,price_impact,3.5124522370826536
485,10000,price_impact,0.0
486,10000,price_impact,1.2594056908422637
487,10000,price_impact,0.6762500256460411
488,10000,price_impact,3.572349821463229
489,10000,price_impact,0.7474056649837402
490,10000,price_impact,3.0706406891088482
491,10000,price_impact,4.753794987210432
492,10000,price_impact,3.9002233158559734
493,10000,price_impact,5.145519208191428
494,10000,price_impact,0.8062776798966539
495,10000,price_impact,0.0
496,10000,price_impact,0.0
497,10000,price_impact,2.20416717681571
498,10000,price_impact,2.0183554541414885
499,10000,price_impact,2.030235027325695
500,10000,price_impact,0.0
501,10000,price_impact,3.3699793195806347
502,10000,price_impact,0.0
503,10000,price_impact,0.9417907492238895
504,10000,price_impact,1.3019470713879135
505,10000,price_impact,0.0
506,10000,price_impact,1.239799101170147
507,10000,price_impact,3.9813249328982736
508,10000,price_impact,1.040761472984007
509,10000,price_impact,3.812739587922364
510,10000,price_impact,4.547054172780883
511,10000,price_impact,1.8131305655461378
512,10000,price_impact,5.798359761482607
513,10000,price_impact,0.7606989698738136
514,10000,price_impact,3.0156596658066097
515,10000,price_impact,0.0
516,10000,price_impact,0.0
517,10000,price_impact,0.0
518,10000,price_impact,2.0639240316774625
519,10000,price_impact,4.739237649769865
520,10000,price_impact,3.1237388454886656
521,10000,price_impact,2.000129311661674
522,10000,price_impact,1.8773368205866365
523,10000,price_impact,7.825574291657792
524,10000,price_impact,0.5762781907811151
525,10000,price_impact,3.8969644385030047
526,10000,price_impact,4.421356506852661
527,10000,price_impact,0.0
528,10000,price_impact,4.146638293400115
529,10000,price_impact,4.859952309924017
530,10000,price_impact,0.5032595471218415
531,10000,price_impact,0.0
532,10000,price_impact,2.5190582140462183
533,10000,price_impact,0.0
534,10000,price_impact,0.6050996802415622
535,10000,price_impact,0.2705654792343518
536,10000,price_impact,2.164699683357772
537,10000,price_impact,2.507703897754832
538,10000,price_impact,0.0
539,10000,price_impact,3.46336443318613
540,10000,price_impact,3.2049537631107596
541,10000,price_impact,4.846763213421564
542,10000,price_impact,5.070370641406952
543,10000,price_impact,2.732721195206497
544,10000,price_impact,4.325217184846195
545,10000,price_impact,4.392077570393752
546,10000,price_impact,1.2816360813018748
547,10000,price_impact,0.0
548,10000,price_impact,1.2605111750638773
549,10000,price_impact,1.8955865575313144
550,10000,price_impact,0.0
551,10000,price_impact,1.2653587537466096
552,10000,price_impact,3.546331746024123
553,10000,price_impact,0.0
554,10000,price_impact,1.2000461897683348
555,10000,price_impact,0.861580893897429
556,10000,price_impact,1.782645686863148
557,10000,price_impact,0.34584476610936643
558,10000,price_impact,1.157163986808523
559,10000,price_impact,2.0436715943995467
560,10000,price_impact,0.8410770204037259
561,10000,price_impact,8.10949007532837
562,10000,price_impact,4.461159591296136
563,10000,price_impact,7.591795829276302
564,10000,price_impact,2.850173008354472
565,10000,price_impact,5.660454097384786
566,10000,price_impact,2.9705063904256606
567,10000,price_impact,3.5601082205348
568,10000,price_impact,-0.057998024625950995
569,10000,price_impact,2.48884646028285
570,10000,price_impact,2.972667779081939
571,10000,price_impact,6.8548315732188
572,10000,price_impact,-0.2266531763577586
573,10000,price_impact,0.0
574,10000,price_impact,0.7185447437078445
575,10000,price_impact,4.967618850916607
576,10000,price_impact,0.7143477530286766
577,10000,price_impact,1.3798938481150733
578,10000,price_impact,0.885045518043037
579,10000,price_impact,0.0
580,10000,price_impact,1.2154231653850935
581,10000,price_impact,5.014147377425282
582,10000,price_impact,1.6682014014385298
583,10000,price_impact,2.869887871304931
584,10000,price_impact,2.717546008022911
585,10000,price_impact,8.244479073350236
586,10000,price_impact,2.921279602299247
587,10000,price_impact,4.589740906215589
588,10000,price_impact,4.759689217674268
589,10000,price_impact,5.004907423859582
590,10000,price_impact,4.817076752079227
591,10000,price_impact,0.0
592,10000,price_impact,1.4072528940832885
593,10000,price_impact,0.0
594,10000,price_impact,3.746345504243346
595,10000,price_impact,5.188104205080111
596,10000,price_impact,0.0
597,10000,price_impact,5.132044616166889
598,10000,price_impact,0.0
599,10000,price_impact,4.325314829396962
0,10000,profits,2.968617939850371
1,10000,profits,-1.529693139422533
2,10000,profits,2.670783882164235
3,10000,profits,1.1485834976235858
4,10000,profits,-2.574226366743522
5,10000,profits,0.17310752880894203
6,10000,profits,2.06098720243607
7,10000,profits,1.3372378728525498
8,10000,profits,-0.1651321372038116
9,10000,profits,0.0
10,10000,profits,-2.4644849900462913
11,10000,profits,0.4434939558717855
12,10000,profits,-0.19175576323136692
13,10000,profits,0.0
14,10000,profits,2.7884511083181307
15,10000,profits,-1.695999423213528
16,10000,profits,-2.5865789939157633
17,10000,profits,3.933971496954793
18,10000,profits,-1.7867850988815976
19,10000,profits,0.0
20,10000,profits,0.0
21,10000,profits,2.3737033366979485
22,10000,profits,0.0
23,10000,profits,0.0
24,10000,profits,1.9691102434980097
25,10000,profits,0.0
26,10000,profits,3.1826725268863187
27,10000,profits,3.187973529598422
28,10000,profits,-2.0738195256758383
29,10000,profits,-1.478052899250566
30,10000,profits,-1.3443511101926795
31,10000,profits,1.6047235686819643
32,10000,profits,-0.34262466773012445
33,10000,profits,-1.1838804942659573
34,10000,profits,2.3552816101910157
35,10000,profits,-0.010001329015286053
36,10000,profits,0.0
37,10000,profits,-1.0268257353282566
38,10000,profits,0.879648721097726
39,10000,profits,-0.36513818357222616
40,10000,profits,0.0
41,10000,profits,-0.872268400034598
42,10000,profits,0.0
43,10000,profits,-3.351669744355046
44,10000,profits,0.0
45,10000,profits,2.922137489006996
46,10000,profits,0.0
47,10000,profits,-2.4469398966870566
48,10000,profits,0.0
49,10000,profits,0.2761755689153619
50,10000,profits,1.7864519901872307
51,10000,profits,1.6507362368835992
52,10000,profits,0.0
53,10000,profits,-1.635800859617508
54,10000,profits,-1.9347584073439312
55,10000,profits,2.649030489535724
56,10000,profits,-2.1033658603780783
57,10000,profits,2.044004310620377
58,10000,profits,1.5243053149155927
59,10000,profits,1.492337766683219
60,10000,profits,0.0
61,10000,profits,0.0
62,10000,profits,0.8492886874648231
63,10000,profits,0.4740569949520963
64,10000,profits,0.0
65,10000,profits,1.5698971956948244
66,10000,profits,0.0
67,10000,profits,1.8760362446224144
68,10000,profits,0.6835813001052231
69,10000,profits,0.0
70,10000,profits,-1.7072228517838188
71,10000,profits,-2.5953370467400614
72,10000,profits,-2.5225189608068552
73,10000,profits,0.0
74,10000,profits,-1.1154078452675118
75,10000,profits,-3.480947127172931
76,10000,profits,0.06427804113239821
77,10000,profits,-0.9845786258189302
78,10000,profits,-0.1330952256289062
79,10000,profits,1.0227034551997014
80,10000,profits,-2.595356066991144
81,10000,profits,1.335653088464139
82,10000,profits,-0.6950900982563762
83,10000,profits,-6.560852590412319
84,10000,profits,-3.213297003954441
85,10000,profits,2.613711940578582
86,10000,profits,-2.7370169390205232
87,10000,profits,-2.089861613413272
88,10000,profits,-0.7840779546238994
89,10000,profits,2.124465602265985
90,10000,profits,-1.0155041452848392
91,10000,profits,0.0
92,10000,profits,0.8840468876101841
93,10000,profits,0.0
94,10000,profits,1.4176246753663764
95,10000,profits,-0.9114034416144174
96,10000,profits,3.631027960353553
97,10000,profits,0.030803899702377013
98,10000,profits,0.29666863269754706
99,10000,profits,2.220018995812941
100,10000,profits,0.0
101,10000,profits,-0.5692367535187747
102,10000,profits,-3.8484582767904203
103,10000,profits,0.0
104,10000,profits,0.0
105,10000,profits,-0.979627527265913
106,10000,profits,1.62307844153296
107,10000,profits,-1.519036994598382
108,10000,profits,1.2612490326155368
109,10000,profits,0.5694383495877855
110,10000,profits,-0.8500959450831139
111,10000,profits,0.3176544012378333
112,10000,profits,0.0
113,10000,profits,0.14491356885720263
114,10000,profits,-4.607186971552079
115,10000,profits,2.99601830652383
116,10000,profits,-0.04696893462013657
117,10000,profits,4.135660234333958
118,10000,profits,1.671592736034706
119,10000,profits,0.5780879824805615
120,10000,profits,0.0
121,10000,profits,-3.3130948546747807
122,10000,profits,-1.289338512324428
123,10000,profits,0.3914133046405753
124,10000,profits,-2.9831981291869467
125,10000,profits,3.3206450589418814
126,10000,profits,0.5217240884797825
127,10000,profits,0.1360279436122251
128,10000,profits,4.028914800760359
129,10000,profits,-0.7597986696352695
130,10000,profits,-3.3704622772543233
131,10000,profits,-2.6391616575075796
132,10000,profits,0.0
133,10000,profits,-1.1837301471327721
134,10000,profits,0.0
135,10000,profits,0.0
136,10000,profits,0.0
137,10000,profits,0.8416322691485395
138,10000,profits,-2.150298500552286
139,10000,profits,-1.3135879410470508
140,10000,profits,3.2537672581834243
141,10000,profits,-0.339152454831576
142,10000,profits,0.0
143,10000,profits,-1.14578809358586
144,10000,profits,2.215370797188083
145,10000,profits,1.2096739118028632
146,10000,profits,5.847065384738319
147,10000,profits,-0.11010508469110808
148,10000,profits,-0.5642670525684629
149,10000,profits,2.2597970235958527
150,10000,profits,2.18125687797769
151,10000,profits,0.5154458626330242
152,10000,profits,-0.7455172181467563
153,10000,profits,1.63854151038396
154,10000,profits,1.281626670213012
155,10000,profits,3.127124915364917
156,10000,profits,-0.0005530536719385859
157,10000,profits,7.920381018132219
158,10000,profits,-0.7365897416108798
159,10000,profits,-0.9809835408922137
160,10000,profits,-3.7986628108128206
161,10000,profits,-0.672450594498472
162,10000,profits,-1.57195315252641
163,10000,profits,1.707539653992606
164,10000,profits,0.0
165,10000,profits,0.4472625819857379
166,10000,profits,-2.4440570844868224
167,10000,profits,2.1572075736720793
168,10000,profits,0.0
169,10000,profits,3.3322429866569956
170,10000,profits,-1.4075237140785553
171,10000,profits,0.0
172,10000,profits,0.0
173,10000,profits,3.673761494638382
174,10000,profits,1.960027985305645
175,10000,profits,0.392002478910322
176,10000,profits,-3.0439212912843194
177,10000,profits,1.5358956087136169
178,10000,profits,-0.2684055949848408
179,10000,profits,0.0
180,10000,profits,3.2734802970337316
181,10000,profits,-2.0854842153428166
182,10000,profits,0.29000213735710667
183,10000,profits,3.1932378287825496
184,10000,profits,-2.716950666366417
185,10000,profits,0.0
186,10000,profits,0.0
187,10000,profits,-1.211831020857582
188,10000,profits,-0.2573433359458902
189,10000,profits,0.5824619303166783
190,10000,profits,-2.6894796162490278
191,10000,profits,-0.4794146142714048
192,10000,profits,2.2711897145015993
193,10000,profits,2.910952089794238
194,10000,profits,0.29851595335462533
195,10000,profits,0.9970139931650495
196,10000,profits,1.7501568028686407
197,10000,profits,-3.213051855526603
198,10000,profits,0.0
199,10000,profits,1.1170652552206226
200,10000,profits,1.7830240431175228
201,10000,profits,3.0045249978922834
202,10000,profits,0.5757839866092601
203,10000,profits,-0.9328164634569122
204,10000,profits,2.5266572893967285
205,10000,profits,-0.2180521300620272
206,10000,profits,0.0
207,10000,profits,-2.5528907862018384
208,10000,profits,0.26269660443948495
209,10000,profits,-0.5266060711574455
210,10000,profits,1.4389935985924875
211,10000,profits,0.3535018311182642
212,10000,profits,0.5037882147452832
213,10000,profits,1.4409435776788113
214,10000,profits,5.494931482466001
215,10000,profits,-0.08131252538607958
216,10000,profits,4.035087885476101
217,10000,profits,0.8884577681293762
218,10000,profits,1.3172526869510897
219,10000,profits,-3.956808825161138
220,10000,profits,0.36053361799940664
221,10000,profits,2.315335408444946
222,10000,profits,-1.4591000763822437
223,10000,profits,4.063761981206128
224,10000,profits,1.0363146854061902
225,10000,profits,5.177676364432398
226,10000,profits,-2.4878344911157066
227,10000,profits,1.2581173488177506
228,10000,profits,0.44294007701810456
229,10000,profits,0.0
230,10000,profits,1.8025566220339058
231,10000,profits,-0.31878620244741473
232,10000,profits,-1.6557688899712735
233,10000,profits,-0.6686995112700485
234,10000,profits,0.0
235,10000,profits,0.6122778274868275
236,10000,profits,-3.14183970472061
237,10000,profits,0.0
238,10000,profits,0.0
239,10000,profits,0.0
240,10000,profits,0.0
241,10000,profits,8.764324208466768
242,10000,profits,-2.064898861097823
243,10000,profits,1.3968148724893052
244,10000,profits,0.666395013682396
245,10000,profits,2.9558353163119886
246,10000,profits,1.9162016540755247
247,10000,profits,-0.7493407605671571
248,10000,profits,1.9233005999309722
249,10000,profits,0.49465909603526714
250,10000,profits,-0.9768386769339692
251,10000,profits,3.640857880101476
252,10000,profits,-0.651543051670014
253,10000,profits,0.6366224700311587
254,10000,profits,-2.0149704704923006
255,10000,profits,0.0
256,10000,profits,0.0
257,10000,profits,2.901910392924359
258,10000,profits,-0.2493238923081629
259,10000,profits,1.5928152142015435
260,10000,profits,-1.5761887389785973
261,10000,profits,2.4409858219519394
262,10000,profits,0.0
263,10000,profits,3.101492184448058
264,10000,profits,1.9463352562268572
265,10000,profits,-2.481326981637068
266,10000,profits,0.0
267,10000,profits,0.0
268,10000,profits,6.033790065116589
269,10000,profits,0.0
270,10000,profits,-3.1763631400156505
271,10000,profits,-1.012981275262396
272,10000,profits,-1.5620332798380168
273,10000,profits,-1.3273235942409793
274,10000,profits,-0.5205274948620275
275,10000,profits,-0.6836566222662276
276,10000,profits,-1.52532710128499
277,10000,profits,6.316279376125286
278,10000,profits,-2.1765628343770573
279,10000,profits,0.01752660019441754
280,10000,profits,0.0
281,10000,profits,0.0
282,10000,profits,0.6110987363129599
283,10000,profits,-0.721884280208684
284,10000,profits,1.458715107070928
285,10000,profits,1.5642874660024206
286,10000,profits,0.2903493479566893
287,10000,profits,0.7873163319793033
288,10000,profits,-1.074771510662704
289,10000,profits,-2.758613779175517
290,10000,profits,0.0
291,10000,profits,-0.9564779767493243
292,10000,profits,1.6760520479056926
293,10000,profits,-0.134056999033369
294,10000,profits,-2.3554969775178347
295,10000,profits,-0.3873628352917735
296,10000,profits,0.0
297,10000,profits,3.7261048792363103
298,10000,profits,-0.847789832071939
299,10000,profits,3.26780200809535
300,10000,profits,-0.7424264507335367
301,10000,profits,0.0
302,10000,profits,0.060797927252525585
303,10000,profits,-0.9711499378805465
304,10000,profits,-0.13958580742644305
305,10000,profits,-2.561889327477136
306,10000,profits,0.0
307,10000,profits,-0.6507993846055744
308,10000,profits,1.8162290363459046
309,10000,profits,-0.8423479557179291
310,10000,profits,-2.953536083391816
311,10000,profits,0.0
312,10000,profits,4.127463295098077
313,10000,profits,0.0
314,10000,profits,2.4069698608908143
315,10000,profits,0.19443761936347354
316,10000,profits,0.48816369993762554
317,10000,profits,-1.9338268918928823
318,10000,profits,-1.6523797002719305
319,10000,profits,0.0
320,10000,profits,0.0
321,10000,profits,-0.08610780527655963
322,10000,profits,1.6395443374793957
323,10000,profits,-2.423953041493576
324,10000,profits,2.027966916459707
325,10000,profits,1.2938643790132114
326,10000,profits,-1.2236552367441453
327,10000,profits,2.1486353377850165
328,10000,profits,1.5889432342025733
329,10000,profits,1.128403601407014
330,10000,profits,3.171656787916244
331,10000,profits,0.0
332,10000,profits,-2.7227597969303545
333,10000,profits,0.6793037866016323
334,10000,profits,-0.6632694361505789
335,10000,profits,1.6932611787651664
336,10000,profits,0.16780570473572354
337,10000,profits,0.0
338,10000,profits,-3.3356353089647257
339,10000,profits,0.6887317246382273
340,10000,profits,0.0
341,10000,profits,-0.3184445657365208
342,10000,profits,0.0
343,10000,profits,-0.38940241404771114
344,10000,profits,2.107350853259792
345,10000,profits,2.1946522190196776
346,10000,profits,-1.7351168706034326
347,10000,profits,0.3759519395481321
348,10000,profits,-4.950313043797283
349,10000,profits,0.0
350,10000,profits,3.812763302319229
351,10000,profits,0.9085478137194924
352,10000,profits,-0.10043673675006198
353,10000,profits,0.0
354,10000,profits,0.601000886728971
355,10000,profits,-3.680729099885735
356,10000,profits,0.19597343238117587
357,10000,profits,-0.013042533797420541
358,10000,profits,-1.1388283474193337
359,10000,profits,0.0
360,10000,profits,-2.489677467123936
361,10000,profits,4.173500196989913
362,10000,profits,1.671080012844146
363,10000,profits,1.1113321786537558
364,10000,profits,-2.123062195693755
365,10000,profits,0.47194221396474473
366,10000,profits,0.0
367,10000,profits,1.0779723306974338
368,10000,profits,0.6301696663446013
369,10000,profits,0.8975628243146158
370,10000,profits,0.18792645055346954
371,10000,profits,-1.199959965846631
372,10000,profits,0.0
373,10000,profits,-4.888278041526267
374,10000,profits,0.8127191754714396
375,10000,profits,0.6186516060660567
376,10000,profits,0.0
377,10000,profits,2.095019203988189
378,10000,profits,1.3710443701562205
379,10000,profits,0.5165309292062965
380,10000,profits,0.0
381,10000,profits,0.7385986029588951
382,10000,profits,1.0749628368535835
383,10000,profits,-1.216863520543521
384,10000,profits,1.755094411085604
385,10000,profits,0.0
386,10000,profits,0.0
387,10000,profits,2.1109051625178115
388,10000,profits,1.094549111892622
389,10000,profits,1.0907227505289718
390,10000,profits,-2.2715768694304685
391,10000,profits,-0.9823008898429881
392,10000,profits,1.2426572095953785
393,10000,profits,4.73665101697765
394,10000,profits,0.8771180224961985
395,10000,profits,-2.182352560104489
396,10000,profits,-0.7898741391532129
397,10000,profits,-2.37252838817441
398,10000,profits,0.0
399,10000,profits,-1.3139822964339407
400,10000,profits,1.785905699308163
401,10000,profits,-0.042367311519784984
402,10000,profits,-1.77490538007388
403,10000,profits,2.6084515804771513
404,10000,profits,-3.982014859281234
405,10000,profits,2.030424293016751
406,10000,profits,-1.354737749354479
407,10000,profits,-1.7474868032956252
408,10000,profits,-1.7734010210219842
409,10000,profits,0.15474031674679606
410,10000,profits,1.5214600589720924
411,10000,profits,1.1064828188487776
412,10000,profits,0.4888927840016552
413,10000,profits,-0.9854866972543297
414,10000,profits,4.034750230803043
415,10000,profits,-4.307914253882359
416,10000,profits,1.8192821739922942
417,10000,profits,-1.5164696465562162
418,10000,profits,0.4578561681261251
419,10000,profits,1.8845309531637913
420,10000,profits,-3.734788327005492
421,10000,profits,1.8731182174509857
422,10000,profits,-0.3963724876403515
423,10000,profits,0.0
424,10000,profits,5.623302938888681
425,10000,profits,0.0
426,10000,profits,0.0
427,10000,profits,-2.8569453385091843
428,10000,profits,-0.20614066242895907
429,10000,profits,0.0
430,10000,profits,0.0
431,10000,profits,-0.41489504913386877
432,10000,profits,1.454313783744056
433,10000,profits,0.306330033203946
434,10000,profits,-1.072010700908771
435,10000,profits,2.2823811687483513
436,10000,profits,-5.5947360290155705
437,10000,profits,2.1001375854718747
438,10000,profits,0.45154528622631995
439,10000,profits,0.0
440,10000,profits,-1.496158723588711
441,10000,profits,5.088051667961998
442,10000,profits,-0.8889673046845197
443,10000,profits,-1.1041267846364256
444,10000,profits,-0.7763962299398561
445,10000,profits,5.249461969853676
446,10000,profits,0.30351908364125146
447,10000,profits,1.801695102250985
448,10000,profits,-0.38682043898813856
449,10000,profits,0.0
450,10000,profits,-2.07427718749287
451,10000,profits,2.5276858514204665
452,10000,profits,0.4710338339458234
453,10000,profits,0.0
454,10000,profits,-0.8398550568579689
455,10000,profits,-1.0969955237478806
456,10000,profits,1.8571665962551267
457,10000,profits,-1.0216656447181096
458,10000,profits,-3.584223586112723
459,10000,profits,-2.031699436778557
460,10000,profits,-2.2938939516954666
461,10000,profits,-2.8587790612065938
462,10000,profits,6.4110493159456645
463,10000,profits,1.5187831858759104
464,10000,profits,1.495200344738849
465,10000,profits,1.8540919825683944
466,10000,profits,-1.3688600534503301
467,10000,profits,-2.0892582230644567
468,10000,profits,-1.388319475061174
469,10000,profits,0.0
470,10000,profits,0.10664123137902279
471,10000,profits,0.0
472,10000,profits,1.3012123021197857
473,10000,profits,4.805539983006026
474,10000,profits,0.44723766729000725
475,10000,profits,-1.9214206647804786
476,10000,profits,-0.8672016107122097
477,10000,profits,-1.609357849977569
478,10000,profits,0.3310070181077496
479,10000,profits,0.0
480,10000,profits,2.2320259699697824
481,10000,profits,-0.3626413682388283
482,10000,profits,0.6764830046832282
483,10000,profits,-1.3913362705682712
484,10000,profits,-2.2026158351757164
485,10000,profits,2.4292955682842856
486,10000,profits,-3.275138039048963
487,10000,profits,0.20430332227197334
488,10000,profits,-0.8085415470504503
489,10000,profits,1.9008735195456106
490,10000,profits,0.0
491,10000,profits,0.8005872701452947
492,10000,profits,-0.4914898451532923
493,10000,profits,3.8950912646644276
494,10000,profits,1.6129063567782804
495,10000,profits,-1.0029548664186518
496,10000,profits,2.769174549025293
497,10000,profits,-0.8107885638942336
498,10000,profits,2.760112012381625
499,10000,profits,0.0
500,10000,profits,0.0
501,10000,profits,1.8438630567626881
502,10000,profits,-2.3213037936354097
503,10000,profits,1.2966252342042033
504,10000,profits,-1.6009725569746633
505,10000,profits,-0.7744685086449972
506,10000,profits,-2.3982830434097613
507,10000,profits,0.0
508,10000,profits,5.264078674273645
509,10000,profits,6.954498764647137
510,10000,profits,0.0
511,10000,profits,2.452267150560299
512,10000,profits,0.0
513,10000,profits,0.0
514,10000,profits,0.0
515,10000,profits,0.5038386480510486
516,10000,profits,0.0
517,10000,profits,0.37205622161115876
518,10000,profits,1.9672462404545237
519,10000,profits,1.786833252201065
520,10000,profits,-0.9759248124644151
521,10000,profits,-1.7058383514283058
522,10000,profits,-0.747708770631949
523,10000,profits,4.339918060150439
524,10000,profits,-1.1337905796330183
525,10000,profits,0.0
526,10000,profits,0.0
527,10000,profits,0.9823934011100208
528,10000,profits,0.42362609688443364
529,10000,profits,1.9617747065075695
530,10000,profits,0.20479627443877807
531,10000,profits,2.9245493493783172
532,10000,profits,0.7323675582167332
533,10000,profits,0.0
534,10000,profits,-4.157785606538215
535,10000,profits,1.8325591870986546
536,10000,profits,0.6555317668302175
537,10000,profits,-3.2521161925101487
538,10000,profits,1.5559061627183377
539,10000,profits,0.5181076801850517
540,10000,profits,0.0
541,10000,profits,-1.7156629779208747
542,10000,profits,0.0
543,10000,profits,1.0778373306922833
544,10000,profits,0.21543677718755483
545,10000,profits,2.494888773874632
546,10000,profits,-0.06622928165536307
547,10000,profits,-0.2434777592505875
548,10000,profits,0.49604216691995257
549,10000,profits,3.147879667701093
550,10000,profits,-5.372830363557085
551,10000,profits,1.871333981928474
552,10000,profits,2.0646380508667153
553,10000,profits,-0.5889282069188451
554,10000,profits,-0.9074222041166554
555,10000,profits,0.5088016022964075
556,10000,profits,3.334352493536623
557,10000,profits,-3.966474306281025
558,10000,profits,-1.856527792991683
559,10000,profits,-0.3705388234536561
560,10000,profits,0.0
561,10000,profits,2.728177962379254
562,10000,profits,2.449351360947141
563,10000,profits,1.7688947836543922
564,10000,profits,-2.55996142218472
565,10000,profits,3.123076957131015
566,10000,profits,-0.24752063453053227
567,10000,profits,-1.0333762729068456
568,10000,profits,-5.469885089190016
569,10000,profits,0.0
570,10000,profits,-2.8311065952641807
571,10000,profits,-1.042088168950781
572,10000,profits,0.0
573,10000,profits,3.54212349171154
574,10000,profits,-0.5714761413413905
575,10000,profits,4.467971332954312
576,10000,profits,-2.1883989437445637
577,10000,profits,0.4753685288821847
578,10000,profits,0.0
579,10000,profits,1.2499647411873618
580,10000,profits,0.9588604029133736
581,10000,profits,0.47612244543561305
582,10000,profits,5.60299336010416
583,10000,profits,0.12564296207830594
584,10000,profits,-2.988323562665236
585,10000,profits,2.307205060115838
586,10000,profits,-0.7552194180570537
587,10000,profits,1.321304460159625
588,10000,profits,0.0
589,10000,profits,0.7065717512198164
590,10000,profits,1.287623567407475
591,10000,profits,0.0
592,10000,profits,1.0433524290368272
593,10000,profits,0.0
594,10000,profits,0.5445429167089748
595,10000,profits,1.0880391931339701
596,10000,profits,2.6304993364920004
597,10000,profits,1.2567088629302479
598,10000,profits,0.9087875388105862
599,10000,profits,2.493771270085051
