id,series,value,weight
earlier_00001,earlier,14030.54900,0.60554189
earlier_00002,earlier,12041.01028,0.79963333
earlier_00003,earlier,38470.34155,0.70282746
earlier_00004,earlier,11486.19676,0.71728312
earlier_00005,earlier,12716.55720,0.55939636
earlier_00006,earlier,34196.60999,0.66822841
earlier_00007,earlier,12770.05890,0.85157658
earlier_00008,earlier,8841.82277,0.80250574
earlier_00009,earlier,23867.78903,0.82051029
earlier_00010,earlier,17844.60266,1.42321512
earlier_00011,earlier,17589.00536,1.44501327
earlier_00012,earlier,14521.69193,1.47690804
earlier_00013,earlier,10487.53552,1.43641980
earlier_00014,earlier,6214.38657,1.00351435
earlier_00015,earlier,33571.40431,0.52791925
earlier_00016,earlier,13246.55512,0.64503725
earlier_00017,earlier,19059.98576,1.37870487
earlier_00018,earlier,22577.89375,1.17599336
earlier_00019,earlier,13646.34537,0.81882695
earlier_00020,earlier,7465.94580,1.36935011
earlier_00021,earlier,5362.25451,1.13729528
earlier_00022,earlier,45191.98368,1.41511055
earlier_00023,earlier,15490.79668,1.40252976
earlier_00024,earlier,9277.29418,1.19026445
earlier_00025,earlier,18782.54132,0.84092530
earlier_00026,earlier,10632.16070,1.32243383
earlier_00027,earlier,14463.19053,1.31969956
earlier_00028,earlier,16346.21511,0.89582565
earlier_00029,earlier,14673.45273,1.11067480
earlier_00030,earlier,14830.54195,0.62950660
earlier_00031,earlier,23950.12189,0.98211573
earlier_00032,earlier,24530.45694,1.30439608
earlier_00033,earlier,31041.00124,1.28727065
earlier_00034,earlier,9304.47811,1.10009829
earlier_00035,earlier,9893.66430,1.29073454
earlier_00036,earlier,17490.05975,0.85709764
earlier_00037,earlier,20717.78274,1.24912614
earlier_00038,earlier,23803.99116,1.26150004
earlier_00039,earlier,16072.93408,0.71012526
earlier_00040,earlier,21597.52287,0.55898158
earlier_00041,earlier,11012.32363,0.50615086
earlier_00042,earlier,8885.83709,1.01929603
earlier_00043,earlier,9108.66151,1.43048515
earlier_00044,earlier,11265.54538,1.47473865
earlier_00045,earlier,9968.09380,1.26599035
earlier_00046,earlier,13933.12992,1.03337474
earlier_00047,earlier,15831.52273,1.42597598
earlier_00048,earlier,21833.12719,1.23558823
earlier_00049,earlier,27881.40740,1.46103797
earlier_00050,earlier,14473.15108,1.06096679
earlier_00051,earlier,35318.17944,1.12466230
earlier_00052,earlier,8865.42722,0.58225710
earlier_00053,earlier,16923.60582,1.45032838
earlier_00054,earlier,23069.77579,0.85458856
earlier_00055,earlier,8569.06189,0.96372810
earlier_00056,earlier,22457.28202,1.33004870
earlier_00057,earlier,32948.68240,0.53699970
earlier_00058,earlier,41800.95389,0.67725932
earlier_00059,earlier,12413.71900,1.01716652
earlier_00060,earlier,19605.13285,1.16078208
earlier_00061,earlier,25685.04873,1.15735674
earlier_00062,earlier,46566.16991,0.64494303
earlier_00063,earlier,7628.42971,0.69457064
earlier_00064,earlier,21811.18675,1.45419099
earlier_00065,earlier,9823.50351,1.15151301
earlier_00066,earlier,12302.34830,1.11119767
earlier_00067,earlier,17349.89905,0.76268273
earlier_00068,earlier,22226.99741,0.53406123
earlier_00069,earlier,84794.51852,0.59347402
earlier_00070,earlier,16550.81385,1.14877759
earlier_00071,earlier,36179.51632,0.74899330
earlier_00072,earlier,12096.00787,0.64129369
earlier_00073,earlier,14457.92844,0.84332867
earlier_00074,earlier,26937.68862,0.89239865
earlier_00075,earlier,13294.54024,0.51491135
earlier_00076,earlier,31891.62939,1.29119681
earlier_00077,earlier,13105.06183,1.27822350
earlier_00078,earlier,31204.78367,0.79476709
earlier_00079,earlier,19320.97405,1.21430904
earlier_00080,earlier,28898.58179,0.53859450
earlier_00081,earlier,49395.07361,1.02527249
earlier_00082,earlier,8180.25723,0.72370365
earlier_00083,earlier,31924.21133,1.34220518
earlier_00084,earlier,20205.76309,1.10077299
earlier_00085,earlier,25469.18268,0.94568554
earlier_00086,earlier,15183.07747,0.97207921
earlier_00087,earlier,30163.74772,0.79278136
earlier_00088,earlier,14862.14806,1.04044303
earlier_00089,earlier,35236.07973,1.09162713
earlier_00090,earlier,32810.40813,1.19748609
earlier_00091,earlier,15287.58581,1.01907938
earlier_00092,earlier,24226.24671,1.22124063
earlier_00093,earlier,39053.31969,1.16949507
earlier_00094,earlier,17522.36929,1.05052128
earlier_00095,earlier,16669.74922,1.10462146
earlier_00096,earlier,24835.57320,0.57320882
earlier_00097,earlier,49052.51530,1.11681359
earlier_00098,earlier,65088.47286,1.20583457
earlier_00099,earlier,4744.90222,1.40091021
earlier_00100,earlier,25173.13660,1.46767174
earlier_00101,earlier,10283.77021,1.00976689
earlier_00102,earlier,4218.71013,1.19034058
earlier_00103,earlier,16610.94430,0.86425239
earlier_00104,earlier,17092.59460,0.61361102
earlier_00105,earlier,15740.84326,1.35540101
earlier_00106,earlier,16337.12574,0.97824632
earlier_00107,earlier,15117.63629,1.33320521
earlier_00108,earlier,15059.28605,1.44465509
earlier_00109,earlier,27485.40655,1.18584186
earlier_00110,earlier,24551.07680,0.55596168
earlier_00111,earlier,19799.82319,1.47040426
earlier_00112,earlier,11585.89014,1.45842282
earlier_00113,earlier,16494.82806,1.46244312
earlier_00114,earlier,16612.04795,1.20014439
earlier_00115,earlier,17370.11568,1.31172662
earlier_00116,earlier,13975.23181,1.21095220
earlier_00117,earlier,20963.48528,0.89776506
earlier_00118,earlier,6744.64028,0.72203868
earlier_00119,earlier,7291.40674,0.95073998
earlier_00120,earlier,43945.31854,0.94249707
earlier_00121,earlier,9701.47805,0.70503612
earlier_00122,earlier,6114.46963,0.51393580
earlier_00123,earlier,29950.99040,1.21019134
earlier_00124,earlier,8039.07817,0.50701061
earlier_00125,earlier,10411.73357,1.11508469
earlier_00126,earlier,17093.05233,1.12137491
earlier_00127,earlier,47990.53349,1.29593594
earlier_00128,earlier,28839.25317,0.65575335
earlier_00129,earlier,7564.99842,0.65921209
earlier_00130,earlier,4022.46777,0.81540610
earlier_00131,earlier,23569.34330,1.05503292
earlier_00132,earlier,42478.29854,0.53337079
earlier_00133,earlier,15899.14209,0.97799892
earlier_00134,earlier,9046.02584,0.56170272
earlier_00135,earlier,12334.99354,0.79820069
earlier_00136,earlier,44081.88340,0.96929816
earlier_00137,earlier,8539.89737,1.06195386
earlier_00138,earlier,5840.80788,0.92197004
earlier_00139,earlier,14799.65051,0.81519209
earlier_00140,earlier,13793.12127,0.75903518
earlier_00141,earlier,14225.94148,0.98493231
earlier_00142,earlier,17691.43981,0.83076567
earlier_00143,earlier,47517.00682,0.74458098
earlier_00144,earlier,15696.51529,0.59392726
earlier_00145,earlier,40914.82876,0.57168820
earlier_00146,earlier,25941.97346,1.10339314
earlier_00147,earlier,14958.85132,0.72247362
earlier_00148,earlier,10410.79400,0.80119502
earlier_00149,earlier,8740.12390,1.33252218
earlier_00150,earlier,25192.22990,1.44475714
earlier_00151,earlier,21588.52197,1.27524978
earlier_00152,earlier,61394.58579,0.65544307
earlier_00153,earlier,19386.78380,0.71082845
earlier_00154,earlier,8719.86660,0.57297630
earlier_00155,earlier,12997.33504,0.82406152
earlier_00156,earlier,7954.90086,1.00075186
earlier_00157,earlier,20873.61757,1.07490654
earlier_00158,earlier,18845.32231,0.85132153
earlier_00159,earlier,25848.53123,1.06938079
earlier_00160,earlier,24018.36334,1.09137923
earlier_00161,earlier,54339.94170,0.51005004
earlier_00162,earlier,18484.45612,0.57077059
earlier_00163,earlier,47456.64104,0.85960557
earlier_00164,earlier,19531.26730,1.13940594
earlier_00165,earlier,22357.74862,0.65504205
earlier_00166,earlier,21828.31516,1.16297292
earlier_00167,earlier,29431.34072,0.86123384
earlier_00168,earlier,22242.51863,1.01152088
earlier_00169,earlier,15589.39544,1.02167367
earlier_00170,earlier,10427.30188,1.02469156
earlier_00171,earlier,21083.95266,1.29206621
earlier_00172,earlier,31803.22363,0.62332594
earlier_00173,earlier,30126.56556,0.76481244
earlier_00174,earlier,21161.09577,0.80163177
earlier_00175,earlier,34581.48561,0.59277434
earlier_00176,earlier,18470.40234,0.65677138
earlier_00177,earlier,23663.46663,1.34565460
earlier_00178,earlier,25047.31104,1.44336883
earlier_00179,earlier,8726.55550,1.43864097
earlier_00180,earlier,22738.97275,0.52066527
earlier_00181,earlier,14340.55539,1.07733142
earlier_00182,earlier,11495.99286,1.20312931
earlier_00183,earlier,20572.48588,1.40045038
earlier_00184,earlier,12083.18226,0.96343816
earlier_00185,earlier,13650.33030,1.23379027
earlier_00186,earlier,13715.85826,0.76318465
earlier_00187,earlier,24849.65774,0.86418755
earlier_00188,earlier,25885.36638,1.30904123
earlier_00189,earlier,17655.58994,1.30129958
earlier_00190,earlier,44067.67669,1.05064850
earlier_00191,earlier,19446.29731,0.71688156
earlier_00192,earlier,20514.71496,1.00771673
earlier_00193,earlier,10710.74192,1.28410927
earlier_00194,earlier,7901.17142,1.21271965
earlier_00195,earlier,23740.22997,1.04061972
earlier_00196,earlier,18546.35289,0.89171269
earlier_00197,earlier,12576.11388,0.57267835
earlier_00198,earlier,16474.24401,0.77331104
earlier_00199,earlier,19170.49561,0.62718675
earlier_00200,earlier,17507.46812,1.16200936
earlier_00201,earlier,26633.78046,0.66670330
earlier_00202,earlier,12384.76475,0.73245906
earlier_00203,earlier,20526.83324,0.95225875
earlier_00204,earlier,23895.53119,0.57943669
earlier_00205,earlier,19440.40409,0.63964186
earlier_00206,earlier,10170.22109,1.00554403
earlier_00207,earlier,20452.19392,1.26683879
earlier_00208,earlier,45967.79059,0.88410118
earlier_00209,earlier,23455.82548,0.62059602
earlier_00210,earlier,19644.74828,1.40217811
earlier_00211,earlier,46897.84459,1.05337432
earlier_00212,earlier,15100.53875,0.68638824
earlier_00213,earlier,8156.33322,0.60357353
earlier_00214,earlier,17594.92248,0.78891067
earlier_00215,earlier,11230.56389,1.24726260
earlier_00216,earlier,20374.49407,1.13001578
earlier_00217,earlier,12966.55004,0.67251994
earlier_00218,earlier,11951.71735,0.68826828
earlier_00219,earlier,42319.71752,0.92426983
earlier_00220,earlier,32739.24347,0.98785020
earlier_00221,earlier,28592.67000,1.26334491
earlier_00222,earlier,20557.87768,1.28693003
earlier_00223,earlier,16659.02316,0.72244449
earlier_00224,earlier,26626.36319,0.90048340
earlier_00225,earlier,14271.34255,1.00637017
earlier_00226,earlier,20459.70121,0.82602295
earlier_00227,earlier,37919.01750,0.59535650
earlier_00228,earlier,16702.34389,1.09823116
earlier_00229,earlier,20990.31088,0.80799130
earlier_00230,earlier,21091.84697,0.84072285
earlier_00231,earlier,9586.98100,1.24049332
earlier_00232,earlier,35948.31643,1.42038552
earlier_00233,earlier,23177.84415,0.89232035
earlier_00234,earlier,18142.29664,1.37915678
earlier_00235,earlier,65978.08894,0.68218461
earlier_00236,earlier,37541.28787,1.03211363
earlier_00237,earlier,25126.87392,1.47291460
earlier_00238,earlier,11864.61252,1.24671665
earlier_00239,earlier,24335.25086,1.29471459
earlier_00240,earlier,8981.09567,1.19244120
earlier_00241,earlier,41431.44179,1.14935750
earlier_00242,earlier,8008.90779,0.95114504
earlier_00243,earlier,35763.65111,1.11425219
earlier_00244,earlier,14472.83205,0.65306946
earlier_00245,earlier,6404.25447,1.04979826
earlier_00246,earlier,15078.07281,0.53831745
earlier_00247,earlier,10618.50196,0.56958889
earlier_00248,earlier,12091.46723,0.80916608
earlier_00249,earlier,11607.55965,1.30472471
earlier_00250,earlier,12166.30002,0.77730501
earlier_00251,earlier,29684.52421,0.69331704
earlier_00252,earlier,17352.33182,1.00325729
earlier_00253,earlier,12921.79114,1.40543313
earlier_00254,earlier,5668.47641,1.33131130
earlier_00255,earlier,17786.30334,1.37699662
earlier_00256,earlier,40309.80420,1.20964071
earlier_00257,earlier,12458.91454,0.87324346
earlier_00258,earlier,15271.99100,1.31497024
earlier_00259,earlier,7321.45787,0.56475504
earlier_00260,earlier,20979.65368,0.74741182
earlier_00261,earlier,8484.18586,0.64216736
earlier_00262,earlier,17815.81608,1.27337617
earlier_00263,earlier,14775.27799,1.14271385
earlier_00264,earlier,13523.79330,1.15431540
earlier_00265,earlier,19577.26068,0.50993659
earlier_00266,earlier,15504.91525,1.13441544
earlier_00267,earlier,10835.35581,1.29721916
earlier_00268,earlier,20303.05041,1.45560535
earlier_00269,earlier,16251.70088,0.56380184
earlier_00270,earlier,6801.42468,0.71304177
earlier_00271,earlier,9149.64272,0.73101666
earlier_00272,earlier,21063.45324,0.74583289
earlier_00273,earlier,11941.89186,1.33290516
earlier_00274,earlier,2180.56448,0.64975252
earlier_00275,earlier,37832.25804,0.73705681
earlier_00276,earlier,17527.78866,1.38615089
earlier_00277,earlier,20576.47935,1.48970680
earlier_00278,earlier,17385.07878,0.61645472
earlier_00279,earlier,23439.05574,1.46944070
earlier_00280,earlier,11201.18700,1.37974704
earlier_00281,earlier,15009.51533,0.54348052
earlier_00282,earlier,6319.47079,1.14199711
earlier_00283,earlier,35251.36642,0.98542986
earlier_00284,earlier,19400.16023,0.94411547
earlier_00285,earlier,7100.81487,0.69099733
earlier_00286,earlier,19063.04218,0.84079707
earlier_00287,earlier,8255.48719,0.94386363
earlier_00288,earlier,14228.24994,0.55811313
earlier_00289,earlier,17801.29077,1.22284675
earlier_00290,earlier,29293.33929,0.60793316
earlier_00291,earlier,9610.91524,0.51909839
earlier_00292,earlier,15153.40246,1.25006102
earlier_00293,earlier,19390.46365,1.43764733
earlier_00294,earlier,24068.60373,1.23040503
earlier_00295,earlier,23474.03252,1.27156171
earlier_00296,earlier,23716.72074,0.61047056
earlier_00297,earlier,18255.20023,1.01627276
earlier_00298,earlier,23090.17953,0.61731526
earlier_00299,earlier,13766.86163,1.29080969
earlier_00300,earlier,21604.49000,0.53808946
earlier_00301,earlier,6433.19449,0.56758115
earlier_00302,earlier,25499.38706,0.77736797
earlier_00303,earlier,24175.53575,1.22747442
earlier_00304,earlier,29667.41137,0.66051111
earlier_00305,earlier,19393.85826,1.19268372
earlier_00306,earlier,12132.45350,1.34250821
earlier_00307,earlier,19134.13653,1.20688043
earlier_00308,earlier,53831.07065,0.94905199
earlier_00309,earlier,22009.95896,1.00095801
earlier_00310,earlier,7438.26194,0.66034923
earlier_00311,earlier,18203.44007,1.11447189
earlier_00312,earlier,10853.39728,0.57799043
earlier_00313,earlier,11922.09280,1.41140849
earlier_00314,earlier,13397.70501,0.77064506
earlier_00315,earlier,42481.14704,0.60684791
earlier_00316,earlier,15586.80097,1.24595029
earlier_00317,earlier,17828.21809,1.30612523
earlier_00318,earlier,24014.82384,0.93085813
earlier_00319,earlier,25169.00749,1.30945589
earlier_00320,earlier,20392.28687,1.48968760
earlier_00321,earlier,49380.65075,1.33195928
earlier_00322,earlier,33465.79671,0.58263432
earlier_00323,earlier,19693.51565,1.34392437
earlier_00324,earlier,11938.77283,0.76750600
earlier_00325,earlier,32470.87426,1.29441362
earlier_00326,earlier,36210.05448,0.89920929
earlier_00327,earlier,39273.24951,0.54071529
earlier_00328,earlier,17689.45920,1.43390039
earlier_00329,earlier,13880.08324,0.75232639
earlier_00330,earlier,7828.76063,1.04612160
earlier_00331,earlier,21230.87950,0.74441674
earlier_00332,earlier,12687.94476,1.27691856
earlier_00333,earlier,36585.24921,1.10695079
earlier_00334,earlier,16680.40028,1.41834185
earlier_00335,earlier,8548.24012,0.90799444
earlier_00336,earlier,55885.63295,0.56304083
earlier_00337,earlier,8543.99931,1.38106688
earlier_00338,earlier,8047.39916,0.53342091
earlier_00339,earlier,10433.29945,1.41033294
earlier_00340,earlier,29570.03027,1.32703670
earlier_00341,earlier,31053.63495,0.81496827
earlier_00342,earlier,18292.90273,0.78674794
earlier_00343,earlier,27509.40100,1.47720154
earlier_00344,earlier,16800.53909,1.39561714
earlier_00345,earlier,28515.81405,1.04480628
earlier_00346,earlier,16086.31368,0.72590097
earlier_00347,earlier,26873.35574,1.39032695
earlier_00348,earlier,14670.73980,0.85353217
earlier_00349,earlier,23487.42326,1.34054062
earlier_00350,earlier,9184.01815,1.04522468
earlier_00351,earlier,20458.80960,1.17377417
earlier_00352,earlier,18325.19644,1.27295844
earlier_00353,earlier,8387.08958,0.51955276
earlier_00354,earlier,11208.78669,1.32604667
earlier_00355,earlier,22239.22867,1.38944152
earlier_00356,earlier,34252.07013,1.38097309
earlier_00357,earlier,16019.44154,0.64923885
earlier_00358,earlier,43049.85665,1.22655177
earlier_00359,earlier,12033.36174,0.75646753
earlier_00360,earlier,12490.97656,0.98684192
earlier_00361,earlier,7699.52281,0.63274503
earlier_00362,earlier,17553.62061,0.62515550
earlier_00363,earlier,17815.78327,0.58335626
earlier_00364,earlier,10105.19871,0.71973490
earlier_00365,earlier,22704.97892,1.40284506
earlier_00366,earlier,10745.80393,0.52776179
earlier_00367,earlier,26976.64710,1.31505699
earlier_00368,earlier,13756.49916,1.11041447
earlier_00369,earlier,20634.38758,1.38185137
earlier_00370,earlier,9741.57971,0.80216799
earlier_00371,earlier,40868.63145,1.22767525
earlier_00372,earlier,24015.39732,1.47684611
earlier_00373,earlier,5767.67979,0.85784129
earlier_00374,earlier,16125.98685,1.15743834
earlier_00375,earlier,26150.01219,0.71824568
earlier_00376,earlier,59484.57436,0.59984591
earlier_00377,earlier,18389.64135,0.79138592
earlier_00378,earlier,29181.36450,1.32976171
earlier_00379,earlier,15295.46095,0.87446414
earlier_00380,earlier,35613.08891,1.30908435
earlier_00381,earlier,7216.60640,1.15334082
earlier_00382,earlier,15692.62202,1.29019234
earlier_00383,earlier,17930.89621,1.17696769
earlier_00384,earlier,14693.21305,1.43890927
earlier_00385,earlier,25414.82434,0.97655681
earlier_00386,earlier,8583.90665,1.08538755
earlier_00387,earlier,26937.11648,0.70341911
earlier_00388,earlier,15959.05613,0.81845399
earlier_00389,earlier,11398.55348,1.31466291
earlier_00390,earlier,11411.30206,1.14218089
earlier_00391,earlier,9561.60741,0.57672607
earlier_00392,earlier,13633.05239,0.68292599
earlier_00393,earlier,20786.65117,0.58564388
earlier_00394,earlier,37092.45772,1.22823800
earlier_00395,earlier,11705.71706,0.85929290
earlier_00396,earlier,10504.43214,1.23975574
earlier_00397,earlier,15429.55159,1.47643004
earlier_00398,earlier,7902.50130,0.85791518
earlier_00399,earlier,24087.41834,0.80032249
earlier_00400,earlier,10646.90369,1.32228898
earlier_00401,earlier,5813.84358,1.00156699
earlier_00402,earlier,17087.80624,0.78098309
earlier_00403,earlier,23975.32005,1.46174762
earlier_00404,earlier,22034.48435,1.29779870
earlier_00405,earlier,28464.17684,0.61543216
earlier_00406,earlier,18784.34660,1.45671296
earlier_00407,earlier,21193.00713,0.80998922
earlier_00408,earlier,19334.79944,1.03752503
earlier_00409,earlier,21319.12108,1.08742262
earlier_00410,earlier,21176.67637,0.81472481
earlier_00411,earlier,22451.08895,1.21676120
earlier_00412,earlier,4659.33574,1.08727890
earlier_00413,earlier,9753.04770,0.99461646
earlier_00414,earlier,6950.63215,1.20118380
earlier_00415,earlier,21080.07582,0.98727443
earlier_00416,earlier,19169.87900,1.19269880
earlier_00417,earlier,18433.05636,0.72527611
earlier_00418,earlier,9137.33985,0.62513107
earlier_00419,earlier,32726.83131,1.14421032
earlier_00420,earlier,7672.32324,1.39064826
earlier_00421,earlier,20503.62536,1.46534645
earlier_00422,earlier,21785.57240,0.70754519
earlier_00423,earlier,23246.25690,1.10042303
earlier_00424,earlier,26721.63315,0.55101140
earlier_00425,earlier,28559.25926,1.48347999
earlier_00426,earlier,14954.85950,1.34247876
earlier_00427,earlier,10033.25619,1.23328279
earlier_00428,earlier,12347.50984,1.08604262
earlier_00429,earlier,16513.26081,1.40120454
earlier_00430,earlier,7521.95556,0.60151443
earlier_00431,earlier,7838.89728,1.36808522
earlier_00432,earlier,17271.23775,0.79072790
earlier_00433,earlier,13437.99409,1.24210104
earlier_00434,earlier,18454.51585,0.80839480
earlier_00435,earlier,16661.53697,0.69648125
earlier_00436,earlier,27669.19112,0.54706513
earlier_00437,earlier,18935.19029,1.00622164
earlier_00438,earlier,13759.17181,0.83404689
earlier_00439,earlier,10940.61267,0.64275243
earlier_00440,earlier,20275.67182,0.85939388
earlier_00441,earlier,15069.13120,0.84593133
earlier_00442,earlier,11120.12140,1.45207301
earlier_00443,earlier,18126.28995,0.92259923
earlier_00444,earlier,12846.63264,0.71204970
earlier_00445,earlier,18120.85630,1.25520421
earlier_00446,earlier,14172.12267,1.12726624
earlier_00447,earlier,23889.35337,1.11133935
earlier_00448,earlier,11152.14043,0.77264289
earlier_00449,earlier,15347.06680,1.37192999
earlier_00450,earlier,28555.94183,0.71411491
earlier_00451,earlier,17134.02856,0.76975020
earlier_00452,earlier,58774.22592,1.25162771
earlier_00453,earlier,6606.73921,0.54543161
earlier_00454,earlier,19315.45939,0.69678567
earlier_00455,earlier,7098.69254,1.20206388
earlier_00456,earlier,10591.74362,1.31972366
earlier_00457,earlier,17860.07246,0.65444667
earlier_00458,earlier,33948.44518,1.25848597
earlier_00459,earlier,32423.40054,0.65344225
earlier_00460,earlier,6919.20629,1.04850343
earlier_00461,earlier,15032.02536,0.72260796
earlier_00462,earlier,16983.49227,1.45182014
earlier_00463,earlier,22406.82736,1.22374681
earlier_00464,earlier,30794.10055,1.03853783
earlier_00465,earlier,11608.39163,0.62167286
earlier_00466,earlier,10848.84268,1.29770321
earlier_00467,earlier,6899.47641,1.19203415
earlier_00468,earlier,21968.12251,0.66343283
earlier_00469,earlier,27799.86591,1.28248337
earlier_00470,earlier,8872.53708,1.17475588
earlier_00471,earlier,14573.28686,0.51359116
earlier_00472,earlier,15213.20065,0.98076056
earlier_00473,earlier,19645.80907,0.99084567
earlier_00474,earlier,23590.79170,0.81476013
earlier_00475,earlier,9692.47285,0.82918095
earlier_00476,earlier,18321.29754,0.94806400
earlier_00477,earlier,20037.16028,0.85408498
earlier_00478,earlier,18688.66016,1.42090338
earlier_00479,earlier,11745.65806,1.22835468
earlier_00480,earlier,39822.97399,0.56802170
earlier_00481,earlier,32702.22600,0.55663157
earlier_00482,earlier,12883.44870,0.83433343
earlier_00483,earlier,12855.20397,1.12495410
earlier_00484,earlier,18806.71390,0.52942193
earlier_00485,earlier,32109.57275,1.02993207
earlier_00486,earlier,20222.49275,0.69700059
earlier_00487,earlier,19909.96147,0.77691564
earlier_00488,earlier,19333.93880,1.29881894
earlier_00489,earlier,14823.18619,1.41975914
earlier_00490,earlier,40673.53601,1.43910550
earlier_00491,earlier,73437.06556,0.74213808
earlier_00492,earlier,11674.18903,0.96705820
earlier_00493,earlier,18055.29929,0.58408633
earlier_00494,earlier,14764.91992,1.18574590
earlier_00495,earlier,14070.07533,0.66387875
earlier_00496,earlier,16659.28453,1.09452576
earlier_00497,earlier,44870.21091,0.95504093
earlier_00498,earlier,11583.17662,1.27163693
earlier_00499,earlier,15626.07287,0.73149515
earlier_00500,earlier,11722.84979,0.75166317
earlier_00501,earlier,18053.43891,0.79158806
earlier_00502,earlier,31864.07935,1.47707256
earlier_00503,earlier,13032.12663,1.21319425
earlier_00504,earlier,38462.13425,0.93836410
earlier_00505,earlier,40794.61927,1.26820775
earlier_00506,earlier,30815.01066,0.62188834
earlier_00507,earlier,25119.02028,0.87955881
earlier_00508,earlier,33900.19661,0.70121341
earlier_00509,earlier,45534.06591,1.01828577
earlier_00510,earlier,15095.89393,1.27427915
earlier_00511,earlier,14197.56046,1.23123484
earlier_00512,earlier,17590.51388,1.23620553
earlier_00513,earlier,7825.79797,1.27177699
earlier_00514,earlier,31597.58599,1.02739399
earlier_00515,earlier,7178.95952,0.74487555
earlier_00516,earlier,11916.01507,1.26471974
earlier_00517,earlier,13301.31847,1.14240192
earlier_00518,earlier,20736.65046,1.38110212
earlier_00519,earlier,16124.17273,0.54973305
earlier_00520,earlier,53717.84290,0.85258842
earlier_00521,earlier,21702.30842,1.26808123
earlier_00522,earlier,34266.14102,0.95807715
earlier_00523,earlier,54011.39321,0.94890393
earlier_00524,earlier,9958.10999,0.73319781
earlier_00525,earlier,13409.19504,0.80491146
earlier_00526,earlier,58644.32154,0.67034477
earlier_00527,earlier,17532.60488,0.84437996
earlier_00528,earlier,10017.95995,1.08512970
earlier_00529,earlier,26734.91534,0.55202514
earlier_00530,earlier,11853.36958,1.40417992
earlier_00531,earlier,25617.28694,0.70147741
earlier_00532,earlier,4624.86220,0.72310418
earlier_00533,earlier,19870.44274,0.96108354
earlier_00534,earlier,12665.59723,1.42433630
earlier_00535,earlier,18680.02643,1.49192207
earlier_00536,earlier,13074.70987,0.97715329
earlier_00537,earlier,33708.58780,0.88843272
earlier_00538,earlier,7931.06182,0.91290449
earlier_00539,earlier,27553.09471,1.49993504
earlier_00540,earlier,13665.33271,1.03475317
earlier_00541,earlier,8147.06869,1.49114963
earlier_00542,earlier,30362.31868,1.24714184
earlier_00543,earlier,27943.49052,1.32536227
earlier_00544,earlier,18327.47715,1.15005353
earlier_00545,earlier,15455.46550,0.81209222
earlier_00546,earlier,17196.30833,1.14772680
earlier_00547,earlier,11783.41970,0.97272837
earlier_00548,earlier,32858.39876,0.53640684
earlier_00549,earlier,31943.83158,0.81319371
earlier_00550,earlier,12179.41354,1.14165782
earlier_00551,earlier,36336.15019,0.79940222
earlier_00552,earlier,38506.35893,1.08327716
earlier_00553,earlier,18403.22106,1.24253081
earlier_00554,earlier,18112.99608,0.98193046
earlier_00555,earlier,31420.72778,0.87739358
earlier_00556,earlier,66163.28968,1.10129957
earlier_00557,earlier,18894.05008,0.67235859
earlier_00558,earlier,22081.74414,0.86537635
earlier_00559,earlier,22121.81993,0.68465871
earlier_00560,earlier,13953.17747,0.76534995
earlier_00561,earlier,15841.24336,1.44540098
earlier_00562,earlier,17432.96994,0.94649251
earlier_00563,earlier,12778.51000,0.67428124
earlier_00564,earlier,6492.11512,1.24641622
earlier_00565,earlier,30162.45444,1.49236616
earlier_00566,earlier,88262.54126,1.12736219
earlier_00567,earlier,12063.56649,1.46228205
earlier_00568,earlier,24566.04653,1.28896310
earlier_00569,earlier,9586.38938,0.51635798
earlier_00570,earlier,40648.96797,1.22665760
earlier_00571,earlier,42907.17398,1.41292681
earlier_00572,earlier,20033.80417,0.55233207
earlier_00573,earlier,15157.85972,0.77733086
earlier_00574,earlier,32857.61745,1.01827266
earlier_00575,earlier,20536.26551,1.03944606
earlier_00576,earlier,15256.42830,1.02718457
earlier_00577,earlier,7770.33121,0.63354318
earlier_00578,earlier,7474.41313,0.60584939
earlier_00579,earlier,4919.14598,0.57445107
earlier_00580,earlier,49907.95851,1.37975670
earlier_00581,earlier,20899.39426,0.98946893
earlier_00582,earlier,23545.76750,1.20419221
earlier_00583,earlier,47216.91627,1.45953212
earlier_00584,earlier,34566.97626,1.30673216
earlier_00585,earlier,25500.02755,0.96243318
earlier_00586,earlier,42142.76793,0.60715124
earlier_00587,earlier,7598.96420,1.12777781
earlier_00588,earlier,19167.68019,0.82855133
earlier_00589,earlier,26101.28758,1.39398792
earlier_00590,earlier,25395.33538,1.15556183
earlier_00591,earlier,19880.37471,1.31207369
earlier_00592,earlier,19319.25513,0.54645970
earlier_00593,earlier,31344.90433,0.67559695
earlier_00594,earlier,15609.23414,1.39274919
earlier_00595,earlier,37134.29065,0.96325525
earlier_00596,earlier,17275.53175,1.48432417
earlier_00597,earlier,29342.55509,1.10291670
earlier_00598,earlier,10480.28381,1.38791601
earlier_00599,earlier,14778.60510,0.84866124
earlier_00600,earlier,17444.80566,0.93353423
earlier_00601,earlier,7172.16843,0.83417271
earlier_00602,earlier,16816.84235,0.90544371
earlier_00603,earlier,19444.43164,1.48537613
earlier_00604,earlier,10114.96507,1.15883123
earlier_00605,earlier,18572.43220,1.05905260
earlier_00606,earlier,10185.58102,1.49110185
earlier_00607,earlier,22990.95655,0.75427996
earlier_00608,earlier,17935.87437,0.73710100
earlier_00609,earlier,25633.88667,1.18303520
earlier_00610,earlier,10008.16066,0.51680857
earlier_00611,earlier,16795.95084,0.64821759
earlier_00612,earlier,34325.82194,0.79890798
earlier_00613,earlier,34254.74754,1.13020213
earlier_00614,earlier,20532.37871,1.36162676
earlier_00615,earlier,10622.28357,1.42331663
earlier_00616,earlier,19306.14407,1.16930891
earlier_00617,earlier,29584.29291,1.13015063
earlier_00618,earlier,27265.01629,0.51172982
earlier_00619,earlier,20143.72915,1.02961151
earlier_00620,earlier,14426.41143,0.83643800
earlier_00621,earlier,14264.94491,1.15453371
earlier_00622,earlier,45146.95512,0.91912653
earlier_00623,earlier,27572.16875,1.38338075
earlier_00624,earlier,20032.88967,1.07240942
earlier_00625,earlier,18809.43110,0.56606845
earlier_00626,earlier,8302.07155,1.08231113
earlier_00627,earlier,13354.27939,1.02669349
earlier_00628,earlier,19912.42649,0.73510334
earlier_00629,earlier,19758.31001,0.89211162
earlier_00630,earlier,8194.77406,1.40443506
earlier_00631,earlier,8130.14437,0.67858214
earlier_00632,earlier,10389.63611,0.88621744
earlier_00633,earlier,22237.69709,0.56800591
earlier_00634,earlier,18918.91632,0.55753630
earlier_00635,earlier,15664.73217,1.23450358
earlier_00636,earlier,29953.53616,1.05157246
earlier_00637,earlier,16889.38348,1.45177776
earlier_00638,earlier,21847.81983,0.73184336
earlier_00639,earlier,30369.84690,1.41177355
earlier_00640,earlier,5031.22822,0.89616923
earlier_00641,earlier,20272.78768,1.31812938
earlier_00642,earlier,19352.76107,0.85791403
earlier_00643,earlier,11447.11501,1.06556359
earlier_00644,earlier,27580.03325,1.23635214
earlier_00645,earlier,36548.46277,1.23365787
earlier_00646,earlier,14951.00403,0.56213205
earlier_00647,earlier,57948.77702,1.39486913
earlier_00648,earlier,16403.46454,1.46296210
earlier_00649,earlier,14877.27575,0.93844685
earlier_00650,earlier,29308.61227,1.40082526
earlier_00651,earlier,13183.94936,1.38977914
earlier_00652,earlier,28942.93114,0.66148904
earlier_00653,earlier,9033.42141,0.58531663
earlier_00654,earlier,49529.88939,0.90041912
earlier_00655,earlier,17101.71077,0.88542559
earlier_00656,earlier,19078.77790,0.52898145
earlier_00657,earlier,18412.52894,0.58297383
earlier_00658,earlier,23514.26590,0.59369178
earlier_00659,earlier,8231.52574,1.00215565
earlier_00660,earlier,7303.05870,0.80804179
earlier_00661,earlier,12309.17322,1.14842204
earlier_00662,earlier,11803.88286,1.20460155
earlier_00663,earlier,9956.66730,1.25804979
earlier_00664,earlier,17438.29781,0.98139414
earlier_00665,earlier,5932.04305,1.38229132
earlier_00666,earlier,37728.58296,1.21742043
earlier_00667,earlier,15378.19387,0.62222990
earlier_00668,earlier,22074.45612,1.03283536
earlier_00669,earlier,17151.14257,1.00882510
earlier_00670,earlier,30000.68517,1.44305011
earlier_00671,earlier,40543.07990,0.54097858
earlier_00672,earlier,19914.83194,1.49707726
earlier_00673,earlier,10560.21184,0.54121945
earlier_00674,earlier,22030.22799,0.56217512
earlier_00675,earlier,23123.43533,0.82194654
earlier_00676,earlier,7277.71337,1.09624382
earlier_00677,earlier,37354.66641,0.96327858
earlier_00678,earlier,7059.05624,0.51463138
earlier_00679,earlier,15619.78119,0.56920987
earlier_00680,earlier,19786.03964,0.80047325
earlier_00681,earlier,17709.62260,0.78144442
earlier_00682,earlier,11926.49210,1.41597349
earlier_00683,earlier,28396.56786,1.45187922
earlier_00684,earlier,21739.38349,0.98935701
earlier_00685,earlier,27250.81516,1.32932523
earlier_00686,earlier,26446.83208,0.69955164
earlier_00687,earlier,23973.73902,1.49134688
earlier_00688,earlier,26933.09354,1.17621987
earlier_00689,earlier,14534.12146,0.72798837
earlier_00690,earlier,7173.31842,0.90572806
earlier_00691,earlier,18994.48467,1.16976833
earlier_00692,earlier,14512.62275,1.06750670
earlier_00693,earlier,39601.38096,0.53106599
earlier_00694,earlier,16606.35861,1.46925196
earlier_00695,earlier,12546.75497,0.53826261
earlier_00696,earlier,47607.41569,0.82658808
earlier_00697,earlier,13765.85313,0.93754194
earlier_00698,earlier,30539.50274,0.85108023
earlier_00699,earlier,26635.86207,1.21221248
earlier_00700,earlier,19353.26620,1.20016071
earlier_00701,earlier,28907.68000,0.86025255
earlier_00702,earlier,15767.02448,1.38986487
earlier_00703,earlier,18374.16365,0.64088084
earlier_00704,earlier,24563.80798,1.37201968
earlier_00705,earlier,11668.49112,1.25096958
earlier_00706,earlier,9202.09125,1.49320967
earlier_00707,earlier,21610.38230,0.84067471
earlier_00708,earlier,8896.12282,0.72123409
earlier_00709,earlier,27345.12923,1.26773361
earlier_00710,earlier,28983.55105,0.55788000
earlier_00711,earlier,17106.69154,0.99335384
earlier_00712,earlier,29901.14895,1.28465919
earlier_00713,earlier,16080.99488,1.03279136
earlier_00714,earlier,12725.67245,0.81588107
earlier_00715,earlier,4030.82358,0.59893893
earlier_00716,earlier,11278.04779,1.13850124
earlier_00717,earlier,5115.64520,1.17345064
earlier_00718,earlier,15902.25634,0.78071973
earlier_00719,earlier,34856.02098,1.25256697
earlier_00720,earlier,16273.61229,1.08833275
earlier_00721,earlier,16530.92863,1.31101303
earlier_00722,earlier,20575.42079,1.46027444
earlier_00723,earlier,19381.20095,0.67324773
earlier_00724,earlier,13540.50439,0.65937908
earlier_00725,earlier,14259.53911,1.28865600
earlier_00726,earlier,9353.91949,0.51845714
earlier_00727,earlier,73217.63730,1.34024815
earlier_00728,earlier,13431.09221,1.38270483
earlier_00729,earlier,8957.20376,1.42094923
earlier_00730,earlier,19356.69718,1.01426201
earlier_00731,earlier,16674.07239,0.91130268
earlier_00732,earlier,25394.63845,1.21086379
earlier_00733,earlier,13379.77932,0.96749667
earlier_00734,earlier,31585.01468,1.22096954
earlier_00735,earlier,13072.48350,0.78464281
earlier_00736,earlier,32310.98504,0.56658085
earlier_00737,earlier,6349.74888,0.92988979
earlier_00738,earlier,9150.02943,1.15403380
earlier_00739,earlier,13720.91612,0.79414604
earlier_00740,earlier,19137.14098,1.41514020
earlier_00741,earlier,18785.07728,0.70690623
earlier_00742,earlier,12822.90526,1.23664287
earlier_00743,earlier,12410.49912,1.15674831
earlier_00744,earlier,6375.96146,1.22514998
earlier_00745,earlier,31927.71559,0.76556432
earlier_00746,earlier,25725.12123,0.76184290
earlier_00747,earlier,14370.46342,0.90376256
earlier_00748,earlier,33395.52573,0.60556706
earlier_00749,earlier,33354.43785,1.26001368
earlier_00750,earlier,21330.34657,0.61195168
earlier_00751,earlier,35059.14373,1.07322429
earlier_00752,earlier,23460.44177,1.16819306
earlier_00753,earlier,12903.65592,1.35047655
earlier_00754,earlier,11825.22375,1.44091592
earlier_00755,earlier,21870.86295,1.10266270
earlier_00756,earlier,15565.87339,1.31166499
earlier_00757,earlier,16892.18424,1.27574577
earlier_00758,earlier,24736.54999,0.75694034
earlier_00759,earlier,21945.13410,1.35608986
earlier_00760,earlier,11358.47083,0.51922116
earlier_00761,earlier,34194.64558,1.36096147
earlier_00762,earlier,20045.63344,1.34658205
earlier_00763,earlier,22995.58757,0.51856137
earlier_00764,earlier,22081.30034,1.34377331
earlier_00765,earlier,11639.42290,0.97437903
earlier_00766,earlier,19262.36264,0.85077803
earlier_00767,earlier,12365.63242,0.88416454
earlier_00768,earlier,23962.59641,0.93065226
earlier_00769,earlier,28334.80012,1.47763465
earlier_00770,earlier,11009.55448,1.42762812
earlier_00771,earlier,12469.98365,1.43920388
earlier_00772,earlier,17555.48892,0.51741066
earlier_00773,earlier,9940.93793,1.49146376
earlier_00774,earlier,20171.82650,1.37069069
earlier_00775,earlier,17328.33383,1.46005498
earlier_00776,earlier,11411.87837,1.38650985
earlier_00777,earlier,50584.83192,0.94671546
earlier_00778,earlier,36576.87546,0.84998305
earlier_00779,earlier,21434.81771,0.58939206
earlier_00780,earlier,10621.24697,0.77719647
earlier_00781,earlier,8139.71612,0.59964971
earlier_00782,earlier,18247.37259,0.93882415
earlier_00783,earlier,13788.76517,1.18065525
earlier_00784,earlier,10160.57121,1.09223930
earlier_00785,earlier,42149.14527,1.35010000
earlier_00786,earlier,10944.66930,0.92058640
earlier_00787,earlier,33886.45972,1.48220198
earlier_00788,earlier,6807.62426,0.82255546
earlier_00789,earlier,18573.82390,0.86534264
earlier_00790,earlier,49157.92582,1.25339440
earlier_00791,earlier,6450.66819,1.14320039
earlier_00792,earlier,20446.03647,0.90628695
earlier_00793,earlier,28863.92786,1.15006810
earlier_00794,earlier,30010.92518,1.06949544
earlier_00795,earlier,38415.29732,0.69538637
earlier_00796,earlier,26035.90332,1.18897838
earlier_00797,earlier,6433.90784,1.36750368
earlier_00798,earlier,15718.60169,0.53974580
earlier_00799,earlier,49236.54533,1.28088335
earlier_00800,earlier,20661.83163,0.88311345
earlier_00801,earlier,17987.26978,0.88285772
earlier_00802,earlier,45886.56052,0.77750889
earlier_00803,earlier,37589.31454,1.08530018
earlier_00804,earlier,10884.28569,0.73509575
earlier_00805,earlier,7728.07580,1.04634231
earlier_00806,earlier,21506.24083,0.83262598
earlier_00807,earlier,7684.89222,0.90240745
earlier_00808,earlier,13173.50671,1.35998232
earlier_00809,earlier,8499.10608,0.98733325
earlier_00810,earlier,41783.31094,1.42757914
earlier_00811,earlier,31238.76941,1.17534242
earlier_00812,earlier,27975.60729,1.26484546
earlier_00813,earlier,9708.98632,0.99600722
earlier_00814,earlier,11203.73751,0.60598712
earlier_00815,earlier,29407.92749,0.78688575
earlier_00816,earlier,25451.17728,0.69633896
earlier_00817,earlier,26742.97048,0.86837971
earlier_00818,earlier,8392.53655,1.30450877
earlier_00819,earlier,17940.11829,1.27692654
earlier_00820,earlier,8973.09559,0.61303997
earlier_00821,earlier,8724.80116,0.70729157
earlier_00822,earlier,10425.76200,1.09900131
earlier_00823,earlier,34990.19347,1.44402662
earlier_00824,earlier,10790.82847,0.68076159
earlier_00825,earlier,21050.45014,0.83947130
earlier_00826,earlier,28808.84787,0.55174046
earlier_00827,earlier,15900.68508,1.33614200
earlier_00828,earlier,15517.17231,0.51105415
earlier_00829,earlier,7327.14454,0.61014076
earlier_00830,earlier,21976.64081,1.39371641
earlier_00831,earlier,28382.06911,1.34516524
earlier_00832,earlier,15825.27140,0.65945875
earlier_00833,earlier,17621.08679,1.27441927
earlier_00834,earlier,19342.13612,0.90468164
earlier_00835,earlier,42744.50006,1.06086448
earlier_00836,earlier,28523.15035,0.93748522
earlier_00837,earlier,23604.67519,1.37784248
earlier_00838,earlier,21299.94098,1.01510521
earlier_00839,earlier,13311.96693,0.56353282
earlier_00840,earlier,40091.45965,1.06598979
earlier_00841,earlier,11554.28820,1.12790252
earlier_00842,earlier,20817.69005,1.15860839
earlier_00843,earlier,18196.57188,0.93057866
earlier_00844,earlier,27494.98829,0.68210741
earlier_00845,earlier,15066.80685,0.85469579
earlier_00846,earlier,17411.93823,1.09421750
earlier_00847,earlier,22660.90611,1.15224413
earlier_00848,earlier,16664.08268,0.75525051
earlier_00849,earlier,38723.60163,0.75021914
earlier_00850,earlier,18601.94471,1.20553457
earlier_00851,earlier,31322.43885,0.57045817
earlier_00852,earlier,35822.70877,1.10786754
earlier_00853,earlier,33081.23546,0.75917245
earlier_00854,earlier,6880.50276,0.68422623
earlier_00855,earlier,18628.53064,1.44666791
earlier_00856,earlier,21584.91948,1.08981965
earlier_00857,earlier,54830.58685,0.81010406
earlier_00858,earlier,62438.28277,1.43865980
earlier_00859,earlier,56890.16862,0.58114172
earlier_00860,earlier,24385.76832,1.11202059
earlier_00861,earlier,9706.57007,0.82417901
earlier_00862,earlier,31219.49121,0.63649422
earlier_00863,earlier,16198.10374,1.46284524
earlier_00864,earlier,11537.50585,1.31708309
earlier_00865,earlier,36687.95530,1.28216446
earlier_00866,earlier,46441.58819,0.70608360
earlier_00867,earlier,13335.29880,1.29392032
earlier_00868,earlier,19140.73271,1.35498474
earlier_00869,earlier,15917.40659,1.02122092
earlier_00870,earlier,4616.51585,1.02503747
earlier_00871,earlier,20112.03051,0.56929625
earlier_00872,earlier,7368.76640,0.77796136
earlier_00873,earlier,17434.56143,0.53530781
earlier_00874,earlier,24270.24078,0.54353128
earlier_00875,earlier,43703.81608,1.45593650
earlier_00876,earlier,20921.79856,1.43509003
earlier_00877,earlier,17778.34031,1.28403479
earlier_00878,earlier,18760.17154,0.92356947
earlier_00879,earlier,30667.95379,1.12030972
earlier_00880,earlier,2644.64368,0.92423531
earlier_00881,earlier,23531.25490,1.07069045
earlier_00882,earlier,22652.89201,0.98100953
earlier_00883,earlier,9949.99434,0.77128718
earlier_00884,earlier,28916.28738,1.25137854
earlier_00885,earlier,27540.53508,0.95633621
earlier_00886,earlier,6935.04962,0.76740033
earlier_00887,earlier,16213.46106,0.70468448
earlier_00888,earlier,15111.34280,0.65010118
earlier_00889,earlier,15525.68491,1.20935335
earlier_00890,earlier,5390.61054,1.10894089
earlier_00891,earlier,13057.90945,0.51558778
earlier_00892,earlier,18474.81420,0.84363912
earlier_00893,earlier,11932.31095,0.80999599
earlier_00894,earlier,17489.93851,1.31219357
earlier_00895,earlier,16952.69131,0.71879104
earlier_00896,earlier,13324.27188,0.60333423
earlier_00897,earlier,8023.74475,1.04335519
earlier_00898,earlier,19234.19954,0.62924887
earlier_00899,earlier,26774.09698,1.01371088
earlier_00900,earlier,32043.73483,1.26378056
earlier_00901,earlier,31217.88272,0.79718927
earlier_00902,earlier,9133.63875,1.22785426
earlier_00903,earlier,22640.37798,1.11928471
earlier_00904,earlier,7863.98886,0.74940402
earlier_00905,earlier,16434.23056,1.07521862
earlier_00906,earlier,34688.17875,0.55864329
earlier_00907,earlier,10406.29967,0.87556557
earlier_00908,earlier,10537.05457,0.80879592
earlier_00909,earlier,10152.85888,0.70445608
earlier_00910,earlier,8984.72550,0.90285198
earlier_00911,earlier,26713.41254,1.23600182
earlier_00912,earlier,4703.25601,1.09742037
earlier_00913,earlier,15288.43786,0.53611865
earlier_00914,earlier,30045.69788,0.60854095
earlier_00915,earlier,12050.85976,0.86244537
earlier_00916,earlier,41818.55315,1.33822136
earlier_00917,earlier,42736.38226,0.58072490
earlier_00918,earlier,14102.49258,0.52900632
earlier_00919,earlier,30102.06062,0.91611550
earlier_00920,earlier,44977.36185,0.84680021
earlier_00921,earlier,50364.84663,0.73824681
earlier_00922,earlier,17560.98584,1.38952891
earlier_00923,earlier,17740.36648,1.10173844
earlier_00924,earlier,22955.94745,1.39606560
earlier_00925,earlier,14514.11033,1.40747237
earlier_00926,earlier,14140.59982,1.12158126
earlier_00927,earlier,14067.66251,1.34529376
earlier_00928,earlier,19786.41905,0.68932626
earlier_00929,earlier,51580.76998,1.01031077
earlier_00930,earlier,19968.51938,1.16818556
earlier_00931,earlier,11130.89802,1.45943736
earlier_00932,earlier,33435.75223,0.97104259
earlier_00933,earlier,16025.65827,0.55554336
earlier_00934,earlier,27827.86237,1.35368334
earlier_00935,earlier,12656.53139,1.49514663
earlier_00936,earlier,22943.46949,1.49632971
earlier_00937,earlier,14830.54845,1.11819080
earlier_00938,earlier,19339.98010,0.84867208
earlier_00939,earlier,9283.82569,0.69744611
earlier_00940,earlier,26276.27072,0.69168870
earlier_00941,earlier,34060.61478,0.92150352
earlier_00942,earlier,14147.68481,0.97465728
earlier_00943,earlier,14041.64705,1.20580550
earlier_00944,earlier,38377.72458,1.20434878
earlier_00945,earlier,3258.39793,0.93039712
earlier_00946,earlier,66539.16419,0.73349743
earlier_00947,earlier,26745.55620,0.63092799
earlier_00948,earlier,21222.96500,0.94375693
earlier_00949,earlier,15472.53281,0.81936675
earlier_00950,earlier,33449.79479,0.70827299
earlier_00951,earlier,18448.52682,0.91577507
earlier_00952,earlier,15951.80272,1.17829174
earlier_00953,earlier,24092.59384,1.23757872
earlier_00954,earlier,16952.24552,1.09822808
earlier_00955,earlier,16524.82867,0.59477098
earlier_00956,earlier,10819.93013,0.98252993
earlier_00957,earlier,10828.38071,0.75207607
earlier_00958,earlier,5946.60506,0.94205036
earlier_00959,earlier,11196.75771,0.87268594
earlier_00960,earlier,13010.90446,1.41456037
earlier_00961,earlier,18688.91340,0.61446638
earlier_00962,earlier,20133.82327,1.40970114
earlier_00963,earlier,21565.73771,0.76957025
earlier_00964,earlier,11156.27745,1.23138928
earlier_00965,earlier,29168.01817,1.12547822
earlier_00966,earlier,31584.54213,0.54643131
earlier_00967,earlier,24671.46815,1.13457055
earlier_00968,earlier,6829.72619,0.87606183
earlier_00969,earlier,21658.86531,0.58519266
earlier_00970,earlier,4440.41200,1.44212784
earlier_00971,earlier,12900.38719,1.34559493
earlier_00972,earlier,20927.53124,0.99103223
earlier_00973,earlier,15692.44887,0.75663967
earlier_00974,earlier,15482.45158,0.51473863
earlier_00975,earlier,10560.65460,0.77237787
earlier_00976,earlier,17331.69680,0.50512179
earlier_00977,earlier,25243.67081,0.74836536
earlier_00978,earlier,20681.82343,0.94882575
earlier_00979,earlier,19148.97948,0.70645712
earlier_00980,earlier,14404.89310,1.46995873
earlier_00981,earlier,11284.30960,1.30911438
earlier_00982,earlier,22055.09723,1.01602468
earlier_00983,earlier,13842.62991,1.37941524
earlier_00984,earlier,19678.54914,1.03798509
earlier_00985,earlier,8325.76117,0.62798489
earlier_00986,earlier,17736.96760,1.17411373
earlier_00987,earlier,11003.78160,1.18775553
earlier_00988,earlier,34450.91928,0.93764015
earlier_00989,earlier,17193.42681,0.52881302
earlier_00990,earlier,18728.21604,0.71604800
earlier_00991,earlier,18273.65278,1.07320743
earlier_00992,earlier,17966.95040,1.10396075
earlier_00993,earlier,32981.70338,1.22409602
earlier_00994,earlier,27537.22641,1.47661926
earlier_00995,earlier,15474.60645,1.29969317
earlier_00996,earlier,5423.06740,0.95457682
earlier_00997,earlier,50349.71606,0.80214356
earlier_00998,earlier,26042.04635,1.46010621
earlier_00999,earlier,24865.75524,1.34731056
earlier_01000,earlier,42529.78279,0.54190905
earlier_01001,earlier,15726.25845,1.34729943
earlier_01002,earlier,4619.45238,0.53656065
earlier_01003,earlier,11282.18102,0.96082740
earlier_01004,earlier,10836.36064,0.59806518
earlier_01005,earlier,23458.07636,1.02778485
earlier_01006,earlier,24584.11530,1.31123631
earlier_01007,earlier,9911.87311,0.89311342
earlier_01008,earlier,27723.36267,0.74857050
earlier_01009,earlier,20258.34383,0.83151907
earlier_01010,earlier,32712.72181,1.42373288
earlier_01011,earlier,14863.58758,0.86164523
earlier_01012,earlier,13143.06015,1.35291809
earlier_01013,earlier,22681.79598,0.56196098
earlier_01014,earlier,18400.92939,1.31635661
earlier_01015,earlier,10479.29355,1.03405243
earlier_01016,earlier,7364.41180,1.26231281
earlier_01017,earlier,15236.02840,0.72248003
earlier_01018,earlier,29833.38584,0.95124689
earlier_01019,earlier,22587.80376,1.39289686
earlier_01020,earlier,22788.24080,0.72146819
earlier_01021,earlier,12692.48075,0.99643936
earlier_01022,earlier,22916.04020,0.63957647
earlier_01023,earlier,10223.47632,1.01045430
earlier_01024,earlier,42151.90099,0.54744111
earlier_01025,earlier,7504.95421,1.27687266
earlier_01026,earlier,12651.33444,1.22355423
earlier_01027,earlier,19994.18542,1.21741887
earlier_01028,earlier,35510.51005,1.28474577
earlier_01029,earlier,8795.93354,1.41255221
earlier_01030,earlier,20293.20069,1.26049916
earlier_01031,earlier,3800.89516,0.58910291
earlier_01032,earlier,19609.99066,0.67992137
earlier_01033,earlier,13809.77563,1.31154715
earlier_01034,earlier,19271.20942,1.47345057
earlier_01035,earlier,26869.57591,1.17923276
earlier_01036,earlier,11102.94566,1.40059987
earlier_01037,earlier,17453.98021,0.60491920
earlier_01038,earlier,7466.49647,0.76004899
earlier_01039,earlier,9460.80381,0.86452860
earlier_01040,earlier,22807.00814,1.21716613
earlier_01041,earlier,9482.88934,1.20648385
earlier_01042,earlier,9476.27770,0.72539517
earlier_01043,earlier,7653.85280,1.33013729
earlier_01044,earlier,28232.71275,1.47941726
earlier_01045,earlier,9470.20446,0.60889329
earlier_01046,earlier,10355.43974,0.96638314
earlier_01047,earlier,20545.59221,0.88955795
earlier_01048,earlier,19261.29561,1.14770974
earlier_01049,earlier,71952.41303,0.97335628
earlier_01050,earlier,5523.37605,1.43681449
earlier_01051,earlier,10907.67495,1.10751693
earlier_01052,earlier,21520.15924,1.41041109
earlier_01053,earlier,13915.01481,0.64456256
earlier_01054,earlier,8454.67434,0.52264183
earlier_01055,earlier,30156.29827,1.30992383
earlier_01056,earlier,19564.39122,1.11439841
earlier_01057,earlier,12393.08968,1.13944714
earlier_01058,earlier,18853.49747,1.39240433
earlier_01059,earlier,12317.56268,1.33987583
earlier_01060,earlier,8767.85436,1.11865090
earlier_01061,earlier,22664.50714,1.14298208
earlier_01062,earlier,19637.18863,0.78618710
earlier_01063,earlier,21756.46843,1.39721722
earlier_01064,earlier,5684.64594,1.26351732
earlier_01065,earlier,10872.16958,0.81653133
earlier_01066,earlier,25448.30966,0.66457669
earlier_01067,earlier,26586.39684,0.94858381
earlier_01068,earlier,13364.91007,1.26925573
earlier_01069,earlier,12746.29508,1.10335203
earlier_01070,earlier,18354.18015,0.67712904
earlier_01071,earlier,42535.42998,1.07484486
earlier_01072,earlier,30040.96285,0.73792678
earlier_01073,earlier,44799.50104,0.90145352
earlier_01074,earlier,48152.83586,0.66761752
earlier_01075,earlier,12801.79141,0.70366804
earlier_01076,earlier,13023.56218,1.42865761
earlier_01077,earlier,19754.88970,0.69897710
earlier_01078,earlier,29336.00261,0.71693861
earlier_01079,earlier,14042.35832,0.89168647
earlier_01080,earlier,30722.93690,1.27136268
earlier_01081,earlier,6750.89575,0.94169264
earlier_01082,earlier,14012.94024,1.34465772
earlier_01083,earlier,38016.72230,0.70407098
earlier_01084,earlier,36042.61213,1.06725478
earlier_01085,earlier,17192.85076,0.95696640
earlier_01086,earlier,36588.58169,0.61640049
earlier_01087,earlier,14924.18114,1.39941088
earlier_01088,earlier,15586.30256,0.93992724
earlier_01089,earlier,24426.31483,0.68021040
earlier_01090,earlier,12957.69835,0.98680519
earlier_01091,earlier,7898.19636,0.81337121
earlier_01092,earlier,16227.10855,0.93395324
earlier_01093,earlier,39024.09071,1.32232357
earlier_01094,earlier,23659.55136,0.62066764
earlier_01095,earlier,24644.44258,1.41190903
earlier_01096,earlier,19394.15459,0.62865512
earlier_01097,earlier,20132.95189,1.31688276
earlier_01098,earlier,32978.31346,1.25609718
earlier_01099,earlier,44940.98615,0.59134114
earlier_01100,earlier,4834.51415,1.14350273
earlier_01101,earlier,22151.14986,1.28872194
earlier_01102,earlier,23799.22200,0.98013345
earlier_01103,earlier,51893.63124,1.20901191
earlier_01104,earlier,10405.70554,0.52529739
earlier_01105,earlier,26049.61512,1.15966504
earlier_01106,earlier,8323.95964,0.95650133
earlier_01107,earlier,17476.75022,0.68691511
earlier_01108,earlier,7590.15022,0.89206531
earlier_01109,earlier,19396.05498,1.38763438
earlier_01110,earlier,20737.37842,0.92542772
earlier_01111,earlier,17696.17669,1.01046866
earlier_01112,earlier,23629.32270,1.44873574
earlier_01113,earlier,16802.87617,1.09597366
earlier_01114,earlier,13210.72645,0.88773801
earlier_01115,earlier,30925.78991,0.96059932
earlier_01116,earlier,7700.81489,1.07721284
earlier_01117,earlier,19994.14491,1.05244096
earlier_01118,earlier,39121.86465,0.73926259
earlier_01119,earlier,28938.74328,1.27352416
earlier_01120,earlier,10322.98654,1.08251535
earlier_01121,earlier,17619.43076,1.45781775
earlier_01122,earlier,15820.52326,0.66338273
earlier_01123,earlier,27835.01776,0.99679403
earlier_01124,earlier,24330.49701,1.23284067
earlier_01125,earlier,10927.47257,1.33279388
earlier_01126,earlier,21628.05511,1.26116218
earlier_01127,earlier,15239.23624,1.28004290
earlier_01128,earlier,26522.55180,0.96947566
earlier_01129,earlier,10267.65684,0.73891885
earlier_01130,earlier,40970.70579,1.14917755
earlier_01131,earlier,16072.17956,0.55828826
earlier_01132,earlier,12896.96720,1.23690898
earlier_01133,earlier,26020.76336,0.64318924
earlier_01134,earlier,15082.49040,0.87386359
earlier_01135,earlier,17257.98557,1.12086958
earlier_01136,earlier,15999.02608,1.28041816
earlier_01137,earlier,12758.04373,1.12497697
earlier_01138,earlier,17390.68392,0.59734868
earlier_01139,earlier,6549.83263,0.99159875
earlier_01140,earlier,16964.43301,1.20952421
earlier_01141,earlier,24825.47871,1.45875600
earlier_01142,earlier,11944.83854,0.99275038
earlier_01143,earlier,16633.18872,0.98686977
earlier_01144,earlier,16510.08550,1.29162465
earlier_01145,earlier,27628.32368,1.24544556
earlier_01146,earlier,14281.75186,1.01557112
earlier_01147,earlier,12050.50175,1.36378675
earlier_01148,earlier,16283.76225,0.77890775
earlier_01149,earlier,33288.17603,1.38944231
earlier_01150,earlier,24949.80017,1.48262066
earlier_01151,earlier,17078.05338,1.36560534
earlier_01152,earlier,24387.57721,0.60225158
earlier_01153,earlier,29485.26498,1.14241742
earlier_01154,earlier,18019.84751,1.21302082
earlier_01155,earlier,30568.29802,1.20745415
earlier_01156,earlier,34193.75352,0.80120055
earlier_01157,earlier,27427.23920,1.30786336
earlier_01158,earlier,7847.89739,0.90841961
earlier_01159,earlier,13532.94280,0.64681676
earlier_01160,earlier,15229.00349,0.86780866
earlier_01161,earlier,10671.45270,0.74021088
earlier_01162,earlier,27627.01546,1.14427274
earlier_01163,earlier,26106.18454,0.81458850
earlier_01164,earlier,13001.21386,0.50360927
earlier_01165,earlier,16645.48384,1.47688140
earlier_01166,earlier,32762.34470,0.55720822
earlier_01167,earlier,21457.97285,1.26565421
earlier_01168,earlier,13051.62474,1.03900832
earlier_01169,earlier,29891.78956,0.93898588
earlier_01170,earlier,40017.90700,0.85508280
earlier_01171,earlier,23874.46641,1.29978795
earlier_01172,earlier,20543.41665,0.56537100
earlier_01173,earlier,6365.80487,1.22978526
earlier_01174,earlier,37866.52870,1.11906245
earlier_01175,earlier,21184.64903,1.49966669
earlier_01176,earlier,25647.81746,1.09614942
earlier_01177,earlier,26320.81867,0.67196535
earlier_01178,earlier,19591.21305,1.27205820
earlier_01179,earlier,9244.19785,0.82410357
earlier_01180,earlier,15472.32125,1.45832150
earlier_01181,earlier,17706.31810,0.59948702
earlier_01182,earlier,10182.84019,0.84683809
earlier_01183,earlier,78908.93544,0.60653427
earlier_01184,earlier,29003.68774,1.02436107
earlier_01185,earlier,33468.93597,0.66444614
earlier_01186,earlier,34042.27699,1.29188298
earlier_01187,earlier,26072.45942,0.71038921
earlier_01188,earlier,7171.80658,1.14246347
earlier_01189,earlier,34336.43286,1.11063819
earlier_01190,earlier,14138.19185,1.30757255
earlier_01191,earlier,11811.05013,1.41146444
earlier_01192,earlier,10943.77520,1.08334903
earlier_01193,earlier,16651.58832,0.84366585
earlier_01194,earlier,23656.72836,0.66878715
earlier_01195,earlier,9329.01202,0.69841983
earlier_01196,earlier,11847.41838,0.80743523
earlier_01197,earlier,10808.90506,0.99206550
earlier_01198,earlier,26211.60205,0.79712381
earlier_01199,earlier,25294.85958,1.33901790
earlier_01200,earlier,28949.88556,1.08989400
earlier_01201,earlier,5814.88242,0.97108040
earlier_01202,earlier,28436.44674,0.82772825
earlier_01203,earlier,20386.98995,0.93474526
earlier_01204,earlier,31953.00380,0.85681079
earlier_01205,earlier,28955.52221,1.35276439
earlier_01206,earlier,15723.99228,1.13326141
earlier_01207,earlier,6870.96868,0.63424419
earlier_01208,earlier,5225.13816,0.75589292
earlier_01209,earlier,10857.72619,0.72254295
earlier_01210,earlier,29953.80591,0.58417348
earlier_01211,earlier,20937.40349,1.19531340
earlier_01212,earlier,20751.16571,0.99963922
earlier_01213,earlier,9053.62241,0.81042313
earlier_01214,earlier,10392.69486,0.69475270
earlier_01215,earlier,11671.73570,0.98705207
earlier_01216,earlier,61113.65973,1.41148955
earlier_01217,earlier,16476.78952,1.44605909
earlier_01218,earlier,23769.40878,0.77961744
earlier_01219,earlier,8884.98382,1.11400943
earlier_01220,earlier,17382.44457,0.75691396
earlier_01221,earlier,11533.53846,1.33203903
earlier_01222,earlier,16007.86382,0.66694889
earlier_01223,earlier,32460.00903,0.89695638
earlier_01224,earlier,25120.22443,0.60067358
earlier_01225,earlier,19741.55963,0.69691560
earlier_01226,earlier,17032.53249,0.66287882
earlier_01227,earlier,36763.90900,0.93687152
earlier_01228,earlier,36646.37537,1.42607174
earlier_01229,earlier,9255.79863,0.72426059
earlier_01230,earlier,16255.60403,1.33073686
earlier_01231,earlier,19477.04472,1.02910133
earlier_01232,earlier,41457.62818,1.15811820
earlier_01233,earlier,31923.64290,0.73983276
earlier_01234,earlier,10364.74383,0.67600211
earlier_01235,earlier,25578.43879,1.02421403
earlier_01236,earlier,15722.36166,1.24430634
earlier_01237,earlier,26776.68798,0.87918057
earlier_01238,earlier,6874.61039,0.51517758
earlier_01239,earlier,13332.48006,0.92876049
earlier_01240,earlier,19782.15721,1.04119133
earlier_01241,earlier,41208.77545,1.41057310
earlier_01242,earlier,14656.37452,0.73346911
earlier_01243,earlier,10727.03853,0.93962021
earlier_01244,earlier,14917.56641,0.82233951
earlier_01245,earlier,17521.55466,1.01622969
earlier_01246,earlier,42826.75973,1.39257925
earlier_01247,earlier,11850.25540,0.62474241
earlier_01248,earlier,9813.39154,0.83629628
earlier_01249,earlier,25174.70603,0.72162650
earlier_01250,earlier,71817.41576,0.86620450
earlier_01251,earlier,12493.82942,1.13425227
earlier_01252,earlier,27473.53538,1.34138554
earlier_01253,earlier,24670.78878,0.94028848
earlier_01254,earlier,29954.10479,1.49139880
earlier_01255,earlier,13834.96116,1.19370545
earlier_01256,earlier,25065.89793,0.60240429
earlier_01257,earlier,6940.50917,1.07854169
earlier_01258,earlier,50286.52081,1.20564671
earlier_01259,earlier,15509.73102,0.65274307
earlier_01260,earlier,9600.31425,1.46485803
earlier_01261,earlier,10555.08281,0.93778850
earlier_01262,earlier,23895.16392,1.09154396
earlier_01263,earlier,51989.69217,1.43373039
earlier_01264,earlier,8024.38551,0.85688071
earlier_01265,earlier,17235.95202,0.90247664
earlier_01266,earlier,27356.46086,0.67145218
earlier_01267,earlier,24338.64398,0.51891259
earlier_01268,earlier,10187.51760,0.68664830
earlier_01269,earlier,34452.94388,0.82051825
earlier_01270,earlier,14155.22076,0.51442411
earlier_01271,earlier,18291.04132,0.66311258
earlier_01272,earlier,13751.24869,1.30159156
earlier_01273,earlier,36157.57275,1.03767357
earlier_01274,earlier,17729.05387,1.26341052
earlier_01275,earlier,31340.73911,0.54308921
earlier_01276,earlier,25730.88552,1.09108659
earlier_01277,earlier,28420.88889,0.93045879
earlier_01278,earlier,31212.88643,0.85027687
earlier_01279,earlier,14864.34074,0.58729960
earlier_01280,earlier,7641.66735,1.36658120
earlier_01281,earlier,6737.01671,0.61006812
earlier_01282,earlier,6594.24132,0.76037665
earlier_01283,earlier,31634.89817,1.05646147
earlier_01284,earlier,8343.81060,1.15703968
earlier_01285,earlier,15830.73805,0.75028161
earlier_01286,earlier,7747.78846,1.36812679
earlier_01287,earlier,11504.04402,0.64882789
earlier_01288,earlier,7881.45223,0.86708105
earlier_01289,earlier,11137.14528,1.03061884
earlier_01290,earlier,9959.98735,1.21734502
earlier_01291,earlier,14798.56126,0.69705470
earlier_01292,earlier,22437.01044,1.23509484
earlier_01293,earlier,26759.35493,1.00798955
earlier_01294,earlier,6726.95469,0.87542481
earlier_01295,earlier,11923.72620,1.20227505
earlier_01296,earlier,26617.75449,0.72311909
earlier_01297,earlier,15044.86662,0.61984362
earlier_01298,earlier,24614.27004,1.17305502
earlier_01299,earlier,52863.44866,1.11169671
earlier_01300,earlier,25329.83200,0.97962377
earlier_01301,earlier,17652.92742,0.90136263
earlier_01302,earlier,16100.74371,0.65131914
earlier_01303,earlier,10905.67228,0.51490070
earlier_01304,earlier,6591.74508,0.71037930
earlier_01305,earlier,6562.68359,1.39458579
earlier_01306,earlier,22473.50093,0.92060846
earlier_01307,earlier,17280.14471,0.66764672
earlier_01308,earlier,22594.51853,1.36059733
earlier_01309,earlier,26062.75181,0.55278586
earlier_01310,earlier,13582.65468,0.78188733
earlier_01311,earlier,10224.76069,0.67106601
earlier_01312,earlier,14868.54068,1.22944058
earlier_01313,earlier,18624.53775,1.28487304
earlier_01314,earlier,25283.90723,1.48140801
earlier_01315,earlier,14987.46665,1.22020646
earlier_01316,earlier,36941.30311,1.01174653
earlier_01317,earlier,26706.45918,0.63536549
earlier_01318,earlier,19248.33037,0.61941431
earlier_01319,earlier,21452.60676,0.98806763
earlier_01320,earlier,34335.38957,1.08555721
earlier_01321,earlier,26675.54522,0.93629372
earlier_01322,earlier,14565.21924,0.67102726
earlier_01323,earlier,14443.34931,0.82496216
earlier_01324,earlier,19404.59958,1.37480112
earlier_01325,earlier,25991.93459,0.92757477
earlier_01326,earlier,7561.38788,1.15754619
earlier_01327,earlier,13085.96296,0.68097872
earlier_01328,earlier,11645.49759,1.41209998
earlier_01329,earlier,17942.50686,1.25858610
earlier_01330,earlier,12142.12482,0.68693224
earlier_01331,earlier,12865.68037,1.40200205
earlier_01332,earlier,8108.44951,0.63872738
earlier_01333,earlier,46707.52378,1.19720625
earlier_01334,earlier,13446.78539,0.76766426
earlier_01335,earlier,23844.48070,0.51642810
earlier_01336,earlier,23016.18386,0.64892542
earlier_01337,earlier,34287.19546,0.66953484
earlier_01338,earlier,26095.88785,1.45268509
earlier_01339,earlier,16580.15014,0.55340980
earlier_01340,earlier,34464.57661,1.43419282
earlier_01341,earlier,27870.79244,0.92513721
earlier_01342,earlier,40066.10850,1.18755254
earlier_01343,earlier,11165.26589,0.54147824
earlier_01344,earlier,7068.80644,1.46760527
earlier_01345,earlier,9822.53754,0.98255560
earlier_01346,earlier,10198.82166,0.78409220
earlier_01347,earlier,11896.38049,1.13039236
earlier_01348,earlier,8408.91089,1.46157740
earlier_01349,earlier,35621.85416,1.32669421
earlier_01350,earlier,26262.32236,0.78155806
earlier_01351,earlier,20533.46496,0.99582865
earlier_01352,earlier,29381.02780,1.23104698
earlier_01353,earlier,33147.38045,1.16255606
earlier_01354,earlier,5964.83850,0.55065935
earlier_01355,earlier,15909.91510,0.74535076
earlier_01356,earlier,12348.90348,0.65292960
earlier_01357,earlier,21695.68920,1.20340316
earlier_01358,earlier,9935.43023,0.95852744
earlier_01359,earlier,14612.67170,0.55146965
earlier_01360,earlier,16255.87191,0.95085274
earlier_01361,earlier,20641.35735,0.81861632
earlier_01362,earlier,29367.03223,1.06587356
earlier_01363,earlier,12828.92492,1.02814483
earlier_01364,earlier,25129.28275,1.41103599
earlier_01365,earlier,10934.46562,1.42913320
earlier_01366,earlier,23473.16293,0.78675662
earlier_01367,earlier,32510.86869,0.88678311
earlier_01368,earlier,20269.33867,0.94087366
earlier_01369,earlier,14665.08132,0.53279467
earlier_01370,earlier,21112.65252,1.15599421
earlier_01371,earlier,19737.60096,0.60353824
earlier_01372,earlier,16540.76559,0.91197801
earlier_01373,earlier,12543.71221,1.06363275
earlier_01374,earlier,20070.17383,1.32422699
earlier_01375,earlier,4621.06333,1.25613191
earlier_01376,earlier,11394.86189,0.70927849
earlier_01377,earlier,25098.34213,0.62737119
earlier_01378,earlier,12659.52089,1.00210037
earlier_01379,earlier,16010.60770,1.12554060
earlier_01380,earlier,18001.13223,1.20901745
earlier_01381,earlier,17444.44201,1.29482496
earlier_01382,earlier,6238.70970,1.31500175
earlier_01383,earlier,29817.63717,1.44996175
earlier_01384,earlier,20586.41383,1.28537747
earlier_01385,earlier,15939.89884,1.08635567
earlier_01386,earlier,17843.05225,1.44253122
earlier_01387,earlier,13239.06653,1.22612755
earlier_01388,earlier,11851.29434,0.89083838
earlier_01389,earlier,24583.94958,0.71750846
earlier_01390,earlier,17755.91099,0.61657970
earlier_01391,earlier,4719.30089,1.20125103
earlier_01392,earlier,17798.39438,0.94939030
earlier_01393,earlier,27341.75575,1.03231305
earlier_01394,earlier,29771.01871,0.93043633
earlier_01395,earlier,14136.45939,0.84688951
earlier_01396,earlier,12252.73079,0.85778738
earlier_01397,earlier,41181.46813,1.12297419
earlier_01398,earlier,9196.41836,1.37077608
earlier_01399,earlier,21186.56032,0.84212195
earlier_01400,earlier,26597.75061,0.78488924
earlier_01401,earlier,19722.79238,1.40514154
earlier_01402,earlier,34980.56988,1.22884848
earlier_01403,earlier,24605.38633,1.25282289
earlier_01404,earlier,16006.60748,1.07821325
earlier_01405,earlier,14286.61657,1.23557424
earlier_01406,earlier,10112.78072,0.64026707
earlier_01407,earlier,30005.23546,1.29130978
earlier_01408,earlier,10545.52851,0.56570149
earlier_01409,earlier,21014.72419,1.21712388
earlier_01410,earlier,13421.18796,0.64077964
earlier_01411,earlier,26758.16806,0.84927901
earlier_01412,earlier,36109.30703,1.24594262
earlier_01413,earlier,16061.38794,0.70928133
earlier_01414,earlier,25647.85914,0.68699995
earlier_01415,earlier,15196.67797,1.19975049
earlier_01416,earlier,11437.51770,0.57040818
earlier_01417,earlier,11613.15145,1.34567436
earlier_01418,earlier,29761.77506,0.59081656
earlier_01419,earlier,15489.48890,1.19796015
earlier_01420,earlier,11418.64175,1.07695340
earlier_01421,earlier,26819.97339,1.09582367
earlier_01422,earlier,16104.18167,0.66121554
earlier_01423,earlier,14176.86910,1.14312796
earlier_01424,earlier,16963.50132,0.79907217
earlier_01425,earlier,16479.41206,0.55528592
earlier_01426,earlier,20177.50854,0.83768067
earlier_01427,earlier,16620.35910,0.57822608
earlier_01428,earlier,27414.30610,1.11420933
earlier_01429,earlier,39210.40837,0.96170138
earlier_01430,earlier,20152.91586,0.85662720
earlier_01431,earlier,18444.38645,1.28813980
earlier_01432,earlier,16677.00332,0.91212212
earlier_01433,earlier,25403.80057,0.57067847
earlier_01434,earlier,20661.87864,0.78010962
earlier_01435,earlier,38436.96472,1.05150930
earlier_01436,earlier,26432.13594,0.91853457
earlier_01437,earlier,27681.94511,1.12033381
earlier_01438,earlier,14446.28638,1.29164247
earlier_01439,earlier,18600.88147,1.22848497
earlier_01440,earlier,22333.19465,0.60113368
earlier_01441,earlier,24363.00355,0.91016588
earlier_01442,earlier,14740.79896,0.60192510
earlier_01443,earlier,48596.23757,1.49887114
earlier_01444,earlier,19779.92055,1.16705627
earlier_01445,earlier,12859.26355,0.67918331
earlier_01446,earlier,13003.04523,1.07092345
earlier_01447,earlier,29471.41455,0.57773914
earlier_01448,earlier,50489.81613,0.61371137
earlier_01449,earlier,8009.42316,0.98271473
earlier_01450,earlier,40484.68253,1.14730952
earlier_01451,earlier,23710.29044,1.17601523
earlier_01452,earlier,16154.53173,1.00092013
earlier_01453,earlier,12739.10683,0.94578387
earlier_01454,earlier,16491.02623,0.64038876
earlier_01455,earlier,14661.67130,0.69363696
earlier_01456,earlier,17461.81855,0.84669011
earlier_01457,earlier,27699.30314,1.27355604
earlier_01458,earlier,28121.66502,0.72408494
earlier_01459,earlier,19526.16936,1.48715473
earlier_01460,earlier,20331.99655,0.68590744
earlier_01461,earlier,14618.01496,1.35947851
earlier_01462,earlier,40397.84888,0.91808681
earlier_01463,earlier,10920.27830,0.74586101
earlier_01464,earlier,28137.40507,0.53910871
earlier_01465,earlier,12567.47758,0.74814737
earlier_01466,earlier,15747.43585,1.34962764
earlier_01467,earlier,21849.27174,0.54109125
earlier_01468,earlier,26839.76780,1.16026141
earlier_01469,earlier,20596.96477,1.44200808
earlier_01470,earlier,20260.59680,1.13423068
earlier_01471,earlier,13633.76269,0.68232413
earlier_01472,earlier,11815.16920,1.47912849
earlier_01473,earlier,10504.03958,0.58719431
earlier_01474,earlier,11305.40777,0.69039991
earlier_01475,earlier,11215.15213,1.00921593
earlier_01476,earlier,35776.72576,1.21034674
earlier_01477,earlier,16072.77399,1.26923986
earlier_01478,earlier,12764.98805,0.59574770
earlier_01479,earlier,25190.95085,1.41911623
earlier_01480,earlier,24165.59328,0.91936952
earlier_01481,earlier,19045.70732,1.48880853
earlier_01482,earlier,15507.12757,1.31151661
earlier_01483,earlier,16182.40917,1.33517465
earlier_01484,earlier,25436.92140,1.49899576
earlier_01485,earlier,17986.92874,0.80959522
earlier_01486,earlier,16626.48352,1.09380693
earlier_01487,earlier,20125.82917,0.98981915
earlier_01488,earlier,14578.48103,1.36045702
earlier_01489,earlier,45071.01588,0.54640106
earlier_01490,earlier,18729.66716,0.94509792
earlier_01491,earlier,9696.47185,0.91981798
earlier_01492,earlier,34456.71363,0.58809854
earlier_01493,earlier,30790.70080,0.54576698
earlier_01494,earlier,13452.89375,0.88184312
earlier_01495,earlier,19258.38348,0.92844236
earlier_01496,earlier,11508.23557,0.95720411
earlier_01497,earlier,20812.51773,0.90514786
earlier_01498,earlier,12545.82518,1.02000202
earlier_01499,earlier,14699.52345,0.79438596
earlier_01500,earlier,19248.70886,1.38360107
earlier_01501,earlier,22009.78761,1.01001889
earlier_01502,earlier,15459.19783,1.20521345
earlier_01503,earlier,27037.98906,0.69427091
earlier_01504,earlier,7216.82005,0.74523054
earlier_01505,earlier,9449.37962,0.63956771
earlier_01506,earlier,29001.11307,0.61877938
earlier_01507,earlier,6159.13321,0.57528569
earlier_01508,earlier,10627.78950,1.45261309
earlier_01509,earlier,11659.41526,1.41769946
earlier_01510,earlier,5605.32738,1.18577430
earlier_01511,earlier,45284.53013,1.43702859
earlier_01512,earlier,12911.16047,0.89554521
earlier_01513,earlier,13818.73329,1.05681045
earlier_01514,earlier,13304.25932,1.49732656
earlier_01515,earlier,23347.72485,0.63563430
earlier_01516,earlier,36885.18408,0.67659892
earlier_01517,earlier,13082.77751,1.05576799
earlier_01518,earlier,16340.16855,1.48018547
earlier_01519,earlier,10396.84541,1.20941459
earlier_01520,earlier,13112.98641,0.86560520
earlier_01521,earlier,17798.29548,1.10573362
earlier_01522,earlier,18162.42118,1.26618414
earlier_01523,earlier,18643.40365,0.83588911
earlier_01524,earlier,14874.87472,0.85279138
earlier_01525,earlier,18724.68610,1.06825226
earlier_01526,earlier,9530.83058,1.22012250
earlier_01527,earlier,15500.68709,1.18948450
earlier_01528,earlier,9231.53882,1.19742898
earlier_01529,earlier,32984.85578,1.01969328
earlier_01530,earlier,20343.69992,0.66604937
earlier_01531,earlier,24236.45873,0.91902115
earlier_01532,earlier,3369.12908,1.37830067
earlier_01533,earlier,41537.07105,0.82318295
earlier_01534,earlier,16011.37736,1.39012265
earlier_01535,earlier,14276.20170,0.60543019
earlier_01536,earlier,11498.50290,0.92800449
earlier_01537,earlier,12850.10224,0.64782953
earlier_01538,earlier,9875.98403,0.75767812
earlier_01539,earlier,13795.70397,1.24462566
earlier_01540,earlier,26201.10770,0.64204835
earlier_01541,earlier,19821.42054,0.50634330
earlier_01542,earlier,33288.87505,1.21547996
earlier_01543,earlier,52421.93702,1.44586866
earlier_01544,earlier,18289.64038,1.46793816
earlier_01545,earlier,7974.65188,0.78455623
earlier_01546,earlier,41637.68014,1.19575065
earlier_01547,earlier,14421.08794,0.81839652
earlier_01548,earlier,30568.39457,1.04575938
earlier_01549,earlier,32763.22719,1.18193568
earlier_01550,earlier,30587.42889,1.26208283
earlier_01551,earlier,17245.50174,0.51388083
earlier_01552,earlier,19806.76693,1.14534081
earlier_01553,earlier,8555.98791,0.62686123
earlier_01554,earlier,24754.10883,1.31941910
earlier_01555,earlier,15444.42988,1.29579692
earlier_01556,earlier,31149.44156,0.51731812
earlier_01557,earlier,8678.40272,0.83929356
earlier_01558,earlier,19198.18715,1.23612593
earlier_01559,earlier,14095.71322,0.99591147
earlier_01560,earlier,7344.50174,0.79758037
earlier_01561,earlier,15583.04159,0.88520663
earlier_01562,earlier,26304.60364,0.74251188
earlier_01563,earlier,7356.09756,0.83129202
earlier_01564,earlier,19482.83983,1.39177606
earlier_01565,earlier,11604.32633,1.29782662
earlier_01566,earlier,11516.08060,0.77406439
earlier_01567,earlier,12810.83777,1.23585057
earlier_01568,earlier,23670.55221,1.33304537
earlier_01569,earlier,11833.84579,0.98672009
earlier_01570,earlier,25677.27023,0.56459821
earlier_01571,earlier,40926.17855,1.22180694
earlier_01572,earlier,23740.45468,0.67209571
earlier_01573,earlier,25826.85527,1.04484947
earlier_01574,earlier,31657.44770,0.90041004
earlier_01575,earlier,15472.93881,1.30671717
earlier_01576,earlier,15209.78212,1.18554295
earlier_01577,earlier,13976.72569,1.43143026
earlier_01578,earlier,15895.05577,0.52346004
earlier_01579,earlier,13390.48183,1.07630559
earlier_01580,earlier,9775.46717,0.66723430
earlier_01581,earlier,20494.47903,0.58243279
earlier_01582,earlier,14713.21779,1.13608590
earlier_01583,earlier,22831.68538,0.72328394
earlier_01584,earlier,15724.50803,1.10839506
earlier_01585,earlier,25019.04452,0.65088101
earlier_01586,earlier,28870.34989,0.79005176
earlier_01587,earlier,22113.39908,1.47727124
earlier_01588,earlier,38347.32599,1.06112990
earlier_01589,earlier,10582.29106,0.61659852
earlier_01590,earlier,8035.70785,1.13287850
earlier_01591,earlier,18325.23743,0.94971818
earlier_01592,earlier,13778.85470,1.42170940
earlier_01593,earlier,15004.87615,1.07723862
earlier_01594,earlier,38094.29999,1.15285251
earlier_01595,earlier,26020.19586,0.78656464
earlier_01596,earlier,35021.75895,1.19728956
earlier_01597,earlier,18336.79609,0.89428719
earlier_01598,earlier,18019.84062,1.02958953
earlier_01599,earlier,16485.42464,1.34742475
earlier_01600,earlier,15711.52621,0.98161695
earlier_01601,earlier,21362.42949,1.15786956
earlier_01602,earlier,17539.93654,1.46627787
earlier_01603,earlier,11210.22309,0.97474061
earlier_01604,earlier,30784.87688,0.68990661
earlier_01605,earlier,15542.12664,0.87104149
earlier_01606,earlier,9668.53557,0.94135282
earlier_01607,earlier,25859.84818,0.66967976
earlier_01608,earlier,24963.27936,0.65533076
earlier_01609,earlier,6286.66324,1.47443232
earlier_01610,earlier,11073.93866,1.20903721
earlier_01611,earlier,59678.61933,1.48335390
earlier_01612,earlier,44201.28657,0.60564663
earlier_01613,earlier,21849.84950,1.24985009
earlier_01614,earlier,36845.55613,0.74153969
earlier_01615,earlier,15146.02668,0.97465004
earlier_01616,earlier,30618.57305,1.39605600
earlier_01617,earlier,23138.62063,1.36549325
earlier_01618,earlier,17045.83463,1.17048663
earlier_01619,earlier,3222.22361,0.68841521
earlier_01620,earlier,9045.97869,1.05382453
earlier_01621,earlier,13951.65258,1.14957280
earlier_01622,earlier,21360.84985,1.25215951
earlier_01623,earlier,25302.44913,0.68898386
earlier_01624,earlier,24404.60234,1.25538115
earlier_01625,earlier,15481.78516,0.67748237
earlier_01626,earlier,16699.83085,1.48625596
earlier_01627,earlier,39237.65784,1.09003484
earlier_01628,earlier,20969.48276,0.82893314
earlier_01629,earlier,30267.46456,1.22471973
earlier_01630,earlier,10410.69128,0.84769719
earlier_01631,earlier,15409.85719,1.05535131
earlier_01632,earlier,41137.16816,1.41416251
earlier_01633,earlier,9112.53443,0.96960588
earlier_01634,earlier,16296.17358,1.45585557
earlier_01635,earlier,33060.07544,1.05999951
earlier_01636,earlier,13800.04750,1.07871592
earlier_01637,earlier,24204.89222,0.88239654
earlier_01638,earlier,11302.81405,1.26214862
earlier_01639,earlier,22429.15422,1.18801051
earlier_01640,earlier,16979.12352,0.90114004
earlier_01641,earlier,16829.12039,0.71630401
earlier_01642,earlier,42059.51185,1.04636463
earlier_01643,earlier,35372.97034,1.09210667
earlier_01644,earlier,39480.85338,0.54330999
earlier_01645,earlier,21360.07056,0.86968451
earlier_01646,earlier,14658.59934,1.33738349
earlier_01647,earlier,32749.74467,0.90304876
earlier_01648,earlier,34451.77631,0.79279515
earlier_01649,earlier,18515.56498,0.77749265
earlier_01650,earlier,37849.14167,1.14493980
earlier_01651,earlier,20655.60883,1.32268724
earlier_01652,earlier,25579.21025,0.72084218
earlier_01653,earlier,19409.05133,1.41574818
earlier_01654,earlier,14883.64403,1.00799116
earlier_01655,earlier,39477.95994,0.79073033
earlier_01656,earlier,20568.53773,1.07848577
earlier_01657,earlier,11081.22429,1.29249852
earlier_01658,earlier,110812.09839,1.20875871
earlier_01659,earlier,25754.74290,1.39902037
earlier_01660,earlier,31069.99355,1.06261596
earlier_01661,earlier,8481.78183,0.58468537
earlier_01662,earlier,12917.02672,1.14925340
earlier_01663,earlier,11236.29325,0.96254330
earlier_01664,earlier,14670.08580,0.82211945
earlier_01665,earlier,16110.09828,1.10595646
earlier_01666,earlier,15927.71111,1.42439364
earlier_01667,earlier,18308.85586,1.45075900
earlier_01668,earlier,22519.99001,0.89351543
earlier_01669,earlier,28029.22332,1.42675422
earlier_01670,earlier,12668.96544,1.39801650
earlier_01671,earlier,20806.61157,1.32157479
earlier_01672,earlier,27339.45627,1.48574806
earlier_01673,earlier,46789.76807,0.56237238
earlier_01674,earlier,28493.65286,0.87020745
earlier_01675,earlier,32753.67462,1.24680654
earlier_01676,earlier,14804.74651,0.73280168
earlier_01677,earlier,8931.54888,1.30773635
earlier_01678,earlier,11927.14251,1.04036037
earlier_01679,earlier,29762.90724,1.05244318
earlier_01680,earlier,10996.01173,0.68730477
earlier_01681,earlier,8119.76808,1.41024671
earlier_01682,earlier,21506.24660,1.17518904
earlier_01683,earlier,32193.39091,0.54688142
earlier_01684,earlier,31463.59781,0.90555275
earlier_01685,earlier,20327.08707,1.36357073
earlier_01686,earlier,15901.48697,1.00257507
earlier_01687,earlier,34398.87382,1.15979856
earlier_01688,earlier,27672.85621,0.67700691
earlier_01689,earlier,16188.66098,1.25936809
earlier_01690,earlier,39614.78412,1.01850203
earlier_01691,earlier,22528.42235,1.49008941
earlier_01692,earlier,14436.76577,0.80643274
earlier_01693,earlier,49023.62567,1.20556540
earlier_01694,earlier,10403.87931,0.99823728
earlier_01695,earlier,53342.87775,1.09697128
earlier_01696,earlier,19543.33307,0.90307400
earlier_01697,earlier,6881.55535,0.75101648
earlier_01698,earlier,22271.61348,1.28530876
earlier_01699,earlier,48777.06809,1.05030707
earlier_01700,earlier,22145.35200,0.68056400
earlier_01701,earlier,35614.86600,1.09660692
earlier_01702,earlier,11416.17094,1.12914962
earlier_01703,earlier,6589.26046,0.76336499
earlier_01704,earlier,21037.02869,0.72701428
earlier_01705,earlier,28342.22985,0.64258831
earlier_01706,earlier,20811.32121,0.58738926
earlier_01707,earlier,39769.88501,0.86088626
earlier_01708,earlier,7680.37179,1.02834951
earlier_01709,earlier,11484.87578,1.04330849
earlier_01710,earlier,22307.14187,0.51054133
earlier_01711,earlier,18961.26620,1.44007568
earlier_01712,earlier,44035.27886,1.00650310
earlier_01713,earlier,20841.33890,1.12639983
earlier_01714,earlier,14946.76561,0.94748175
earlier_01715,earlier,22466.66872,1.12110814
earlier_01716,earlier,20569.54510,1.35181255
earlier_01717,earlier,18077.18500,1.42525522
earlier_01718,earlier,22406.12786,1.32987009
earlier_01719,earlier,26419.03704,1.38049119
earlier_01720,earlier,23671.38818,0.89865114
earlier_01721,earlier,11885.35033,1.37170226
earlier_01722,earlier,6939.66341,1.09587897
earlier_01723,earlier,34896.49879,1.34925223
earlier_01724,earlier,10365.88621,1.29055849
earlier_01725,earlier,10282.40261,0.82398635
earlier_01726,earlier,12783.37801,1.23167024
earlier_01727,earlier,7470.88133,0.52493671
earlier_01728,earlier,6894.43006,0.82673240
earlier_01729,earlier,10937.43819,0.97551040
earlier_01730,earlier,16187.57445,0.72284338
earlier_01731,earlier,30731.78726,1.38702205
earlier_01732,earlier,19474.04221,1.10284232
earlier_01733,earlier,11567.32035,1.12515462
earlier_01734,earlier,21100.39741,0.57298028
earlier_01735,earlier,40150.14452,0.58388194
earlier_01736,earlier,18538.47105,1.43179243
earlier_01737,earlier,20728.63426,0.96468388
earlier_01738,earlier,29990.85525,0.66122877
earlier_01739,earlier,15676.39690,1.01476917
earlier_01740,earlier,8049.73719,1.18798892
earlier_01741,earlier,30556.32528,1.03032461
earlier_01742,earlier,37468.77486,0.77202917
earlier_01743,earlier,25248.32709,1.02122312
earlier_01744,earlier,14928.47410,0.55910300
earlier_01745,earlier,55951.42549,0.51787641
earlier_01746,earlier,15517.56262,1.30968864
earlier_01747,earlier,16155.19654,0.65597536
earlier_01748,earlier,9724.90403,0.79966109
earlier_01749,earlier,20203.71043,0.68720836
earlier_01750,earlier,32015.03753,0.98901746
earlier_01751,earlier,20186.48584,0.57761714
earlier_01752,earlier,64945.89131,1.16728938
earlier_01753,earlier,19273.43450,1.37584273
earlier_01754,earlier,20292.09485,0.57321126
earlier_01755,earlier,31720.43068,0.73831519
earlier_01756,earlier,39160.07532,0.83706550
earlier_01757,earlier,41218.21336,0.87281574
earlier_01758,earlier,35920.70029,0.89897724
earlier_01759,earlier,33562.39404,0.67559768
earlier_01760,earlier,81859.27248,0.74412516
earlier_01761,earlier,7741.07980,0.70183294
earlier_01762,earlier,48355.52235,0.68213023
earlier_01763,earlier,8669.65844,0.66399864
earlier_01764,earlier,14200.98886,1.27958696
earlier_01765,earlier,8607.71095,0.83913935
earlier_01766,earlier,15033.62408,1.47509132
earlier_01767,earlier,35500.07707,0.57345582
earlier_01768,earlier,8989.18540,1.29553881
earlier_01769,earlier,28748.76401,0.84240264
earlier_01770,earlier,35201.05212,1.01145718
earlier_01771,earlier,14827.34368,0.89084085
earlier_01772,earlier,20234.55369,1.45481069
earlier_01773,earlier,12899.59971,0.89100565
earlier_01774,earlier,15306.26332,1.40575138
earlier_01775,earlier,18971.44105,0.91221609
earlier_01776,earlier,27227.41585,0.55593478
earlier_01777,earlier,19101.92657,1.42690159
earlier_01778,earlier,19251.82061,1.16487069
earlier_01779,earlier,22398.15360,1.19782326
earlier_01780,earlier,18744.95664,0.78237311
earlier_01781,earlier,12440.81853,1.36362312
earlier_01782,earlier,7240.96665,0.50418572
earlier_01783,earlier,10229.74531,1.32571961
earlier_01784,earlier,8143.68560,1.45408530
earlier_01785,earlier,31676.79927,1.25633334
earlier_01786,earlier,14470.08743,1.11401823
earlier_01787,earlier,22477.31691,1.09719559
earlier_01788,earlier,25159.65549,0.52650074
earlier_01789,earlier,42899.57710,0.52677555
earlier_01790,earlier,14969.29427,1.36375652
earlier_01791,earlier,31443.17432,0.89112073
earlier_01792,earlier,9026.08141,1.02444707
earlier_01793,earlier,33193.66710,1.01302054
earlier_01794,earlier,13872.61005,1.47161546
earlier_01795,earlier,42871.49785,1.25796177
earlier_01796,earlier,8467.45345,1.17747468
earlier_01797,earlier,57776.44729,1.31602003
earlier_01798,earlier,7693.21245,1.17905121
earlier_01799,earlier,36156.22088,1.04487019
earlier_01800,earlier,23107.44129,0.63702407
earlier_01801,earlier,14895.72703,1.16751173
earlier_01802,earlier,11471.87471,1.47117637
earlier_01803,earlier,40665.53517,0.53903396
earlier_01804,earlier,20952.83709,0.94974734
earlier_01805,earlier,25952.90072,0.63418921
earlier_01806,earlier,16065.56201,1.16927641
earlier_01807,earlier,21297.31159,1.49665605
earlier_01808,earlier,12367.42009,1.17488797
earlier_01809,earlier,8676.58217,0.98073273
earlier_01810,earlier,38785.93720,1.31775638
earlier_01811,earlier,14457.61749,0.60454701
earlier_01812,earlier,12466.48046,1.40124869
earlier_01813,earlier,36990.23475,1.00628912
earlier_01814,earlier,9940.78350,0.65446609
earlier_01815,earlier,17675.85389,0.60284722
earlier_01816,earlier,17151.18129,1.14421343
earlier_01817,earlier,25281.84830,0.72426614
earlier_01818,earlier,16196.43073,0.87216487
earlier_01819,earlier,32065.84888,1.17669909
earlier_01820,earlier,20718.24576,1.15391686
earlier_01821,earlier,23928.42169,0.80801455
earlier_01822,earlier,8244.99295,0.79603246
earlier_01823,earlier,40041.13565,0.53140894
earlier_01824,earlier,16245.22933,1.02480504
earlier_01825,earlier,17490.39867,0.78925227
earlier_01826,earlier,8731.69007,0.51724611
earlier_01827,earlier,37064.44841,1.41506755
earlier_01828,earlier,11951.74372,1.44483940
earlier_01829,earlier,7798.98726,1.38536216
earlier_01830,earlier,10690.67249,0.69969969
earlier_01831,earlier,24804.12188,0.63997677
earlier_01832,earlier,22094.98103,0.60632708
earlier_01833,earlier,20239.14470,0.94078089
earlier_01834,earlier,12840.87227,1.16694965
earlier_01835,earlier,7084.41756,1.29232901
earlier_01836,earlier,22038.98344,1.39290337
earlier_01837,earlier,19987.45857,0.72361105
earlier_01838,earlier,30618.53485,0.68475547
earlier_01839,earlier,15472.90535,0.91056025
earlier_01840,earlier,14618.64333,0.97498255
earlier_01841,earlier,24309.46197,1.33115924
earlier_01842,earlier,13013.04707,0.65628111
earlier_01843,earlier,43437.18239,0.68778897
earlier_01844,earlier,5630.26629,0.93435986
earlier_01845,earlier,11345.38423,0.77205415
earlier_01846,earlier,49247.83662,0.71460807
earlier_01847,earlier,79737.53646,0.59605311
earlier_01848,earlier,17100.49743,1.45200808
earlier_01849,earlier,13067.18487,0.72378307
earlier_01850,earlier,11458.81437,1.43891504
earlier_01851,earlier,19573.07177,0.94670743
earlier_01852,earlier,21827.23186,0.85688003
earlier_01853,earlier,18420.27010,1.33051829
earlier_01854,earlier,15420.72536,0.69283283
earlier_01855,earlier,18430.19186,0.64508690
earlier_01856,earlier,22071.58177,0.81384324
earlier_01857,earlier,9015.20396,1.18745909
earlier_01858,earlier,30391.54202,1.42187149
earlier_01859,earlier,11694.87365,0.56975229
earlier_01860,earlier,6950.07306,0.67485189
earlier_01861,earlier,19692.31480,1.17207025
earlier_01862,earlier,8356.60876,0.73801643
earlier_01863,earlier,34293.92156,0.62691013
earlier_01864,earlier,28257.21501,1.37358302
earlier_01865,earlier,14245.07387,0.55291946
earlier_01866,earlier,28193.79853,0.68568588
earlier_01867,earlier,13221.24338,1.06801458
earlier_01868,earlier,7941.74792,0.90367267
earlier_01869,earlier,15154.76664,1.31493261
earlier_01870,earlier,32374.84306,0.89249848
earlier_01871,earlier,20502.39202,1.04085639
earlier_01872,earlier,10517.60139,0.59125268
earlier_01873,earlier,27678.75082,1.25828160
earlier_01874,earlier,63091.23115,1.12637404
earlier_01875,earlier,10896.77665,0.82470705
earlier_01876,earlier,20616.98699,0.77434175
earlier_01877,earlier,4814.94256,0.58886220
earlier_01878,earlier,10742.20047,1.15986157
earlier_01879,earlier,10605.64159,1.35557504
earlier_01880,earlier,19208.51238,0.51189272
earlier_01881,earlier,9952.18293,0.52344108
earlier_01882,earlier,25188.96146,0.63794020
earlier_01883,earlier,10529.83827,0.87293782
earlier_01884,earlier,8313.90587,0.77848647
earlier_01885,earlier,33246.01339,0.61037502
earlier_01886,earlier,16044.55934,0.57702627
earlier_01887,earlier,22729.85122,1.09233896
earlier_01888,earlier,20974.61887,0.85954848
earlier_01889,earlier,32420.58923,1.48375337
earlier_01890,earlier,16538.54350,0.87590834
earlier_01891,earlier,6163.37487,1.30411644
earlier_01892,earlier,13108.53541,0.89299213
earlier_01893,earlier,26364.62383,1.43149507
earlier_01894,earlier,20737.91021,1.18201347
earlier_01895,earlier,13429.70110,0.57146201
earlier_01896,earlier,25744.35193,1.40990797
earlier_01897,earlier,19616.44495,1.14602699
earlier_01898,earlier,22956.83354,0.92182734
earlier_01899,earlier,13980.14381,1.19377041
earlier_01900,earlier,11605.65976,1.23756478
earlier_01901,earlier,14748.07842,0.64734526
earlier_01902,earlier,8425.09709,1.09390058
earlier_01903,earlier,28495.47416,1.15181378
earlier_01904,earlier,15425.93342,0.57736398
earlier_01905,earlier,9020.28288,1.30680252
earlier_01906,earlier,30471.78227,0.94301006
earlier_01907,earlier,20348.25604,1.49608707
earlier_01908,earlier,9071.46925,1.34654590
earlier_01909,earlier,4216.89813,0.83873887
earlier_01910,earlier,23643.19590,1.02159189
earlier_01911,earlier,23198.05985,1.32679671
earlier_01912,earlier,15747.81149,0.67656915
earlier_01913,earlier,15143.30736,1.06235051
earlier_01914,earlier,29936.49697,1.47352681
earlier_01915,earlier,25306.94941,1.49009196
earlier_01916,earlier,14307.90483,1.02084836
earlier_01917,earlier,46432.00500,0.68394183
earlier_01918,earlier,22017.14577,1.18920206
earlier_01919,earlier,6221.75537,0.71184305
earlier_01920,earlier,16835.61596,1.25098434
earlier_01921,earlier,28527.19749,0.92225771
earlier_01922,earlier,12253.21563,1.01435773
earlier_01923,earlier,10436.76239,1.12579474
earlier_01924,earlier,33801.92426,0.80523649
earlier_01925,earlier,9721.95319,1.29011342
earlier_01926,earlier,23588.00903,0.84944813
earlier_01927,earlier,26080.10804,1.10938230
earlier_01928,earlier,20297.11231,1.00532026
earlier_01929,earlier,19732.95412,0.60158338
earlier_01930,earlier,20446.51172,0.98149641
earlier_01931,earlier,9820.71523,0.56556553
earlier_01932,earlier,9382.83550,1.02428334
earlier_01933,earlier,27157.26249,0.86477393
earlier_01934,earlier,20236.86432,0.60152341
earlier_01935,earlier,8254.58580,1.21381824
earlier_01936,earlier,18088.48883,0.92865627
earlier_01937,earlier,28186.10173,1.32705155
earlier_01938,earlier,10498.36093,0.66375374
earlier_01939,earlier,26697.37521,1.49344183
earlier_01940,earlier,72465.51936,1.19951158
earlier_01941,earlier,8020.53032,1.30163002
earlier_01942,earlier,14752.71886,1.45182303
earlier_01943,earlier,17306.95059,1.11210109
earlier_01944,earlier,42067.69803,0.58484538
earlier_01945,earlier,21872.77289,1.20342337
earlier_01946,earlier,32258.90897,0.98992733
earlier_01947,earlier,5385.90414,0.53867645
earlier_01948,earlier,12427.37885,1.46307786
earlier_01949,earlier,20698.72425,0.64845251
earlier_01950,earlier,10231.71594,1.07361176
earlier_01951,earlier,12279.92695,0.83182790
earlier_01952,earlier,18763.49728,1.12482869
earlier_01953,earlier,39666.52024,1.23974219
earlier_01954,earlier,45137.81404,0.88863748
earlier_01955,earlier,26899.52419,1.22030521
earlier_01956,earlier,32272.10694,1.47437526
earlier_01957,earlier,20722.24625,1.35108241
earlier_01958,earlier,15723.22036,0.87073144
earlier_01959,earlier,28260.70876,1.12666611
earlier_01960,earlier,15937.31976,1.31938519
earlier_01961,earlier,9374.55968,0.54589800
earlier_01962,earlier,29946.01090,0.66816492
earlier_01963,earlier,13361.37753,0.93008085
earlier_01964,earlier,42948.74020,0.85490265
earlier_01965,earlier,20856.56670,1.13916075
earlier_01966,earlier,43427.61131,1.06738514
earlier_01967,earlier,27348.57576,1.47297487
earlier_01968,earlier,11224.77433,1.44459848
earlier_01969,earlier,38202.96932,0.90605207
earlier_01970,earlier,30046.63299,1.38131140
earlier_01971,earlier,20002.20677,1.08915240
earlier_01972,earlier,10676.68690,0.63466140
earlier_01973,earlier,12739.01504,1.40671203
earlier_01974,earlier,17342.81620,0.86635088
earlier_01975,earlier,21848.73821,0.69181627
earlier_01976,earlier,35612.59667,0.81357057
earlier_01977,earlier,12566.95983,1.43987627
earlier_01978,earlier,41525.42918,1.32407382
earlier_01979,earlier,28025.24757,1.26312585
earlier_01980,earlier,61021.25764,1.25456648
earlier_01981,earlier,25184.10009,1.33296210
earlier_01982,earlier,12453.79788,0.84693943
earlier_01983,earlier,10633.75723,0.73973527
earlier_01984,earlier,15895.64635,1.23533280
earlier_01985,earlier,23876.86813,0.79802661
earlier_01986,earlier,30206.18203,1.44006351
earlier_01987,earlier,15813.65766,0.78530526
earlier_01988,earlier,55494.42258,0.88493571
earlier_01989,earlier,40052.24039,1.09417911
earlier_01990,earlier,13218.02024,0.59513620
earlier_01991,earlier,4791.12916,0.94969962
earlier_01992,earlier,19706.60228,1.09096910
earlier_01993,earlier,17618.79382,0.90474371
earlier_01994,earlier,14090.37434,1.15892815
earlier_01995,earlier,25485.57913,1.26936056
earlier_01996,earlier,20956.41617,0.61011768
earlier_01997,earlier,15997.83290,1.00917485
earlier_01998,earlier,27477.77290,1.33346400
earlier_01999,earlier,21239.66520,0.82794935
earlier_02000,earlier,10739.53710,0.99936950
earlier_02001,earlier,12990.33326,1.03272347
earlier_02002,earlier,16771.03602,1.28259083
earlier_02003,earlier,22331.02463,1.31544034
earlier_02004,earlier,6204.46203,0.98931960
earlier_02005,earlier,12638.52682,1.29818159
earlier_02006,earlier,9172.71437,0.74267216
earlier_02007,earlier,17704.53572,0.85205756
earlier_02008,earlier,53414.26278,1.17908854
earlier_02009,earlier,13438.43595,1.46048966
earlier_02010,earlier,42448.58913,0.80751219
earlier_02011,earlier,11293.57985,0.66473360
earlier_02012,earlier,17855.47953,0.76526565
earlier_02013,earlier,74140.47339,0.79141073
earlier_02014,earlier,19239.13358,1.30605477
earlier_02015,earlier,7623.85318,1.33999867
earlier_02016,earlier,49680.58121,1.40154094
earlier_02017,earlier,29660.42794,1.21749114
earlier_02018,earlier,7965.49885,0.80904622
earlier_02019,earlier,44578.71417,1.29643252
earlier_02020,earlier,12161.86793,1.20276699
earlier_02021,earlier,20523.03292,0.77895313
earlier_02022,earlier,20966.22483,1.24286621
earlier_02023,earlier,20704.30685,1.47712040
earlier_02024,earlier,15499.23012,1.32873118
earlier_02025,earlier,18854.18295,0.74084077
earlier_02026,earlier,22299.66228,0.96505585
earlier_02027,earlier,11360.42967,1.19905231
earlier_02028,earlier,20418.62317,0.50330106
earlier_02029,earlier,23066.77438,1.03865023
earlier_02030,earlier,5390.85741,0.69081845
earlier_02031,earlier,40821.27096,0.67451618
earlier_02032,earlier,30860.81405,1.42968081
earlier_02033,earlier,6631.93707,0.99735061
earlier_02034,earlier,16323.88635,1.49326032
earlier_02035,earlier,32547.74966,0.61117684
earlier_02036,earlier,7403.76681,0.68177211
earlier_02037,earlier,14789.34275,0.87673316
earlier_02038,earlier,12033.65345,1.24665654
earlier_02039,earlier,44022.37811,0.65658186
earlier_02040,earlier,13256.68819,0.67371690
earlier_02041,earlier,17873.52888,0.61650932
earlier_02042,earlier,15690.52366,0.67082509
earlier_02043,earlier,29947.76131,0.87275243
earlier_02044,earlier,21570.57977,0.79245135
earlier_02045,earlier,7941.50194,1.20097333
earlier_02046,earlier,6117.56328,1.39946535
earlier_02047,earlier,17852.97865,1.37540923
earlier_02048,earlier,12054.40704,1.26472551
earlier_02049,earlier,24367.64043,1.49221703
earlier_02050,earlier,13996.81508,0.75554275
earlier_02051,earlier,21590.40967,0.51985379
earlier_02052,earlier,11149.16608,1.38214237
earlier_02053,earlier,19187.74730,0.96647914
earlier_02054,earlier,19952.82750,1.13536555
earlier_02055,earlier,42970.62926,1.38824923
earlier_02056,earlier,21268.77437,1.33604914
earlier_02057,earlier,15136.39372,1.42875958
earlier_02058,earlier,39320.21175,0.59891668
earlier_02059,earlier,9932.23673,0.94189311
earlier_02060,earlier,28987.58714,0.58739696
earlier_02061,earlier,22878.27021,0.54426453
earlier_02062,earlier,14769.55817,0.89523076
earlier_02063,earlier,65649.69281,1.01710243
earlier_02064,earlier,8731.44899,0.85093829
earlier_02065,earlier,15643.31216,1.29936557
earlier_02066,earlier,14598.85008,1.22230014
earlier_02067,earlier,32707.90041,1.48011185
earlier_02068,earlier,9548.54358,1.25183941
earlier_02069,earlier,35400.25658,0.85543972
earlier_02070,earlier,20259.91017,1.41472770
earlier_02071,earlier,10434.33193,0.76822373
earlier_02072,earlier,17476.11439,0.95308606
earlier_02073,earlier,9073.06028,1.30745203
earlier_02074,earlier,20677.78422,0.95611004
earlier_02075,earlier,6344.73135,0.99283078
earlier_02076,earlier,17941.28990,1.01562866
earlier_02077,earlier,19188.39777,1.36212604
earlier_02078,earlier,18801.70374,0.65890191
earlier_02079,earlier,17025.37291,0.68243184
earlier_02080,earlier,29333.71139,0.77954566
earlier_02081,earlier,25917.53552,0.66059759
earlier_02082,earlier,8419.60928,0.69744409
earlier_02083,earlier,20622.60429,0.60658412
earlier_02084,earlier,7110.85333,0.94092375
earlier_02085,earlier,20064.79911,0.58995493
earlier_02086,earlier,19454.21356,1.34460313
earlier_02087,earlier,22874.32267,1.35671605
earlier_02088,earlier,35941.47421,0.55579666
earlier_02089,earlier,13320.70939,0.76753079
earlier_02090,earlier,4693.45731,1.07578011
earlier_02091,earlier,13175.12281,0.99422344
earlier_02092,earlier,16449.76875,0.96156199
earlier_02093,earlier,21791.94974,0.69129451
earlier_02094,earlier,7143.99103,1.30526703
earlier_02095,earlier,19329.76496,0.86806066
earlier_02096,earlier,21333.05385,0.56986346
earlier_02097,earlier,32762.13583,1.43148622
earlier_02098,earlier,36075.94147,1.03936277
earlier_02099,earlier,43669.00192,1.21985647
earlier_02100,earlier,13289.68298,0.77583747
earlier_02101,earlier,16981.44985,0.54517909
earlier_02102,earlier,19160.92390,1.21961001
earlier_02103,earlier,14507.11185,0.87687240
earlier_02104,earlier,17286.77511,0.81343507
earlier_02105,earlier,60630.57018,1.42906466
earlier_02106,earlier,36708.16578,1.07018948
earlier_02107,earlier,19861.41409,0.68457030
earlier_02108,earlier,6964.45641,1.17293860
earlier_02109,earlier,28318.46293,1.16163971
earlier_02110,earlier,19831.91998,0.94443029
earlier_02111,earlier,11006.30985,0.87335326
earlier_02112,earlier,18652.17952,1.24405635
earlier_02113,earlier,17916.50992,1.16125648
earlier_02114,earlier,18567.30925,0.60682001
earlier_02115,earlier,10876.96514,1.30044652
earlier_02116,earlier,11225.49851,1.48268239
earlier_02117,earlier,6803.09904,0.76169744
earlier_02118,earlier,27295.62507,1.31295058
earlier_02119,earlier,13009.88697,1.46718143
earlier_02120,earlier,16826.24202,1.15703884
earlier_02121,earlier,14496.13489,0.98188572
earlier_02122,earlier,62144.96918,0.50782537
earlier_02123,earlier,12446.23467,0.95784999
earlier_02124,earlier,14959.29486,1.08593519
earlier_02125,earlier,10100.26303,1.43906427
earlier_02126,earlier,14063.22032,0.73624290
earlier_02127,earlier,19476.54870,0.73905235
earlier_02128,earlier,14364.06749,0.92387223
earlier_02129,earlier,40209.07543,0.82525747
earlier_02130,earlier,26537.84204,1.07607524
earlier_02131,earlier,8504.25726,0.78713150
earlier_02132,earlier,21442.08955,1.06130934
earlier_02133,earlier,16837.44688,0.92923985
earlier_02134,earlier,12256.17845,1.31710827
earlier_02135,earlier,25974.55607,0.60215401
earlier_02136,earlier,12092.51908,1.30945352
earlier_02137,earlier,5219.31647,0.93629658
earlier_02138,earlier,10804.06627,1.01074569
earlier_02139,earlier,13325.54334,1.15999421
earlier_02140,earlier,37856.96357,1.20389699
earlier_02141,earlier,7111.34789,1.48273827
earlier_02142,earlier,11321.86889,0.60740016
earlier_02143,earlier,7502.05664,0.62860724
earlier_02144,earlier,22088.55231,1.39913416
earlier_02145,earlier,10260.70246,1.08228671
earlier_02146,earlier,17961.30128,0.91105769
earlier_02147,earlier,31765.93728,1.29454931
earlier_02148,earlier,11495.86118,0.74142521
earlier_02149,earlier,11691.04982,1.03125131
earlier_02150,earlier,14018.28246,1.39763751
earlier_02151,earlier,13489.11643,1.14884517
earlier_02152,earlier,12306.06551,0.84044741
earlier_02153,earlier,15248.58611,1.20525978
earlier_02154,earlier,18129.77740,0.51078520
earlier_02155,earlier,25853.33841,1.30608832
earlier_02156,earlier,11709.23704,1.24396712
earlier_02157,earlier,18200.07421,0.90719028
earlier_02158,earlier,33147.39513,1.23312821
earlier_02159,earlier,12580.93870,1.20423862
earlier_02160,earlier,16316.16505,1.49922417
earlier_02161,earlier,12779.80293,1.03998638
earlier_02162,earlier,20365.68878,0.79445878
earlier_02163,earlier,14716.84965,0.88199935
earlier_02164,earlier,14141.57400,0.88647146
earlier_02165,earlier,10905.98381,1.48887751
earlier_02166,earlier,15287.35369,0.90203808
earlier_02167,earlier,25139.46314,0.66710650
earlier_02168,earlier,12867.80228,1.06350521
earlier_02169,earlier,11677.44181,1.36650740
earlier_02170,earlier,35481.74081,0.98832390
earlier_02171,earlier,30862.12878,1.00991602
earlier_02172,earlier,34697.89201,1.32165372
earlier_02173,earlier,13287.92627,0.50777526
earlier_02174,earlier,25762.11948,1.17467602
earlier_02175,earlier,74235.34464,0.67868801
earlier_02176,earlier,35546.29178,1.49760954
earlier_02177,earlier,30131.48821,1.36611217
earlier_02178,earlier,13271.04706,1.38169463
earlier_02179,earlier,17767.92556,1.07856270
earlier_02180,earlier,15427.58219,1.07655269
earlier_02181,earlier,21568.39931,1.39892646
earlier_02182,earlier,38951.67214,0.95095241
earlier_02183,earlier,28023.56447,1.20915423
earlier_02184,earlier,11840.29325,0.63737539
earlier_02185,earlier,14793.67950,1.47514460
earlier_02186,earlier,34683.02774,0.58329659
earlier_02187,earlier,22297.22940,0.57887739
earlier_02188,earlier,58225.57186,1.19201475
earlier_02189,earlier,14044.42284,1.14417500
earlier_02190,earlier,21903.24003,1.08746320
earlier_02191,earlier,14528.23835,0.56422339
earlier_02192,earlier,24398.34624,0.63005905
earlier_02193,earlier,9363.32107,1.45331691
earlier_02194,earlier,25631.68427,1.49912391
earlier_02195,earlier,30650.55912,0.74128242
earlier_02196,earlier,20448.02699,1.05829002
earlier_02197,earlier,29833.94827,0.66384618
earlier_02198,earlier,17608.19684,0.98450017
earlier_02199,earlier,29964.77075,1.10271576
earlier_02200,earlier,6864.22527,0.75227315
earlier_02201,earlier,28752.93193,1.32464214
earlier_02202,earlier,19194.61770,1.28105065
earlier_02203,earlier,12350.23738,1.42626547
earlier_02204,earlier,16371.41894,1.43798291
earlier_02205,earlier,27477.90322,0.91752461
earlier_02206,earlier,21371.08556,0.86225066
earlier_02207,earlier,46337.19894,1.45620278
earlier_02208,earlier,62780.89133,0.60242135
earlier_02209,earlier,8234.99251,0.79759063
earlier_02210,earlier,22634.86565,1.49283535
earlier_02211,earlier,12469.45103,1.39668171
earlier_02212,earlier,16688.17990,1.02311814
earlier_02213,earlier,14982.68926,0.62936650
earlier_02214,earlier,14581.70995,0.97779638
earlier_02215,earlier,19748.51471,0.59017369
earlier_02216,earlier,14498.13132,0.63044823
earlier_02217,earlier,17072.52551,0.92888531
earlier_02218,earlier,7583.92529,1.49298910
earlier_02219,earlier,16490.81550,0.51752035
earlier_02220,earlier,7328.96539,0.59017547
earlier_02221,earlier,16135.67298,0.96093617
earlier_02222,earlier,27305.53084,1.09241958
earlier_02223,earlier,5449.21465,0.83954799
earlier_02224,earlier,30203.09615,1.43343950
earlier_02225,earlier,32450.16831,1.42450195
earlier_02226,earlier,17945.08087,1.47630694
earlier_02227,earlier,19171.63496,0.61032587
earlier_02228,earlier,35187.63127,1.48728681
earlier_02229,earlier,13596.33636,1.31388058
earlier_02230,earlier,8541.43418,0.71374413
earlier_02231,earlier,43590.22772,0.51364092
earlier_02232,earlier,23419.64639,0.52962785
earlier_02233,earlier,16020.89477,0.88005076
earlier_02234,earlier,28491.76305,0.99547473
earlier_02235,earlier,18281.05302,0.70667478
earlier_02236,earlier,34319.53123,1.17337824
earlier_02237,earlier,38292.58544,0.57943178
earlier_02238,earlier,30483.09109,0.68675372
earlier_02239,earlier,48678.98638,0.99053438
earlier_02240,earlier,11950.85568,0.98162498
earlier_02241,earlier,30921.35432,0.61918568
earlier_02242,earlier,13567.59179,1.01881022
earlier_02243,earlier,13599.22083,0.57593327
earlier_02244,earlier,22615.27327,1.42204181
earlier_02245,earlier,31270.22811,0.56203277
earlier_02246,earlier,12777.82628,0.90938364
earlier_02247,earlier,12825.70200,0.99641157
earlier_02248,earlier,90525.59052,1.00169559
earlier_02249,earlier,9146.98275,1.25205208
earlier_02250,earlier,9534.85419,0.50243264
earlier_02251,earlier,28765.02559,1.35495164
earlier_02252,earlier,8262.92465,0.60168273
earlier_02253,earlier,12366.44309,1.40207529
earlier_02254,earlier,18330.87332,0.55289428
earlier_02255,earlier,19879.00168,0.54605164
earlier_02256,earlier,12351.34865,1.31235855
earlier_02257,earlier,12750.96699,0.77092043
earlier_02258,earlier,12814.96407,1.24964397
earlier_02259,earlier,19867.17941,1.35348245
earlier_02260,earlier,18622.35997,1.43841953
earlier_02261,earlier,12556.43958,1.38212666
earlier_02262,earlier,10655.83069,1.14625424
earlier_02263,earlier,13680.93266,1.35700837
earlier_02264,earlier,18476.82781,1.11726682
earlier_02265,earlier,20399.62134,0.51857236
earlier_02266,earlier,28886.26799,1.16280526
earlier_02267,earlier,12115.17015,0.67426222
earlier_02268,earlier,14271.17037,0.83877958
earlier_02269,earlier,22554.20580,1.04542921
earlier_02270,earlier,9641.28589,0.85181835
earlier_02271,earlier,21109.91951,0.69689827
earlier_02272,earlier,30562.18126,1.43420278
earlier_02273,earlier,36688.06750,0.91394259
earlier_02274,earlier,19408.38533,0.66423841
earlier_02275,earlier,31526.75643,1.10126517
earlier_02276,earlier,29297.39518,1.36260224
earlier_02277,earlier,12287.93356,0.85609442
earlier_02278,earlier,24655.28305,1.13128441
earlier_02279,earlier,16803.68533,1.35167352
earlier_02280,earlier,10323.39428,0.73991601
earlier_02281,earlier,23173.31341,0.57820729
earlier_02282,earlier,11828.27810,1.02320124
earlier_02283,earlier,10225.97204,0.95685366
earlier_02284,earlier,18238.69616,0.62036395
earlier_02285,earlier,61183.50027,1.27475875
earlier_02286,earlier,22263.75310,0.85038043
earlier_02287,earlier,36334.26875,1.47922588
earlier_02288,earlier,26800.29363,1.31383201
earlier_02289,earlier,17132.24038,0.91806315
earlier_02290,earlier,35520.95266,1.24703256
earlier_02291,earlier,15840.32251,1.03669445
earlier_02292,earlier,16953.48529,0.84044368
earlier_02293,earlier,77249.53037,0.78361621
earlier_02294,earlier,8717.96324,1.01916564
earlier_02295,earlier,8379.49280,1.08223929
earlier_02296,earlier,11506.78868,0.76982760
earlier_02297,earlier,15953.11881,0.93082406
earlier_02298,earlier,9625.61178,0.93325857
earlier_02299,earlier,24089.40468,0.84952842
earlier_02300,earlier,15815.13113,0.55343014
earlier_02301,earlier,19117.29719,1.37034921
earlier_02302,earlier,10014.20809,0.53675593
earlier_02303,earlier,29664.70787,0.53412563
earlier_02304,earlier,51818.67745,0.96724059
earlier_02305,earlier,22687.69159,1.21796931
earlier_02306,earlier,19904.83571,1.37155101
earlier_02307,earlier,13786.68647,1.08119673
earlier_02308,earlier,10967.01181,0.95199519
earlier_02309,earlier,6221.77481,0.61967884
earlier_02310,earlier,13805.29066,0.55006827
earlier_02311,earlier,40022.04729,0.79289137
earlier_02312,earlier,9303.14281,1.28175793
earlier_02313,earlier,40285.13931,1.43783009
earlier_02314,earlier,21870.46975,1.29995263
earlier_02315,earlier,12202.24836,1.28774653
earlier_02316,earlier,14881.45299,1.44515894
earlier_02317,earlier,38152.00186,0.68363961
earlier_02318,earlier,10516.21894,0.98047783
earlier_02319,earlier,25006.51375,0.95549923
earlier_02320,earlier,23770.78266,1.13671907
earlier_02321,earlier,23229.25045,1.03885097
earlier_02322,earlier,15863.53671,0.87036952
earlier_02323,earlier,23639.64919,1.13338963
earlier_02324,earlier,22552.56052,1.45426959
earlier_02325,earlier,13996.30256,1.44486963
earlier_02326,earlier,8242.84160,1.38213076
earlier_02327,earlier,18837.54218,1.18677428
earlier_02328,earlier,7121.40492,0.60256371
earlier_02329,earlier,14717.45636,1.15843781
earlier_02330,earlier,10803.92123,1.42509249
earlier_02331,earlier,31166.37735,1.33701698
earlier_02332,earlier,26192.02617,1.43224520
earlier_02333,earlier,6567.71854,1.31579989
earlier_02334,earlier,20323.94681,0.75037719
earlier_02335,earlier,22519.94029,1.07067045
earlier_02336,earlier,16807.28457,1.27097096
earlier_02337,earlier,12213.68619,1.37163298
earlier_02338,earlier,7495.44761,0.96170396
earlier_02339,earlier,6307.90272,0.70124022
earlier_02340,earlier,25105.15998,1.22418042
earlier_02341,earlier,21295.08341,0.55837788
earlier_02342,earlier,5763.77026,1.44144705
earlier_02343,earlier,9032.48568,0.56621327
earlier_02344,earlier,13102.72142,1.35296224
earlier_02345,earlier,27890.55156,1.49643969
earlier_02346,earlier,27986.82498,0.68028260
earlier_02347,earlier,24313.18901,0.81541013
earlier_02348,earlier,9766.19153,0.84645177
earlier_02349,earlier,12467.67992,0.77133835
earlier_02350,earlier,24854.68964,1.18823408
earlier_02351,earlier,15987.58383,1.42647165
earlier_02352,earlier,9329.42836,0.72449869
earlier_02353,earlier,15254.08169,0.73713110
earlier_02354,earlier,15495.02230,1.08113144
earlier_02355,earlier,34860.47411,1.30545658
earlier_02356,earlier,27303.45750,1.01062078
earlier_02357,earlier,43586.84559,0.90846548
earlier_02358,earlier,28105.46913,1.35908005
earlier_02359,earlier,12838.93149,0.90569250
earlier_02360,earlier,22084.55459,1.02682804
earlier_02361,earlier,32348.66008,1.38304149
earlier_02362,earlier,28650.60112,0.86844813
earlier_02363,earlier,20519.95015,0.96499050
earlier_02364,earlier,46732.79789,1.36073848
earlier_02365,earlier,17596.26304,1.41086153
earlier_02366,earlier,14580.94045,1.35298091
earlier_02367,earlier,27471.48696,1.09107766
earlier_02368,earlier,31178.49096,1.33709674
earlier_02369,earlier,12074.37272,1.43915642
earlier_02370,earlier,30643.95897,1.33880841
earlier_02371,earlier,8987.91042,1.49385264
earlier_02372,earlier,17874.58159,0.65878821
earlier_02373,earlier,13883.10596,1.04083423
earlier_02374,earlier,10355.43635,1.04648489
earlier_02375,earlier,17858.90321,1.18232803
earlier_02376,earlier,39247.05609,1.25268112
earlier_02377,earlier,13309.55357,0.94066714
earlier_02378,earlier,16828.58377,0.93404340
earlier_02379,earlier,15585.37457,0.91031555
earlier_02380,earlier,14730.58255,1.15392616
earlier_02381,earlier,62904.53051,0.60472855
earlier_02382,earlier,15533.94747,0.93191238
earlier_02383,earlier,10802.82102,0.59267512
earlier_02384,earlier,23489.40537,1.34197876
earlier_02385,earlier,20367.84933,0.97817317
earlier_02386,earlier,15374.71000,1.40757522
earlier_02387,earlier,6710.26568,0.58080801
earlier_02388,earlier,22612.44976,0.67538895
earlier_02389,earlier,46770.96255,0.80152197
earlier_02390,earlier,19797.47096,1.37437154
earlier_02391,earlier,37561.65101,1.47424327
earlier_02392,earlier,18714.72818,0.62742449
earlier_02393,earlier,22351.69822,1.25565578
earlier_02394,earlier,19200.31446,1.05048824
earlier_02395,earlier,13780.87886,0.86160390
earlier_02396,earlier,15388.63108,0.69948996
earlier_02397,earlier,19378.06920,1.40307384
earlier_02398,earlier,13267.92622,0.50622838
earlier_02399,earlier,25295.18119,1.36846110
earlier_02400,earlier,30104.68033,1.04958503
earlier_02401,earlier,23807.20080,1.01111712
earlier_02402,earlier,20380.01298,0.52237056
earlier_02403,earlier,23277.00473,0.90955070
earlier_02404,earlier,24123.15756,1.23793000
earlier_02405,earlier,33259.62238,0.96569715
earlier_02406,earlier,6036.76090,0.50395080
earlier_02407,earlier,42057.92587,1.43830667
earlier_02408,earlier,16725.56467,0.55159663
earlier_02409,earlier,61715.53438,0.52055579
earlier_02410,earlier,43152.15464,1.23237401
earlier_02411,earlier,21095.97775,0.56388236
earlier_02412,earlier,21226.48893,0.91054743
earlier_02413,earlier,14307.04151,1.33106325
earlier_02414,earlier,27303.74897,1.06692535
earlier_02415,earlier,16763.04533,0.86550553
earlier_02416,earlier,31315.42611,0.83920319
earlier_02417,earlier,13132.59431,0.74635654
earlier_02418,earlier,5828.48597,0.72804420
earlier_02419,earlier,13420.15863,1.44220077
earlier_02420,earlier,32379.76521,1.18122131
earlier_02421,earlier,16483.06754,0.93446772
earlier_02422,earlier,20391.99021,0.52251600
earlier_02423,earlier,10411.16966,1.32890519
earlier_02424,earlier,17787.72193,0.76228967
earlier_02425,earlier,23706.19452,1.48159345
earlier_02426,earlier,76387.61212,1.48573334
earlier_02427,earlier,18861.02319,0.86951282
earlier_02428,earlier,16422.48957,1.28414424
earlier_02429,earlier,19442.53422,0.98858378
earlier_02430,earlier,23945.05822,0.73930021
earlier_02431,earlier,25754.64665,0.76577160
earlier_02432,earlier,58168.90290,1.42665469
earlier_02433,earlier,8686.19482,1.00792219
earlier_02434,earlier,16405.10371,1.17913671
earlier_02435,earlier,14137.02477,0.93789459
earlier_02436,earlier,16986.51902,1.34582714
earlier_02437,earlier,10077.08866,1.14209768
earlier_02438,earlier,9979.00969,0.64728861
earlier_02439,earlier,32316.82104,0.61162253
earlier_02440,earlier,14181.60256,0.97642584
earlier_02441,earlier,11427.43777,1.10735565
earlier_02442,earlier,34699.81675,0.98758336
earlier_02443,earlier,14980.23734,0.69409826
earlier_02444,earlier,5641.98558,1.00668028
earlier_02445,earlier,9766.77419,0.82490034
earlier_02446,earlier,9951.21144,1.18147635
earlier_02447,earlier,13750.77886,1.00335947
earlier_02448,earlier,22025.19569,1.38792072
earlier_02449,earlier,14378.27144,1.31369686
earlier_02450,earlier,11536.35948,0.80963133
earlier_02451,earlier,39659.66766,1.40329853
earlier_02452,earlier,12300.35555,1.18530645
earlier_02453,earlier,25705.61415,0.94191270
earlier_02454,earlier,20864.22055,1.20082663
earlier_02455,earlier,5384.91200,0.71277498
earlier_02456,earlier,9798.75482,1.49314789
earlier_02457,earlier,11920.49362,1.09538407
earlier_02458,earlier,26943.05747,1.37550234
earlier_02459,earlier,30553.93039,0.60330479
earlier_02460,earlier,28877.59541,0.76202113
earlier_02461,earlier,28046.31760,1.39349440
earlier_02462,earlier,22505.05483,1.00459634
earlier_02463,earlier,16783.74677,0.86146225
earlier_02464,earlier,34156.05158,1.45881159
earlier_02465,earlier,6060.33936,0.92330748
earlier_02466,earlier,32642.23025,0.51643542
earlier_02467,earlier,7001.48584,0.57653477
earlier_02468,earlier,9275.81791,1.25730615
earlier_02469,earlier,7697.81906,0.73776175
earlier_02470,earlier,56609.43967,0.58664082
earlier_02471,earlier,29366.12332,1.44417680
earlier_02472,earlier,16456.33800,0.93837269
earlier_02473,earlier,24966.16660,1.20491629
earlier_02474,earlier,10752.31750,0.91909265
earlier_02475,earlier,17599.33193,1.14471461
earlier_02476,earlier,12047.35505,1.29357510
earlier_02477,earlier,7009.97391,1.36282652
earlier_02478,earlier,37625.13904,0.88442764
earlier_02479,earlier,10326.94613,1.47996969
earlier_02480,earlier,26841.98093,0.85964599
earlier_02481,earlier,12431.12446,0.75855713
earlier_02482,earlier,18643.16612,1.13958173
earlier_02483,earlier,38550.50992,1.20965139
earlier_02484,earlier,15917.31823,1.12527257
earlier_02485,earlier,40890.77454,1.45211254
earlier_02486,earlier,29531.13531,1.33188751
earlier_02487,earlier,107468.16325,0.67030750
earlier_02488,earlier,10901.14320,1.45081062
earlier_02489,earlier,25679.16966,1.08833595
earlier_02490,earlier,16428.32881,0.84565352
earlier_02491,earlier,15285.21952,1.02703562
earlier_02492,earlier,15217.16754,0.55502185
earlier_02493,earlier,10546.83347,0.95177513
earlier_02494,earlier,38209.99010,1.03635762
earlier_02495,earlier,81463.81639,1.20580162
earlier_02496,earlier,29953.84061,0.90305619
earlier_02497,earlier,5201.48353,0.99392073
earlier_02498,earlier,7948.77051,1.15385828
earlier_02499,earlier,12836.27318,0.50302210
earlier_02500,earlier,22485.34952,0.54486898
earlier_02501,earlier,16584.92310,0.84743511
earlier_02502,earlier,14479.01179,0.88468008
earlier_02503,earlier,30326.93794,0.71206850
earlier_02504,earlier,37362.45134,1.42587165
earlier_02505,earlier,46893.13039,1.46683239
earlier_02506,earlier,12235.66770,0.92893301
earlier_02507,earlier,12746.25484,0.68752796
earlier_02508,earlier,17128.64847,0.90729312
earlier_02509,earlier,8855.54097,0.85786643
earlier_02510,earlier,17074.59864,1.02848261
earlier_02511,earlier,8195.15230,0.78502580
earlier_02512,earlier,12913.18163,0.64390959
earlier_02513,earlier,31334.85760,0.83434951
earlier_02514,earlier,36158.49657,1.26959933
earlier_02515,earlier,21981.93505,0.53678601
earlier_02516,earlier,8948.90692,0.57934904
earlier_02517,earlier,24973.76779,0.85687952
earlier_02518,earlier,12400.60513,0.87966691
earlier_02519,earlier,24981.72619,0.81593078
earlier_02520,earlier,21033.11908,1.13410548
earlier_02521,earlier,11925.29979,1.32064455
earlier_02522,earlier,10901.79668,0.95639883
earlier_02523,earlier,6499.98555,1.05887294
earlier_02524,earlier,13194.03590,0.67607000
earlier_02525,earlier,28268.06041,1.23924883
earlier_02526,earlier,13385.61609,0.71693271
earlier_02527,earlier,32212.09254,0.77172588
earlier_02528,earlier,13851.06597,1.32620771
earlier_02529,earlier,22776.84217,1.48853352
earlier_02530,earlier,10046.94231,0.68074775
earlier_02531,earlier,10041.79559,1.07181173
earlier_02532,earlier,14216.31179,1.14353894
earlier_02533,earlier,24169.87549,1.37333287
earlier_02534,earlier,12817.76054,0.65308092
earlier_02535,earlier,14534.08435,1.30704396
earlier_02536,earlier,16579.84097,0.80127867
earlier_02537,earlier,37620.46739,1.47448317
earlier_02538,earlier,25800.86219,0.76916762
earlier_02539,earlier,20661.12338,0.93874788
earlier_02540,earlier,13543.44791,1.00507980
earlier_02541,earlier,37561.16164,1.32000323
earlier_02542,earlier,13061.86962,0.60507250
earlier_02543,earlier,4782.22183,0.67660986
earlier_02544,earlier,14821.74669,1.22495318
earlier_02545,earlier,16890.00568,0.70584445
earlier_02546,earlier,27126.66788,1.16374215
earlier_02547,earlier,37480.53844,1.35732974
earlier_02548,earlier,35845.25094,0.54996069
earlier_02549,earlier,15835.59755,1.24034635
earlier_02550,earlier,10218.15153,1.23320972
earlier_02551,earlier,12951.23943,1.35851323
earlier_02552,earlier,9696.05495,1.38473150
earlier_02553,earlier,30300.37059,1.38699752
earlier_02554,earlier,43344.61174,0.78020470
earlier_02555,earlier,19753.82017,0.76976869
earlier_02556,earlier,18383.12571,0.96826066
earlier_02557,earlier,22991.57225,1.12129236
earlier_02558,earlier,24422.78113,0.96065573
earlier_02559,earlier,16670.23981,1.48253293
earlier_02560,earlier,9257.94118,0.95638765
earlier_02561,earlier,34239.16579,1.43211798
earlier_02562,earlier,26903.98011,1.44912376
earlier_02563,earlier,22693.87399,1.36040395
earlier_02564,earlier,5664.96618,0.89230150
earlier_02565,earlier,16001.76389,1.29053748
earlier_02566,earlier,15321.65065,1.34659263
earlier_02567,earlier,15802.75788,1.20928820
earlier_02568,earlier,12502.62200,1.26132898
earlier_02569,earlier,12430.79784,1.05014974
earlier_02570,earlier,17644.51948,1.02309211
earlier_02571,earlier,27446.82533,0.99315651
earlier_02572,earlier,13990.52053,0.62277377
earlier_02573,earlier,38012.64215,1.21583190
earlier_02574,earlier,14289.67878,1.23118482
earlier_02575,earlier,22969.21886,0.58590884
earlier_02576,earlier,5627.81422,1.48190904
earlier_02577,earlier,16700.99249,0.68750152
earlier_02578,earlier,18990.81757,1.18270862
earlier_02579,earlier,5558.09671,1.38164441
earlier_02580,earlier,18835.36884,0.86472285
earlier_02581,earlier,14372.61249,1.10905719
earlier_02582,earlier,21583.97464,0.95585409
earlier_02583,earlier,33386.84349,1.04774875
earlier_02584,earlier,15624.69013,0.62908813
earlier_02585,earlier,6897.77635,1.33617542
earlier_02586,earlier,11929.17138,0.80294318
earlier_02587,earlier,12127.30632,1.29403472
earlier_02588,earlier,44080.28257,0.72306407
earlier_02589,earlier,19975.21137,0.91337864
earlier_02590,earlier,18959.39318,0.79740290
earlier_02591,earlier,23008.55076,1.47914198
earlier_02592,earlier,17074.09320,1.23388413
earlier_02593,earlier,35865.56511,1.25280264
earlier_02594,earlier,14438.35450,0.66732758
earlier_02595,earlier,5187.80292,0.73291770
earlier_02596,earlier,12265.93146,0.95779914
earlier_02597,earlier,33375.94091,1.01574557
earlier_02598,earlier,20295.68220,1.35158766
earlier_02599,earlier,39897.35565,1.33871683
earlier_02600,earlier,12970.94954,1.02159705
earlier_02601,earlier,20229.85614,0.95978288
earlier_02602,earlier,7924.26563,1.36205329
earlier_02603,earlier,26100.32483,1.35418839
earlier_02604,earlier,5674.91169,0.69224332
earlier_02605,earlier,17050.49472,1.16589576
earlier_02606,earlier,21922.54291,0.93489541
earlier_02607,earlier,12987.46343,0.54384196
earlier_02608,earlier,33724.89992,0.77418544
earlier_02609,earlier,15421.46366,0.55264775
earlier_02610,earlier,25836.43767,0.53635109
earlier_02611,earlier,23976.80666,1.10677265
earlier_02612,earlier,25043.90328,1.43553521
earlier_02613,earlier,6838.68664,1.39339899
earlier_02614,earlier,11619.80814,1.02085887
earlier_02615,earlier,11706.42691,0.82269989
earlier_02616,earlier,9280.27042,1.18224955
earlier_02617,earlier,26402.82177,1.16122304
earlier_02618,earlier,12986.12673,0.54053517
earlier_02619,earlier,29883.18823,1.27841932
earlier_02620,earlier,16356.89217,1.10459639
earlier_02621,earlier,28723.03770,0.96864366
earlier_02622,earlier,13436.81755,0.72998522
earlier_02623,earlier,14818.99480,0.83885062
earlier_02624,earlier,29351.25562,0.70046442
earlier_02625,earlier,10370.79427,0.99786364
earlier_02626,earlier,23915.83566,1.22360101
earlier_02627,earlier,10527.55824,1.47583929
earlier_02628,earlier,27623.56194,1.02158273
earlier_02629,earlier,18808.81737,1.10912481
earlier_02630,earlier,13016.10960,1.03732606
earlier_02631,earlier,20118.65575,0.51723427
earlier_02632,earlier,22303.06343,0.59767798
earlier_02633,earlier,25799.95410,1.01810616
earlier_02634,earlier,11859.14545,1.49347510
earlier_02635,earlier,38126.92264,0.85340921
earlier_02636,earlier,33916.31972,0.93265871
earlier_02637,earlier,6505.39544,0.65634782
earlier_02638,earlier,38170.90954,0.85551967
earlier_02639,earlier,25282.94813,1.06253064
earlier_02640,earlier,7503.82872,0.83744887
earlier_02641,earlier,13112.55069,1.47795589
earlier_02642,earlier,22436.77263,0.93653079
earlier_02643,earlier,20794.03492,0.83872502
earlier_02644,earlier,47066.07573,0.92989474
earlier_02645,earlier,35804.59279,1.11099916
earlier_02646,earlier,14382.45443,0.91099803
earlier_02647,earlier,11802.77441,1.24238419
earlier_02648,earlier,7864.45611,1.19955364
earlier_02649,earlier,14245.71028,1.49667059
earlier_02650,earlier,12425.26318,1.01471122
earlier_02651,earlier,42215.79664,0.93900094
earlier_02652,earlier,22227.39294,0.78279292
earlier_02653,earlier,20578.29782,1.09527148
earlier_02654,earlier,14280.82802,0.62966001
earlier_02655,earlier,9719.77488,1.21797861
earlier_02656,earlier,33649.47589,1.47504626
earlier_02657,earlier,6435.20376,0.64576272
earlier_02658,earlier,40246.42940,0.74306940
earlier_02659,earlier,20378.76382,0.74161833
earlier_02660,earlier,45364.30265,0.64362177
earlier_02661,earlier,31270.76166,0.89479907
earlier_02662,earlier,7093.30482,0.58401325
earlier_02663,earlier,25939.44790,0.82004253
earlier_02664,earlier,32173.04686,1.03812494
earlier_02665,earlier,30532.58792,1.19259040
earlier_02666,earlier,19648.99930,0.53591656
earlier_02667,earlier,12078.10682,0.57619893
earlier_02668,earlier,9461.66641,0.69165498
earlier_02669,earlier,23694.45510,1.06598906
earlier_02670,earlier,11306.10213,1.19181700
earlier_02671,earlier,15401.85230,1.11408282
earlier_02672,earlier,22349.04739,0.91268773
earlier_02673,earlier,22947.36916,0.61180436
earlier_02674,earlier,11060.31235,0.51698803
earlier_02675,earlier,22423.54579,1.06856775
earlier_02676,earlier,30381.81389,1.42365011
earlier_02677,earlier,25887.05355,1.25133507
earlier_02678,earlier,33509.98348,0.59730257
earlier_02679,earlier,8107.96316,0.65549283
earlier_02680,earlier,11064.32128,0.60011316
earlier_02681,earlier,20355.50686,0.57245005
earlier_02682,earlier,12345.69641,1.04334786
earlier_02683,earlier,13071.07612,1.22175822
earlier_02684,earlier,12969.05063,0.83528960
earlier_02685,earlier,32600.82546,1.38003148
earlier_02686,earlier,19705.06487,1.33206527
earlier_02687,earlier,10402.36461,1.36964372
earlier_02688,earlier,11867.34472,1.31738564
earlier_02689,earlier,8531.56607,1.32567876
earlier_02690,earlier,10695.27184,1.05790324
earlier_02691,earlier,28978.96017,1.30691010
earlier_02692,earlier,12211.57982,0.78902730
earlier_02693,earlier,14637.53151,1.29476367
earlier_02694,earlier,19026.93373,0.91922231
earlier_02695,earlier,26116.86879,1.14542329
earlier_02696,earlier,5949.34092,1.13160547
earlier_02697,earlier,15991.53592,1.16109843
earlier_02698,earlier,37965.81549,1.06690224
earlier_02699,earlier,10422.67235,1.03543869
earlier_02700,earlier,12272.40480,0.65145114
earlier_02701,earlier,11482.34764,1.34796506
earlier_02702,earlier,14281.66891,1.32393163
earlier_02703,earlier,45131.29670,0.86773650
earlier_02704,earlier,24539.16301,0.66613496
earlier_02705,earlier,45581.82498,0.72418417
earlier_02706,earlier,35475.93566,0.79201622
earlier_02707,earlier,5952.55055,1.46288165
earlier_02708,earlier,9494.09753,0.97622436
earlier_02709,earlier,40485.84626,0.80268106
earlier_02710,earlier,14003.33336,1.11257292
earlier_02711,earlier,26955.85810,0.52884854
earlier_02712,earlier,20427.61243,1.12537388
earlier_02713,earlier,18999.69455,0.58700378
earlier_02714,earlier,38262.70246,1.47834888
earlier_02715,earlier,8932.88098,1.44188540
earlier_02716,earlier,16212.07720,0.62991202
earlier_02717,earlier,15937.52780,0.74668411
earlier_02718,earlier,17041.87238,1.24332661
earlier_02719,earlier,10981.13657,0.89970116
earlier_02720,earlier,16592.29889,1.30658809
earlier_02721,earlier,6305.50186,1.29076493
earlier_02722,earlier,8420.54030,1.11500231
earlier_02723,earlier,22007.05209,1.38721876
earlier_02724,earlier,20937.43741,0.56833404
earlier_02725,earlier,5642.31263,1.21372963
earlier_02726,earlier,9826.24258,0.66855415
earlier_02727,earlier,12907.32899,0.80976946
earlier_02728,earlier,18210.71431,0.81999518
earlier_02729,earlier,21336.99585,0.79736082
earlier_02730,earlier,29176.58034,1.07116652
earlier_02731,earlier,13981.38328,0.76009305
earlier_02732,earlier,20300.87445,1.27553586
earlier_02733,earlier,21647.40663,1.38809759
earlier_02734,earlier,16716.57600,1.05484704
earlier_02735,earlier,22886.99141,0.96410050
earlier_02736,earlier,14561.62456,1.26858621
earlier_02737,earlier,30403.40691,0.63708256
earlier_02738,earlier,26068.23118,1.33534114
earlier_02739,earlier,35958.77750,1.37798576
earlier_02740,earlier,20235.33330,0.90326584
earlier_02741,earlier,6849.29944,1.35304686
earlier_02742,earlier,38159.37691,0.77482896
earlier_02743,earlier,18526.17568,0.61624414
earlier_02744,earlier,18840.99094,0.81549771
earlier_02745,earlier,13755.89729,0.70513776
earlier_02746,earlier,9761.46656,1.03123329
earlier_02747,earlier,17533.00133,1.12485049
earlier_02748,earlier,11213.88827,0.72170726
earlier_02749,earlier,21279.53751,1.03864643
earlier_02750,earlier,11404.49778,0.95983324
earlier_02751,earlier,11193.94679,1.48703741
earlier_02752,earlier,18002.06686,0.57833054
earlier_02753,earlier,15423.86378,1.22330198
earlier_02754,earlier,9677.37439,0.51837827
earlier_02755,earlier,18052.18122,0.66753290
earlier_02756,earlier,26798.65039,0.81530299
earlier_02757,earlier,15895.44155,0.70183544
earlier_02758,earlier,13208.27543,0.87915792
earlier_02759,earlier,33026.07569,1.48656740
earlier_02760,earlier,29483.47100,1.45011584
earlier_02761,earlier,16789.99765,1.18679098
earlier_02762,earlier,29185.86888,0.72130438
earlier_02763,earlier,20209.78854,0.98689038
earlier_02764,earlier,16644.15384,0.50647748
earlier_02765,earlier,35247.63251,1.11465513
earlier_02766,earlier,15889.18179,1.26553258
earlier_02767,earlier,6584.71309,0.82425151
earlier_02768,earlier,20421.60245,0.90476767
earlier_02769,earlier,8924.53275,0.90417486
earlier_02770,earlier,12537.73661,1.21961942
earlier_02771,earlier,26078.94526,0.96882145
earlier_02772,earlier,13558.49566,0.96420881
earlier_02773,earlier,21896.52668,1.29731045
earlier_02774,earlier,18941.83306,1.49594261
earlier_02775,earlier,22307.48111,1.09935828
earlier_02776,earlier,25961.27313,0.94016332
earlier_02777,earlier,20929.56424,1.45419419
earlier_02778,earlier,38064.99388,0.94612675
earlier_02779,earlier,6599.07364,0.51529394
earlier_02780,earlier,18545.19410,1.19583625
earlier_02781,earlier,24895.38536,1.20868089
earlier_02782,earlier,23894.32058,0.85748305
earlier_02783,earlier,11935.10899,1.48833707
earlier_02784,earlier,22205.77670,1.04563075
earlier_02785,earlier,18460.29878,1.45758739
earlier_02786,earlier,11284.55023,1.03662135
earlier_02787,earlier,21778.27450,1.28105605
earlier_02788,earlier,22093.36219,1.40327764
earlier_02789,earlier,12985.05162,0.78014896
earlier_02790,earlier,39128.74606,0.71582207
earlier_02791,earlier,20043.98517,1.15692456
earlier_02792,earlier,20107.93567,0.88088723
earlier_02793,earlier,8266.72456,0.90917873
earlier_02794,earlier,37378.08939,0.85996034
earlier_02795,earlier,10686.08947,0.92711222
earlier_02796,earlier,9203.32956,0.66015235
earlier_02797,earlier,37050.81455,0.89223233
earlier_02798,earlier,26375.09583,0.90715582
earlier_02799,earlier,15935.85439,1.35455799
earlier_02800,earlier,6668.65842,0.97266415
earlier_02801,earlier,9822.76100,0.71055983
earlier_02802,earlier,31501.51329,1.15787490
earlier_02803,earlier,16380.54661,0.86799680
earlier_02804,earlier,46381.93947,1.28302595
earlier_02805,earlier,17786.00452,1.48845607
earlier_02806,earlier,14714.57492,1.01220554
earlier_02807,earlier,48692.73904,1.18114263
earlier_02808,earlier,18983.17104,1.47043654
earlier_02809,earlier,26886.77794,0.95437403
earlier_02810,earlier,33355.84177,0.99295497
earlier_02811,earlier,21690.36710,0.85546295
earlier_02812,earlier,15924.95531,1.01322298
earlier_02813,earlier,35862.10011,0.72483729
earlier_02814,earlier,20134.15092,1.45468916
earlier_02815,earlier,6794.42165,1.09006600
earlier_02816,earlier,71692.64368,1.27984001
earlier_02817,earlier,9152.82156,1.17696037
earlier_02818,earlier,13616.38422,1.32064103
earlier_02819,earlier,20926.69432,1.47892137
earlier_02820,earlier,20861.22559,1.08680757
earlier_02821,earlier,7603.24737,1.40995048
earlier_02822,earlier,30444.81148,0.91758694
earlier_02823,earlier,19159.12824,0.66051782
earlier_02824,earlier,20283.56213,1.11689087
earlier_02825,earlier,44287.73696,1.06857613
earlier_02826,earlier,28437.74088,1.38150573
earlier_02827,earlier,27882.06427,0.68512719
earlier_02828,earlier,5792.17927,1.18417691
earlier_02829,earlier,12381.26227,1.02852874
earlier_02830,earlier,13211.15484,1.19140320
earlier_02831,earlier,17823.34479,1.38631851
earlier_02832,earlier,57825.26492,0.67261172
earlier_02833,earlier,8170.19158,0.83636440
earlier_02834,earlier,16808.87530,0.93457157
earlier_02835,earlier,20708.13233,1.41373264
earlier_02836,earlier,28432.44993,1.23028019
earlier_02837,earlier,13940.53121,1.42544091
earlier_02838,earlier,6477.41345,1.06434904
earlier_02839,earlier,13300.82126,0.61358145
earlier_02840,earlier,16978.67013,1.28440581
earlier_02841,earlier,39496.04061,1.06885107
earlier_02842,earlier,15646.14572,0.84901140
earlier_02843,earlier,12287.24075,1.01136555
earlier_02844,earlier,13829.24456,0.60817279
earlier_02845,earlier,18002.56927,1.40314301
earlier_02846,earlier,23495.55475,1.29401210
earlier_02847,earlier,6076.40996,0.52791126
earlier_02848,earlier,43847.65341,0.56598943
earlier_02849,earlier,10151.33217,0.64066703
earlier_02850,earlier,11523.61478,0.67971210
earlier_02851,earlier,21156.59285,0.61820231
earlier_02852,earlier,19255.33288,1.15893532
earlier_02853,earlier,15508.36373,1.03260951
earlier_02854,earlier,12351.28635,1.23034970
earlier_02855,earlier,19045.73577,1.39047852
earlier_02856,earlier,30494.04768,0.93893209
earlier_02857,earlier,10597.87952,1.30415576
earlier_02858,earlier,24662.74601,0.94556706
earlier_02859,earlier,10787.68422,1.41286775
earlier_02860,earlier,47242.15948,1.48536180
earlier_02861,earlier,33106.77913,1.08930351
earlier_02862,earlier,15358.35819,0.78304400
earlier_02863,earlier,14177.07693,0.65714835
earlier_02864,earlier,26494.22016,0.80877867
earlier_02865,earlier,21027.17814,1.19107771
earlier_02866,earlier,18970.69022,0.98799791
earlier_02867,earlier,23202.63120,0.95498592
earlier_02868,earlier,23188.73507,0.70892957
earlier_02869,earlier,16532.07515,0.67338664
earlier_02870,earlier,8268.46081,0.98333449
earlier_02871,earlier,22078.53454,0.93914922
earlier_02872,earlier,16695.74739,0.85929270
earlier_02873,earlier,25489.07239,0.62969525
earlier_02874,earlier,34103.76641,0.65896478
earlier_02875,earlier,18111.11827,0.50956568
earlier_02876,earlier,10074.95196,0.71897826
earlier_02877,earlier,7711.96396,0.79057809
earlier_02878,earlier,12675.81187,1.20834253
earlier_02879,earlier,17992.53894,0.52932926
earlier_02880,earlier,23410.27831,1.02068297
earlier_02881,earlier,24467.13925,0.61464585
earlier_02882,earlier,13496.92287,0.62526332
earlier_02883,earlier,16229.92100,0.83980538
earlier_02884,earlier,18801.90499,1.05917264
earlier_02885,earlier,19844.91553,0.56959970
earlier_02886,earlier,8004.94484,0.80509986
earlier_02887,earlier,11736.34451,1.47986736
earlier_02888,earlier,26472.95647,0.72209721
earlier_02889,earlier,59031.52528,1.47652556
earlier_02890,earlier,6363.09726,0.89638958
earlier_02891,earlier,31160.69735,0.56911811
earlier_02892,earlier,22563.84020,0.65436598
earlier_02893,earlier,5623.95048,1.45298863
earlier_02894,earlier,21631.49515,0.94079721
earlier_02895,earlier,16171.40507,0.79916388
earlier_02896,earlier,31661.99698,1.30163568
earlier_02897,earlier,17859.94233,1.46781559
earlier_02898,earlier,19412.24863,0.69543110
earlier_02899,earlier,21381.03533,0.58996185
earlier_02900,earlier,24128.05569,0.50371972
earlier_02901,earlier,11756.49657,0.94158632
earlier_02902,earlier,28478.90335,0.61180097
earlier_02903,earlier,27280.95827,1.10130098
earlier_02904,earlier,34795.64609,0.60989604
earlier_02905,earlier,20256.39426,0.93671985
earlier_02906,earlier,27540.96440,0.78073635
earlier_02907,earlier,14594.34534,0.68705430
earlier_02908,earlier,17793.69566,1.11124232
earlier_02909,earlier,15161.87451,1.01569966
earlier_02910,earlier,25627.42993,0.92643081
earlier_02911,earlier,18666.43399,0.73263810
earlier_02912,earlier,31371.75552,1.28510220
earlier_02913,earlier,28477.62934,0.51991562
earlier_02914,earlier,9840.72145,0.82465500
earlier_02915,earlier,37423.92693,0.77953006
earlier_02916,earlier,12492.62465,1.09385935
earlier_02917,earlier,41229.55851,1.22909978
earlier_02918,earlier,39330.52208,0.60780863
earlier_02919,earlier,16694.15723,0.98961151
earlier_02920,earlier,8811.86949,1.11798098
earlier_02921,earlier,13388.49750,1.44296983
earlier_02922,earlier,27669.32462,0.58942562
earlier_02923,earlier,19407.62964,0.90984203
earlier_02924,earlier,20663.36214,1.28520384
earlier_02925,earlier,25913.03269,0.92100607
earlier_02926,earlier,5455.34754,1.24310150
earlier_02927,earlier,23751.02705,0.98924925
earlier_02928,earlier,11452.13356,1.34392418
earlier_02929,earlier,25011.89709,0.70473117
earlier_02930,earlier,9262.24255,1.20826595
earlier_02931,earlier,16332.66221,1.43382580
earlier_02932,earlier,20166.19963,0.75784902
earlier_02933,earlier,21154.29231,0.78287501
earlier_02934,earlier,29864.12806,1.17378525
earlier_02935,earlier,9190.81005,0.82339344
earlier_02936,earlier,17735.76404,0.65211611
earlier_02937,earlier,10831.76928,0.64176894
earlier_02938,earlier,32890.35299,0.63097191
earlier_02939,earlier,12780.21412,0.82344409
earlier_02940,earlier,14711.91186,1.49275136
earlier_02941,earlier,10871.15326,0.88346770
earlier_02942,earlier,25494.19381,0.61322250
earlier_02943,earlier,34908.92280,0.56142782
earlier_02944,earlier,23511.39131,1.02582569
earlier_02945,earlier,15892.85625,1.34068707
earlier_02946,earlier,14521.40332,0.58300669
earlier_02947,earlier,11870.03307,0.91311259
earlier_02948,earlier,8008.01130,1.26104021
earlier_02949,earlier,16046.35534,1.37335419
earlier_02950,earlier,21393.76726,1.18560214
earlier_02951,earlier,26405.88494,0.66072836
earlier_02952,earlier,34389.13549,1.03277980
earlier_02953,earlier,27477.10941,0.92897599
earlier_02954,earlier,21824.52536,1.39250292
earlier_02955,earlier,41064.70352,1.04263849
earlier_02956,earlier,17824.67454,0.86859671
earlier_02957,earlier,18576.58410,1.33309980
earlier_02958,earlier,19003.55009,0.98142653
earlier_02959,earlier,8162.15684,1.44999561
earlier_02960,earlier,5160.18863,1.37184416
earlier_02961,earlier,9031.39779,0.88510676
earlier_02962,earlier,16929.94004,0.55365029
earlier_02963,earlier,9243.24251,0.54064802
earlier_02964,earlier,7909.51065,0.94292993
earlier_02965,earlier,13885.19884,1.16104371
earlier_02966,earlier,45270.81740,0.51930317
earlier_02967,earlier,24091.39181,1.25305118
earlier_02968,earlier,20362.26900,0.86399860
earlier_02969,earlier,39648.30780,1.29509098
earlier_02970,earlier,23551.49506,1.39216434
earlier_02971,earlier,20876.25931,1.41663037
earlier_02972,earlier,9249.55752,1.33110025
earlier_02973,earlier,15375.61649,1.26657474
earlier_02974,earlier,53700.59078,1.00023742
earlier_02975,earlier,27368.30505,1.33630880
earlier_02976,earlier,28213.59090,0.76209322
earlier_02977,earlier,27890.44329,0.77392636
earlier_02978,earlier,11027.47970,1.19449174
earlier_02979,earlier,30872.94379,1.33951934
earlier_02980,earlier,17411.56343,0.78275212
earlier_02981,earlier,5956.95065,1.49990988
earlier_02982,earlier,10771.92602,0.91236410
earlier_02983,earlier,9287.79790,1.42374602
earlier_02984,earlier,17797.19452,0.68568493
earlier_02985,earlier,30273.94380,1.08015083
earlier_02986,earlier,28868.77753,1.05563415
earlier_02987,earlier,21561.61969,0.92179897
earlier_02988,earlier,13463.02978,0.92885087
earlier_02989,earlier,21310.35975,0.82115478
earlier_02990,earlier,20441.86316,0.74107283
earlier_02991,earlier,9311.40165,0.89433150
earlier_02992,earlier,10859.17350,0.83434509
earlier_02993,earlier,7652.39103,1.03016729
earlier_02994,earlier,13548.05326,0.86749012
earlier_02995,earlier,21586.16276,0.88281020
earlier_02996,earlier,12357.18694,0.54274639
earlier_02997,earlier,21253.02288,0.67676305
earlier_02998,earlier,14046.87906,0.78834429
earlier_02999,earlier,32723.69375,0.89515269
earlier_03000,earlier,9210.37761,1.40693953
earlier_03001,earlier,23455.82510,1.34396584
earlier_03002,earlier,24574.56224,0.85018683
earlier_03003,earlier,21917.66901,1.00833639
earlier_03004,earlier,24827.99539,0.83230331
earlier_03005,earlier,16321.69427,1.45307891
earlier_03006,earlier,15242.72762,0.84465722
earlier_03007,earlier,17685.11491,1.10198301
earlier_03008,earlier,19729.97635,1.29048450
earlier_03009,earlier,17219.42225,0.64158719
earlier_03010,earlier,8022.87862,1.07510587
earlier_03011,earlier,6735.40208,1.17842810
earlier_03012,earlier,30899.37342,0.76830268
earlier_03013,earlier,38797.21091,0.61345843
earlier_03014,earlier,9330.89184,0.58805572
earlier_03015,earlier,19563.85133,1.03957960
earlier_03016,earlier,69067.69043,1.32697172
earlier_03017,earlier,22608.55116,1.30342371
earlier_03018,earlier,31111.49899,1.49906279
earlier_03019,earlier,12334.45870,0.65578466
earlier_03020,earlier,15301.92879,1.16819968
earlier_03021,earlier,24475.80062,0.58678128
earlier_03022,earlier,6163.81288,0.61208573
earlier_03023,earlier,23856.17378,0.62673576
earlier_03024,earlier,37414.10745,0.64362631
earlier_03025,earlier,20878.40260,1.04024197
earlier_03026,earlier,23429.76618,0.54156874
earlier_03027,earlier,11516.75782,0.73548662
earlier_03028,earlier,8390.53012,1.12972617
earlier_03029,earlier,20325.05914,1.21119401
earlier_03030,earlier,19850.92103,0.87999025
earlier_03031,earlier,27518.13186,1.01888949
earlier_03032,earlier,22812.70349,0.78053126
earlier_03033,earlier,23360.36177,1.24171246
earlier_03034,earlier,30151.05036,0.71591017
earlier_03035,earlier,13678.06968,0.79556313
earlier_03036,earlier,64788.37002,0.89458718
earlier_03037,earlier,10461.82456,1.44517616
earlier_03038,earlier,29157.67274,0.90848895
earlier_03039,earlier,18565.29642,0.74047383
earlier_03040,earlier,15736.61747,0.60829702
earlier_03041,earlier,17000.76163,1.00696077
earlier_03042,earlier,24693.66220,0.56906220
earlier_03043,earlier,35744.91529,1.25883246
earlier_03044,earlier,17003.46383,1.07016632
earlier_03045,earlier,19989.14439,1.39080727
earlier_03046,earlier,12149.68833,1.25745850
earlier_03047,earlier,8868.98228,0.72901617
earlier_03048,earlier,9434.84964,1.23128632
earlier_03049,earlier,9413.82760,1.16568012
earlier_03050,earlier,16745.33030,1.44304899
earlier_03051,earlier,38000.48645,1.12407129
earlier_03052,earlier,31230.70360,0.97174915
earlier_03053,earlier,58579.32910,1.18586876
earlier_03054,earlier,21324.73713,0.63654533
earlier_03055,earlier,30268.89281,0.82120206
earlier_03056,earlier,23918.93228,0.84496500
earlier_03057,earlier,15888.95380,0.99693373
earlier_03058,earlier,18078.33167,1.33548732
earlier_03059,earlier,14307.15773,0.86051927
earlier_03060,earlier,34235.45756,1.40333792
earlier_03061,earlier,24931.98695,0.57789711
earlier_03062,earlier,7848.79560,1.12608290
earlier_03063,earlier,8154.36170,1.45336853
earlier_03064,earlier,40170.09711,1.17647755
earlier_03065,earlier,18399.37325,1.13566022
earlier_03066,earlier,41412.62525,0.78285785
earlier_03067,earlier,7264.65841,0.78292044
earlier_03068,earlier,43742.48191,0.71581734
earlier_03069,earlier,13369.77944,0.86658111
earlier_03070,earlier,16899.06922,1.26050043
earlier_03071,earlier,10664.34767,1.04604811
earlier_03072,earlier,27955.28788,0.82604653
earlier_03073,earlier,12659.19720,0.93160240
earlier_03074,earlier,17750.34925,0.89668746
earlier_03075,earlier,83769.92115,0.58920343
earlier_03076,earlier,22148.69313,0.71135037
earlier_03077,earlier,38258.20648,0.53164561
earlier_03078,earlier,10716.71488,1.15246771
earlier_03079,earlier,14477.78593,0.66242503
earlier_03080,earlier,11839.89472,0.69308274
earlier_03081,earlier,16633.49579,1.00711481
earlier_03082,earlier,16223.14928,0.54987650
earlier_03083,earlier,14461.02260,0.70955362
earlier_03084,earlier,15114.29881,0.94104656
earlier_03085,earlier,26367.67226,0.67852486
earlier_03086,earlier,12654.53292,0.54103527
earlier_03087,earlier,5121.07079,0.66361336
earlier_03088,earlier,13305.04775,1.19984527
earlier_03089,earlier,12746.90064,1.29268471
earlier_03090,earlier,21399.39860,0.86154109
earlier_03091,earlier,20638.35053,1.00821294
earlier_03092,earlier,44997.54774,0.88545790
earlier_03093,earlier,11098.22630,1.09089990
earlier_03094,earlier,28126.94804,1.11414736
earlier_03095,earlier,24207.03680,0.78614644
earlier_03096,earlier,13539.50521,0.85909380
earlier_03097,earlier,12718.37690,1.08463958
earlier_03098,earlier,28408.03633,1.44254424
earlier_03099,earlier,6290.65673,0.60179913
earlier_03100,earlier,13360.04787,0.68372375
earlier_03101,earlier,36494.44750,1.37053464
earlier_03102,earlier,18421.61715,1.08754133
earlier_03103,earlier,35709.92402,1.40395093
earlier_03104,earlier,53506.35002,0.87066784
earlier_03105,earlier,24480.82825,1.23830077
earlier_03106,earlier,7627.72451,0.73987252
earlier_03107,earlier,15202.47465,1.09523688
earlier_03108,earlier,39583.73713,1.04383854
earlier_03109,earlier,21512.77302,0.57937545
earlier_03110,earlier,14138.07018,0.87303745
earlier_03111,earlier,5872.16376,1.15469158
earlier_03112,earlier,12899.00637,1.36166688
earlier_03113,earlier,7612.98587,1.45195423
earlier_03114,earlier,49885.75975,0.50253548
earlier_03115,earlier,23923.86017,1.15727154
earlier_03116,earlier,21659.28629,1.06896366
earlier_03117,earlier,33099.91395,1.42363847
earlier_03118,earlier,20939.40021,0.86559674
earlier_03119,earlier,14859.14469,1.39791935
earlier_03120,earlier,32045.74733,1.38611118
earlier_03121,earlier,25668.46586,1.27990788
earlier_03122,earlier,11642.14585,1.46771329
earlier_03123,earlier,20705.29428,1.01461213
earlier_03124,earlier,14160.08253,1.15042021
earlier_03125,earlier,15739.48814,1.35287950
earlier_03126,earlier,49078.41082,0.55937076
earlier_03127,earlier,14468.58148,0.72769199
earlier_03128,earlier,18872.33983,0.56504718
earlier_03129,earlier,17970.35033,1.37383549
earlier_03130,earlier,9188.45978,0.72218950
earlier_03131,earlier,16228.85889,1.41024148
earlier_03132,earlier,24187.36565,0.55340172
earlier_03133,earlier,16046.54534,0.96656485
earlier_03134,earlier,7287.49567,0.92060732
earlier_03135,earlier,7016.96487,0.92565091
earlier_03136,earlier,46896.75678,1.31891131
earlier_03137,earlier,15825.23127,1.24583070
earlier_03138,earlier,17467.84979,0.79517178
earlier_03139,earlier,2869.95731,1.09129735
earlier_03140,earlier,24841.03560,1.29524513
earlier_03141,earlier,8979.56126,1.01928589
earlier_03142,earlier,13420.81034,1.27617511
earlier_03143,earlier,13115.02161,1.07081492
earlier_03144,earlier,15201.46927,0.79237780
earlier_03145,earlier,49386.29172,1.16786536
earlier_03146,earlier,18781.67311,0.73612740
earlier_03147,earlier,26605.78163,1.47252790
earlier_03148,earlier,24154.17676,0.83504942
earlier_03149,earlier,24949.63648,1.20909356
earlier_03150,earlier,27329.32104,0.58504662
earlier_03151,earlier,18294.91008,1.03975641
earlier_03152,earlier,36994.58248,0.68334916
earlier_03153,earlier,9041.41165,0.54143005
earlier_03154,earlier,6327.52487,1.34730825
earlier_03155,earlier,19518.34723,1.38621002
earlier_03156,earlier,4645.91529,1.03633520
earlier_03157,earlier,7570.44711,1.11969302
earlier_03158,earlier,3960.51012,0.50563531
earlier_03159,earlier,16080.45100,0.53758121
earlier_03160,earlier,13421.82837,0.52107628
earlier_03161,earlier,25416.18939,1.13854545
earlier_03162,earlier,17949.78239,0.92209243
earlier_03163,earlier,27485.59547,1.04847988
earlier_03164,earlier,30129.63857,0.51529835
earlier_03165,earlier,37961.22726,1.47176315
earlier_03166,earlier,10939.53503,1.06099451
earlier_03167,earlier,28164.48045,0.53733864
earlier_03168,earlier,26845.48698,0.83543744
earlier_03169,earlier,27343.27569,0.94933353
earlier_03170,earlier,24931.94329,0.58804053
earlier_03171,earlier,28357.03580,0.92815805
earlier_03172,earlier,12549.51822,1.42410676
earlier_03173,earlier,24249.25360,0.96512700
earlier_03174,earlier,26488.28087,1.02373376
earlier_03175,earlier,5559.91135,1.02393934
earlier_03176,earlier,14129.85138,0.77252277
earlier_03177,earlier,17205.91561,1.40458227
earlier_03178,earlier,23957.83187,0.74295848
earlier_03179,earlier,20429.02108,1.12021393
earlier_03180,earlier,20295.55035,0.98416050
earlier_03181,earlier,68022.35290,0.87193602
earlier_03182,earlier,13122.72499,1.29057082
earlier_03183,earlier,16042.25660,1.17694126
earlier_03184,earlier,25356.36386,0.59962405
earlier_03185,earlier,14763.87252,0.63283333
earlier_03186,earlier,15816.60252,0.74712889
earlier_03187,earlier,11836.79491,0.65083769
earlier_03188,earlier,16922.12132,0.71616264
earlier_03189,earlier,7570.00215,1.27085137
earlier_03190,earlier,21880.07374,0.52168574
earlier_03191,earlier,10794.29051,1.09963343
earlier_03192,earlier,27419.14268,1.28239747
earlier_03193,earlier,3238.08706,1.41746033
earlier_03194,earlier,21723.23678,0.52087632
earlier_03195,earlier,27884.26042,1.36720789
earlier_03196,earlier,19492.02800,0.59001676
earlier_03197,earlier,15381.19335,1.01235902
earlier_03198,earlier,10285.36760,1.42635477
earlier_03199,earlier,25666.75427,0.97841670
earlier_03200,earlier,16706.05240,0.95935076
earlier_03201,earlier,10861.37483,0.79423666
earlier_03202,earlier,15645.62942,1.46577644
earlier_03203,earlier,17399.95009,1.30525855
earlier_03204,earlier,24455.52964,0.92960385
earlier_03205,earlier,34099.95777,1.37176392
earlier_03206,earlier,24027.13450,0.51880912
earlier_03207,earlier,33635.10301,0.62267932
earlier_03208,earlier,21974.03311,0.53030345
earlier_03209,earlier,17983.75340,0.53347587
earlier_03210,earlier,25322.22418,1.26904102
earlier_03211,earlier,22386.15569,1.47256739
earlier_03212,earlier,19027.94568,0.55209472
earlier_03213,earlier,32318.16286,1.19037836
earlier_03214,earlier,31628.38376,0.76634196
earlier_03215,earlier,19739.40989,0.57769049
earlier_03216,earlier,57826.74407,0.63687019
earlier_03217,earlier,16557.17153,1.19468761
earlier_03218,earlier,25048.69637,0.91741166
earlier_03219,earlier,24803.66970,1.42994718
earlier_03220,earlier,8613.56302,1.25543447
earlier_03221,earlier,19711.36757,0.95904558
earlier_03222,earlier,14228.49694,1.21709951
earlier_03223,earlier,16525.17452,1.27881326
earlier_03224,earlier,6758.58837,1.26576038
earlier_03225,earlier,11957.27503,0.84036639
earlier_03226,earlier,26147.78416,0.90328817
earlier_03227,earlier,22836.37650,1.34634449
earlier_03228,earlier,5885.83165,0.84794975
earlier_03229,earlier,43362.61960,1.11081943
earlier_03230,earlier,23628.28229,0.68437483
earlier_03231,earlier,14589.17781,1.45549829
earlier_03232,earlier,11409.83504,1.38587530
earlier_03233,earlier,13635.99163,1.27483602
earlier_03234,earlier,9330.35952,0.79395452
earlier_03235,earlier,26821.61267,0.91243934
earlier_03236,earlier,34005.15038,0.56237418
earlier_03237,earlier,16669.95703,0.81902981
earlier_03238,earlier,11102.18727,1.48728224
earlier_03239,earlier,22973.39327,1.26247641
earlier_03240,earlier,24632.28913,1.14486628
earlier_03241,earlier,11294.46620,1.01381524
earlier_03242,earlier,10717.72915,0.77254853
earlier_03243,earlier,27126.10378,1.49948209
earlier_03244,earlier,18138.98887,0.76489431
earlier_03245,earlier,10736.32701,0.92227965
earlier_03246,earlier,8052.64853,0.99204561
earlier_03247,earlier,4120.01256,0.80196744
earlier_03248,earlier,33038.76275,0.98763906
earlier_03249,earlier,8562.58715,1.16850696
earlier_03250,earlier,41825.00375,0.74090845
earlier_03251,earlier,27127.12743,1.45731155
earlier_03252,earlier,24135.88807,0.92069694
earlier_03253,earlier,14453.09583,1.47411178
earlier_03254,earlier,21617.42539,0.87944302
earlier_03255,earlier,14628.99105,1.21423502
earlier_03256,earlier,33261.09370,0.60150332
earlier_03257,earlier,12969.52962,1.30776314
earlier_03258,earlier,27710.67351,1.22474615
earlier_03259,earlier,27309.90253,0.52723943
earlier_03260,earlier,16688.04351,0.53060976
earlier_03261,earlier,12543.61895,0.82049558
earlier_03262,earlier,8541.34282,0.83713585
earlier_03263,earlier,16317.09997,0.79352386
earlier_03264,earlier,23764.27003,1.09239489
earlier_03265,earlier,26447.00132,1.26161315
earlier_03266,earlier,8789.95815,1.20774113
earlier_03267,earlier,6228.74955,1.10523816
earlier_03268,earlier,52907.07670,0.57488125
earlier_03269,earlier,11155.85956,1.20430441
earlier_03270,earlier,11826.89066,0.70638353
earlier_03271,earlier,18473.12457,1.06879214
earlier_03272,earlier,21736.20489,1.18030182
earlier_03273,earlier,15524.83647,1.48317411
earlier_03274,earlier,12625.93448,1.37624212
earlier_03275,earlier,26223.34532,1.05155325
earlier_03276,earlier,65713.66301,0.91090150
earlier_03277,earlier,38670.67071,1.23806118
earlier_03278,earlier,22457.27417,0.62359719
earlier_03279,earlier,7179.08249,0.59776577
earlier_03280,earlier,5360.27057,0.63368236
earlier_03281,earlier,14851.72303,0.79760812
earlier_03282,earlier,30130.04309,0.91321279
earlier_03283,earlier,8654.12232,1.31124459
earlier_03284,earlier,31715.89555,0.73665463
earlier_03285,earlier,24898.01263,1.27768901
earlier_03286,earlier,30395.67818,1.10397769
earlier_03287,earlier,19350.76318,1.33699418
earlier_03288,earlier,16914.39970,1.43338900
earlier_03289,earlier,10098.78491,1.08796179
earlier_03290,earlier,11687.93261,1.47899995
earlier_03291,earlier,11200.02913,0.64529934
earlier_03292,earlier,11432.88712,0.70435246
earlier_03293,earlier,6730.28187,0.52776145
earlier_03294,earlier,19938.91789,1.22485542
earlier_03295,earlier,11427.52769,1.04011677
earlier_03296,earlier,23265.52136,0.75911537
earlier_03297,earlier,14497.42758,0.56584671
earlier_03298,earlier,15923.12021,0.76907581
earlier_03299,earlier,15339.31131,1.04096163
earlier_03300,earlier,17905.18030,1.23529480
earlier_03301,earlier,13005.63342,0.53012449
earlier_03302,earlier,22184.26171,1.05999160
earlier_03303,earlier,47257.86823,1.02295614
earlier_03304,earlier,13183.68430,1.36872603
earlier_03305,earlier,17376.85370,0.92467813
earlier_03306,earlier,20870.46763,1.08472061
earlier_03307,earlier,30605.03068,0.62596717
earlier_03308,earlier,33252.06183,1.48361837
earlier_03309,earlier,19531.78561,0.91298422
earlier_03310,earlier,13163.02439,0.56721806
earlier_03311,earlier,14818.61968,0.75266556
earlier_03312,earlier,28774.09824,1.20229477
earlier_03313,earlier,17391.27151,1.38052140
earlier_03314,earlier,15612.21345,0.57633663
earlier_03315,earlier,20297.76793,1.39426565
earlier_03316,earlier,13029.83869,0.69132332
earlier_03317,earlier,4063.76679,0.84432286
earlier_03318,earlier,8498.29479,1.16218689
earlier_03319,earlier,61115.69134,0.79097414
earlier_03320,earlier,15359.02596,0.76240985
earlier_03321,earlier,14262.64221,0.69736401
earlier_03322,earlier,22718.00727,1.20239627
earlier_03323,earlier,16745.78987,1.26574307
earlier_03324,earlier,11562.16627,1.25361611
earlier_03325,earlier,22806.51402,1.09476613
earlier_03326,earlier,14448.15379,0.94004562
earlier_03327,earlier,16372.06935,1.23376378
earlier_03328,earlier,10942.59853,1.42680273
earlier_03329,earlier,33982.86641,1.41046296
earlier_03330,earlier,36438.29217,1.14617139
earlier_03331,earlier,14984.54502,0.75741550
earlier_03332,earlier,13376.95124,0.95964443
earlier_03333,earlier,12897.77612,0.98618235
earlier_03334,earlier,37765.23479,0.87167967
earlier_03335,earlier,15027.44191,0.94276181
earlier_03336,earlier,20758.14238,1.38468551
earlier_03337,earlier,8837.79814,0.94164041
earlier_03338,earlier,18159.62522,1.12211830
earlier_03339,earlier,17281.85879,1.32189493
earlier_03340,earlier,4932.17302,0.84102287
earlier_03341,earlier,11872.69010,0.74325937
earlier_03342,earlier,23179.44756,1.00380699
earlier_03343,earlier,40417.86712,0.55161974
earlier_03344,earlier,12448.63709,1.20486183
earlier_03345,earlier,19735.02745,0.95881225
earlier_03346,earlier,20673.70209,0.61553911
earlier_03347,earlier,11025.88935,0.63146525
earlier_03348,earlier,14051.64276,1.07340005
earlier_03349,earlier,24588.41488,0.65417134
earlier_03350,earlier,11095.36258,1.18999948
earlier_03351,earlier,25686.83304,1.00320645
earlier_03352,earlier,17197.19649,1.02437352
earlier_03353,earlier,21186.11941,1.08081370
earlier_03354,earlier,61793.90542,1.44163705
earlier_03355,earlier,29757.63399,0.70108542
earlier_03356,earlier,25214.74854,1.37436173
earlier_03357,earlier,37904.56741,1.20341367
earlier_03358,earlier,6337.28616,1.45446664
earlier_03359,earlier,20820.93035,1.29355986
earlier_03360,earlier,19839.86248,0.61666659
earlier_03361,earlier,39015.42300,0.90425391
earlier_03362,earlier,8552.47232,1.44013845
earlier_03363,earlier,20044.13419,1.34877684
earlier_03364,earlier,8438.59467,1.04121044
earlier_03365,earlier,28436.92608,0.51818431
earlier_03366,earlier,11123.63371,1.37111272
earlier_03367,earlier,3903.35716,1.43156197
earlier_03368,earlier,24585.64339,0.87512257
earlier_03369,earlier,16417.50907,0.83936955
earlier_03370,earlier,17897.36985,1.01465378
earlier_03371,earlier,21543.85124,1.00911605
earlier_03372,earlier,22609.86082,1.09380663
earlier_03373,earlier,25750.58684,0.64919831
earlier_03374,earlier,9866.88286,0.64502635
earlier_03375,earlier,35450.72954,1.01105937
earlier_03376,earlier,21094.94247,1.00090861
earlier_03377,earlier,34937.07799,1.34377022
earlier_03378,earlier,15284.88091,1.07398585
earlier_03379,earlier,11844.95955,1.36866900
earlier_03380,earlier,10121.40697,1.27348688
earlier_03381,earlier,8962.69010,0.80559570
earlier_03382,earlier,16670.64359,1.08607041
earlier_03383,earlier,14720.74412,0.56256767
earlier_03384,earlier,12371.04974,1.04838609
earlier_03385,earlier,21762.16883,0.96412187
earlier_03386,earlier,13711.55951,1.31573058
earlier_03387,earlier,28548.57950,1.37061590
earlier_03388,earlier,38284.87227,1.28493436
earlier_03389,earlier,24606.89091,0.89278352
earlier_03390,earlier,7784.19068,1.03841983
earlier_03391,earlier,8133.89005,1.46847520
earlier_03392,earlier,10590.95218,1.23942117
earlier_03393,earlier,9789.30918,1.41229641
earlier_03394,earlier,16668.05449,1.42403584
earlier_03395,earlier,76655.73030,1.35585473
earlier_03396,earlier,26958.97659,0.90781100
earlier_03397,earlier,38837.41537,1.25848271
earlier_03398,earlier,6405.06227,1.37272617
earlier_03399,earlier,30518.47786,0.57677901
earlier_03400,earlier,9993.32040,1.07038584
earlier_03401,earlier,14458.89565,0.71128640
earlier_03402,earlier,23480.58683,1.17969615
earlier_03403,earlier,29093.93001,1.01875272
earlier_03404,earlier,8227.15657,0.60467895
earlier_03405,earlier,51006.54158,0.97869042
earlier_03406,earlier,13571.24561,1.42183630
earlier_03407,earlier,24555.45747,1.35888571
earlier_03408,earlier,5659.70305,0.64702928
earlier_03409,earlier,11380.46374,1.36994882
earlier_03410,earlier,26056.93814,1.23053300
earlier_03411,earlier,42417.83377,0.63726649
earlier_03412,earlier,24098.13134,1.02876417
earlier_03413,earlier,13912.71387,0.63887222
earlier_03414,earlier,29769.36039,0.90963007
earlier_03415,earlier,6006.71931,1.07112451
earlier_03416,earlier,23157.63380,1.10474456
earlier_03417,earlier,23928.87405,1.20504976
earlier_03418,earlier,22302.32421,1.19672714
earlier_03419,earlier,19056.16652,1.22948172
earlier_03420,earlier,18712.26894,1.01876608
earlier_03421,earlier,12065.87902,0.99302754
earlier_03422,earlier,6414.22443,1.28974628
earlier_03423,earlier,17185.07569,1.22474401
earlier_03424,earlier,14924.56049,1.43697888
earlier_03425,earlier,7514.30368,1.47381714
earlier_03426,earlier,13738.14949,0.91286254
earlier_03427,earlier,21984.60397,1.47162826
earlier_03428,earlier,54241.94646,0.84807235
earlier_03429,earlier,29074.99480,0.60117097
earlier_03430,earlier,20855.96289,0.80559138
earlier_03431,earlier,29300.84594,1.34834904
earlier_03432,earlier,20648.01589,0.63702357
earlier_03433,earlier,39608.83446,0.59112319
earlier_03434,earlier,20222.22718,1.21561763
earlier_03435,earlier,11471.25630,1.22598067
earlier_03436,earlier,12115.49777,1.19931143
earlier_03437,earlier,30448.69455,0.75221462
earlier_03438,earlier,16014.21831,0.93888488
earlier_03439,earlier,20252.07406,0.96932904
earlier_03440,earlier,27859.75698,0.76334940
earlier_03441,earlier,15475.56270,1.44277565
earlier_03442,earlier,32050.80281,0.73143560
earlier_03443,earlier,29408.82744,0.98794129
earlier_03444,earlier,46738.47281,1.20527461
earlier_03445,earlier,16037.02732,0.96797018
earlier_03446,earlier,47569.84373,0.88189535
earlier_03447,earlier,9826.41262,1.45994941
earlier_03448,earlier,20576.35967,1.48650153
earlier_03449,earlier,23668.29416,1.20853784
earlier_03450,earlier,10357.46029,0.77264075
earlier_03451,earlier,5718.51560,1.43561457
earlier_03452,earlier,30185.32431,0.79161836
earlier_03453,earlier,17165.72481,1.39399744
earlier_03454,earlier,29264.24058,0.81478578
earlier_03455,earlier,8635.14323,1.41411064
earlier_03456,earlier,7719.38503,0.98309602
earlier_03457,earlier,18852.59379,0.66338988
earlier_03458,earlier,41459.56649,1.22281167
earlier_03459,earlier,19633.14351,0.65223188
earlier_03460,earlier,15712.76498,1.34545669
earlier_03461,earlier,19195.01918,1.40931363
earlier_03462,earlier,22399.14207,1.14839865
earlier_03463,earlier,11735.75621,0.79187046
earlier_03464,earlier,23544.87097,0.54293904
earlier_03465,earlier,33923.14144,1.32445174
earlier_03466,earlier,71421.32770,1.39170774
earlier_03467,earlier,17778.45178,1.18488250
earlier_03468,earlier,32299.72419,0.66200002
earlier_03469,earlier,22092.83451,1.05025879
earlier_03470,earlier,6897.58824,0.85727814
earlier_03471,earlier,4391.35779,0.77839072
earlier_03472,earlier,13322.82052,0.64889817
earlier_03473,earlier,14954.53477,1.14505428
earlier_03474,earlier,15961.02392,1.41750109
earlier_03475,earlier,32458.62371,1.11175674
earlier_03476,earlier,8775.18255,1.05741406
earlier_03477,earlier,54232.45385,1.32709708
earlier_03478,earlier,15144.28586,0.66476271
earlier_03479,earlier,20695.82978,0.66131869
earlier_03480,earlier,14941.39071,1.08883839
earlier_03481,earlier,15221.29991,1.23502073
earlier_03482,earlier,12438.35460,0.73942766
earlier_03483,earlier,16786.49659,0.83955245
earlier_03484,earlier,11036.83785,0.92319233
earlier_03485,earlier,17707.03545,1.42027758
earlier_03486,earlier,33357.37164,0.79374077
earlier_03487,earlier,22599.49764,1.07898703
earlier_03488,earlier,21106.88783,0.56201628
earlier_03489,earlier,18272.17812,1.03755358
earlier_03490,earlier,36314.17842,1.38956960
earlier_03491,earlier,12523.62699,1.44478456
earlier_03492,earlier,20183.22179,0.89246869
earlier_03493,earlier,27547.03085,1.05484067
earlier_03494,earlier,23562.21729,0.59830002
earlier_03495,earlier,27575.96399,0.85239552
earlier_03496,earlier,19106.87064,0.59736141
earlier_03497,earlier,15858.65524,0.53288265
earlier_03498,earlier,26571.11060,0.97270841
earlier_03499,earlier,38370.98066,0.66820125
earlier_03500,earlier,42499.65021,0.65531040
earlier_03501,earlier,34818.36219,0.98076185
earlier_03502,earlier,13858.58464,1.34082342
earlier_03503,earlier,26537.69113,0.68116505
earlier_03504,earlier,17885.64395,0.74754848
earlier_03505,earlier,23125.16694,0.54450073
earlier_03506,earlier,14574.44775,0.82034511
earlier_03507,earlier,19120.94723,1.42310114
earlier_03508,earlier,11931.95882,0.80732278
earlier_03509,earlier,20167.35672,1.20557447
earlier_03510,earlier,17849.43174,0.53410089
earlier_03511,earlier,13955.33346,0.58881346
earlier_03512,earlier,16970.68552,1.33428466
earlier_03513,earlier,27631.48767,1.06558623
earlier_03514,earlier,29608.10942,1.42414347
earlier_03515,earlier,10684.81195,1.29653161
earlier_03516,earlier,11154.63992,1.19979526
earlier_03517,earlier,32819.54806,1.08524579
earlier_03518,earlier,31653.68989,0.74366608
earlier_03519,earlier,32230.25830,0.52342447
earlier_03520,earlier,34116.78268,1.32143031
earlier_03521,earlier,26644.14632,0.61880460
earlier_03522,earlier,32257.30275,0.98082325
earlier_03523,earlier,22448.46440,1.40150930
earlier_03524,earlier,21542.29807,0.76687875
earlier_03525,earlier,15667.25544,1.37095236
earlier_03526,earlier,7245.86898,0.82510911
earlier_03527,earlier,17669.76685,1.22377965
earlier_03528,earlier,16367.15172,1.04045206
earlier_03529,earlier,19260.77721,1.12320718
earlier_03530,earlier,27522.16467,1.18675652
earlier_03531,earlier,18030.42390,0.60326416
earlier_03532,earlier,7720.32457,0.85002018
earlier_03533,earlier,9528.90822,1.32855905
earlier_03534,earlier,16982.76596,0.76344200
earlier_03535,earlier,15521.85942,0.60970364
earlier_03536,earlier,10029.94365,0.88492911
earlier_03537,earlier,25912.20656,0.67835733
earlier_03538,earlier,8801.56175,1.39500481
earlier_03539,earlier,8694.16463,1.23731240
earlier_03540,earlier,9954.72273,0.83379935
earlier_03541,earlier,18341.29027,0.75746550
earlier_03542,earlier,9300.76795,0.92373405
earlier_03543,earlier,16865.93939,1.29080702
earlier_03544,earlier,52785.58235,0.60252274
earlier_03545,earlier,9002.28546,1.09504748
earlier_03546,earlier,13638.07614,0.81763227
earlier_03547,earlier,56076.80028,1.09661352
earlier_03548,earlier,36688.92763,0.58926193
earlier_03549,earlier,22267.50127,1.38067975
earlier_03550,earlier,9002.34096,0.86245495
earlier_03551,earlier,25975.34012,0.58491842
earlier_03552,earlier,23114.54150,0.61235078
earlier_03553,earlier,8919.68497,0.57607727
earlier_03554,earlier,32934.62703,0.77688863
earlier_03555,earlier,9218.39349,1.10712275
earlier_03556,earlier,5309.44210,1.19802127
earlier_03557,earlier,33486.32195,1.05962352
earlier_03558,earlier,40092.20739,1.37391175
earlier_03559,earlier,10015.64309,0.90761979
earlier_03560,earlier,15372.00584,0.97536460
earlier_03561,earlier,49749.65982,0.60246992
earlier_03562,earlier,16424.09840,1.09444238
earlier_03563,earlier,17209.46236,1.29314467
earlier_03564,earlier,13345.55510,1.30645635
earlier_03565,earlier,30172.91192,1.48366321
earlier_03566,earlier,23035.45959,1.31069614
earlier_03567,earlier,7910.36286,0.95868493
earlier_03568,earlier,26658.33687,1.46266729
earlier_03569,earlier,21310.13289,1.02433551
earlier_03570,earlier,6643.96236,0.71413692
earlier_03571,earlier,21803.02183,0.86760234
earlier_03572,earlier,15728.00001,0.58937320
earlier_03573,earlier,11198.43243,1.41882638
earlier_03574,earlier,11603.71629,1.18880546
earlier_03575,earlier,32912.71783,1.03935248
earlier_03576,earlier,23992.09362,0.83439787
earlier_03577,earlier,35648.15529,0.87248641
earlier_03578,earlier,33963.70042,1.09035818
earlier_03579,earlier,12102.05846,1.00413497
earlier_03580,earlier,18571.66898,0.73479270
earlier_03581,earlier,6357.98780,0.50096921
earlier_03582,earlier,68731.21076,0.52508453
earlier_03583,earlier,17162.20561,1.32679407
earlier_03584,earlier,21785.05180,0.94311612
earlier_03585,earlier,16038.98811,1.21154240
earlier_03586,earlier,16666.07541,1.41651730
earlier_03587,earlier,21764.11291,1.25909901
earlier_03588,earlier,28496.41291,1.44848950
earlier_03589,earlier,37736.59552,1.29260070
earlier_03590,earlier,22406.67033,0.54026386
earlier_03591,earlier,12114.73500,0.54882374
earlier_03592,earlier,55295.88145,0.51634777
earlier_03593,earlier,28635.92671,0.72747133
earlier_03594,earlier,12691.45329,1.42901281
earlier_03595,earlier,11909.06644,1.42543388
earlier_03596,earlier,13414.36903,1.39200131
earlier_03597,earlier,19597.12841,0.63101155
earlier_03598,earlier,13531.08164,0.89050028
earlier_03599,earlier,58415.58878,0.53908401
earlier_03600,earlier,52202.07951,1.35576094
earlier_03601,earlier,14489.29709,0.58454086
earlier_03602,earlier,23345.33084,0.52017503
earlier_03603,earlier,21396.99139,1.01509137
earlier_03604,earlier,39092.36984,0.85106830
earlier_03605,earlier,20921.31658,0.96842959
earlier_03606,earlier,10192.31666,1.38578837
earlier_03607,earlier,11317.88769,0.82723584
earlier_03608,earlier,21748.60442,0.75566380
earlier_03609,earlier,23458.40268,0.97810952
earlier_03610,earlier,13530.59161,1.18662253
earlier_03611,earlier,4785.70685,0.80262895
earlier_03612,earlier,14515.92347,0.82418778
earlier_03613,earlier,17322.58890,1.36216273
earlier_03614,earlier,7429.85998,1.35580488
earlier_03615,earlier,16150.04504,0.80600768
earlier_03616,earlier,8186.57296,0.74068517
earlier_03617,earlier,21980.77465,0.79420425
earlier_03618,earlier,32145.41648,1.44948810
earlier_03619,earlier,19114.41359,0.91364059
earlier_03620,earlier,18611.09441,1.27171523
earlier_03621,earlier,13223.96017,1.17675719
earlier_03622,earlier,39497.65890,0.78477943
earlier_03623,earlier,13278.14595,1.27242277
earlier_03624,earlier,7085.79921,1.09440933
earlier_03625,earlier,10461.86716,0.78608528
earlier_03626,earlier,21178.79650,0.86763479
earlier_03627,earlier,21723.20707,1.11917418
earlier_03628,earlier,8087.23415,1.34555650
earlier_03629,earlier,30741.12398,0.98098274
earlier_03630,earlier,10000.23022,0.94975743
earlier_03631,earlier,34766.72551,0.78646341
earlier_03632,earlier,78119.56054,1.22920135
earlier_03633,earlier,11404.64056,0.56651548
earlier_03634,earlier,21768.85757,1.08534080
earlier_03635,earlier,31569.10732,1.01264937
earlier_03636,earlier,11717.50368,0.94022842
earlier_03637,earlier,13650.54272,0.70008068
earlier_03638,earlier,10029.77683,1.41721192
earlier_03639,earlier,23786.06635,0.68482794
earlier_03640,earlier,11278.18251,0.50556029
earlier_03641,earlier,18693.82414,1.22031585
earlier_03642,earlier,13836.85570,1.36052518
earlier_03643,earlier,9861.40703,1.46751375
earlier_03644,earlier,20849.69028,0.64528075
earlier_03645,earlier,21830.48519,1.27790420
earlier_03646,earlier,33204.36855,1.02459462
earlier_03647,earlier,28535.03951,1.34133871
earlier_03648,earlier,10868.40794,0.74967573
earlier_03649,earlier,21431.76883,0.55459766
earlier_03650,earlier,20522.19749,0.59658403
earlier_03651,earlier,8797.15847,1.28971444
earlier_03652,earlier,12484.83552,0.96609035
earlier_03653,earlier,13573.11919,0.83174880
earlier_03654,earlier,50810.86583,1.41612626
earlier_03655,earlier,19390.58131,0.57194174
earlier_03656,earlier,13799.51430,1.47510103
earlier_03657,earlier,8988.35718,1.06862662
earlier_03658,earlier,14131.76693,1.49130452
earlier_03659,earlier,32482.78550,1.46930939
earlier_03660,earlier,16584.80643,0.67958521
earlier_03661,earlier,7453.00398,1.16343883
earlier_03662,earlier,8915.65213,0.89481206
earlier_03663,earlier,8064.22560,1.15459508
earlier_03664,earlier,25773.29059,0.75076762
earlier_03665,earlier,8374.99809,0.65858979
earlier_03666,earlier,32189.98011,1.49407615
earlier_03667,earlier,43709.39649,0.56353119
earlier_03668,earlier,8400.20695,1.16556637
earlier_03669,earlier,12109.37321,0.58441713
earlier_03670,earlier,35419.54879,0.83480418
earlier_03671,earlier,20229.02049,1.22167334
earlier_03672,earlier,9479.90156,1.27388774
earlier_03673,earlier,20086.94248,1.25199785
earlier_03674,earlier,44135.62695,1.11054512
earlier_03675,earlier,9740.96366,1.21035618
earlier_03676,earlier,13426.32844,1.20163101
earlier_03677,earlier,20398.63813,0.73257659
earlier_03678,earlier,28827.16380,0.87826874
earlier_03679,earlier,8217.99820,0.61034229
earlier_03680,earlier,19699.66908,0.98522245
earlier_03681,earlier,9056.11210,0.69163147
earlier_03682,earlier,21668.81941,0.68848203
earlier_03683,earlier,8007.55302,0.79221846
earlier_03684,earlier,29464.34321,1.01307275
earlier_03685,earlier,14934.92011,1.17764075
earlier_03686,earlier,19748.70562,0.85036307
earlier_03687,earlier,19587.14045,1.22745659
earlier_03688,earlier,7646.38254,0.73993586
earlier_03689,earlier,45053.28579,1.11827137
earlier_03690,earlier,12715.05313,1.47341947
earlier_03691,earlier,14382.25958,0.78648763
earlier_03692,earlier,9609.76813,1.33080313
earlier_03693,earlier,14422.73506,0.70940223
earlier_03694,earlier,3037.21446,0.55362764
earlier_03695,earlier,21687.64164,1.49342859
earlier_03696,earlier,24936.30683,1.29439407
earlier_03697,earlier,21730.63969,1.37369627
earlier_03698,earlier,15008.97615,1.07448962
earlier_03699,earlier,24501.82415,0.84457772
earlier_03700,earlier,12045.92397,1.32412558
earlier_03701,earlier,23565.52926,1.34572532
earlier_03702,earlier,14337.80921,0.55746074
earlier_03703,earlier,13890.98584,0.91374885
earlier_03704,earlier,15480.11490,1.37011391
earlier_03705,earlier,35199.40271,0.60263304
earlier_03706,earlier,47407.05514,1.03696887
earlier_03707,earlier,17962.88530,0.55151344
earlier_03708,earlier,17190.80993,0.80021426
earlier_03709,earlier,10429.77438,0.80380876
earlier_03710,earlier,10218.27474,0.58782829
earlier_03711,earlier,15268.09742,1.37433827
earlier_03712,earlier,19280.16920,1.04493895
earlier_03713,earlier,12117.18428,1.08508647
earlier_03714,earlier,28395.89376,0.88951691
earlier_03715,earlier,14137.19528,1.17684966
earlier_03716,earlier,11598.31393,0.57156544
earlier_03717,earlier,111016.18426,1.29256664
earlier_03718,earlier,7518.92131,0.65231473
earlier_03719,earlier,32082.57216,0.68399932
earlier_03720,earlier,24241.36586,0.89822348
earlier_03721,earlier,11903.94101,1.20995666
earlier_03722,earlier,17019.41240,1.38918249
earlier_03723,earlier,23001.32453,0.66500427
earlier_03724,earlier,21686.13745,0.84904296
earlier_03725,earlier,12044.40015,0.92134543
earlier_03726,earlier,5609.51044,0.58731251
earlier_03727,earlier,32963.12149,0.97192287
earlier_03728,earlier,8706.10054,0.50195747
earlier_03729,earlier,9829.17607,0.67366461
earlier_03730,earlier,13940.53024,0.89625966
earlier_03731,earlier,36956.05549,0.69703699
earlier_03732,earlier,9749.91166,1.05802829
earlier_03733,earlier,21881.07412,0.99173334
earlier_03734,earlier,9032.31780,1.38392040
earlier_03735,earlier,19100.13389,1.17065358
earlier_03736,earlier,16499.31435,0.69397879
earlier_03737,earlier,10984.67284,1.05897657
earlier_03738,earlier,21924.19681,0.51758096
earlier_03739,earlier,19900.62620,1.01811477
earlier_03740,earlier,13847.88240,0.50072367
earlier_03741,earlier,23377.14567,0.77940281
earlier_03742,earlier,31343.79401,1.47214365
earlier_03743,earlier,17992.41186,1.37211425
earlier_03744,earlier,12328.54611,0.71535078
earlier_03745,earlier,19516.52580,0.55744171
earlier_03746,earlier,10815.34052,0.84437943
earlier_03747,earlier,17152.33235,1.49157186
earlier_03748,earlier,12891.85956,0.86789433
earlier_03749,earlier,16682.56271,0.56783966
earlier_03750,earlier,10445.15894,1.43706122
earlier_03751,earlier,12384.87810,1.38593605
earlier_03752,earlier,13988.28893,0.74015986
earlier_03753,earlier,12917.92040,0.54082620
earlier_03754,earlier,16898.06895,0.84354158
earlier_03755,earlier,47834.65375,0.87165359
earlier_03756,earlier,16756.56005,1.44301959
earlier_03757,earlier,13670.98736,0.89251975
earlier_03758,earlier,6717.02307,1.13667521
earlier_03759,earlier,38899.83154,1.24468389
earlier_03760,earlier,41217.48403,0.59802534
earlier_03761,earlier,31186.11928,1.34328739
earlier_03762,earlier,13040.42582,0.99816437
earlier_03763,earlier,13796.61624,1.28837102
earlier_03764,earlier,28368.37559,0.89020154
earlier_03765,earlier,17969.69450,0.82641007
earlier_03766,earlier,21668.66588,1.29686395
earlier_03767,earlier,17390.62188,0.97739860
earlier_03768,earlier,12508.70573,0.97829483
earlier_03769,earlier,25398.38098,1.13386192
earlier_03770,earlier,16758.81923,0.82168569
earlier_03771,earlier,14689.59105,0.96342829
earlier_03772,earlier,28729.88478,1.39867333
earlier_03773,earlier,18037.38650,0.53344339
earlier_03774,earlier,24340.21611,0.67575843
earlier_03775,earlier,15249.50537,1.11423598
earlier_03776,earlier,53752.70326,1.25438301
earlier_03777,earlier,18883.20308,0.55567052
earlier_03778,earlier,26862.22969,0.68591145
earlier_03779,earlier,6285.57352,0.64354489
earlier_03780,earlier,21737.95654,1.25868625
earlier_03781,earlier,57292.08406,1.03822771
earlier_03782,earlier,13322.81952,1.44510540
earlier_03783,earlier,18530.88541,0.61966491
earlier_03784,earlier,20896.92337,1.42595727
earlier_03785,earlier,14726.63865,0.75999404
earlier_03786,earlier,24920.01205,1.42577550
earlier_03787,earlier,14313.61460,1.15997027
earlier_03788,earlier,25746.45665,0.76590566
earlier_03789,earlier,27574.43773,0.73878869
earlier_03790,earlier,22325.10778,1.42623877
earlier_03791,earlier,14348.18299,0.52624412
earlier_03792,earlier,15008.38566,1.41675021
earlier_03793,earlier,14389.61814,0.87717348
earlier_03794,earlier,28303.84198,0.71467190
earlier_03795,earlier,41488.76744,0.87979595
earlier_03796,earlier,26800.11138,0.90938746
earlier_03797,earlier,21872.78520,0.73779682
earlier_03798,earlier,16353.47601,0.99774422
earlier_03799,earlier,17747.79179,0.67703611
earlier_03800,earlier,19786.96968,0.59315868
earlier_03801,earlier,27142.81886,0.92422604
earlier_03802,earlier,16362.13856,1.20396762
earlier_03803,earlier,13165.99815,1.30232125
earlier_03804,earlier,26057.79610,1.14736470
earlier_03805,earlier,13117.18131,0.56403960
earlier_03806,earlier,17038.37159,0.95351663
earlier_03807,earlier,20747.21407,0.98556656
earlier_03808,earlier,29123.15557,0.75452611
earlier_03809,earlier,6375.10047,0.92813224
earlier_03810,earlier,17651.03955,1.33388073
earlier_03811,earlier,23858.74189,1.03219361
earlier_03812,earlier,6184.46562,0.64457549
earlier_03813,earlier,25197.53443,1.11112015
earlier_03814,earlier,12798.08455,1.31741971
earlier_03815,earlier,9699.90459,0.62565211
earlier_03816,earlier,15704.11064,0.55226548
earlier_03817,earlier,10696.25022,1.10029304
earlier_03818,earlier,19655.21618,0.73388947
earlier_03819,earlier,18442.77802,1.28760265
earlier_03820,earlier,19322.16113,1.11450296
earlier_03821,earlier,24993.73207,0.65936186
earlier_03822,earlier,9401.87289,0.97914969
earlier_03823,earlier,7452.31626,1.32841967
earlier_03824,earlier,11270.87893,1.48520174
earlier_03825,earlier,15326.03199,1.44958428
earlier_03826,earlier,18356.75350,0.97323031
earlier_03827,earlier,6901.26342,0.67882878
earlier_03828,earlier,17840.71296,1.13042177
earlier_03829,earlier,25328.26772,0.86482976
earlier_03830,earlier,11656.90472,1.40309058
earlier_03831,earlier,10734.06392,0.65215491
earlier_03832,earlier,34791.68484,1.19546860
earlier_03833,earlier,30401.43656,0.62451994
earlier_03834,earlier,19695.34707,0.80914265
earlier_03835,earlier,28828.36998,1.36911163
earlier_03836,earlier,17642.51376,0.75434570
earlier_03837,earlier,18833.92261,0.64598332
earlier_03838,earlier,23072.84719,0.96834995
earlier_03839,earlier,33681.36835,0.65121580
earlier_03840,earlier,24631.93192,1.35802602
earlier_03841,earlier,17107.94636,1.14799839
earlier_03842,earlier,9628.65582,0.61677635
earlier_03843,earlier,16406.66659,1.22467677
earlier_03844,earlier,15259.97081,1.00444327
earlier_03845,earlier,17041.11937,0.75421343
earlier_03846,earlier,20493.23936,0.71368909
earlier_03847,earlier,16826.79072,0.89203689
earlier_03848,earlier,22420.64664,0.74275570
earlier_03849,earlier,10317.27139,1.18017311
earlier_03850,earlier,10213.00653,1.34581003
earlier_03851,earlier,11060.69211,0.82545168
earlier_03852,earlier,6805.24687,1.24292013
earlier_03853,earlier,31821.63299,1.21009637
earlier_03854,earlier,12867.64021,1.09420866
earlier_03855,earlier,18564.24678,1.21837840
earlier_03856,earlier,10608.39628,1.22158161
earlier_03857,earlier,10474.09224,1.38644242
earlier_03858,earlier,18396.54833,1.35606138
earlier_03859,earlier,31666.73365,0.96601249
earlier_03860,earlier,24253.71853,1.17258620
earlier_03861,earlier,5701.83122,0.76062754
earlier_03862,earlier,6879.45378,0.77928076
earlier_03863,earlier,28410.26352,1.29927792
earlier_03864,earlier,17927.44330,1.38307773
earlier_03865,earlier,12154.89050,1.27848660
earlier_03866,earlier,11940.14046,0.98043787
earlier_03867,earlier,28801.24892,1.22848446
earlier_03868,earlier,20711.28124,0.90205514
earlier_03869,earlier,22415.00220,1.03117063
earlier_03870,earlier,20111.47330,1.41862000
earlier_03871,earlier,20644.22434,0.88846730
earlier_03872,earlier,6850.44051,0.59630641
earlier_03873,earlier,23388.40753,0.62542953
earlier_03874,earlier,29633.49557,1.41173409
earlier_03875,earlier,19006.78208,1.20305517
earlier_03876,earlier,34687.49624,0.91370200
earlier_03877,earlier,10888.56565,0.93782230
earlier_03878,earlier,49787.08535,0.68014788
earlier_03879,earlier,14718.81550,1.02095244
earlier_03880,earlier,9027.49897,0.64732330
earlier_03881,earlier,17894.26493,0.57662441
earlier_03882,earlier,61776.96834,0.77937866
earlier_03883,earlier,11517.00169,0.75019505
earlier_03884,earlier,20388.12501,1.13145311
earlier_03885,earlier,15108.57405,0.58006856
earlier_03886,earlier,11750.06907,1.24802185
earlier_03887,earlier,25072.73910,0.87193623
earlier_03888,earlier,16964.57890,1.36560682
earlier_03889,earlier,17282.95400,1.38234368
earlier_03890,earlier,11376.05515,0.72854300
earlier_03891,earlier,14576.14953,1.41965129
earlier_03892,earlier,16904.57461,1.30725988
earlier_03893,earlier,10691.48009,0.71556949
earlier_03894,earlier,18484.47725,1.22653494
earlier_03895,earlier,40359.57135,1.35676816
earlier_03896,earlier,27932.94343,0.83227188
earlier_03897,earlier,29475.09081,1.43724769
earlier_03898,earlier,21695.81814,0.85689539
earlier_03899,earlier,9116.01024,1.32998721
earlier_03900,earlier,20501.53904,0.86652719
earlier_03901,earlier,18758.01735,1.27106742
earlier_03902,earlier,25218.74361,1.03867109
earlier_03903,earlier,24490.69414,1.14908489
earlier_03904,earlier,4820.68089,1.09688750
earlier_03905,earlier,18355.06575,1.49645891
earlier_03906,earlier,18916.76300,1.00668678
earlier_03907,earlier,16883.99635,0.50898084
earlier_03908,earlier,10123.24737,1.12589890
earlier_03909,earlier,15250.58437,1.00496716
earlier_03910,earlier,27954.97397,1.48993298
earlier_03911,earlier,17097.82913,1.26941851
earlier_03912,earlier,16707.67509,0.70583045
earlier_03913,earlier,6759.61214,0.92451853
earlier_03914,earlier,16258.57374,0.65819566
earlier_03915,earlier,38867.36228,0.85663660
earlier_03916,earlier,26194.97947,1.42152901
earlier_03917,earlier,19548.04886,0.76289147
earlier_03918,earlier,19502.37731,1.17594067
earlier_03919,earlier,41775.14764,0.89073140
earlier_03920,earlier,30087.67388,1.00286355
earlier_03921,earlier,42801.03319,1.07455353
earlier_03922,earlier,15533.50876,1.14557032
earlier_03923,earlier,41088.07285,1.48531783
earlier_03924,earlier,37000.49559,1.09607734
earlier_03925,earlier,14270.60592,1.02393783
earlier_03926,earlier,21888.01436,1.14262822
earlier_03927,earlier,13299.93308,1.12725682
earlier_03928,earlier,22253.52375,1.16136981
earlier_03929,earlier,11060.17000,0.52983602
earlier_03930,earlier,20518.23288,1.28022978
earlier_03931,earlier,20934.03947,0.73352659
earlier_03932,earlier,21683.62821,0.69081780
earlier_03933,earlier,8197.84088,0.60839228
earlier_03934,earlier,48590.06709,1.17758502
earlier_03935,earlier,17516.52985,0.75239780
earlier_03936,earlier,16330.80424,0.51527161
earlier_03937,earlier,20450.99438,1.41363537
earlier_03938,earlier,9714.48261,0.91058060
earlier_03939,earlier,57264.67293,0.92586113
earlier_03940,earlier,40446.12231,1.22719109
earlier_03941,earlier,25025.20956,1.19892683
earlier_03942,earlier,13492.87285,1.34661193
earlier_03943,earlier,14027.87525,0.84796576
earlier_03944,earlier,14788.52155,1.03547938
earlier_03945,earlier,7467.97536,1.38822755
earlier_03946,earlier,8992.57437,1.18151483
earlier_03947,earlier,19572.67614,1.47266377
earlier_03948,earlier,9318.34639,1.44379169
earlier_03949,earlier,21485.94869,1.43555800
earlier_03950,earlier,31510.50834,0.56946488
earlier_03951,earlier,27675.40121,1.09330650
earlier_03952,earlier,23686.85651,1.19702576
earlier_03953,earlier,18309.72934,0.88563990
earlier_03954,earlier,9941.02208,1.48548322
earlier_03955,earlier,13946.93443,0.76036344
earlier_03956,earlier,46012.73410,1.42181760
earlier_03957,earlier,20206.24030,0.66501622
earlier_03958,earlier,56249.52271,0.92868447
earlier_03959,earlier,25371.32870,0.75695028
earlier_03960,earlier,28586.16678,1.36693737
earlier_03961,earlier,24816.46511,1.47345814
earlier_03962,earlier,12520.70063,0.98120278
earlier_03963,earlier,24510.50944,0.93098345
earlier_03964,earlier,21125.78687,0.70879924
earlier_03965,earlier,65289.59664,0.75807216
earlier_03966,earlier,28803.64616,0.51299394
earlier_03967,earlier,39882.21354,0.90431827
earlier_03968,earlier,6441.38284,0.86468534
earlier_03969,earlier,24525.10459,1.47947395
earlier_03970,earlier,8203.23648,1.05005701
earlier_03971,earlier,13561.78400,1.21894041
earlier_03972,earlier,15215.47172,1.26835513
earlier_03973,earlier,14935.77286,0.58604687
earlier_03974,earlier,25675.12115,0.53200949
earlier_03975,earlier,29889.92960,0.78127544
earlier_03976,earlier,16910.88499,1.48832687
earlier_03977,earlier,15011.54916,1.31083830
earlier_03978,earlier,8403.29314,1.10149498
earlier_03979,earlier,18194.21752,0.71155709
earlier_03980,earlier,16899.81588,0.93171967
earlier_03981,earlier,22058.38382,1.26754499
earlier_03982,earlier,9493.08049,0.60573328
earlier_03983,earlier,36904.02358,0.86258412
earlier_03984,earlier,20022.99597,0.58332502
earlier_03985,earlier,9136.67233,0.88200753
earlier_03986,earlier,22982.29402,1.42585459
earlier_03987,earlier,37851.41531,1.43785897
earlier_03988,earlier,31952.39223,1.24411207
earlier_03989,earlier,8024.29582,0.82147653
earlier_03990,earlier,17919.53228,0.83985521
earlier_03991,earlier,12020.60103,1.46700131
earlier_03992,earlier,31916.08164,0.79353500
earlier_03993,earlier,8839.20353,0.59498885
earlier_03994,earlier,12902.49384,1.18747692
earlier_03995,earlier,12617.86063,0.57785051
earlier_03996,earlier,21162.94073,0.94743008
earlier_03997,earlier,16604.42968,0.79149954
earlier_03998,earlier,11654.35123,0.64801704
earlier_03999,earlier,40235.07910,1.09256906
earlier_04000,earlier,22656.34734,0.90455597
earlier_04001,earlier,81312.66455,1.20726154
earlier_04002,earlier,33471.25866,1.02001509
earlier_04003,earlier,21166.81324,0.87127749
earlier_04004,earlier,44215.77801,1.07920063
earlier_04005,earlier,9639.68755,0.74971114
earlier_04006,earlier,16905.14199,0.91762109
earlier_04007,earlier,9191.67870,0.55845200
earlier_04008,earlier,15888.42672,0.74279633
earlier_04009,earlier,18485.43980,1.08960139
earlier_04010,earlier,13763.32409,1.40349166
earlier_04011,earlier,27587.52210,1.23854804
earlier_04012,earlier,13344.52285,1.04758663
earlier_04013,earlier,16942.83333,1.42203616
earlier_04014,earlier,21970.72815,0.53431988
earlier_04015,earlier,7648.39312,0.70560241
earlier_04016,earlier,14449.29244,1.38030846
earlier_04017,earlier,10992.02715,1.13204360
earlier_04018,earlier,4864.10984,1.21386569
earlier_04019,earlier,9480.52658,1.10065726
earlier_04020,earlier,6170.36247,1.39086081
earlier_04021,earlier,12526.60588,0.89504441
earlier_04022,earlier,44015.05210,1.30995688
earlier_04023,earlier,51934.02862,1.45600489
earlier_04024,earlier,34681.47810,0.97733871
earlier_04025,earlier,13446.24828,0.57310434
earlier_04026,earlier,26834.26012,0.63522567
earlier_04027,earlier,8704.13953,1.00387481
earlier_04028,earlier,14902.74175,0.87506745
earlier_04029,earlier,47385.02280,0.95824802
earlier_04030,earlier,24516.43955,1.45326868
earlier_04031,earlier,24697.03605,1.49217114
earlier_04032,earlier,9248.67985,1.08141145
earlier_04033,earlier,11093.10514,1.21581402
earlier_04034,earlier,22895.94822,1.13377468
earlier_04035,earlier,24406.10364,1.13642892
earlier_04036,earlier,10510.07812,1.19124180
earlier_04037,earlier,31109.05127,1.16563211
earlier_04038,earlier,16876.48216,1.29789534
earlier_04039,earlier,27169.73340,0.66523965
earlier_04040,earlier,17321.72571,0.77497947
earlier_04041,earlier,15937.54588,0.59801052
earlier_04042,earlier,23042.24757,1.13278293
earlier_04043,earlier,47722.95857,1.36793223
earlier_04044,earlier,6799.87337,0.50006966
earlier_04045,earlier,10665.26400,0.92227019
earlier_04046,earlier,10334.85046,1.29504021
earlier_04047,earlier,24450.68806,0.74754393
earlier_04048,earlier,9528.56902,0.57766568
earlier_04049,earlier,24425.08657,0.66467065
earlier_04050,earlier,17510.90910,0.91148546
earlier_04051,earlier,23485.61595,1.05063730
earlier_04052,earlier,30521.47966,1.28970712
earlier_04053,earlier,11218.45371,0.58444096
earlier_04054,earlier,26426.58664,0.54232654
earlier_04055,earlier,32579.93796,0.81960964
earlier_04056,earlier,29991.00452,0.86239004
earlier_04057,earlier,8916.81191,0.77583628
earlier_04058,earlier,17621.51332,0.84250628
earlier_04059,earlier,18090.40683,1.15936473
earlier_04060,earlier,35111.92343,0.70860866
earlier_04061,earlier,15815.45670,0.92726757
earlier_04062,earlier,17951.53018,1.04527755
earlier_04063,earlier,42526.20281,0.90494335
earlier_04064,earlier,14148.27654,0.54248422
earlier_04065,earlier,32836.13369,0.98905203
earlier_04066,earlier,10809.04130,0.73954830
earlier_04067,earlier,8912.58817,1.34066652
earlier_04068,earlier,45456.69985,0.56973661
earlier_04069,earlier,22644.13073,0.99316315
earlier_04070,earlier,47596.86552,1.07578499
earlier_04071,earlier,16470.17924,0.88691227
earlier_04072,earlier,10903.93674,1.15003418
earlier_04073,earlier,42471.04743,1.21588556
earlier_04074,earlier,11768.55970,1.09665518
earlier_04075,earlier,19219.36464,0.71118443
earlier_04076,earlier,6940.76366,1.32750372
earlier_04077,earlier,19550.29226,1.47813963
earlier_04078,earlier,11078.03002,0.53071528
earlier_04079,earlier,16027.65123,0.94462617
earlier_04080,earlier,16197.45998,1.05615877
earlier_04081,earlier,34052.49923,0.77271282
earlier_04082,earlier,13880.42528,0.69378801
earlier_04083,earlier,19471.89765,0.57295425
earlier_04084,earlier,19242.09169,1.09062137
earlier_04085,earlier,13963.97071,1.14931818
earlier_04086,earlier,32101.82999,0.82279987
earlier_04087,earlier,19723.24653,0.80803852
earlier_04088,earlier,10900.64957,0.82522579
earlier_04089,earlier,8124.63804,0.77541537
earlier_04090,earlier,10543.89900,1.38787624
earlier_04091,earlier,22912.49224,0.65624559
earlier_04092,earlier,28089.32091,1.08134539
earlier_04093,earlier,21168.32866,0.74969925
earlier_04094,earlier,18294.13568,1.36846174
earlier_04095,earlier,14966.67497,1.45116064
earlier_04096,earlier,12219.25216,1.20262203
earlier_04097,earlier,25617.87197,0.86528243
earlier_04098,earlier,16764.53572,1.02114083
earlier_04099,earlier,16733.81671,1.36062322
earlier_04100,earlier,9972.52798,0.54563413
earlier_04101,earlier,8660.70861,0.66730594
earlier_04102,earlier,47797.95054,1.29722321
earlier_04103,earlier,19614.10563,1.05720950
earlier_04104,earlier,27534.65288,0.78125144
earlier_04105,earlier,6689.19557,1.17662362
earlier_04106,earlier,23649.24210,0.88142646
earlier_04107,earlier,11342.18358,0.67476545
earlier_04108,earlier,23472.70453,1.23264820
earlier_04109,earlier,41220.10640,0.67591471
earlier_04110,earlier,62898.37501,1.44792270
earlier_04111,earlier,37794.01392,1.20133534
earlier_04112,earlier,24122.84323,1.33471308
earlier_04113,earlier,11095.22775,1.34392141
earlier_04114,earlier,16330.25127,1.05343976
earlier_04115,earlier,10249.53235,1.35558598
earlier_04116,earlier,19057.03891,0.68200903
earlier_04117,earlier,10212.50942,1.06114666
earlier_04118,earlier,42263.56464,1.05791614
earlier_04119,earlier,11828.79995,0.67592349
earlier_04120,earlier,20700.64513,1.13035849
earlier_04121,earlier,20536.39097,0.57825678
earlier_04122,earlier,10262.22337,1.09709088
earlier_04123,earlier,42196.69930,0.71414223
earlier_04124,earlier,25839.76644,0.91164514
earlier_04125,earlier,21415.66538,0.56512886
earlier_04126,earlier,35638.74224,1.15303136
earlier_04127,earlier,26568.45897,0.50187255
earlier_04128,earlier,28480.18612,0.68151984
earlier_04129,earlier,32613.48902,0.50544452
earlier_04130,earlier,8362.49899,0.66580736
earlier_04131,earlier,10738.38705,0.54256347
earlier_04132,earlier,43848.91758,0.84735619
earlier_04133,earlier,17406.60413,0.72533951
earlier_04134,earlier,13373.08404,1.08148666
earlier_04135,earlier,28026.57042,0.67471157
earlier_04136,earlier,21665.33415,1.27903915
earlier_04137,earlier,20901.88086,1.43797123
earlier_04138,earlier,14133.04034,0.81762025
earlier_04139,earlier,7052.75894,1.48484698
earlier_04140,earlier,36505.19064,1.08968491
earlier_04141,earlier,41262.48347,0.86189415
earlier_04142,earlier,7568.56977,0.86213682
earlier_04143,earlier,27347.82530,0.75913780
earlier_04144,earlier,24881.44716,0.88396868
earlier_04145,earlier,29115.79392,0.65730668
earlier_04146,earlier,42100.41552,0.96563482
earlier_04147,earlier,15825.42620,1.28531117
earlier_04148,earlier,13390.06156,0.96344769
earlier_04149,earlier,19644.60596,1.13262538
earlier_04150,earlier,17054.65569,0.89286281
earlier_04151,earlier,13101.73515,0.98379488
earlier_04152,earlier,18507.55052,1.10181592
earlier_04153,earlier,27264.88241,1.06078751
earlier_04154,earlier,23865.33044,1.19266964
earlier_04155,earlier,20413.02165,0.67779200
earlier_04156,earlier,13545.27555,0.99161935
earlier_04157,earlier,22585.79612,1.14182404
earlier_04158,earlier,16672.11390,0.55297964
earlier_04159,earlier,18499.99294,1.22308694
earlier_04160,earlier,26872.52379,1.15115300
earlier_04161,earlier,17736.04371,1.31703405
earlier_04162,earlier,31941.80007,1.05154842
earlier_04163,earlier,9433.03718,1.25997856
earlier_04164,earlier,7039.01877,0.91902579
earlier_04165,earlier,17503.97982,0.79113142
earlier_04166,earlier,21527.22041,1.30518978
earlier_04167,earlier,23235.95953,1.13183804
earlier_04168,earlier,17603.42903,1.36636086
earlier_04169,earlier,16953.06601,1.39584813
earlier_04170,earlier,24360.54415,1.43850517
earlier_04171,earlier,31339.47015,0.60962360
earlier_04172,earlier,10206.13103,1.43478255
earlier_04173,earlier,15114.75531,0.76723254
earlier_04174,earlier,6253.23236,1.40764538
earlier_04175,earlier,27064.54474,1.45404661
earlier_04176,earlier,22613.19797,0.85087147
earlier_04177,earlier,8341.09521,0.56960741
earlier_04178,earlier,20187.15210,0.98184634
earlier_04179,earlier,8092.64150,0.67126554
earlier_04180,earlier,22140.46776,0.56250277
earlier_04181,earlier,32140.81197,1.06978544
earlier_04182,earlier,12779.11439,0.93445642
earlier_04183,earlier,13147.70859,1.47613363
earlier_04184,earlier,26752.57541,1.07859425
earlier_04185,earlier,15894.71752,1.23710010
earlier_04186,earlier,36551.39294,0.71943188
earlier_04187,earlier,19628.12642,0.83407471
earlier_04188,earlier,20123.25784,0.84361026
earlier_04189,earlier,8913.39926,0.54255297
earlier_04190,earlier,27457.90837,0.75704317
earlier_04191,earlier,14267.93824,1.30701948
earlier_04192,earlier,11959.85761,0.81775032
earlier_04193,earlier,9608.42915,0.90454486
earlier_04194,earlier,13089.24317,0.76290330
earlier_04195,earlier,19334.05111,1.42523729
earlier_04196,earlier,27833.24654,0.71897228
earlier_04197,earlier,32090.43756,1.11019442
earlier_04198,earlier,17618.87782,1.03295307
earlier_04199,earlier,10029.97869,0.87628505
earlier_04200,earlier,18157.13903,1.16938339
earlier_04201,earlier,12307.57511,0.83307456
earlier_04202,earlier,9806.19932,0.74576817
earlier_04203,earlier,10208.92057,1.21127222
earlier_04204,earlier,16204.80077,0.70007676
earlier_04205,earlier,12691.69452,1.13605852
earlier_04206,earlier,11661.91748,1.42070981
earlier_04207,earlier,12071.18092,0.86045580
earlier_04208,earlier,8460.24406,0.65730910
earlier_04209,earlier,14834.78212,0.73969804
earlier_04210,earlier,20628.07192,0.60008462
earlier_04211,earlier,74958.74588,1.45279363
earlier_04212,earlier,12909.51817,1.49795212
earlier_04213,earlier,10505.49131,1.17860390
earlier_04214,earlier,47309.70407,1.40119029
earlier_04215,earlier,40934.71897,1.09717864
earlier_04216,earlier,27227.41071,0.62116396
earlier_04217,earlier,7076.74409,0.72568290
earlier_04218,earlier,28002.96243,1.11381949
earlier_04219,earlier,9782.68413,0.71441600
earlier_04220,earlier,16456.66649,0.90581566
earlier_04221,earlier,6993.42700,1.46044028
earlier_04222,earlier,8560.99273,1.28814095
earlier_04223,earlier,6937.27222,1.12997784
earlier_04224,earlier,15363.57272,0.81366950
earlier_04225,earlier,49690.28575,1.33280438
earlier_04226,earlier,14709.94900,0.62967354
earlier_04227,earlier,30666.65194,0.86252980
earlier_04228,earlier,10520.84438,1.15666834
earlier_04229,earlier,9159.68522,0.67919864
earlier_04230,earlier,11261.79586,0.73111233
earlier_04231,earlier,16639.59351,1.42539182
earlier_04232,earlier,14268.60691,0.99021619
earlier_04233,earlier,7281.20592,0.80751747
earlier_04234,earlier,33549.00985,1.20292702
earlier_04235,earlier,55622.60440,1.21125814
earlier_04236,earlier,23843.66080,0.72524542
earlier_04237,earlier,18125.39138,1.36377830
earlier_04238,earlier,13557.24213,1.23175455
earlier_04239,earlier,8674.00641,1.18672438
earlier_04240,earlier,15334.57963,1.48013290
earlier_04241,earlier,11000.02702,0.61827429
earlier_04242,earlier,12245.86538,1.36680253
earlier_04243,earlier,16880.29276,0.68350334
earlier_04244,earlier,17065.32334,1.42287260
earlier_04245,earlier,18051.52826,0.80056906
earlier_04246,earlier,47229.82768,1.13466113
earlier_04247,earlier,8936.00618,0.52245968
earlier_04248,earlier,20993.25638,0.92729752
earlier_04249,earlier,11440.93101,1.14605493
earlier_04250,earlier,34003.06363,1.21929982
earlier_04251,earlier,30957.10183,0.78694708
earlier_04252,earlier,19887.09710,1.11462552
earlier_04253,earlier,15768.11489,0.70933662
earlier_04254,earlier,9047.90422,1.21718173
earlier_04255,earlier,35210.91425,1.15561459
earlier_04256,earlier,12955.04122,0.53477542
earlier_04257,earlier,11534.63966,0.70337578
earlier_04258,earlier,20374.42041,1.07450756
earlier_04259,earlier,10238.42337,0.80637542
earlier_04260,earlier,17903.67678,1.41806989
earlier_04261,earlier,34762.54667,0.56630941
earlier_04262,earlier,19789.47502,1.09018477
earlier_04263,earlier,19345.39455,1.25773126
earlier_04264,earlier,16270.95761,0.97457304
earlier_04265,earlier,22154.59053,1.12081333
earlier_04266,earlier,18554.41156,0.50707222
earlier_04267,earlier,75848.78754,0.52952371
earlier_04268,earlier,23844.47474,1.31203640
earlier_04269,earlier,15077.81654,0.70071125
earlier_04270,earlier,20440.49914,0.69775798
earlier_04271,earlier,23952.23134,0.57908194
earlier_04272,earlier,22412.47352,0.86340355
earlier_04273,earlier,7553.93963,1.17534689
earlier_04274,earlier,9067.68716,1.48077763
earlier_04275,earlier,33018.64537,0.53908839
earlier_04276,earlier,20365.12875,1.40393633
earlier_04277,earlier,24972.74760,1.12687215
earlier_04278,earlier,23185.45184,1.00111507
earlier_04279,earlier,18503.34415,1.40671290
earlier_04280,earlier,24666.55986,1.41178606
earlier_04281,earlier,16184.16753,1.46852558
earlier_04282,earlier,8207.95861,0.74715007
earlier_04283,earlier,18274.49200,0.89633500
earlier_04284,earlier,16379.50859,0.88506116
earlier_04285,earlier,33142.78805,1.24393559
earlier_04286,earlier,40808.11514,1.08512566
earlier_04287,earlier,30954.07610,0.93101195
earlier_04288,earlier,27928.49444,0.51346634
earlier_04289,earlier,35510.39753,0.63254291
earlier_04290,earlier,14731.55203,0.72948164
earlier_04291,earlier,15490.67352,0.52411248
earlier_04292,earlier,14750.34386,0.65721230
earlier_04293,earlier,4545.85537,1.49905844
earlier_04294,earlier,32375.53559,0.58356903
earlier_04295,earlier,13046.08290,0.75107627
earlier_04296,earlier,11962.84895,0.59562958
earlier_04297,earlier,8798.05423,0.77607177
earlier_04298,earlier,9199.39820,0.64577622
earlier_04299,earlier,21948.79898,1.05082586
earlier_04300,earlier,18398.02362,0.68631513
earlier_04301,earlier,14310.58162,0.86753613
earlier_04302,earlier,18433.88128,1.46390287
earlier_04303,earlier,9508.94237,1.11271401
earlier_04304,earlier,15245.93347,1.36374531
earlier_04305,earlier,11675.69957,0.86308267
earlier_04306,earlier,14141.18292,0.52526916
earlier_04307,earlier,17329.26294,1.31570784
earlier_04308,earlier,17486.49491,0.75491030
earlier_04309,earlier,22965.98772,0.75108465
earlier_04310,earlier,17309.26788,1.41419547
earlier_04311,earlier,15633.17114,1.37030732
earlier_04312,earlier,7654.35782,1.48840208
earlier_04313,earlier,56741.17142,1.13490804
earlier_04314,earlier,13079.19306,1.43424074
earlier_04315,earlier,18970.66483,1.44931758
earlier_04316,earlier,20900.84219,1.34909185
earlier_04317,earlier,30261.62012,0.74804379
earlier_04318,earlier,21082.22778,0.81989470
earlier_04319,earlier,38282.52746,0.85264613
earlier_04320,earlier,17633.56710,1.25738551
earlier_04321,earlier,11913.17347,1.31634732
earlier_04322,earlier,6360.64700,1.17075933
earlier_04323,earlier,21457.53956,0.90586367
earlier_04324,earlier,39622.81716,0.79240926
earlier_04325,earlier,31643.25012,1.34505816
earlier_04326,earlier,10435.75067,0.89965799
earlier_04327,earlier,18781.88079,1.12546530
earlier_04328,earlier,15269.56212,0.78831989
earlier_04329,earlier,17709.63051,1.02563200
earlier_04330,earlier,11487.36895,0.98753014
earlier_04331,earlier,54931.29602,0.75993110
earlier_04332,earlier,15605.85389,0.74706558
earlier_04333,earlier,15028.82930,1.31024423
earlier_04334,earlier,7591.93641,0.67224753
earlier_04335,earlier,23159.34527,1.21758452
earlier_04336,earlier,28977.49375,0.56822297
earlier_04337,earlier,19241.37393,1.35770094
earlier_04338,earlier,12015.27168,0.68075536
earlier_04339,earlier,35313.29909,1.14009941
earlier_04340,earlier,31329.57166,1.21503841
earlier_04341,earlier,13186.43515,1.43755412
earlier_04342,earlier,17458.25232,0.90520109
earlier_04343,earlier,14653.58806,0.68630185
earlier_04344,earlier,12848.05193,0.76057951
earlier_04345,earlier,62514.40785,0.97196743
earlier_04346,earlier,23363.29709,1.24787844
earlier_04347,earlier,13380.60923,0.62966427
earlier_04348,earlier,20449.99548,0.89050192
earlier_04349,earlier,15403.46737,0.66609101
earlier_04350,earlier,16871.87571,1.40644797
earlier_04351,earlier,15554.59678,1.41314851
earlier_04352,earlier,9790.00256,0.94633742
earlier_04353,earlier,28290.64283,1.22510182
earlier_04354,earlier,14244.91342,0.94488686
earlier_04355,earlier,23348.13052,0.53591693
earlier_04356,earlier,20948.23570,0.74007587
earlier_04357,earlier,32869.74467,1.01689360
earlier_04358,earlier,6530.96583,0.97259536
earlier_04359,earlier,10633.80848,0.87346631
earlier_04360,earlier,4533.54341,1.20310126
earlier_04361,earlier,15161.74538,0.73691970
earlier_04362,earlier,87377.96712,0.70124903
earlier_04363,earlier,28575.73312,0.92937541
earlier_04364,earlier,35906.95577,1.28894736
earlier_04365,earlier,24050.81089,0.70614689
earlier_04366,earlier,13450.93907,0.60811084
earlier_04367,earlier,21396.74197,1.13714464
earlier_04368,earlier,17148.24588,0.67402759
earlier_04369,earlier,22009.31127,0.68120252
earlier_04370,earlier,12766.04950,0.85402235
earlier_04371,earlier,19732.28729,1.15735830
earlier_04372,earlier,11324.94481,0.53510687
earlier_04373,earlier,26275.88805,0.63147123
earlier_04374,earlier,12803.59116,1.30591667
earlier_04375,earlier,46938.95906,1.09602829
earlier_04376,earlier,8913.58788,1.44206513
earlier_04377,earlier,7420.99851,0.78940574
earlier_04378,earlier,23633.24546,1.00437880
earlier_04379,earlier,32384.61376,1.42032360
earlier_04380,earlier,8137.56509,1.30662544
earlier_04381,earlier,12567.74767,1.01457038
earlier_04382,earlier,20900.85213,0.95983320
earlier_04383,earlier,13094.49953,1.07652722
earlier_04384,earlier,20689.92152,0.95961915
earlier_04385,earlier,28064.59157,1.20742072
earlier_04386,earlier,28976.58325,1.21193529
earlier_04387,earlier,14993.37408,0.93095510
earlier_04388,earlier,38595.79773,0.73026780
earlier_04389,earlier,9901.58240,0.51137647
earlier_04390,earlier,20687.52600,1.42522041
earlier_04391,earlier,6816.60298,0.72341112
earlier_04392,earlier,23339.65892,1.09790156
earlier_04393,earlier,23897.66463,0.66694021
earlier_04394,earlier,12510.10546,0.64212249
earlier_04395,earlier,18457.54996,1.34600081
earlier_04396,earlier,16947.03882,1.44958877
earlier_04397,earlier,12367.62949,1.23686379
earlier_04398,earlier,16126.58767,0.90157703
earlier_04399,earlier,29649.09236,0.56056152
earlier_04400,earlier,20144.67280,0.76182146
earlier_04401,earlier,10738.62404,1.48946903
earlier_04402,earlier,29896.91728,0.61859430
earlier_04403,earlier,26769.58554,1.12656785
earlier_04404,earlier,20480.89672,1.04702593
earlier_04405,earlier,11066.73433,0.76131144
earlier_04406,earlier,10871.65277,0.64633322
earlier_04407,earlier,30010.33400,1.29452451
earlier_04408,earlier,12859.86275,1.23168624
earlier_04409,earlier,7827.13787,1.42034768
earlier_04410,earlier,37761.58674,0.55306158
earlier_04411,earlier,39804.31979,1.31564877
earlier_04412,earlier,12666.54512,0.68051806
earlier_04413,earlier,53825.89525,0.67269298
earlier_04414,earlier,10529.85114,0.64482557
earlier_04415,earlier,10604.64104,0.88823486
earlier_04416,earlier,19550.13243,1.13465916
earlier_04417,earlier,24245.91043,1.15088059
earlier_04418,earlier,21585.45696,0.92894667
earlier_04419,earlier,17392.26426,0.83875580
earlier_04420,earlier,23918.48334,1.03673135
earlier_04421,earlier,52723.18385,1.08058751
earlier_04422,earlier,7994.61547,0.82850577
earlier_04423,earlier,14447.71627,1.21414736
earlier_04424,earlier,10391.69195,0.81362154
earlier_04425,earlier,25664.01041,1.07286968
earlier_04426,earlier,12081.32968,0.88949030
earlier_04427,earlier,16562.89389,1.07056532
earlier_04428,earlier,31693.11972,1.42701294
earlier_04429,earlier,18322.60585,1.42414004
earlier_04430,earlier,7945.70493,1.13352224
earlier_04431,earlier,27544.82664,1.29311152
earlier_04432,earlier,21859.30457,1.22410296
earlier_04433,earlier,17688.57242,1.30258174
earlier_04434,earlier,9554.29003,0.63113106
earlier_04435,earlier,36362.64134,1.15537495
earlier_04436,earlier,30795.61461,1.22383702
earlier_04437,earlier,15933.25360,1.14190424
earlier_04438,earlier,23100.57737,0.87063141
earlier_04439,earlier,9911.30829,1.49966127
earlier_04440,earlier,15709.52788,0.83548352
earlier_04441,earlier,28784.55267,1.14790518
earlier_04442,earlier,26132.78323,0.64094437
earlier_04443,earlier,13268.02160,0.81194776
earlier_04444,earlier,29480.26028,1.02299166
earlier_04445,earlier,11281.43785,1.15937034
earlier_04446,earlier,45565.31056,1.33311929
earlier_04447,earlier,10877.79473,1.30614357
earlier_04448,earlier,35916.92681,0.59664047
earlier_04449,earlier,18424.54987,0.67577820
earlier_04450,earlier,14848.57889,0.60534079
earlier_04451,earlier,21491.18382,1.43614032
earlier_04452,earlier,23592.09232,0.74857231
earlier_04453,earlier,21679.31967,1.12407083
earlier_04454,earlier,12359.45067,0.85106697
earlier_04455,earlier,11931.59445,1.03939929
earlier_04456,earlier,92358.52937,1.12899012
earlier_04457,earlier,4794.31047,1.47010991
earlier_04458,earlier,42551.86812,1.22752331
earlier_04459,earlier,14472.21061,0.56010605
earlier_04460,earlier,15695.59292,1.15073650
earlier_04461,earlier,12284.81661,1.19749320
earlier_04462,earlier,18758.87431,0.83400754
earlier_04463,earlier,14134.73697,1.44448610
earlier_04464,earlier,6686.03256,0.75580820
earlier_04465,earlier,38826.99239,1.42683490
earlier_04466,earlier,29635.80411,1.09602597
earlier_04467,earlier,53031.00925,0.76637434
earlier_04468,earlier,16316.97253,1.32018815
earlier_04469,earlier,37901.31174,0.51946314
earlier_04470,earlier,6471.92687,0.91576545
earlier_04471,earlier,60929.22932,0.95276876
earlier_04472,earlier,30844.32971,0.61574522
earlier_04473,earlier,17967.88681,1.05066193
earlier_04474,earlier,45624.23875,1.37842909
earlier_04475,earlier,13377.98852,1.37599992
earlier_04476,earlier,20854.38724,1.38093546
earlier_04477,earlier,10733.58404,1.09154525
earlier_04478,earlier,19163.33446,0.93518966
earlier_04479,earlier,17619.27354,0.78604426
earlier_04480,earlier,11546.06469,1.19396724
earlier_04481,earlier,24066.54550,0.92926695
earlier_04482,earlier,6764.85125,0.88928764
earlier_04483,earlier,8169.49540,0.65507831
earlier_04484,earlier,25615.95058,0.54593814
earlier_04485,earlier,18558.24339,0.98293307
earlier_04486,earlier,13893.21410,1.02495560
earlier_04487,earlier,12749.55148,0.57086899
earlier_04488,earlier,6367.18944,1.40147032
earlier_04489,earlier,15340.02694,0.65430246
earlier_04490,earlier,4508.24187,1.38881715
earlier_04491,earlier,11572.24703,0.89756358
earlier_04492,earlier,17153.81819,0.54804548
earlier_04493,earlier,22651.93148,0.60533917
earlier_04494,earlier,22492.74839,0.85440335
earlier_04495,earlier,18164.10421,0.55492654
earlier_04496,earlier,52598.82644,0.78376213
earlier_04497,earlier,19270.44919,1.24233545
earlier_04498,earlier,7900.80925,1.21611920
earlier_04499,earlier,8044.24205,1.41859308
earlier_04500,earlier,10032.61208,1.19726875
earlier_04501,earlier,15683.48762,0.94776506
earlier_04502,earlier,17463.12680,0.81321872
earlier_04503,earlier,16476.84027,0.70385143
earlier_04504,earlier,27976.47622,0.94994321
earlier_04505,earlier,7849.46616,0.58740127
earlier_04506,earlier,18317.46096,1.21741050
earlier_04507,earlier,26099.12432,0.62044426
earlier_04508,earlier,30353.73891,0.54440325
earlier_04509,earlier,12145.69826,1.49923844
earlier_04510,earlier,17450.86800,1.22026969
earlier_04511,earlier,28287.86323,1.10195696
earlier_04512,earlier,13716.60203,1.13217213
earlier_04513,earlier,12336.03769,0.73688377
earlier_04514,earlier,14942.78259,1.41450443
earlier_04515,earlier,21591.11008,0.95979931
earlier_04516,earlier,24568.02795,0.62838621
earlier_04517,earlier,32670.54101,0.93383377
earlier_04518,earlier,11019.39018,1.34826153
earlier_04519,earlier,20229.94447,0.56643988
earlier_04520,earlier,60643.19827,1.13176892
earlier_04521,earlier,16340.46023,0.56654246
earlier_04522,earlier,21107.87307,1.47732508
earlier_04523,earlier,13287.28961,0.84672600
earlier_04524,earlier,6034.12804,1.12264925
earlier_04525,earlier,24766.49170,0.97332909
earlier_04526,earlier,23470.23961,0.77327128
earlier_04527,earlier,17508.23296,1.49079559
earlier_04528,earlier,16794.74613,1.08676820
earlier_04529,earlier,13281.01344,0.77824073
earlier_04530,earlier,16421.40783,0.88140493
earlier_04531,earlier,8041.10391,1.10442119
earlier_04532,earlier,16343.95560,1.05145568
earlier_04533,earlier,31505.01865,1.01852640
earlier_04534,earlier,22598.72368,1.34156001
earlier_04535,earlier,7042.08964,1.11050070
earlier_04536,earlier,17854.41366,0.61433255
earlier_04537,earlier,12959.08726,0.81964423
earlier_04538,earlier,36269.84410,1.48243092
earlier_04539,earlier,11869.90084,1.10701610
earlier_04540,earlier,17116.74498,0.56342863
earlier_04541,earlier,27770.79401,0.63814329
earlier_04542,earlier,43719.51685,1.28001463
earlier_04543,earlier,13420.22405,1.38898789
earlier_04544,earlier,19066.90368,1.32749678
earlier_04545,earlier,28417.60819,1.37424170
earlier_04546,earlier,19671.94368,1.23708386
earlier_04547,earlier,6510.01600,0.83159185
earlier_04548,earlier,32992.04467,1.16987934
earlier_04549,earlier,25030.20597,0.62134621
earlier_04550,earlier,10402.88165,1.00557349
earlier_04551,earlier,36720.02386,0.64583080
earlier_04552,earlier,18697.55293,0.85629639
earlier_04553,earlier,19196.45396,1.13101056
earlier_04554,earlier,33317.71685,0.85008698
earlier_04555,earlier,12181.76223,1.06975414
earlier_04556,earlier,8797.51658,0.56206250
earlier_04557,earlier,22512.47544,0.82223024
earlier_04558,earlier,5822.55194,1.42921844
earlier_04559,earlier,7723.84929,1.36612987
earlier_04560,earlier,23996.21774,1.29296836
earlier_04561,earlier,9797.08478,0.80967123
earlier_04562,earlier,11325.22271,1.40148849
earlier_04563,earlier,11631.77435,0.51824122
earlier_04564,earlier,11261.04808,1.04130485
earlier_04565,earlier,10540.10134,1.32898751
earlier_04566,earlier,31460.73105,1.00005956
earlier_04567,earlier,11092.07742,0.85844634
earlier_04568,earlier,20963.25591,1.18995835
earlier_04569,earlier,10128.45677,0.77692086
earlier_04570,earlier,13938.11126,1.21463866
earlier_04571,earlier,8876.86273,1.45802644
earlier_04572,earlier,14457.48984,0.65497493
earlier_04573,earlier,24113.23209,1.05007867
earlier_04574,earlier,37253.72563,1.46540044
earlier_04575,earlier,9432.38077,1.35139892
earlier_04576,earlier,19793.32973,0.58039851
earlier_04577,earlier,13771.80938,1.25362091
earlier_04578,earlier,41429.57765,0.54960235
earlier_04579,earlier,24118.66248,0.88091234
earlier_04580,earlier,25353.09663,0.77210977
earlier_04581,earlier,14990.43065,1.06374302
earlier_04582,earlier,7032.94936,0.54164787
earlier_04583,earlier,9727.42809,1.36010424
earlier_04584,earlier,16131.83524,0.98793702
earlier_04585,earlier,35765.92367,1.07880467
earlier_04586,earlier,7613.49865,0.74164051
earlier_04587,earlier,14342.04492,0.58352000
earlier_04588,earlier,15587.12999,1.22292952
earlier_04589,earlier,17783.65850,1.25183675
earlier_04590,earlier,40329.48142,0.60642207
earlier_04591,earlier,27050.89758,0.82726475
earlier_04592,earlier,18635.20074,0.53610204
earlier_04593,earlier,13028.62093,0.56569704
earlier_04594,earlier,15090.91887,1.18656563
earlier_04595,earlier,11296.18618,0.84059240
earlier_04596,earlier,7277.20740,0.73928367
earlier_04597,earlier,16697.26723,1.30348839
earlier_04598,earlier,26794.82559,0.84189536
earlier_04599,earlier,17206.32345,1.31894002
earlier_04600,earlier,31643.10894,0.59015456
earlier_04601,earlier,18775.03831,0.61113175
earlier_04602,earlier,7245.09598,0.99311974
earlier_04603,earlier,9057.93217,0.91414357
earlier_04604,earlier,33940.47641,0.89705710
earlier_04605,earlier,4459.64861,0.67499629
earlier_04606,earlier,22446.51435,0.71857300
earlier_04607,earlier,18004.49986,1.14712665
earlier_04608,earlier,15728.73522,0.56198935
earlier_04609,earlier,31595.79633,0.64725642
earlier_04610,earlier,13499.40201,0.73345590
earlier_04611,earlier,12441.40588,0.50645914
earlier_04612,earlier,29266.69704,1.09163617
earlier_04613,earlier,31834.38877,1.06629558
earlier_04614,earlier,7240.43261,1.33561227
earlier_04615,earlier,15729.99668,1.18870854
earlier_04616,earlier,22328.61426,1.04677841
earlier_04617,earlier,33195.44723,1.03139034
earlier_04618,earlier,37923.48556,1.26851422
earlier_04619,earlier,6976.99644,1.42455099
earlier_04620,earlier,8822.06844,0.99920942
earlier_04621,earlier,16466.82473,0.91159360
earlier_04622,earlier,6496.78957,0.93109772
earlier_04623,earlier,7652.33491,0.90080227
earlier_04624,earlier,19852.92359,1.31865269
earlier_04625,earlier,38485.36774,1.25811407
earlier_04626,earlier,22154.25529,1.08283551
earlier_04627,earlier,16263.07993,1.19129254
earlier_04628,earlier,39578.10409,1.10638986
earlier_04629,earlier,11085.60539,0.75796248
earlier_04630,earlier,33100.14782,0.58447500
earlier_04631,earlier,16169.99790,0.51543388
earlier_04632,earlier,11752.52641,1.20064012
earlier_04633,earlier,23268.49820,1.09885202
earlier_04634,earlier,32877.82904,1.39444228
earlier_04635,earlier,9374.84002,0.82488393
earlier_04636,earlier,15189.39801,0.80396409
earlier_04637,earlier,27328.02170,0.93016385
earlier_04638,earlier,44620.68467,0.62732535
earlier_04639,earlier,13790.69930,1.18007447
earlier_04640,earlier,83596.01419,0.93284283
earlier_04641,earlier,32658.83205,0.75306648
earlier_04642,earlier,16082.30137,0.78289303
earlier_04643,earlier,29118.90953,0.97221524
earlier_04644,earlier,29928.04728,1.14502676
earlier_04645,earlier,25226.22715,0.67793327
earlier_04646,earlier,39402.55974,1.39396736
earlier_04647,earlier,16358.61575,0.58161546
earlier_04648,earlier,36078.68492,0.92405730
earlier_04649,earlier,23960.48580,1.05888803
earlier_04650,earlier,22001.51438,0.94115919
earlier_04651,earlier,25187.36407,0.63635091
earlier_04652,earlier,30452.11302,1.44416833
earlier_04653,earlier,55664.56987,0.63488181
earlier_04654,earlier,29400.31730,0.61685530
earlier_04655,earlier,13842.74567,1.17473827
earlier_04656,earlier,18983.94793,1.19914936
earlier_04657,earlier,50092.58544,1.37921188
earlier_04658,earlier,14496.07644,0.71985327
earlier_04659,earlier,33860.75823,0.54196549
earlier_04660,earlier,20580.16401,1.07150484
earlier_04661,earlier,6368.55273,1.49619799
earlier_04662,earlier,33558.18162,0.78849973
earlier_04663,earlier,14393.05143,0.80997484
earlier_04664,earlier,13212.34491,1.02617991
earlier_04665,earlier,13354.43194,0.72440791
earlier_04666,earlier,33305.66662,0.51614465
earlier_04667,earlier,41811.18418,0.59824113
earlier_04668,earlier,19192.13615,0.52105875
earlier_04669,earlier,8611.34510,1.15204278
earlier_04670,earlier,54998.53348,1.01108954
earlier_04671,earlier,31262.31210,0.97368105
earlier_04672,earlier,11515.52018,1.06006565
earlier_04673,earlier,13707.22082,0.52418400
earlier_04674,earlier,16968.37960,0.59403469
earlier_04675,earlier,11355.42666,0.75169751
earlier_04676,earlier,8766.45957,0.67269109
earlier_04677,earlier,10219.21009,0.89247219
earlier_04678,earlier,23616.66924,0.88443032
earlier_04679,earlier,36574.35683,0.66999570
earlier_04680,earlier,33346.34729,0.89826021
earlier_04681,earlier,14432.22054,1.26943275
earlier_04682,earlier,29314.23541,0.76855534
earlier_04683,earlier,23841.49811,0.90328826
earlier_04684,earlier,33042.85830,1.45473604
earlier_04685,earlier,6011.61735,1.27374633
earlier_04686,earlier,7031.20576,1.35837966
earlier_04687,earlier,5555.12954,0.99854295
earlier_04688,earlier,36689.27603,0.59510935
earlier_04689,earlier,15866.04858,0.90504442
earlier_04690,earlier,20819.62172,1.01769339
earlier_04691,earlier,8415.61366,0.82866057
earlier_04692,earlier,10884.34369,1.20346810
earlier_04693,earlier,23133.99666,0.51991906
earlier_04694,earlier,63925.56900,0.58460896
earlier_04695,earlier,44370.42258,0.88136771
earlier_04696,earlier,15444.66574,0.69002960
earlier_04697,earlier,21030.38531,1.14520105
earlier_04698,earlier,32497.98621,1.23142023
earlier_04699,earlier,28509.25887,0.96798762
earlier_04700,earlier,30235.16468,0.53570828
earlier_04701,earlier,11481.31018,1.04026145
earlier_04702,earlier,23219.68724,0.58599496
earlier_04703,earlier,21393.87133,0.78311784
earlier_04704,earlier,43576.50980,1.49030953
earlier_04705,earlier,14693.41604,1.09887264
earlier_04706,earlier,24053.61373,0.63698677
earlier_04707,earlier,19407.14510,1.02706615
earlier_04708,earlier,8112.06500,0.86074246
earlier_04709,earlier,12171.32617,0.76461281
earlier_04710,earlier,11527.82719,0.99662604
earlier_04711,earlier,27618.30611,1.09489903
earlier_04712,earlier,9843.44401,1.30478789
earlier_04713,earlier,20275.66963,1.26906644
earlier_04714,earlier,7176.00475,0.60983833
earlier_04715,earlier,19643.69439,1.26922497
earlier_04716,earlier,10317.14081,0.73722008
earlier_04717,earlier,23276.79571,1.36424074
earlier_04718,earlier,31840.07328,0.81669332
earlier_04719,earlier,9628.69316,1.22143036
earlier_04720,earlier,9776.26001,0.96290201
earlier_04721,earlier,24563.07013,0.70781018
earlier_04722,earlier,10420.90810,1.09384418
earlier_04723,earlier,33049.61912,1.17143860
earlier_04724,earlier,13458.55827,1.23258524
earlier_04725,earlier,14189.15008,0.52212467
earlier_04726,earlier,12484.99613,1.13572384
earlier_04727,earlier,6511.46056,0.96460465
earlier_04728,earlier,14326.62686,1.02943511
earlier_04729,earlier,18216.68753,0.56094791
earlier_04730,earlier,27927.20717,0.74231951
earlier_04731,earlier,18928.67452,0.79395443
earlier_04732,earlier,9651.89285,1.17204507
earlier_04733,earlier,12024.23873,0.99185002
earlier_04734,earlier,11604.96445,1.13805246
earlier_04735,earlier,24431.94896,1.47417623
earlier_04736,earlier,14169.02586,0.64778203
earlier_04737,earlier,14551.20965,0.83322219
earlier_04738,earlier,30357.34240,1.00758392
earlier_04739,earlier,19573.42978,1.41791483
earlier_04740,earlier,97629.88039,0.70796686
earlier_04741,earlier,16770.15747,0.96578365
earlier_04742,earlier,6898.28979,0.75378697
earlier_04743,earlier,9387.87885,1.09967731
earlier_04744,earlier,22791.24764,0.93113481
earlier_04745,earlier,12615.23051,0.89175401
earlier_04746,earlier,12673.83275,0.80108920
earlier_04747,earlier,19330.86765,1.47169239
earlier_04748,earlier,32944.27332,1.29151698
earlier_04749,earlier,28630.06914,0.94304612
earlier_04750,earlier,9132.95834,0.90493668
earlier_04751,earlier,50507.98826,1.30288293
earlier_04752,earlier,14994.85225,0.67402973
earlier_04753,earlier,41120.45109,0.54142701
earlier_04754,earlier,22012.51523,0.73281741
earlier_04755,earlier,23780.27429,1.36557107
earlier_04756,earlier,15588.67413,0.71419763
earlier_04757,earlier,8887.22376,0.59693633
earlier_04758,earlier,32334.67965,0.62254243
earlier_04759,earlier,30058.27745,0.86050464
earlier_04760,earlier,21204.31914,1.41071737
earlier_04761,earlier,19608.79634,1.15104774
earlier_04762,earlier,18300.46106,1.39708537
earlier_04763,earlier,8695.71408,0.68682364
earlier_04764,earlier,10723.64201,1.31994387
earlier_04765,earlier,8045.13184,0.91676336
earlier_04766,earlier,35104.21343,1.46192663
earlier_04767,earlier,34260.69446,1.08550402
earlier_04768,earlier,23521.29665,1.00607959
earlier_04769,earlier,25166.52973,0.79960003
earlier_04770,earlier,28032.99653,1.23570956
earlier_04771,earlier,28742.85846,1.05400950
earlier_04772,earlier,20962.47599,1.22876588
earlier_04773,earlier,12963.54899,0.79461979
earlier_04774,earlier,10333.05915,1.19202888
earlier_04775,earlier,22381.89648,0.60374224
earlier_04776,earlier,24125.45494,0.84483583
earlier_04777,earlier,26385.69668,0.61904249
earlier_04778,earlier,24622.40955,0.89136235
earlier_04779,earlier,8889.73155,0.87691242
earlier_04780,earlier,19648.13195,0.57749798
earlier_04781,earlier,9980.72392,1.28185902
earlier_04782,earlier,12262.64734,1.32934219
earlier_04783,earlier,20731.24028,0.65767186
earlier_04784,earlier,17962.21671,1.12019398
earlier_04785,earlier,7096.71657,1.39596997
earlier_04786,earlier,16761.22696,0.74888709
earlier_04787,earlier,8370.36885,0.62679994
earlier_04788,earlier,15003.26292,1.15482108
earlier_04789,earlier,20849.57441,0.56015301
earlier_04790,earlier,7085.74589,0.83360153
earlier_04791,earlier,24161.49200,0.99385651
earlier_04792,earlier,14557.59643,1.03408905
earlier_04793,earlier,29619.91389,0.78010260
earlier_04794,earlier,23558.90402,0.60209456
earlier_04795,earlier,18966.55197,0.74473844
earlier_04796,earlier,62187.28831,0.95336719
earlier_04797,earlier,10376.37774,1.05407874
earlier_04798,earlier,15790.96201,1.00108010
earlier_04799,earlier,14420.19129,1.41790204
earlier_04800,earlier,27009.13681,1.12273935
earlier_04801,earlier,13886.08691,0.63199018
earlier_04802,earlier,28312.97361,0.57324162
earlier_04803,earlier,7145.69864,1.07881169
earlier_04804,earlier,11311.56633,1.23194005
earlier_04805,earlier,22128.12206,0.54468419
earlier_04806,earlier,12020.82115,0.84304683
earlier_04807,earlier,13144.48981,0.90014631
earlier_04808,earlier,15783.86394,0.73184466
earlier_04809,earlier,6746.62328,1.47222133
earlier_04810,earlier,18256.43889,0.53512115
earlier_04811,earlier,6808.74584,0.93398850
earlier_04812,earlier,10153.89116,1.25760378
earlier_04813,earlier,20281.09651,0.69332511
earlier_04814,earlier,3455.17903,0.95190993
earlier_04815,earlier,11653.12973,1.07405106
earlier_04816,earlier,14682.69226,0.74838524
earlier_04817,earlier,31336.57519,0.55901625
earlier_04818,earlier,22887.94072,0.84082845
earlier_04819,earlier,13385.87944,1.17709061
earlier_04820,earlier,26672.23117,0.94857723
earlier_04821,earlier,18759.81895,0.86766250
earlier_04822,earlier,30269.38953,1.32376079
earlier_04823,earlier,23340.26751,1.08747634
earlier_04824,earlier,23533.74616,0.83137039
earlier_04825,earlier,11192.55769,1.10576186
earlier_04826,earlier,7240.19464,1.02484040
earlier_04827,earlier,15368.96532,0.98768004
earlier_04828,earlier,24229.26458,1.45495087
earlier_04829,earlier,29164.95347,1.10961819
earlier_04830,earlier,27596.97191,1.23314509
earlier_04831,earlier,28566.76714,0.55543164
earlier_04832,earlier,16261.84801,1.12009320
earlier_04833,earlier,14071.52096,1.08448452
earlier_04834,earlier,10858.94170,0.87612451
earlier_04835,earlier,19955.48773,1.04623397
earlier_04836,earlier,33703.46882,1.32661667
earlier_04837,earlier,27127.23898,1.20983787
earlier_04838,earlier,20137.78122,0.61732378
earlier_04839,earlier,15753.70555,0.53255036
earlier_04840,earlier,17660.67881,1.36465384
earlier_04841,earlier,16366.58400,1.01544111
earlier_04842,earlier,46279.73971,1.03414192
earlier_04843,earlier,13870.87371,0.67214337
earlier_04844,earlier,11386.17062,0.84881276
earlier_04845,earlier,31409.23006,0.50173336
earlier_04846,earlier,6490.28437,0.81077358
earlier_04847,earlier,13327.56448,0.50074013
earlier_04848,earlier,4236.02243,1.49617531
earlier_04849,earlier,39151.97674,1.11324502
earlier_04850,earlier,8666.09646,1.34809855
earlier_04851,earlier,8280.65222,0.54387124
earlier_04852,earlier,24555.33975,0.57081580
earlier_04853,earlier,26960.93500,1.44114563
earlier_04854,earlier,27624.40029,0.52168323
earlier_04855,earlier,12665.74084,1.02114938
earlier_04856,earlier,37657.09928,1.33116449
earlier_04857,earlier,12507.66646,1.40326387
earlier_04858,earlier,37445.97634,1.12902726
earlier_04859,earlier,6409.89768,0.58191298
earlier_04860,earlier,22925.00769,0.51528599
earlier_04861,earlier,9915.50659,1.44216850
earlier_04862,earlier,38494.19307,0.77229570
earlier_04863,earlier,23300.20545,1.21157699
earlier_04864,earlier,16731.72422,0.71820829
earlier_04865,earlier,17903.04197,0.98755116
earlier_04866,earlier,15771.94696,1.42586613
earlier_04867,earlier,10142.26532,0.74594641
earlier_04868,earlier,9295.75359,1.05612575
earlier_04869,earlier,6039.88595,0.63491625
earlier_04870,earlier,22242.77451,0.71298115
earlier_04871,earlier,19181.00140,0.74810526
earlier_04872,earlier,7644.34481,0.82461722
earlier_04873,earlier,16190.67070,0.60725963
earlier_04874,earlier,16741.61745,0.81850669
earlier_04875,earlier,22597.69742,1.03365274
earlier_04876,earlier,27472.37245,1.29593604
earlier_04877,earlier,10580.20876,0.81042940
earlier_04878,earlier,6419.82898,1.36889842
earlier_04879,earlier,14938.31313,1.12568091
earlier_04880,earlier,14143.74127,1.33917508
earlier_04881,earlier,33082.70512,0.50312454
earlier_04882,earlier,41359.46352,0.51280632
earlier_04883,earlier,8333.38410,1.37009264
earlier_04884,earlier,12856.18855,0.90057221
earlier_04885,earlier,19354.13026,1.25857963
earlier_04886,earlier,13777.37494,1.36839246
earlier_04887,earlier,30008.38528,0.86230425
earlier_04888,earlier,19603.74028,0.97864140
earlier_04889,earlier,18431.96266,1.17747658
earlier_04890,earlier,26120.77022,0.84644318
earlier_04891,earlier,23162.62863,0.82875066
earlier_04892,earlier,8560.39459,0.50687793
earlier_04893,earlier,6735.21960,0.79503220
earlier_04894,earlier,17390.11343,1.33334012
earlier_04895,earlier,17080.71173,0.63232342
earlier_04896,earlier,18300.14868,1.05054870
earlier_04897,earlier,16474.53092,0.82462899
earlier_04898,earlier,13025.04608,1.19600077
earlier_04899,earlier,11693.65922,0.85848923
earlier_04900,earlier,18496.70683,0.95454168
earlier_04901,earlier,7049.79131,0.75287921
earlier_04902,earlier,10315.44957,0.78631410
earlier_04903,earlier,12297.95833,0.77470383
earlier_04904,earlier,15305.28762,1.27964812
earlier_04905,earlier,31994.02299,1.48789019
earlier_04906,earlier,13685.78119,0.86259767
earlier_04907,earlier,14505.12684,1.13943562
earlier_04908,earlier,15076.78289,1.39829504
earlier_04909,earlier,16031.58508,1.16971414
earlier_04910,earlier,19834.88475,0.58327185
earlier_04911,earlier,11495.07192,0.81564437
earlier_04912,earlier,25333.53890,0.80285067
earlier_04913,earlier,12823.72660,1.22450542
earlier_04914,earlier,36755.98295,1.32734304
earlier_04915,earlier,7163.91542,1.34025683
earlier_04916,earlier,22748.84886,0.83468016
earlier_04917,earlier,15052.42588,1.25391044
earlier_04918,earlier,24188.26264,0.52476023
earlier_04919,earlier,25654.37774,0.69895307
earlier_04920,earlier,12976.08664,0.51353042
earlier_04921,earlier,15911.27262,0.81830558
earlier_04922,earlier,11228.81986,1.41107798
earlier_04923,earlier,12905.94478,0.67908145
earlier_04924,earlier,24242.47271,0.87933948
earlier_04925,earlier,28568.34225,1.07913212
earlier_04926,earlier,11408.55931,1.42683701
earlier_04927,earlier,32117.30597,1.26751173
earlier_04928,earlier,24405.66026,1.00712348
earlier_04929,earlier,28013.30859,1.19426498
earlier_04930,earlier,7399.17244,0.85820790
earlier_04931,earlier,44378.54325,0.75633441
earlier_04932,earlier,16041.53553,0.83891189
earlier_04933,earlier,16007.78962,1.49107421
earlier_04934,earlier,52240.56007,1.49040957
earlier_04935,earlier,7096.66879,0.61459601
earlier_04936,earlier,12616.62155,0.64629305
earlier_04937,earlier,15733.19646,1.16107804
earlier_04938,earlier,16829.01879,1.44963510
earlier_04939,earlier,7226.49881,1.26586727
earlier_04940,earlier,13598.16180,0.68268484
earlier_04941,earlier,18990.29523,0.80445974
earlier_04942,earlier,22999.23870,1.39302810
earlier_04943,earlier,8597.75397,0.51289419
earlier_04944,earlier,13876.17808,1.46195798
earlier_04945,earlier,26020.83994,1.16469921
earlier_04946,earlier,20922.23133,0.60488328
earlier_04947,earlier,24917.62610,1.28035419
earlier_04948,earlier,18153.67177,0.92172835
earlier_04949,earlier,29013.70484,0.50215928
earlier_04950,earlier,17011.71548,0.94865956
earlier_04951,earlier,52730.79190,0.95364546
earlier_04952,earlier,12496.89884,1.38203595
earlier_04953,earlier,17846.72285,0.91739117
earlier_04954,earlier,18198.96728,1.31093373
earlier_04955,earlier,16029.60338,1.27081996
earlier_04956,earlier,12087.92731,1.18987075
earlier_04957,earlier,51166.61965,0.56449132
earlier_04958,earlier,3248.74660,0.89810389
earlier_04959,earlier,41650.15210,1.08581268
earlier_04960,earlier,24724.21721,0.57590373
earlier_04961,earlier,40510.88379,1.39943990
earlier_04962,earlier,18563.17138,0.85749930
earlier_04963,earlier,5001.04952,0.63154644
earlier_04964,earlier,47369.41947,1.24710619
earlier_04965,earlier,36528.77032,1.20539908
earlier_04966,earlier,22929.02537,1.48349391
earlier_04967,earlier,9562.59830,1.40492567
earlier_04968,earlier,17238.23688,1.18714960
earlier_04969,earlier,24941.46834,1.36780443
earlier_04970,earlier,10940.34920,1.45462390
earlier_04971,earlier,32518.59164,1.41947905
earlier_04972,earlier,13338.46344,0.80225524
earlier_04973,earlier,24148.82020,1.44843361
earlier_04974,earlier,10437.86957,1.49979588
earlier_04975,earlier,32906.20318,1.18733859
earlier_04976,earlier,17188.96877,1.31630119
earlier_04977,earlier,16334.51637,1.31092099
earlier_04978,earlier,25348.96034,0.54322739
earlier_04979,earlier,23365.58854,0.82404552
earlier_04980,earlier,18933.70196,0.70726215
earlier_04981,earlier,12925.47520,0.82727465
earlier_04982,earlier,8992.43719,0.90646599
earlier_04983,earlier,20117.69698,1.38471822
earlier_04984,earlier,8532.73489,0.81291994
earlier_04985,earlier,27679.70992,1.31830820
earlier_04986,earlier,14650.10580,1.05702703
earlier_04987,earlier,17656.93680,1.10321744
earlier_04988,earlier,24529.12901,1.43797868
earlier_04989,earlier,7357.32624,0.76525133
earlier_04990,earlier,13368.86639,0.95227857
earlier_04991,earlier,23095.63964,1.30283017
earlier_04992,earlier,24802.13237,1.03516557
earlier_04993,earlier,28973.08390,0.86202531
earlier_04994,earlier,35400.40092,0.80613145
earlier_04995,earlier,7794.90878,1.29101149
earlier_04996,earlier,17742.33246,1.11307256
earlier_04997,earlier,36999.97756,0.90685885
earlier_04998,earlier,28395.02089,1.00078016
earlier_04999,earlier,16896.89593,1.28497452
earlier_05000,earlier,8566.71206,1.07199412
earlier_05001,earlier,18673.54670,0.55344307
earlier_05002,earlier,19263.61313,0.53754380
earlier_05003,earlier,18928.37818,1.20774605
earlier_05004,earlier,13067.72588,0.82031567
earlier_05005,earlier,12936.90606,1.26390507
earlier_05006,earlier,10731.18844,0.54285904
earlier_05007,earlier,20706.42206,0.90868682
earlier_05008,earlier,11310.02027,0.82368899
earlier_05009,earlier,43223.64595,1.36059059
earlier_05010,earlier,15230.80675,0.53764040
earlier_05011,earlier,22287.36390,1.03218134
earlier_05012,earlier,7668.57163,1.05535097
earlier_05013,earlier,9394.41092,1.03600794
earlier_05014,earlier,20499.92260,0.74998696
earlier_05015,earlier,15594.56614,0.63510060
earlier_05016,earlier,9541.62338,1.05882094
earlier_05017,earlier,12079.69119,0.93880945
earlier_05018,earlier,5447.80718,0.61425922
earlier_05019,earlier,11497.81786,0.95606315
earlier_05020,earlier,13672.38906,1.01124707
earlier_05021,earlier,13206.14765,0.60082302
earlier_05022,earlier,20233.58933,0.58814877
earlier_05023,earlier,40247.47697,1.33485006
earlier_05024,earlier,5625.88079,0.63027299
earlier_05025,earlier,26413.38260,1.22342591
earlier_05026,earlier,18703.06193,0.79605562
earlier_05027,earlier,18948.25966,1.30815413
earlier_05028,earlier,36343.33408,0.52045651
earlier_05029,earlier,16140.09773,0.64489031
earlier_05030,earlier,24503.41543,0.84175413
earlier_05031,earlier,28893.35859,1.12344191
earlier_05032,earlier,26984.01618,1.00134521
earlier_05033,earlier,11217.75579,1.08098987
earlier_05034,earlier,23194.85205,1.44950819
earlier_05035,earlier,8382.49473,1.17879496
earlier_05036,earlier,9530.29203,0.83414421
earlier_05037,earlier,29948.62583,1.09947456
earlier_05038,earlier,16528.52197,0.55165691
earlier_05039,earlier,24222.91920,1.47112725
earlier_05040,earlier,14333.88210,1.40684196
earlier_05041,earlier,4963.30734,1.12577340
earlier_05042,earlier,10509.06191,1.07855907
earlier_05043,earlier,5774.32391,1.14325728
earlier_05044,earlier,20663.47110,1.23750656
earlier_05045,earlier,20629.83098,0.60407135
earlier_05046,earlier,17764.39496,1.02465284
earlier_05047,earlier,15360.11988,1.15160353
earlier_05048,earlier,32134.18657,0.50570149
earlier_05049,earlier,30245.02935,0.97241443
earlier_05050,earlier,17213.66988,0.96167825
earlier_05051,earlier,18191.18361,0.80194394
earlier_05052,earlier,9569.78898,0.71747947
earlier_05053,earlier,25679.86769,1.07819782
earlier_05054,earlier,65207.12249,1.23273157
earlier_05055,earlier,17331.39898,0.53247874
earlier_05056,earlier,9453.88320,0.69254945
earlier_05057,earlier,28695.24017,0.65388006
earlier_05058,earlier,37909.91415,1.30647290
earlier_05059,earlier,13224.45543,0.73743693
earlier_05060,earlier,22466.36656,1.29510301
earlier_05061,earlier,22632.73733,0.57687239
earlier_05062,earlier,29635.13551,1.19398096
earlier_05063,earlier,16292.76602,1.04936909
earlier_05064,earlier,19234.19270,1.41262434
earlier_05065,earlier,10639.29896,1.39173213
earlier_05066,earlier,9262.32640,0.90218996
earlier_05067,earlier,13416.40219,0.81019593
earlier_05068,earlier,7204.70313,1.19339926
earlier_05069,earlier,22002.54789,0.98996679
earlier_05070,earlier,43296.25922,0.75297937
earlier_05071,earlier,21385.53856,1.26733787
earlier_05072,earlier,16909.67355,1.02517466
earlier_05073,earlier,13054.93445,1.29005743
earlier_05074,earlier,11676.66967,1.06697290
earlier_05075,earlier,36442.44422,0.69715270
earlier_05076,earlier,20030.12490,0.73960544
earlier_05077,earlier,26524.45470,0.55654238
earlier_05078,earlier,12781.56917,0.80676499
earlier_05079,earlier,6680.65955,1.19350749
earlier_05080,earlier,46744.81219,1.08469971
earlier_05081,earlier,11575.56700,0.88682715
earlier_05082,earlier,26544.13658,1.31187807
earlier_05083,earlier,15924.69439,1.42243593
earlier_05084,earlier,19911.85343,1.38415011
earlier_05085,earlier,24119.40719,1.44828478
earlier_05086,earlier,30619.66231,0.64902022
earlier_05087,earlier,18105.54641,0.63953363
earlier_05088,earlier,15945.37033,0.90592737
earlier_05089,earlier,21204.98922,1.28670857
earlier_05090,earlier,14343.40170,1.12410215
earlier_05091,earlier,15237.79212,0.99105489
earlier_05092,earlier,13493.41383,1.49092815
earlier_05093,earlier,27398.52976,1.29110563
earlier_05094,earlier,36088.51023,0.83845480
earlier_05095,earlier,15774.99224,1.10330988
earlier_05096,earlier,37928.07121,1.05339686
earlier_05097,earlier,18020.91316,1.02325750
earlier_05098,earlier,9810.55659,1.01170229
earlier_05099,earlier,17761.35781,0.56852589
earlier_05100,earlier,13586.17759,0.54802433
earlier_05101,earlier,33138.38055,1.35984794
earlier_05102,earlier,25899.88746,1.35064847
earlier_05103,earlier,25408.31618,0.83409485
earlier_05104,earlier,7625.65508,0.97512465
earlier_05105,earlier,25578.07937,1.38723720
earlier_05106,earlier,14612.65099,1.38896071
earlier_05107,earlier,23763.55087,1.45601515
earlier_05108,earlier,16920.46891,0.63415287
earlier_05109,earlier,12853.65645,1.28060436
earlier_05110,earlier,19826.63020,1.02898450
earlier_05111,earlier,15000.80798,1.02246458
earlier_05112,earlier,34958.21204,0.58943784
earlier_05113,earlier,15362.83284,1.46656954
earlier_05114,earlier,17057.04548,0.99838924
earlier_05115,earlier,15568.33541,0.84614218
earlier_05116,earlier,16083.24296,1.44799055
earlier_05117,earlier,14854.87765,0.61619958
earlier_05118,earlier,12384.68953,0.92783714
earlier_05119,earlier,14440.45783,0.65483712
earlier_05120,earlier,8492.31036,0.75737779
earlier_05121,earlier,13345.64913,1.08652257
earlier_05122,earlier,20222.51239,0.58231568
earlier_05123,earlier,17786.72355,1.03029919
earlier_05124,earlier,13965.96906,1.22375461
earlier_05125,earlier,5999.84762,0.83610441
earlier_05126,earlier,13134.54255,0.50070160
earlier_05127,earlier,12018.46892,1.00400499
earlier_05128,earlier,8595.50621,0.90578153
earlier_05129,earlier,11319.85793,0.51787689
earlier_05130,earlier,45196.47628,1.45289922
earlier_05131,earlier,32361.51013,1.23061086
earlier_05132,earlier,25293.19055,0.96623078
earlier_05133,earlier,11162.83807,0.58195291
earlier_05134,earlier,17455.34919,0.98732750
earlier_05135,earlier,37808.71145,0.62279322
earlier_05136,earlier,14128.85914,0.73778632
earlier_05137,earlier,14699.01924,1.25036935
earlier_05138,earlier,5742.82088,1.48700916
earlier_05139,earlier,9831.74098,1.33380308
earlier_05140,earlier,41173.12018,0.92016000
earlier_05141,earlier,27858.86043,0.60479115
earlier_05142,earlier,6463.54156,0.54406969
earlier_05143,earlier,7803.93097,1.46051094
earlier_05144,earlier,9273.15298,0.75668638
earlier_05145,earlier,7285.61597,0.52538506
earlier_05146,earlier,11397.62995,1.47998349
earlier_05147,earlier,19344.08352,0.70298029
earlier_05148,earlier,19913.98727,1.26508679
earlier_05149,earlier,10592.93240,0.82430544
earlier_05150,earlier,33345.18851,0.50447639
earlier_05151,earlier,69250.95241,1.03832774
earlier_05152,earlier,19341.17742,1.11620378
earlier_05153,earlier,10876.63117,0.94342943
earlier_05154,earlier,14380.48916,0.64276754
earlier_05155,earlier,10448.50635,0.65907882
earlier_05156,earlier,16365.80894,1.49268968
earlier_05157,earlier,10133.57149,1.44135708
earlier_05158,earlier,7887.90527,1.16733372
earlier_05159,earlier,13341.16635,0.51409978
earlier_05160,earlier,7421.66391,0.82245154
earlier_05161,earlier,28661.24679,1.15034964
earlier_05162,earlier,18806.20238,0.72308795
earlier_05163,earlier,19758.11137,1.38352672
earlier_05164,earlier,5932.82864,0.61986950
earlier_05165,earlier,18084.43135,1.01976674
earlier_05166,earlier,8091.50571,1.25234765
earlier_05167,earlier,19444.66532,1.29291592
earlier_05168,earlier,26968.18916,0.90668336
earlier_05169,earlier,20871.17268,0.99359040
earlier_05170,earlier,29775.29059,0.61671804
earlier_05171,earlier,9120.59131,1.16021122
earlier_05172,earlier,8156.76442,0.85431138
earlier_05173,earlier,27605.76288,1.10432191
earlier_05174,earlier,8353.20084,0.97745237
earlier_05175,earlier,21083.10923,0.58093245
earlier_05176,earlier,15621.88838,0.56867624
earlier_05177,earlier,17661.11953,1.49719844
earlier_05178,earlier,63682.69307,1.16566599
earlier_05179,earlier,13092.72620,1.33325382
earlier_05180,earlier,9962.49937,0.78733700
earlier_05181,earlier,26345.93741,1.12423875
earlier_05182,earlier,22410.91053,1.42805443
earlier_05183,earlier,16867.97449,1.01847692
earlier_05184,earlier,14937.77987,1.28581946
earlier_05185,earlier,20445.12336,1.39535651
earlier_05186,earlier,13565.32056,0.99922520
earlier_05187,earlier,32831.55980,0.66907406
earlier_05188,earlier,34068.10710,0.57225266
earlier_05189,earlier,17272.64553,1.03438981
earlier_05190,earlier,12855.54322,1.48798119
earlier_05191,earlier,16479.17520,1.46193133
earlier_05192,earlier,23826.69165,1.28174596
earlier_05193,earlier,29060.04321,1.01529428
earlier_05194,earlier,4461.02245,0.76309492
earlier_05195,earlier,37551.69610,0.96477840
earlier_05196,earlier,12829.27540,1.46915867
earlier_05197,earlier,9112.42241,0.99469458
earlier_05198,earlier,37195.82466,1.07244572
earlier_05199,earlier,30670.50755,0.78438412
earlier_05200,earlier,7422.47467,0.96225479
earlier_05201,earlier,16780.91514,0.51176123
earlier_05202,earlier,16581.09385,0.50517967
earlier_05203,earlier,9567.30800,0.80695652
earlier_05204,earlier,16639.91822,1.34729845
earlier_05205,earlier,54212.97728,1.32488264
earlier_05206,earlier,42439.36931,1.48782507
earlier_05207,earlier,31811.83810,0.92860000
earlier_05208,earlier,17747.01423,1.22135048
earlier_05209,earlier,13042.62179,1.17593736
earlier_05210,earlier,28776.44012,1.16161311
earlier_05211,earlier,14676.23570,0.73255061
earlier_05212,earlier,12717.70606,1.48125841
earlier_05213,earlier,11880.74394,0.88157288
earlier_05214,earlier,14958.38536,1.39487894
earlier_05215,earlier,18910.30720,1.12483543
earlier_05216,earlier,11389.43873,1.21061457
earlier_05217,earlier,23402.31917,0.86757576
earlier_05218,earlier,30195.35295,1.47253527
earlier_05219,earlier,15550.64262,1.09012810
earlier_05220,earlier,18095.75230,1.10700611
earlier_05221,earlier,15770.04908,0.53094054
earlier_05222,earlier,16344.34030,1.19146922
earlier_05223,earlier,14686.62233,1.37248800
earlier_05224,earlier,12803.65539,0.99349119
earlier_05225,earlier,11183.13916,1.48372604
earlier_05226,earlier,24102.32468,0.87409272
earlier_05227,earlier,8869.36479,1.29918288
earlier_05228,earlier,41898.29225,0.58138125
earlier_05229,earlier,22084.28992,1.15105780
earlier_05230,earlier,26304.60661,1.41460552
earlier_05231,earlier,25609.57222,0.55293262
earlier_05232,earlier,9309.87347,1.05057169
earlier_05233,earlier,20414.96586,0.62787697
earlier_05234,earlier,32271.69405,1.04591506
earlier_05235,earlier,8892.87912,0.98991521
earlier_05236,earlier,12090.40452,1.32321970
earlier_05237,earlier,8945.06332,1.20177584
earlier_05238,earlier,26622.50744,0.82292611
earlier_05239,earlier,9537.94133,1.19446978
earlier_05240,earlier,20931.51573,1.28151249
earlier_05241,earlier,58557.60431,0.58750825
earlier_05242,earlier,22065.77122,1.47804240
earlier_05243,earlier,31984.74050,1.26006327
earlier_05244,earlier,10082.33144,0.76892825
earlier_05245,earlier,31407.21702,0.91951755
earlier_05246,earlier,21612.27956,0.89200479
earlier_05247,earlier,8955.78403,1.38962952
earlier_05248,earlier,7931.05115,0.69377198
earlier_05249,earlier,10873.17465,0.89900806
earlier_05250,earlier,40687.12446,0.92773562
earlier_05251,earlier,9966.91846,1.22497278
earlier_05252,earlier,12545.58102,0.79049699
earlier_05253,earlier,5341.45411,1.23539115
earlier_05254,earlier,20406.60445,1.04379727
earlier_05255,earlier,52102.19259,0.63265060
earlier_05256,earlier,10367.39882,0.72588596
earlier_05257,earlier,13679.75273,1.19670288
earlier_05258,earlier,48772.50423,1.25981670
earlier_05259,earlier,10146.22307,0.77465920
earlier_05260,earlier,11488.73584,1.37192139
earlier_05261,earlier,13805.80478,0.89212093
earlier_05262,earlier,12016.62196,0.98558128
earlier_05263,earlier,14990.40461,0.75651943
earlier_05264,earlier,25647.75957,0.80386744
earlier_05265,earlier,16616.09635,1.26303190
earlier_05266,earlier,21352.55442,0.97854170
earlier_05267,earlier,21585.55315,1.18272516
earlier_05268,earlier,22951.20119,1.19158510
earlier_05269,earlier,13832.87901,0.71970019
earlier_05270,earlier,13052.53739,0.54637566
earlier_05271,earlier,24347.52996,0.91239552
earlier_05272,earlier,13667.34781,0.61663968
earlier_05273,earlier,12840.18964,1.01582234
earlier_05274,earlier,25989.97344,0.60514524
earlier_05275,earlier,19042.50090,1.41340861
earlier_05276,earlier,22240.79550,1.01106021
earlier_05277,earlier,19481.42727,1.47031264
earlier_05278,earlier,36158.35718,1.06990890
earlier_05279,earlier,15867.72384,1.21455979
earlier_05280,earlier,15700.05137,0.76617479
earlier_05281,earlier,13319.28860,0.60533971
earlier_05282,earlier,9154.75986,1.15894892
earlier_05283,earlier,12355.27526,1.16389301
earlier_05284,earlier,47622.55796,1.30818982
earlier_05285,earlier,31067.27848,1.09804634
earlier_05286,earlier,19715.57388,0.94653017
earlier_05287,earlier,22791.67414,1.26679062
earlier_05288,earlier,34856.46396,1.31910004
earlier_05289,earlier,22551.58005,0.58598245
earlier_05290,earlier,11268.02659,1.18361884
earlier_05291,earlier,24330.79308,0.96207751
earlier_05292,earlier,17785.60414,0.76176594
earlier_05293,earlier,9786.90090,0.64709191
earlier_05294,earlier,10152.13273,1.44330828
earlier_05295,earlier,11146.87243,1.24296252
earlier_05296,earlier,12550.25537,0.52500241
earlier_05297,earlier,39615.01271,1.40583802
earlier_05298,earlier,18565.80311,0.69678238
earlier_05299,earlier,17410.85642,0.60163345
earlier_05300,earlier,24319.46168,1.28022826
earlier_05301,earlier,22567.25780,0.78543660
earlier_05302,earlier,35495.15901,0.81454352
earlier_05303,earlier,13395.71427,0.70442405
earlier_05304,earlier,17080.20187,1.15632316
earlier_05305,earlier,7030.18775,1.36955460
earlier_05306,earlier,10852.44464,0.90458366
earlier_05307,earlier,10550.68795,1.46251645
earlier_05308,earlier,20848.80624,0.70189284
earlier_05309,earlier,34479.01815,1.43777671
earlier_05310,earlier,64687.53865,0.69301848
earlier_05311,earlier,8112.65026,1.13934927
earlier_05312,earlier,42732.54900,0.65647210
earlier_05313,earlier,25313.67214,0.69165531
earlier_05314,earlier,14826.78770,1.25533868
earlier_05315,earlier,15476.93000,0.91419452
earlier_05316,earlier,30866.00994,0.94423264
earlier_05317,earlier,14245.29938,1.01600306
earlier_05318,earlier,9852.22080,0.82940548
earlier_05319,earlier,12213.41094,1.04371790
earlier_05320,earlier,13114.40425,0.85526076
earlier_05321,earlier,23184.60563,0.92283486
earlier_05322,earlier,18070.51127,0.75029839
earlier_05323,earlier,30020.00477,1.21200678
earlier_05324,earlier,19900.09976,0.77254673
earlier_05325,earlier,27033.30913,0.59237809
earlier_05326,earlier,11682.24977,1.25352185
earlier_05327,earlier,7231.72656,0.71361170
earlier_05328,earlier,16978.82895,1.36697291
earlier_05329,earlier,10957.22513,0.85521507
earlier_05330,earlier,29333.26297,1.36140125
earlier_05331,earlier,20927.82029,0.96821161
earlier_05332,earlier,28345.39050,1.48393147
earlier_05333,earlier,11917.33044,0.82379996
earlier_05334,earlier,7104.58687,1.13469531
earlier_05335,earlier,14306.46357,1.38179823
earlier_05336,earlier,17335.81426,1.31437315
earlier_05337,earlier,18677.95793,0.65473790
earlier_05338,earlier,33366.03450,1.18471524
earlier_05339,earlier,16394.81757,0.78142601
earlier_05340,earlier,12698.60499,1.34050052
earlier_05341,earlier,26105.91532,0.75890733
earlier_05342,earlier,24307.80168,0.63708612
earlier_05343,earlier,19086.63582,0.96892905
earlier_05344,earlier,36798.44669,0.73834945
earlier_05345,earlier,28219.75283,0.90649336
earlier_05346,earlier,21544.23288,1.42963608
earlier_05347,earlier,21175.76095,1.36807525
earlier_05348,earlier,6528.61975,0.92541202
earlier_05349,earlier,6453.97470,1.17263812
earlier_05350,earlier,9389.66517,1.09517970
earlier_05351,earlier,20425.40472,1.44556221
earlier_05352,earlier,29062.16283,1.32803562
earlier_05353,earlier,17643.49424,0.77479229
earlier_05354,earlier,24025.15603,1.31241300
earlier_05355,earlier,12357.15785,0.67053473
earlier_05356,earlier,18795.36769,0.50327586
earlier_05357,earlier,17748.17845,0.59514214
earlier_05358,earlier,14817.54999,1.01893163
earlier_05359,earlier,16386.65134,0.84167687
earlier_05360,earlier,16302.06473,0.90849314
earlier_05361,earlier,20040.64106,1.39498695
earlier_05362,earlier,16170.23239,0.70438709
earlier_05363,earlier,14131.72824,1.27403659
earlier_05364,earlier,66606.06672,1.11869542
earlier_05365,earlier,14368.92331,0.60871101
earlier_05366,earlier,30747.92248,0.60997367
earlier_05367,earlier,10729.43040,0.87424861
earlier_05368,earlier,23380.06672,1.16008905
earlier_05369,earlier,55206.71921,0.70360298
earlier_05370,earlier,6807.50505,0.58097064
earlier_05371,earlier,25050.82882,1.26083925
earlier_05372,earlier,25114.98790,0.58196322
earlier_05373,earlier,29165.85031,1.06262138
earlier_05374,earlier,8697.96643,1.45772783
earlier_05375,earlier,16567.85136,1.13516850
earlier_05376,earlier,10928.48059,0.91889675
earlier_05377,earlier,37236.89312,1.13350999
earlier_05378,earlier,21583.42712,0.50801352
earlier_05379,earlier,27521.04518,0.78517269
earlier_05380,earlier,11975.54853,1.25068161
earlier_05381,earlier,14339.98874,1.07294663
earlier_05382,earlier,35091.52119,0.81328252
earlier_05383,earlier,13663.73107,0.77714303
earlier_05384,earlier,12097.58246,1.17005479
earlier_05385,earlier,19612.97368,1.47855221
earlier_05386,earlier,24241.23044,0.63814674
earlier_05387,earlier,29406.57198,0.64491555
earlier_05388,earlier,20509.85243,1.43862119
earlier_05389,earlier,8849.95718,0.75267160
earlier_05390,earlier,9556.67089,1.27252283
earlier_05391,earlier,18401.82447,0.78552608
earlier_05392,earlier,22968.46848,1.26400731
earlier_05393,earlier,23283.25173,0.74301889
earlier_05394,earlier,11505.81212,1.10317836
earlier_05395,earlier,16032.68234,1.24911733
earlier_05396,earlier,42895.97716,0.60776496
earlier_05397,earlier,16383.55657,1.20660261
earlier_05398,earlier,17785.26285,0.63422433
earlier_05399,earlier,6956.89319,0.59222240
earlier_05400,earlier,11662.55242,1.43452791
earlier_05401,earlier,17938.11652,1.42332117
earlier_05402,earlier,7887.50332,1.37619980
earlier_05403,earlier,26021.51865,1.32752914
earlier_05404,earlier,24036.64314,1.48033453
earlier_05405,earlier,22419.61936,0.50938206
earlier_05406,earlier,17310.61937,1.17668424
earlier_05407,earlier,17820.32404,1.43454221
earlier_05408,earlier,16628.58178,1.37258403
earlier_05409,earlier,16239.07727,1.07743018
earlier_05410,earlier,20054.07004,1.34908131
earlier_05411,earlier,51828.21817,1.02563285
earlier_05412,earlier,11261.77961,1.24769834
earlier_05413,earlier,27759.44533,0.76156438
earlier_05414,earlier,17506.25046,1.34510142
earlier_05415,earlier,8207.76295,1.11995288
earlier_05416,earlier,16070.97416,0.93238416
earlier_05417,earlier,11984.28158,1.09365335
earlier_05418,earlier,49979.04188,0.87658671
earlier_05419,earlier,22975.37663,1.43934136
earlier_05420,earlier,35825.70803,0.51865995
earlier_05421,earlier,17957.33467,0.63875148
earlier_05422,earlier,20709.50088,1.18726287
earlier_05423,earlier,7593.18363,1.27578364
earlier_05424,earlier,37169.33443,1.16272070
earlier_05425,earlier,10699.39451,0.78923777
earlier_05426,earlier,18898.30905,0.69495591
earlier_05427,earlier,30709.49328,1.40856990
earlier_05428,earlier,28091.35633,1.36490380
earlier_05429,earlier,22526.20546,1.33603650
earlier_05430,earlier,11054.83165,1.32411223
earlier_05431,earlier,41072.32356,1.09100515
earlier_05432,earlier,16869.02819,0.76549396
earlier_05433,earlier,34331.17963,1.17993981
earlier_05434,earlier,22721.04299,1.12689848
earlier_05435,earlier,18208.42932,1.29059997
earlier_05436,earlier,6095.53159,1.25902764
earlier_05437,earlier,47322.76142,0.88412772
earlier_05438,earlier,19602.36497,1.08738231
earlier_05439,earlier,17295.29890,0.83392364
earlier_05440,earlier,24681.83120,0.71577044
earlier_05441,earlier,23175.41011,1.43704640
earlier_05442,earlier,13550.39047,1.36529923
earlier_05443,earlier,15773.67596,1.41315224
earlier_05444,earlier,9085.24820,0.82128335
earlier_05445,earlier,9344.90822,1.20033097
earlier_05446,earlier,12200.50727,1.28982498
earlier_05447,earlier,13169.09480,0.83961180
earlier_05448,earlier,49616.32877,0.87536948
earlier_05449,earlier,18193.28203,0.72246033
earlier_05450,earlier,9310.05563,0.75111987
earlier_05451,earlier,26300.92878,0.52569035
earlier_05452,earlier,23652.05544,0.50389115
earlier_05453,earlier,51332.41403,1.45583727
earlier_05454,earlier,8774.05675,0.72528633
earlier_05455,earlier,24804.25623,0.92930146
earlier_05456,earlier,12040.55466,0.83565344
earlier_05457,earlier,33185.15754,1.11521350
earlier_05458,earlier,13035.40972,0.56746034
earlier_05459,earlier,20750.33222,0.82250449
earlier_05460,earlier,20334.56525,1.17841592
earlier_05461,earlier,14153.50268,1.32939201
earlier_05462,earlier,11852.23841,1.06416844
earlier_05463,earlier,22911.09221,0.69844336
earlier_05464,earlier,3241.51433,1.33895643
earlier_05465,earlier,23757.27597,0.95822934
earlier_05466,earlier,9964.64520,0.53277207
earlier_05467,earlier,5295.53342,1.39446889
earlier_05468,earlier,13021.65938,1.27694621
earlier_05469,earlier,13044.02956,0.89948065
earlier_05470,earlier,13403.95468,1.46529293
earlier_05471,earlier,22725.68813,0.88002164
earlier_05472,earlier,25564.95708,1.44840461
earlier_05473,earlier,22780.35581,0.63547398
earlier_05474,earlier,14284.99424,0.98506457
earlier_05475,earlier,30919.66110,1.17701339
earlier_05476,earlier,24466.79355,1.25342288
earlier_05477,earlier,29412.57575,1.25584045
earlier_05478,earlier,25780.31060,0.72337470
earlier_05479,earlier,11641.98397,1.23912222
earlier_05480,earlier,20740.95190,1.11205889
earlier_05481,earlier,53197.72951,1.35759055
earlier_05482,earlier,21150.03445,0.94040587
earlier_05483,earlier,31649.20962,1.29459086
earlier_05484,earlier,9745.74213,0.82940236
earlier_05485,earlier,11873.99590,1.22085030
earlier_05486,earlier,17378.79079,0.71719255
earlier_05487,earlier,30142.09316,1.22393943
earlier_05488,earlier,8496.70636,0.90519902
earlier_05489,earlier,31716.07716,0.64570185
earlier_05490,earlier,14422.62248,0.58541010
earlier_05491,earlier,38085.86784,0.55568578
earlier_05492,earlier,14972.62525,0.92247927
earlier_05493,earlier,7562.19540,0.51170411
earlier_05494,earlier,24319.34811,1.04373204
earlier_05495,earlier,19517.39888,0.84240926
earlier_05496,earlier,48974.58967,1.49493194
earlier_05497,earlier,9775.54953,0.99713275
earlier_05498,earlier,25850.30011,0.77991742
earlier_05499,earlier,24994.19735,1.27875897
earlier_05500,earlier,16135.16782,1.34211113
earlier_05501,earlier,14546.15342,1.14901612
earlier_05502,earlier,23922.85660,0.77269479
earlier_05503,earlier,7665.99056,1.48062272
earlier_05504,earlier,26840.56538,0.70496829
earlier_05505,earlier,41739.57400,0.88585758
earlier_05506,earlier,26437.82623,0.60706262
earlier_05507,earlier,14256.58300,0.98447257
earlier_05508,earlier,30062.46068,1.04955078
earlier_05509,earlier,19156.85088,1.39783257
earlier_05510,earlier,22293.55675,1.33089729
earlier_05511,earlier,16933.43016,1.02616539
earlier_05512,earlier,21585.85593,0.84452676
earlier_05513,earlier,25521.08351,0.72278391
earlier_05514,earlier,23043.52537,0.53446082
earlier_05515,earlier,5951.50500,0.65780565
earlier_05516,earlier,13068.68803,0.58414669
earlier_05517,earlier,14044.87909,1.10005802
earlier_05518,earlier,21644.16717,1.32804016
earlier_05519,earlier,40468.09456,0.51836267
earlier_05520,earlier,13988.53844,1.05244693
earlier_05521,earlier,20621.75225,0.61413599
earlier_05522,earlier,10710.34389,1.48952192
earlier_05523,earlier,15217.52386,1.37368042
earlier_05524,earlier,10852.37006,0.64688418
earlier_05525,earlier,7658.93791,0.56255583
earlier_05526,earlier,8698.39392,1.08692298
earlier_05527,earlier,18627.70336,0.96242098
earlier_05528,earlier,19535.59300,0.60449005
earlier_05529,earlier,51271.12397,1.33301875
earlier_05530,earlier,20580.81211,1.03030192
earlier_05531,earlier,13066.54171,1.45584663
earlier_05532,earlier,13456.47778,1.04373004
earlier_05533,earlier,27531.21966,1.18326396
earlier_05534,earlier,13729.75386,0.53485963
earlier_05535,earlier,19088.76103,1.30733003
earlier_05536,earlier,53644.15844,0.61446240
earlier_05537,earlier,25175.44639,1.12647513
earlier_05538,earlier,7841.20864,1.27874906
earlier_05539,earlier,8212.02844,1.45156308
earlier_05540,earlier,7800.96533,0.76953799
earlier_05541,earlier,16559.85099,1.37987161
earlier_05542,earlier,20128.17462,0.54688135
earlier_05543,earlier,11800.11847,1.25632424
earlier_05544,earlier,13241.28132,0.76326843
earlier_05545,earlier,32670.15701,0.94968002
earlier_05546,earlier,58164.74865,1.20724917
earlier_05547,earlier,18397.61216,1.19071006
earlier_05548,earlier,15925.60859,0.79595662
earlier_05549,earlier,12704.19701,1.43024323
earlier_05550,earlier,13046.52903,0.51418206
earlier_05551,earlier,20440.64132,0.79002803
earlier_05552,earlier,30814.94663,0.96713325
earlier_05553,earlier,31024.60078,0.70998279
earlier_05554,earlier,10283.18037,1.05772901
earlier_05555,earlier,30906.48150,0.95432563
earlier_05556,earlier,9443.23461,1.45844571
earlier_05557,earlier,36025.52005,0.90629668
earlier_05558,earlier,14029.06858,1.46388900
earlier_05559,earlier,24014.10644,0.74271341
earlier_05560,earlier,14804.24221,1.48050559
earlier_05561,earlier,15478.60356,1.14735266
earlier_05562,earlier,7008.73418,1.11492680
earlier_05563,earlier,4674.84218,1.14892964
earlier_05564,earlier,18005.65280,0.70333666
earlier_05565,earlier,16196.06435,0.79079460
earlier_05566,earlier,17801.28330,0.50289327
earlier_05567,earlier,15692.14152,1.48235467
earlier_05568,earlier,5957.75682,0.70155229
earlier_05569,earlier,19950.75456,0.60069075
earlier_05570,earlier,44564.71486,1.38797676
earlier_05571,earlier,36512.77408,0.94422407
earlier_05572,earlier,19397.87719,1.49275331
earlier_05573,earlier,21463.01746,1.38037860
earlier_05574,earlier,24638.29745,1.48842536
earlier_05575,earlier,11307.92377,0.57672484
earlier_05576,earlier,29255.20454,1.31718675
earlier_05577,earlier,23616.63692,1.29370968
earlier_05578,earlier,11697.54215,0.87951013
earlier_05579,earlier,28276.02526,1.48327096
earlier_05580,earlier,16501.60341,1.33347144
earlier_05581,earlier,22961.64976,0.68990751
earlier_05582,earlier,34653.81378,1.04275802
earlier_05583,earlier,14143.52063,1.22279680
earlier_05584,earlier,14151.74440,0.62612928
earlier_05585,earlier,24298.37926,0.76998365
earlier_05586,earlier,15435.22973,0.90178802
earlier_05587,earlier,18555.26662,0.62577711
earlier_05588,earlier,37054.80292,0.50921609
earlier_05589,earlier,13737.39265,0.91805003
earlier_05590,earlier,17250.40080,0.70813564
earlier_05591,earlier,26270.23727,0.97777469
earlier_05592,earlier,63534.67505,1.37472751
earlier_05593,earlier,16037.47949,0.75620238
earlier_05594,earlier,28624.89908,0.75996978
earlier_05595,earlier,31995.10244,1.18933106
earlier_05596,earlier,9097.48352,1.44364115
earlier_05597,earlier,16110.76763,0.69024330
earlier_05598,earlier,46617.98869,0.81014022
earlier_05599,earlier,15529.36855,0.57511290
earlier_05600,earlier,10178.48731,0.92859244
earlier_05601,earlier,36946.95794,0.69055184
earlier_05602,earlier,15376.23735,1.29054601
earlier_05603,earlier,13321.90549,1.31346484
earlier_05604,earlier,35330.17031,1.09088181
earlier_05605,earlier,3960.26700,1.29736859
earlier_05606,earlier,38846.68482,0.50437290
earlier_05607,earlier,26043.64005,1.30378468
earlier_05608,earlier,13443.64740,1.36764552
earlier_05609,earlier,41097.03394,1.11475162
earlier_05610,earlier,43021.27909,0.84931091
earlier_05611,earlier,16533.30250,0.88112837
earlier_05612,earlier,9380.67686,0.62638846
earlier_05613,earlier,11293.72282,0.70775953
earlier_05614,earlier,8405.77493,0.57794063
earlier_05615,earlier,34007.10179,1.32495420
earlier_05616,earlier,33650.46345,1.12386787
earlier_05617,earlier,36134.60284,1.12635446
earlier_05618,earlier,16935.28684,1.33289826
earlier_05619,earlier,10895.70561,0.62633517
earlier_05620,earlier,21853.46104,1.07431415
earlier_05621,earlier,76603.24250,1.22218396
earlier_05622,earlier,56894.62067,1.27068717
earlier_05623,earlier,12299.26431,0.89620972
earlier_05624,earlier,12851.89995,1.38741829
earlier_05625,earlier,36684.45809,0.70331889
earlier_05626,earlier,8936.78847,0.72267341
earlier_05627,earlier,24405.02052,1.27789109
earlier_05628,earlier,21792.36993,1.42496534
earlier_05629,earlier,19001.02669,0.86715203
earlier_05630,earlier,32554.69872,1.32095613
earlier_05631,earlier,15910.47233,0.97711949
earlier_05632,earlier,20771.61870,0.92163364
earlier_05633,earlier,34373.20832,0.88211824
earlier_05634,earlier,11425.83248,1.49021451
earlier_05635,earlier,27307.66093,0.88213633
earlier_05636,earlier,32261.73541,0.62565304
earlier_05637,earlier,13339.90840,0.79142215
earlier_05638,earlier,24918.38334,0.82595914
earlier_05639,earlier,29798.87765,0.62761543
earlier_05640,earlier,26372.27482,0.82003779
earlier_05641,earlier,35838.27032,0.61168596
earlier_05642,earlier,17623.46981,0.68287735
earlier_05643,earlier,14986.46154,1.48498919
earlier_05644,earlier,8841.64205,0.91199187
earlier_05645,earlier,16821.29256,1.39604573
earlier_05646,earlier,13884.18500,0.71944365
earlier_05647,earlier,16439.13683,0.66733914
earlier_05648,earlier,27363.76699,1.28834118
earlier_05649,earlier,15309.30489,1.27099931
earlier_05650,earlier,31344.95543,0.65737455
earlier_05651,earlier,20901.53416,0.67596046
earlier_05652,earlier,18279.59301,1.15985607
earlier_05653,earlier,24051.77403,1.07166262
earlier_05654,earlier,21981.55576,0.88837333
earlier_05655,earlier,23321.37396,0.82248953
earlier_05656,earlier,37085.33405,1.17503137
earlier_05657,earlier,25559.77303,0.61060848
earlier_05658,earlier,13706.48969,1.30302364
earlier_05659,earlier,3566.11586,0.51016629
earlier_05660,earlier,22066.64511,0.97117532
earlier_05661,earlier,34139.67979,0.72868012
earlier_05662,earlier,17604.55137,0.66550404
earlier_05663,earlier,12851.09550,0.65265478
earlier_05664,earlier,13117.23129,0.57317835
earlier_05665,earlier,15040.62774,0.58362783
earlier_05666,earlier,30830.34410,0.73870807
earlier_05667,earlier,27130.04464,0.50175867
earlier_05668,earlier,12291.62253,1.19698260
earlier_05669,earlier,11424.72958,0.79245670
earlier_05670,earlier,13395.95015,1.17681265
earlier_05671,earlier,11951.41689,0.61902738
earlier_05672,earlier,21299.05335,0.57990022
earlier_05673,earlier,25947.14795,0.90544674
earlier_05674,earlier,19557.38170,0.81097112
earlier_05675,earlier,10240.95336,1.30137733
earlier_05676,earlier,22576.02306,0.61106535
earlier_05677,earlier,9783.21376,1.40033230
earlier_05678,earlier,26321.40852,1.16727055
earlier_05679,earlier,17839.83967,1.16671613
earlier_05680,earlier,7582.66534,1.45475991
earlier_05681,earlier,16717.08374,0.76051694
earlier_05682,earlier,13413.41537,0.70515532
earlier_05683,earlier,39639.46813,1.37021719
earlier_05684,earlier,7693.04186,1.11251072
earlier_05685,earlier,12971.33750,0.86946563
earlier_05686,earlier,8725.43161,1.03285105
earlier_05687,earlier,25321.25182,1.43343369
earlier_05688,earlier,14894.61842,1.31087995
earlier_05689,earlier,30526.48795,1.31984972
earlier_05690,earlier,19697.91505,1.26213320
earlier_05691,earlier,12571.66657,0.66344235
earlier_05692,earlier,35872.45253,1.00135310
earlier_05693,earlier,15323.04084,0.90151264
earlier_05694,earlier,26762.65922,0.51207887
earlier_05695,earlier,11870.26283,1.26940979
earlier_05696,earlier,10487.41618,1.47875977
earlier_05697,earlier,19030.20801,1.17453324
earlier_05698,earlier,15405.83379,0.63225272
earlier_05699,earlier,11591.46742,1.24537111
earlier_05700,earlier,7790.28948,1.14044524
earlier_05701,earlier,28920.52635,0.52291419
earlier_05702,earlier,15022.99254,1.17002279
earlier_05703,earlier,8705.55193,0.83680084
earlier_05704,earlier,10537.87557,1.17053393
earlier_05705,earlier,17790.78443,0.77332542
earlier_05706,earlier,12599.76836,1.48915396
earlier_05707,earlier,28906.20740,0.66756156
earlier_05708,earlier,28102.84986,1.46202996
earlier_05709,earlier,26306.80980,1.31023556
earlier_05710,earlier,11942.40490,1.22557825
earlier_05711,earlier,19944.30924,0.98919170
earlier_05712,earlier,35923.75612,0.75586889
earlier_05713,earlier,34012.65022,0.97932264
earlier_05714,earlier,30003.32765,0.87702288
earlier_05715,earlier,10670.67395,1.29246191
earlier_05716,earlier,10606.44174,0.88529925
earlier_05717,earlier,17097.50286,1.27879987
earlier_05718,earlier,19126.55133,0.90567801
earlier_05719,earlier,29430.26990,1.02627942
earlier_05720,earlier,18961.32467,0.92683017
earlier_05721,earlier,28502.18090,1.22257442
earlier_05722,earlier,8780.79513,1.49945147
earlier_05723,earlier,12282.94436,0.95840676
earlier_05724,earlier,24835.49433,0.95163905
earlier_05725,earlier,19997.76533,1.22182154
earlier_05726,earlier,23521.03033,1.05841884
earlier_05727,earlier,9729.32558,0.87232795
earlier_05728,earlier,40541.28321,0.88672261
earlier_05729,earlier,12076.58156,0.54687883
earlier_05730,earlier,13356.12247,1.30128447
earlier_05731,earlier,13649.18569,0.64109274
earlier_05732,earlier,33070.96324,1.07442506
earlier_05733,earlier,12297.22394,1.49047921
earlier_05734,earlier,7169.99092,1.40334115
earlier_05735,earlier,20103.81534,0.78427644
earlier_05736,earlier,11627.62544,0.77834462
earlier_05737,earlier,11840.72891,0.50286920
earlier_05738,earlier,11113.26238,1.42118337
earlier_05739,earlier,8663.51928,1.00078393
earlier_05740,earlier,11541.52483,0.82296012
earlier_05741,earlier,8905.84860,0.81298376
earlier_05742,earlier,19438.83034,0.56863387
earlier_05743,earlier,14529.65913,1.12809128
earlier_05744,earlier,23835.92265,1.20677838
earlier_05745,earlier,15731.77670,0.52295116
earlier_05746,earlier,25501.39945,0.53260421
earlier_05747,earlier,12145.81344,1.28673003
earlier_05748,earlier,36585.48341,0.89991838
earlier_05749,earlier,35275.46680,1.07329216
earlier_05750,earlier,11937.05337,1.42966007
earlier_05751,earlier,69707.58095,1.11684950
earlier_05752,earlier,37084.03566,1.45564586
earlier_05753,earlier,26332.03479,1.10817529
earlier_05754,earlier,45445.46732,1.17615701
earlier_05755,earlier,34618.56786,0.96032397
earlier_05756,earlier,23539.97835,0.70780911
earlier_05757,earlier,14533.71868,0.80650523
earlier_05758,earlier,34980.75251,1.38782662
earlier_05759,earlier,19721.14913,0.59146937
earlier_05760,earlier,17719.14355,1.03372262
earlier_05761,earlier,13431.77973,1.38196861
earlier_05762,earlier,11346.56461,1.25616337
earlier_05763,earlier,20118.94852,0.97866004
earlier_05764,earlier,24741.30534,1.40793547
earlier_05765,earlier,38817.26834,1.00947113
earlier_05766,earlier,11825.44930,1.43568717
earlier_05767,earlier,24258.60562,1.37652035
earlier_05768,earlier,10703.89221,0.81375159
earlier_05769,earlier,17272.76049,0.59737920
earlier_05770,earlier,38081.35183,0.76567279
earlier_05771,earlier,15386.50846,1.03034838
earlier_05772,earlier,21945.24232,0.59500537
earlier_05773,earlier,30503.01798,1.20412409
earlier_05774,earlier,18501.22284,0.97824537
earlier_05775,earlier,38740.72957,0.69484242
earlier_05776,earlier,45922.03796,0.81499776
earlier_05777,earlier,30282.06117,0.78590325
earlier_05778,earlier,40518.21243,0.72490890
earlier_05779,earlier,29424.45866,0.53374227
earlier_05780,earlier,24906.67746,0.81441972
earlier_05781,earlier,38777.81902,0.92079419
earlier_05782,earlier,12987.65804,1.45984377
earlier_05783,earlier,45358.50874,1.19431366
earlier_05784,earlier,9957.89001,0.91090515
earlier_05785,earlier,18824.08214,0.93783542
earlier_05786,earlier,7593.78728,0.56152727
earlier_05787,earlier,19407.70841,0.70505563
earlier_05788,earlier,10105.39630,1.28066396
earlier_05789,earlier,45560.97400,1.29412923
earlier_05790,earlier,18340.67064,0.58196592
earlier_05791,earlier,14719.20770,0.87945599
earlier_05792,earlier,21173.78032,1.06577534
earlier_05793,earlier,18058.94232,0.74198160
earlier_05794,earlier,18887.25767,0.79742991
earlier_05795,earlier,6483.65571,1.37690686
earlier_05796,earlier,31960.97454,0.80846376
earlier_05797,earlier,28763.57630,0.59145724
earlier_05798,earlier,5981.65329,0.60232832
earlier_05799,earlier,24413.62715,0.65390662
earlier_05800,earlier,12659.66254,0.57372123
earlier_05801,earlier,34600.29178,0.99405813
earlier_05802,earlier,7367.91913,1.13057610
earlier_05803,earlier,12437.54108,0.60696045
earlier_05804,earlier,9458.55301,0.66928243
earlier_05805,earlier,17091.52202,0.57458516
earlier_05806,earlier,11527.32248,1.10149858
earlier_05807,earlier,7868.58925,1.13627633
earlier_05808,earlier,17204.83025,1.26195419
earlier_05809,earlier,21242.42767,1.27193318
earlier_05810,earlier,40758.44741,0.89510627
earlier_05811,earlier,23477.98202,0.56404421
earlier_05812,earlier,28366.28499,0.51467325
earlier_05813,earlier,17985.74553,1.44941097
earlier_05814,earlier,32250.04061,1.03377944
earlier_05815,earlier,20283.54377,1.49421391
earlier_05816,earlier,40810.56423,0.97608961
earlier_05817,earlier,12916.35583,1.16591216
earlier_05818,earlier,5821.34350,1.24741536
earlier_05819,earlier,7391.46756,0.63057827
earlier_05820,earlier,30732.04537,1.29420351
earlier_05821,earlier,21601.68719,1.12737334
earlier_05822,earlier,9159.69454,1.05345358
earlier_05823,earlier,13804.55381,1.19484551
earlier_05824,earlier,9116.42697,0.96735827
earlier_05825,earlier,18106.12611,1.07792191
earlier_05826,earlier,45820.33775,0.58450658
earlier_05827,earlier,12069.64535,0.54629658
earlier_05828,earlier,18372.01328,0.81967627
earlier_05829,earlier,25070.54005,0.74038566
earlier_05830,earlier,41110.10465,1.35237411
earlier_05831,earlier,16680.84791,0.92328992
earlier_05832,earlier,30475.59511,1.10453970
earlier_05833,earlier,60024.02259,0.71577048
earlier_05834,earlier,30375.08010,0.79145392
earlier_05835,earlier,9122.71454,1.09562525
earlier_05836,earlier,17159.49986,0.51953383
earlier_05837,earlier,18204.42560,0.84639576
earlier_05838,earlier,28671.70252,0.63859120
earlier_05839,earlier,9563.73345,0.53070121
earlier_05840,earlier,16218.67524,0.66091298
earlier_05841,earlier,13757.52879,0.87231994
earlier_05842,earlier,19778.35162,1.17087580
earlier_05843,earlier,20885.25457,1.07874577
earlier_05844,earlier,17459.54393,0.59004258
earlier_05845,earlier,8619.10819,1.24857289
earlier_05846,earlier,12522.23791,0.68900367
earlier_05847,earlier,37045.65390,1.04992065
earlier_05848,earlier,47395.11182,0.67870348
earlier_05849,earlier,16698.62996,0.96638057
earlier_05850,earlier,24112.69648,1.48584670
earlier_05851,earlier,15203.20151,0.56268162
earlier_05852,earlier,34679.64008,0.82497017
earlier_05853,earlier,32768.69928,0.74003390
earlier_05854,earlier,22791.74528,0.82690767
earlier_05855,earlier,22726.25317,1.43857311
earlier_05856,earlier,18729.74219,1.01345999
earlier_05857,earlier,31351.92525,0.62132978
earlier_05858,earlier,17916.77223,0.75312135
earlier_05859,earlier,13381.71912,0.72918124
earlier_05860,earlier,61740.07981,0.63016430
earlier_05861,earlier,22836.33239,1.23403094
earlier_05862,earlier,16337.04357,0.53429542
earlier_05863,earlier,23105.00079,0.67657631
earlier_05864,earlier,28464.14596,1.26941981
earlier_05865,earlier,14514.23372,1.24612860
earlier_05866,earlier,9003.09946,1.25128083
earlier_05867,earlier,8184.84538,0.56159421
earlier_05868,earlier,8409.15290,1.15490581
earlier_05869,earlier,9789.80800,1.31279534
earlier_05870,earlier,7459.06834,1.44991899
earlier_05871,earlier,14184.06596,0.75697462
earlier_05872,earlier,23931.62607,1.17840943
earlier_05873,earlier,9347.54130,0.74328501
earlier_05874,earlier,37314.30595,0.56920441
earlier_05875,earlier,24654.62044,0.65419497
earlier_05876,earlier,4822.58486,1.21980110
earlier_05877,earlier,14889.35010,1.01062649
earlier_05878,earlier,14062.46733,0.64189822
earlier_05879,earlier,18764.87854,0.71232379
earlier_05880,earlier,12860.56942,0.59568846
earlier_05881,earlier,13972.14241,0.70536611
earlier_05882,earlier,23164.77913,0.52547766
earlier_05883,earlier,18032.36467,0.96184385
earlier_05884,earlier,32878.99927,1.06435008
earlier_05885,earlier,16701.02347,0.81683355
earlier_05886,earlier,15590.83270,1.06114795
earlier_05887,earlier,24497.04231,1.02792077
earlier_05888,earlier,19734.50168,1.35926357
earlier_05889,earlier,23615.99684,1.21145864
earlier_05890,earlier,5880.14954,1.13705789
earlier_05891,earlier,12945.85621,1.14342283
earlier_05892,earlier,37147.41355,0.67099882
earlier_05893,earlier,36596.09952,1.26828510
earlier_05894,earlier,19968.86850,1.38288742
earlier_05895,earlier,16120.98065,1.39507445
earlier_05896,earlier,15393.57898,1.32385760
earlier_05897,earlier,43515.76757,1.21283075
earlier_05898,earlier,31554.48619,1.32593614
earlier_05899,earlier,11482.06981,1.04090991
earlier_05900,earlier,23190.24715,0.54938443
earlier_05901,earlier,15306.28244,0.62048163
earlier_05902,earlier,11224.23915,1.37179265
earlier_05903,earlier,15539.91477,1.12856992
earlier_05904,earlier,3991.85685,0.78720831
earlier_05905,earlier,10135.62330,1.20968645
earlier_05906,earlier,13556.65364,1.00451351
earlier_05907,earlier,19198.14429,0.96932007
earlier_05908,earlier,15981.37307,0.63084713
earlier_05909,earlier,11266.67439,1.38017525
earlier_05910,earlier,16284.80766,0.81615460
earlier_05911,earlier,13991.30798,1.27865663
earlier_05912,earlier,17070.63667,0.66719556
earlier_05913,earlier,32782.27103,0.90403027
earlier_05914,earlier,16092.37161,0.99100650
earlier_05915,earlier,7623.24989,1.29416902
earlier_05916,earlier,21204.79412,1.22521009
earlier_05917,earlier,7403.86922,1.30303870
earlier_05918,earlier,22060.20551,0.53632035
earlier_05919,earlier,22438.22812,0.63418573
earlier_05920,earlier,8783.66430,0.96091589
earlier_05921,earlier,19588.34160,1.01320983
earlier_05922,earlier,7493.18209,0.69877987
earlier_05923,earlier,13214.99141,0.75353929
earlier_05924,earlier,16480.33778,1.23578179
earlier_05925,earlier,16824.03583,0.96405780
earlier_05926,earlier,33214.27538,0.99171262
earlier_05927,earlier,14504.64054,1.11660387
earlier_05928,earlier,13909.37338,0.78838367
earlier_05929,earlier,7049.64756,0.53938181
earlier_05930,earlier,19324.05773,0.61465263
earlier_05931,earlier,28895.39830,0.54073509
earlier_05932,earlier,36291.76917,0.66824223
earlier_05933,earlier,12496.66362,0.76555793
earlier_05934,earlier,21313.41947,0.61157031
earlier_05935,earlier,5434.85464,1.38572453
earlier_05936,earlier,31425.98816,1.01593279
earlier_05937,earlier,20030.55954,0.68658982
earlier_05938,earlier,6980.67847,0.94229990
earlier_05939,earlier,19839.25886,1.26240324
earlier_05940,earlier,26164.88821,0.95107228
earlier_05941,earlier,6755.81234,0.84847356
earlier_05942,earlier,17897.98876,0.96406183
earlier_05943,earlier,14396.19404,0.80925853
earlier_05944,earlier,11166.71538,0.71982710
earlier_05945,earlier,13267.37589,0.72794122
earlier_05946,earlier,22834.72108,0.86185715
earlier_05947,earlier,36360.89712,0.58866908
earlier_05948,earlier,26245.73566,1.39189112
earlier_05949,earlier,8574.16708,0.53935885
earlier_05950,earlier,29069.21721,0.50910377
earlier_05951,earlier,14950.60258,0.68434403
earlier_05952,earlier,19298.83178,1.13526862
earlier_05953,earlier,8570.99926,1.44098931
earlier_05954,earlier,34848.78365,1.06900189
earlier_05955,earlier,25886.67659,1.47155493
earlier_05956,earlier,25998.70897,0.71412470
earlier_05957,earlier,20234.34528,1.27834296
earlier_05958,earlier,12180.18470,0.52841134
earlier_05959,earlier,26221.97918,1.36606065
earlier_05960,earlier,23148.19664,0.84163999
earlier_05961,earlier,33038.10821,1.23407790
earlier_05962,earlier,18151.62135,0.92051905
earlier_05963,earlier,11249.16706,1.25265331
earlier_05964,earlier,22504.69961,1.45806060
earlier_05965,earlier,14451.54012,1.30196421
earlier_05966,earlier,18134.16112,1.25645605
earlier_05967,earlier,15694.22094,0.73838398
earlier_05968,earlier,11709.15387,1.20437582
earlier_05969,earlier,20747.62431,0.97699248
earlier_05970,earlier,14233.74416,0.66084665
earlier_05971,earlier,27019.86360,1.00322061
earlier_05972,earlier,16897.65355,1.24169067
earlier_05973,earlier,24012.97473,0.99965040
earlier_05974,earlier,17526.54487,0.97265362
earlier_05975,earlier,15384.19736,0.51050205
earlier_05976,earlier,20300.63274,0.97156526
earlier_05977,earlier,12366.15883,1.46298167
earlier_05978,earlier,21851.94506,0.86312694
earlier_05979,earlier,19269.70489,0.59056566
earlier_05980,earlier,14596.22650,1.22859610
earlier_05981,earlier,14681.49798,1.17724380
earlier_05982,earlier,29112.38382,1.00604337
earlier_05983,earlier,17540.06903,0.66599190
earlier_05984,earlier,24238.69186,0.56748291
earlier_05985,earlier,10900.06840,0.65442599
earlier_05986,earlier,8242.27913,1.40676922
earlier_05987,earlier,11599.60534,0.64618028
earlier_05988,earlier,8155.73482,0.99365615
earlier_05989,earlier,20524.03233,1.47179697
earlier_05990,earlier,21009.00477,0.75532166
earlier_05991,earlier,57679.68056,1.01265359
earlier_05992,earlier,10146.46436,1.24735968
earlier_05993,earlier,15885.70168,0.71913974
earlier_05994,earlier,11445.09185,1.46000414
earlier_05995,earlier,14508.53375,0.54963580
earlier_05996,earlier,16032.04180,1.21602516
earlier_05997,earlier,23370.55418,0.66598562
earlier_05998,earlier,19076.95300,0.70963271
earlier_05999,earlier,26112.33370,1.16967471
earlier_06000,earlier,21416.33022,1.29687313
earlier_06001,earlier,20024.12379,0.89243358
earlier_06002,earlier,11715.90018,0.89419073
earlier_06003,earlier,27279.03314,1.44915462
earlier_06004,earlier,48250.99319,0.69992964
earlier_06005,earlier,13044.50365,0.90308298
earlier_06006,earlier,11318.62740,0.57455412
earlier_06007,earlier,40657.48480,0.76123219
earlier_06008,earlier,17216.55336,0.98371926
earlier_06009,earlier,41239.09288,0.79525820
earlier_06010,earlier,12298.81233,0.88831587
earlier_06011,earlier,15335.99928,1.34201818
earlier_06012,earlier,20098.66924,0.57896139
earlier_06013,earlier,12899.62245,1.03098174
earlier_06014,earlier,10320.49355,1.40617988
earlier_06015,earlier,6953.23337,1.05896994
earlier_06016,earlier,4623.04888,0.80829298
earlier_06017,earlier,10516.22163,1.14809120
earlier_06018,earlier,11567.39372,0.84291577
earlier_06019,earlier,9889.67739,0.58733300
earlier_06020,earlier,21562.32247,1.10779472
earlier_06021,earlier,7857.89877,0.60235780
earlier_06022,earlier,12114.47220,1.41326510
earlier_06023,earlier,27560.03880,1.05804004
earlier_06024,earlier,24611.51926,1.01247940
earlier_06025,earlier,8603.46183,1.13958832
earlier_06026,earlier,34511.63240,0.51103974
earlier_06027,earlier,16048.61881,1.21758859
earlier_06028,earlier,20478.80072,0.52834428
earlier_06029,earlier,6389.65134,0.83192217
earlier_06030,earlier,18463.43626,0.71366172
earlier_06031,earlier,35983.16483,0.50600880
earlier_06032,earlier,15268.76759,0.76332298
earlier_06033,earlier,10097.30307,1.11315568
earlier_06034,earlier,25032.67983,1.12519260
earlier_06035,earlier,12947.90767,1.33154665
earlier_06036,earlier,16241.78214,0.64607855
earlier_06037,earlier,31588.76353,1.43745031
earlier_06038,earlier,18373.40799,0.89951948
earlier_06039,earlier,10731.56951,0.50486644
earlier_06040,earlier,22801.79623,0.78574586
earlier_06041,earlier,17259.33563,0.79159471
earlier_06042,earlier,21620.94559,0.90982697
earlier_06043,earlier,15656.73469,1.34250032
earlier_06044,earlier,38023.84815,1.19547954
earlier_06045,earlier,24358.25999,0.91191659
earlier_06046,earlier,10187.54425,1.03249908
earlier_06047,earlier,21618.20733,1.28037162
earlier_06048,earlier,17012.26274,1.38491240
earlier_06049,earlier,3712.05743,1.08029351
earlier_06050,earlier,21903.93064,0.97165896
earlier_06051,earlier,15877.91474,1.23705698
earlier_06052,earlier,38375.75416,0.89717428
earlier_06053,earlier,17351.21955,1.16129547
earlier_06054,earlier,15350.68110,0.56977384
earlier_06055,earlier,16194.50098,0.86118456
earlier_06056,earlier,21734.16182,1.40390692
earlier_06057,earlier,10347.95202,1.20392025
earlier_06058,earlier,12233.38844,1.44729544
earlier_06059,earlier,32788.86033,0.61494217
earlier_06060,earlier,38783.54260,0.77600585
earlier_06061,earlier,8940.12447,1.43858861
earlier_06062,earlier,47425.16674,1.46080307
earlier_06063,earlier,39331.47793,0.96933385
earlier_06064,earlier,8425.62172,0.62817323
earlier_06065,earlier,17726.18460,0.60679360
earlier_06066,earlier,32560.94918,0.84001316
earlier_06067,earlier,10035.06637,0.98263980
earlier_06068,earlier,5354.82892,1.31029325
earlier_06069,earlier,12115.46004,0.52788954
earlier_06070,earlier,26776.16376,0.89164386
earlier_06071,earlier,34223.07605,0.73259569
earlier_06072,earlier,11057.21407,0.54574515
earlier_06073,earlier,26627.38321,0.51180197
earlier_06074,earlier,16017.23821,1.41004672
earlier_06075,earlier,42838.06809,0.65419265
earlier_06076,earlier,12127.66711,0.55042732
earlier_06077,earlier,22052.09669,1.03093465
earlier_06078,earlier,22123.08230,1.06163624
earlier_06079,earlier,12025.99609,1.41976771
earlier_06080,earlier,20348.96225,1.48085957
earlier_06081,earlier,17803.76107,1.24551737
earlier_06082,earlier,54784.33121,1.22379652
earlier_06083,earlier,29386.85688,0.68649881
earlier_06084,earlier,33289.02589,0.53553657
earlier_06085,earlier,6277.15068,1.28174344
earlier_06086,earlier,9277.08337,1.34284244
earlier_06087,earlier,14628.67080,1.25962524
earlier_06088,earlier,37311.02343,1.13421562
earlier_06089,earlier,40638.27057,0.58205262
earlier_06090,earlier,19628.24132,0.69136890
earlier_06091,earlier,13479.54732,1.04202763
earlier_06092,earlier,18297.20120,1.42327315
earlier_06093,earlier,13824.30360,0.61858200
earlier_06094,earlier,20074.07077,0.73189056
earlier_06095,earlier,11132.05670,0.51874950
earlier_06096,earlier,10197.68257,1.05101552
earlier_06097,earlier,7051.58270,1.20760927
earlier_06098,earlier,13709.32095,0.72647320
earlier_06099,earlier,15825.70006,0.82894715
earlier_06100,earlier,10804.62502,1.24682218
earlier_06101,earlier,19194.71917,1.27879193
earlier_06102,earlier,18549.17081,0.67771232
earlier_06103,earlier,12843.69459,0.74787207
earlier_06104,earlier,6951.12823,1.20533521
earlier_06105,earlier,16124.17983,1.10555290
earlier_06106,earlier,19512.03251,1.20096254
earlier_06107,earlier,16809.21948,1.42641760
earlier_06108,earlier,37951.90501,0.79859310
earlier_06109,earlier,22802.53486,0.98287763
earlier_06110,earlier,20510.29815,1.31431865
earlier_06111,earlier,22738.12310,1.48199362
earlier_06112,earlier,30366.91523,0.74889893
earlier_06113,earlier,10366.91829,0.84475315
earlier_06114,earlier,9603.07837,1.09235601
earlier_06115,earlier,9098.68172,1.10506901
earlier_06116,earlier,11116.63354,0.58993956
earlier_06117,earlier,14748.11633,1.17796112
earlier_06118,earlier,5913.91160,1.38471269
earlier_06119,earlier,11221.81574,0.93118452
earlier_06120,earlier,12482.74075,1.30677298
earlier_06121,earlier,10798.72815,0.55628905
earlier_06122,earlier,12156.06369,0.53489756
earlier_06123,earlier,26410.08620,0.63818485
earlier_06124,earlier,10551.71273,0.74171361
earlier_06125,earlier,10736.07381,1.08015731
earlier_06126,earlier,14156.85535,1.18321487
earlier_06127,earlier,30736.79574,1.12388795
earlier_06128,earlier,22609.20873,1.47117153
earlier_06129,earlier,22489.92510,1.25499823
earlier_06130,earlier,16210.72533,0.76969309
earlier_06131,earlier,16789.87902,1.40309829
earlier_06132,earlier,23557.25427,1.24010644
earlier_06133,earlier,8595.53431,0.59774420
earlier_06134,earlier,12087.49851,1.06972351
earlier_06135,earlier,10338.73498,0.77124403
earlier_06136,earlier,7140.92894,0.62805752
earlier_06137,earlier,15181.65189,0.76519881
earlier_06138,earlier,12100.92974,0.84594977
earlier_06139,earlier,9029.23564,0.80443400
earlier_06140,earlier,13937.31478,1.16947147
earlier_06141,earlier,9444.40007,1.16719011
earlier_06142,earlier,16340.13044,1.32198981
earlier_06143,earlier,45375.02025,1.24092109
earlier_06144,earlier,18328.02290,0.61084270
earlier_06145,earlier,34868.48833,1.01652361
earlier_06146,earlier,13359.71313,1.32945858
earlier_06147,earlier,28443.44555,0.93991840
earlier_06148,earlier,9450.30570,0.95105011
earlier_06149,earlier,10660.05688,1.36879885
earlier_06150,earlier,40621.78865,1.00369084
earlier_06151,earlier,20134.46905,0.94525782
earlier_06152,earlier,7749.28053,0.84656679
earlier_06153,earlier,20355.63055,1.22490541
earlier_06154,earlier,25004.08360,0.77160456
earlier_06155,earlier,9427.54833,1.28465396
earlier_06156,earlier,11149.31242,0.56458923
earlier_06157,earlier,5794.62635,0.70804527
earlier_06158,earlier,10473.51677,0.54837706
earlier_06159,earlier,43639.63746,0.99444161
earlier_06160,earlier,18218.83698,1.24662461
earlier_06161,earlier,26056.09789,1.03853743
earlier_06162,earlier,4887.90323,1.47911522
earlier_06163,earlier,10891.10790,1.29231913
earlier_06164,earlier,25572.09232,1.27708974
earlier_06165,earlier,11608.11507,0.89321190
earlier_06166,earlier,17121.30526,1.18017124
earlier_06167,earlier,16812.32179,0.96079367
earlier_06168,earlier,6650.78589,1.25003987
earlier_06169,earlier,26507.70273,0.65025636
earlier_06170,earlier,19270.72368,1.35277027
earlier_06171,earlier,36897.07012,1.26206275
earlier_06172,earlier,22254.08995,1.15946736
earlier_06173,earlier,49668.59246,0.65096418
earlier_06174,earlier,11805.68643,0.53821389
earlier_06175,earlier,29504.17963,0.88948652
earlier_06176,earlier,21216.72139,0.80921024
earlier_06177,earlier,33215.27956,0.96672459
earlier_06178,earlier,10352.35887,1.34599834
earlier_06179,earlier,23881.04707,1.45059495
earlier_06180,earlier,15510.22095,0.80375652
earlier_06181,earlier,68366.36385,1.06637267
earlier_06182,earlier,14772.14522,1.02150851
earlier_06183,earlier,7041.12862,1.40981519
earlier_06184,earlier,5203.44586,0.79313819
earlier_06185,earlier,5209.46152,1.19901867
earlier_06186,earlier,27183.39608,0.61956200
earlier_06187,earlier,26569.62311,0.81506760
earlier_06188,earlier,38705.99428,1.31006583
earlier_06189,earlier,36515.43177,1.38864145
earlier_06190,earlier,10812.72538,0.57319198
earlier_06191,earlier,17257.50120,0.74173930
earlier_06192,earlier,19170.93842,1.16962647
earlier_06193,earlier,14236.20575,1.00760774
earlier_06194,earlier,10151.30865,0.61965787
earlier_06195,earlier,19801.36342,1.47299151
earlier_06196,earlier,54750.35839,0.81099346
earlier_06197,earlier,34550.66121,0.60877642
earlier_06198,earlier,8446.88157,1.43901470
earlier_06199,earlier,4146.90242,1.42615584
earlier_06200,earlier,23340.85958,0.52149232
earlier_06201,earlier,32794.64481,1.17920073
earlier_06202,earlier,21525.13624,0.92175349
earlier_06203,earlier,18746.19345,1.49383381
earlier_06204,earlier,34319.58062,0.50650991
earlier_06205,earlier,24418.79758,0.98084104
earlier_06206,earlier,18038.38402,1.29008666
earlier_06207,earlier,30141.02198,0.73997692
earlier_06208,earlier,6631.54935,1.25368226
earlier_06209,earlier,22619.88493,0.94982998
earlier_06210,earlier,19515.44935,1.07569355
earlier_06211,earlier,77616.91267,0.70783571
earlier_06212,earlier,31908.91046,0.66363302
earlier_06213,earlier,14649.78104,0.53212605
earlier_06214,earlier,29281.08192,0.57192421
earlier_06215,earlier,37356.51837,0.91191739
earlier_06216,earlier,17353.93157,0.50207100
earlier_06217,earlier,24876.49339,1.20805444
earlier_06218,earlier,13186.07544,1.19374015
earlier_06219,earlier,19285.47638,1.15996871
earlier_06220,earlier,12946.82703,0.85644247
earlier_06221,earlier,36856.15059,1.20229799
earlier_06222,earlier,21255.66056,0.69594010
earlier_06223,earlier,15054.30151,1.09077798
earlier_06224,earlier,26787.33550,1.03448370
earlier_06225,earlier,25323.35785,0.83499298
earlier_06226,earlier,35213.60669,1.06360577
earlier_06227,earlier,29481.13666,0.91662992
earlier_06228,earlier,8255.59690,1.22370776
earlier_06229,earlier,8308.59213,1.02991028
earlier_06230,earlier,26782.72046,1.17183456
earlier_06231,earlier,39500.67129,1.33941319
earlier_06232,earlier,19822.15596,0.87844476
earlier_06233,earlier,7099.36312,0.57637210
earlier_06234,earlier,8855.60079,0.94608524
earlier_06235,earlier,16018.25735,1.17353993
earlier_06236,earlier,18146.26147,0.95103211
earlier_06237,earlier,15823.89620,0.52304119
earlier_06238,earlier,22282.74118,0.57671242
earlier_06239,earlier,20651.48487,1.06986397
earlier_06240,earlier,11864.49544,1.18426751
earlier_06241,earlier,18036.91242,1.35369583
earlier_06242,earlier,19696.08680,0.58293267
earlier_06243,earlier,18482.70963,1.48745579
earlier_06244,earlier,10942.26474,0.80057652
earlier_06245,earlier,49176.75367,0.93085306
earlier_06246,earlier,11667.70951,0.73931768
earlier_06247,earlier,24732.55039,1.35525235
earlier_06248,earlier,41517.84678,1.17958331
earlier_06249,earlier,10566.33862,0.59886562
earlier_06250,earlier,35359.92422,1.22126560
earlier_06251,earlier,14103.27390,1.34959699
earlier_06252,earlier,12493.59561,1.49639601
earlier_06253,earlier,14758.51061,1.02783013
earlier_06254,earlier,37743.43888,1.17105180
earlier_06255,earlier,64204.38669,1.38481320
earlier_06256,earlier,12991.67882,0.59184745
earlier_06257,earlier,18576.47774,1.16692088
earlier_06258,earlier,16863.63390,1.45329621
earlier_06259,earlier,11683.52272,1.35698411
earlier_06260,earlier,29093.16164,1.21238207
earlier_06261,earlier,11800.38525,1.46337734
earlier_06262,earlier,17572.78356,1.16540594
earlier_06263,earlier,18746.14558,0.90702945
earlier_06264,earlier,26403.16272,0.65718029
earlier_06265,earlier,13169.28534,0.63604159
earlier_06266,earlier,18772.84597,1.09453929
earlier_06267,earlier,45694.47691,0.73076082
earlier_06268,earlier,15642.11795,0.88140108
earlier_06269,earlier,9618.76235,0.94726492
earlier_06270,earlier,7945.69771,0.86039378
earlier_06271,earlier,33737.96299,0.91632375
earlier_06272,earlier,14542.93029,0.80864960
earlier_06273,earlier,19289.52979,1.38955907
earlier_06274,earlier,26034.38543,1.34711655
earlier_06275,earlier,13906.27318,1.40961211
earlier_06276,earlier,38949.42482,0.62125946
earlier_06277,earlier,8529.43351,1.39035866
earlier_06278,earlier,5959.10758,1.27503786
earlier_06279,earlier,15877.25552,1.04394676
earlier_06280,earlier,12825.23348,0.73002404
earlier_06281,earlier,28214.43060,1.31916118
earlier_06282,earlier,19791.08695,0.58400464
earlier_06283,earlier,12621.99727,0.50247976
earlier_06284,earlier,11140.40391,1.06665149
earlier_06285,earlier,9630.69011,0.79909746
earlier_06286,earlier,5754.69468,0.96964457
earlier_06287,earlier,28778.02734,0.99830475
earlier_06288,earlier,10921.13887,0.78592044
earlier_06289,earlier,52492.98028,1.35598709
earlier_06290,earlier,37418.00854,1.45740282
earlier_06291,earlier,10754.81976,1.06894100
earlier_06292,earlier,10145.21413,0.93786313
earlier_06293,earlier,48173.94666,0.89545900
earlier_06294,earlier,16454.77652,1.12949226
earlier_06295,earlier,29630.83709,1.32747559
earlier_06296,earlier,24695.79019,0.91954548
earlier_06297,earlier,16777.75639,0.71437885
earlier_06298,earlier,14888.21786,1.40268452
earlier_06299,earlier,13213.33679,1.42644725
earlier_06300,earlier,13730.19185,1.40741289
earlier_06301,earlier,14119.17442,0.51640548
earlier_06302,earlier,21398.71552,1.40180469
earlier_06303,earlier,21577.62210,0.54486819
earlier_06304,earlier,28001.30316,0.85456110
earlier_06305,earlier,11943.81476,1.07977083
earlier_06306,earlier,15178.16638,1.14431989
earlier_06307,earlier,63012.67068,1.27051996
earlier_06308,earlier,15649.44394,1.36439804
earlier_06309,earlier,10322.08777,0.58445859
earlier_06310,earlier,28544.27356,0.84431155
earlier_06311,earlier,17283.49035,1.34304032
earlier_06312,earlier,38177.40434,1.18910122
earlier_06313,earlier,23817.15591,1.31584743
earlier_06314,earlier,4027.37349,1.07158142
earlier_06315,earlier,17192.34910,1.37042462
earlier_06316,earlier,20026.87924,0.64513935
earlier_06317,earlier,29958.78409,1.24074566
earlier_06318,earlier,28822.80417,0.88433824
earlier_06319,earlier,10066.47899,1.39178002
earlier_06320,earlier,51251.09166,1.26767877
earlier_06321,earlier,15108.96167,1.26040028
earlier_06322,earlier,47528.95297,1.17522586
earlier_06323,earlier,15478.73485,1.02499836
earlier_06324,earlier,37196.39326,0.50094621
earlier_06325,earlier,13542.51094,0.60799311
earlier_06326,earlier,23960.93315,1.29650350
earlier_06327,earlier,18052.17270,0.80180793
earlier_06328,earlier,6842.93659,1.36331685
earlier_06329,earlier,22141.84258,1.24696229
earlier_06330,earlier,19640.40681,0.70879223
earlier_06331,earlier,21071.38767,0.90841065
earlier_06332,earlier,23348.61586,1.39539957
earlier_06333,earlier,32856.02005,1.48203110
earlier_06334,earlier,27035.32254,0.61902547
earlier_06335,earlier,9650.89356,0.50634246
earlier_06336,earlier,5784.39691,1.11624093
earlier_06337,earlier,22568.51485,1.29532270
earlier_06338,earlier,20627.74010,1.15871887
earlier_06339,earlier,17049.55111,1.36401461
earlier_06340,earlier,24354.54454,0.98506667
earlier_06341,earlier,19791.46438,1.24572597
earlier_06342,earlier,11370.14633,0.54819567
earlier_06343,earlier,11294.91582,0.99449120
earlier_06344,earlier,23718.82465,1.21064984
earlier_06345,earlier,11698.14489,1.25922276
earlier_06346,earlier,16325.90659,1.45380728
earlier_06347,earlier,14540.68624,0.89961684
earlier_06348,earlier,23024.37138,1.12996466
earlier_06349,earlier,6929.05094,1.44977905
earlier_06350,earlier,37341.50603,1.01475883
earlier_06351,earlier,28781.67854,0.79670885
earlier_06352,earlier,17441.68875,1.42020877
earlier_06353,earlier,11851.62892,0.77340785
earlier_06354,earlier,12615.70057,1.26950260
earlier_06355,earlier,24228.16202,1.31115160
earlier_06356,earlier,18676.98790,1.43610524
earlier_06357,earlier,44102.01660,1.05677836
earlier_06358,earlier,14276.77792,1.02297656
earlier_06359,earlier,29305.50766,0.66812387
earlier_06360,earlier,12941.04325,1.34993535
earlier_06361,earlier,14289.85618,0.85115190
earlier_06362,earlier,9821.54567,1.06035631
earlier_06363,earlier,11088.94006,1.21253219
earlier_06364,earlier,6504.11025,0.80641292
earlier_06365,earlier,8564.09195,1.37293097
earlier_06366,earlier,16299.66783,0.71884341
earlier_06367,earlier,21937.22714,1.08692219
earlier_06368,earlier,6050.27788,1.12025267
earlier_06369,earlier,17430.35286,1.12907942
earlier_06370,earlier,17056.94913,0.70568354
earlier_06371,earlier,23909.97287,0.84602709
earlier_06372,earlier,18001.48306,0.58751581
earlier_06373,earlier,23508.00373,1.33929822
earlier_06374,earlier,15773.40122,0.93185491
earlier_06375,earlier,19512.47662,0.86492452
earlier_06376,earlier,20580.13381,0.67760264
earlier_06377,earlier,75773.02644,1.00193580
earlier_06378,earlier,20794.61708,0.87018961
earlier_06379,earlier,27633.21908,0.86688126
earlier_06380,earlier,16709.65067,0.52272793
earlier_06381,earlier,38732.77243,0.53494641
earlier_06382,earlier,20596.36545,0.72903310
earlier_06383,earlier,17307.16606,1.20828641
earlier_06384,earlier,16679.99841,1.14967633
earlier_06385,earlier,7877.59871,0.97427201
earlier_06386,earlier,38585.57081,0.67084966
earlier_06387,earlier,12646.10330,0.73950163
earlier_06388,earlier,39757.26547,0.89716758
earlier_06389,earlier,12535.08412,0.53465165
earlier_06390,earlier,21969.60021,1.03183070
earlier_06391,earlier,10597.84708,0.52178148
earlier_06392,earlier,12371.84764,0.70639526
earlier_06393,earlier,11534.57250,1.15251249
earlier_06394,earlier,43686.69660,1.17164906
earlier_06395,earlier,7931.33922,1.37695696
earlier_06396,earlier,16317.42344,1.21561639
earlier_06397,earlier,10451.00492,1.48335405
earlier_06398,earlier,11919.08168,0.62866088
earlier_06399,earlier,7202.57677,1.07620198
earlier_06400,earlier,22366.61515,0.80569040
earlier_06401,earlier,13177.76431,1.02777602
earlier_06402,earlier,12436.35622,0.72508201
earlier_06403,earlier,6082.28239,0.96095599
earlier_06404,earlier,13869.79449,0.62920908
earlier_06405,earlier,51315.12553,1.23932454
earlier_06406,earlier,21599.02700,1.01544341
earlier_06407,earlier,15273.50009,1.22109494
earlier_06408,earlier,31787.50700,0.66401891
earlier_06409,earlier,13841.81640,0.78357446
earlier_06410,earlier,17875.28443,1.48662015
earlier_06411,earlier,33787.36360,1.30745365
earlier_06412,earlier,12761.09878,1.21546147
earlier_06413,earlier,8597.08865,1.27178209
earlier_06414,earlier,24773.18395,0.91586190
earlier_06415,earlier,13341.72671,1.49786107
earlier_06416,earlier,6340.71387,0.90624063
earlier_06417,earlier,34364.05823,0.93798746
earlier_06418,earlier,28824.10347,1.32417073
earlier_06419,earlier,8960.10280,1.03187484
earlier_06420,earlier,11914.09925,1.12931783
earlier_06421,earlier,14240.33360,0.90001595
earlier_06422,earlier,6685.11026,1.23225406
earlier_06423,earlier,26770.55064,1.39219145
earlier_06424,earlier,12320.69615,1.25315813
earlier_06425,earlier,33945.28131,1.12675844
earlier_06426,earlier,9059.76979,1.47825162
earlier_06427,earlier,10352.63807,0.82092919
earlier_06428,earlier,15790.00512,1.39160964
earlier_06429,earlier,26223.45655,0.67787747
earlier_06430,earlier,88451.28761,0.98417317
earlier_06431,earlier,27370.37017,0.97139686
earlier_06432,earlier,12001.65580,0.77987898
earlier_06433,earlier,27836.06769,1.09011022
earlier_06434,earlier,11277.70575,0.67403675
earlier_06435,earlier,7922.49656,0.51512457
earlier_06436,earlier,21048.06742,0.85626971
earlier_06437,earlier,11229.59180,1.34972577
earlier_06438,earlier,10606.54040,1.20050582
earlier_06439,earlier,17523.44547,0.88897441
earlier_06440,earlier,23573.32206,0.75685308
earlier_06441,earlier,9987.75535,0.69848247
earlier_06442,earlier,10358.00754,0.58411402
earlier_06443,earlier,23220.35992,1.29583275
earlier_06444,earlier,33507.66084,1.27065622
earlier_06445,earlier,47711.70417,1.02817980
earlier_06446,earlier,18673.89647,0.86193310
earlier_06447,earlier,11688.83880,1.34692562
earlier_06448,earlier,46413.56665,0.92849322
earlier_06449,earlier,26255.73043,1.00924190
earlier_06450,earlier,12975.03060,1.27487659
earlier_06451,earlier,21789.27491,0.53445427
earlier_06452,earlier,32308.38004,1.31129307
earlier_06453,earlier,29485.80013,0.58398618
earlier_06454,earlier,16232.38970,0.81181009
earlier_06455,earlier,12513.57705,0.76838305
earlier_06456,earlier,12325.50812,1.04007465
earlier_06457,earlier,30467.66917,1.25079091
earlier_06458,earlier,11627.43989,1.09143266
earlier_06459,earlier,20475.60890,0.58946379
earlier_06460,earlier,21603.82466,1.04370643
earlier_06461,earlier,50988.71146,0.66684026
earlier_06462,earlier,27152.58193,0.78871912
earlier_06463,earlier,9950.52816,0.57312313
earlier_06464,earlier,13661.96191,1.38946159
earlier_06465,earlier,7101.18921,1.49556074
earlier_06466,earlier,23247.37199,0.99945576
earlier_06467,earlier,14116.67228,0.68250796
earlier_06468,earlier,27751.28153,0.92892601
earlier_06469,earlier,26117.91148,0.85320808
earlier_06470,earlier,17608.83952,1.34705200
earlier_06471,earlier,11172.99804,0.69908279
earlier_06472,earlier,14693.23548,1.06433315
earlier_06473,earlier,22037.27546,1.12491291
earlier_06474,earlier,22396.48952,1.12823194
earlier_06475,earlier,12184.70765,1.25414077
earlier_06476,earlier,8915.64262,1.29262917
earlier_06477,earlier,19505.35086,1.22287809
earlier_06478,earlier,30376.30485,1.40414770
earlier_06479,earlier,72519.25406,0.64355614
earlier_06480,earlier,28229.76365,1.30857012
earlier_06481,earlier,63227.19649,1.35246206
earlier_06482,earlier,24196.32457,1.00821469
earlier_06483,earlier,43021.31101,0.67548289
earlier_06484,earlier,10042.89916,0.68470523
earlier_06485,earlier,51688.52365,1.16522820
earlier_06486,earlier,23929.12092,1.44560568
earlier_06487,earlier,32877.45119,0.70868435
earlier_06488,earlier,8324.53185,1.39906150
earlier_06489,earlier,9352.81679,0.64658320
earlier_06490,earlier,63328.46888,0.61893372
earlier_06491,earlier,31125.46893,0.84635449
earlier_06492,earlier,9165.62346,1.30482982
earlier_06493,earlier,9965.81119,1.35382837
earlier_06494,earlier,68057.84246,1.39360555
earlier_06495,earlier,9385.64660,1.36061696
earlier_06496,earlier,5423.57622,0.55371445
earlier_06497,earlier,11374.82470,0.90994229
earlier_06498,earlier,43709.55331,1.28089417
earlier_06499,earlier,13615.17021,0.51543490
earlier_06500,earlier,4306.20767,1.03631309
earlier_06501,earlier,26136.10614,1.14208880
earlier_06502,earlier,32776.26758,1.03561935
earlier_06503,earlier,13679.78491,1.32782953
earlier_06504,earlier,23448.46901,1.44206103
earlier_06505,earlier,32922.51680,0.71749095
earlier_06506,earlier,24147.15937,1.14258868
earlier_06507,earlier,8651.75788,1.42224800
earlier_06508,earlier,17384.31847,0.64790722
earlier_06509,earlier,19914.50971,1.44228846
earlier_06510,earlier,19045.97813,1.06457113
earlier_06511,earlier,13893.29561,0.65297673
earlier_06512,earlier,6389.42193,0.67253325
earlier_06513,earlier,16217.04808,0.88959702
earlier_06514,earlier,16367.65754,0.54332858
earlier_06515,earlier,15313.78474,0.92921444
earlier_06516,earlier,25819.95577,1.18974600
earlier_06517,earlier,26966.06036,1.13837769
earlier_06518,earlier,8072.41229,1.26968400
earlier_06519,earlier,5443.96677,0.52637424
earlier_06520,earlier,11816.84016,0.96986241
earlier_06521,earlier,15522.45223,0.72730406
earlier_06522,earlier,22325.72731,1.03381748
earlier_06523,earlier,53283.11149,1.22447159
earlier_06524,earlier,12519.04067,1.08042370
earlier_06525,earlier,28100.31941,1.30148531
earlier_06526,earlier,18657.16289,1.20062042
earlier_06527,earlier,11780.53792,0.91353930
earlier_06528,earlier,22485.09286,1.15781654
earlier_06529,earlier,19326.85871,0.80503282
earlier_06530,earlier,11602.90155,0.67660186
earlier_06531,earlier,21023.57497,1.16340188
earlier_06532,earlier,30333.23243,0.75720858
earlier_06533,earlier,21615.09731,1.05939075
earlier_06534,earlier,6807.81276,1.24133729
earlier_06535,earlier,12037.34208,0.63678736
earlier_06536,earlier,22079.82612,1.48209926
earlier_06537,earlier,5740.71621,1.44306924
earlier_06538,earlier,35678.19519,0.57883564
earlier_06539,earlier,26662.99806,0.66572971
earlier_06540,earlier,26759.49193,0.92179011
earlier_06541,earlier,24870.72190,0.70418791
earlier_06542,earlier,44468.39688,1.22937699
earlier_06543,earlier,9963.48557,1.36718690
earlier_06544,earlier,43964.14609,0.70921850
earlier_06545,earlier,8296.46366,1.07161300
earlier_06546,earlier,40887.23103,1.08065640
earlier_06547,earlier,11102.09889,1.45296669
earlier_06548,earlier,30060.06644,0.92147311
earlier_06549,earlier,9280.15194,0.75938928
earlier_06550,earlier,12858.84981,1.02754696
earlier_06551,earlier,21544.51166,1.32165271
earlier_06552,earlier,37024.55603,0.55640901
earlier_06553,earlier,34448.15955,0.51326362
earlier_06554,earlier,9826.80321,1.08062064
earlier_06555,earlier,9508.17335,1.25583471
earlier_06556,earlier,22046.03871,0.62464957
earlier_06557,earlier,27736.97278,1.43596361
earlier_06558,earlier,13788.09961,1.04808282
earlier_06559,earlier,30780.42156,0.75859548
earlier_06560,earlier,9688.21989,0.76212711
earlier_06561,earlier,9540.40765,1.20244510
earlier_06562,earlier,11107.04265,1.37442311
earlier_06563,earlier,18131.27514,1.30270469
earlier_06564,earlier,9121.04016,1.17601526
earlier_06565,earlier,59376.67644,0.80557167
earlier_06566,earlier,26830.18177,1.01526471
earlier_06567,earlier,10121.50837,0.73893250
earlier_06568,earlier,16917.52081,1.13003113
earlier_06569,earlier,28205.34026,1.46110701
earlier_06570,earlier,9070.80535,0.92543610
earlier_06571,earlier,18403.10500,0.96203204
earlier_06572,earlier,31413.24970,1.25483568
earlier_06573,earlier,21379.72959,0.65515470
earlier_06574,earlier,8285.49566,0.62748534
earlier_06575,earlier,10835.89632,0.81195501
earlier_06576,earlier,14511.98853,1.13582454
earlier_06577,earlier,5196.30340,0.70285586
earlier_06578,earlier,25743.60127,0.94266707
earlier_06579,earlier,39532.65353,0.81897214
earlier_06580,earlier,32954.11664,1.11049294
earlier_06581,earlier,18381.40690,1.18626963
earlier_06582,earlier,29133.91272,1.26809358
earlier_06583,earlier,17132.46931,1.10695319
earlier_06584,earlier,30226.93244,0.72957141
earlier_06585,earlier,16645.27288,1.38970746
earlier_06586,earlier,18803.19511,1.14056617
earlier_06587,earlier,14264.50578,1.01766950
earlier_06588,earlier,8599.99431,0.59639183
earlier_06589,earlier,17146.66125,0.92668626
earlier_06590,earlier,28473.77656,1.25660835
earlier_06591,earlier,19134.64638,0.52318208
earlier_06592,earlier,28947.79142,0.91067073
earlier_06593,earlier,39435.01257,1.16707337
earlier_06594,earlier,10189.60859,0.78645786
earlier_06595,earlier,11484.82924,0.50333341
earlier_06596,earlier,23191.54395,0.64392131
earlier_06597,earlier,8681.53577,1.25056809
earlier_06598,earlier,23396.81186,1.21084969
earlier_06599,earlier,7483.48306,0.83988753
earlier_06600,earlier,15004.84699,0.62881068
earlier_06601,earlier,9079.00222,0.79775461
earlier_06602,earlier,6651.46042,0.91065494
earlier_06603,earlier,23832.08484,0.68910299
earlier_06604,earlier,15316.32660,1.15643444
earlier_06605,earlier,34801.33564,1.47645534
earlier_06606,earlier,8430.60624,1.46634528
earlier_06607,earlier,26306.84715,1.11459944
earlier_06608,earlier,26604.09428,0.98228520
earlier_06609,earlier,43399.91938,0.72163180
earlier_06610,earlier,11949.97339,0.80316115
earlier_06611,earlier,7796.91959,0.91135652
earlier_06612,earlier,6619.11938,1.11075159
earlier_06613,earlier,46415.96394,1.42608531
earlier_06614,earlier,26922.46597,1.35228923
earlier_06615,earlier,24442.20198,0.83936143
earlier_06616,earlier,49195.67500,1.13021931
earlier_06617,earlier,23417.57144,0.93475935
earlier_06618,earlier,8740.68592,0.87815016
earlier_06619,earlier,21994.99880,0.56198921
earlier_06620,earlier,26351.48218,0.80448186
earlier_06621,earlier,21037.56108,0.90850891
earlier_06622,earlier,43048.83556,0.57414877
earlier_06623,earlier,11603.09668,0.61837303
earlier_06624,earlier,73980.11119,1.18215853
earlier_06625,earlier,30179.57700,1.28940645
earlier_06626,earlier,18084.66625,0.71432669
earlier_06627,earlier,9911.37140,1.33983742
earlier_06628,earlier,11154.70666,0.96975635
earlier_06629,earlier,11033.21281,0.85953571
earlier_06630,earlier,13222.60436,1.21300575
earlier_06631,earlier,22048.43482,1.28855610
earlier_06632,earlier,16319.49387,1.12615549
earlier_06633,earlier,24310.63330,1.10959267
earlier_06634,earlier,11442.71292,0.51551265
earlier_06635,earlier,20793.86170,0.71809490
earlier_06636,earlier,17059.34013,0.62535028
earlier_06637,earlier,10260.01002,1.25766840
earlier_06638,earlier,25418.52797,1.31176306
earlier_06639,earlier,14815.53264,0.62682443
earlier_06640,earlier,9909.99729,0.53278569
earlier_06641,earlier,22307.21325,1.36475303
earlier_06642,earlier,43680.36821,1.27340610
earlier_06643,earlier,31333.14287,0.88511954
earlier_06644,earlier,12416.17575,1.21852082
earlier_06645,earlier,11929.60663,0.51063919
earlier_06646,earlier,9063.02291,0.51454520
earlier_06647,earlier,7943.80667,0.77109746
earlier_06648,earlier,13168.95939,1.26539335
earlier_06649,earlier,32843.50071,1.40223515
earlier_06650,earlier,11330.83917,0.74566025
earlier_06651,earlier,19810.41986,1.48255607
earlier_06652,earlier,29818.26560,0.96429230
earlier_06653,earlier,23590.89015,1.26039272
earlier_06654,earlier,13878.03839,0.50551769
earlier_06655,earlier,9256.50270,0.57066925
earlier_06656,earlier,14836.57688,1.48698142
earlier_06657,earlier,21055.77453,1.23888034
earlier_06658,earlier,17621.83805,0.81344272
earlier_06659,earlier,23313.83031,0.62519158
earlier_06660,earlier,26735.30897,0.77457278
earlier_06661,earlier,35203.19967,0.56795386
earlier_06662,earlier,36576.38592,0.71388976
earlier_06663,earlier,12159.13887,1.26262951
earlier_06664,earlier,41357.92422,0.50522150
earlier_06665,earlier,3872.09066,0.87555568
earlier_06666,earlier,54988.85058,1.45115290
earlier_06667,earlier,9856.48154,1.02235850
earlier_06668,earlier,15868.53070,1.09358675
earlier_06669,earlier,12991.45533,1.27499035
earlier_06670,earlier,27047.95566,0.98941012
earlier_06671,earlier,7366.47408,1.44425238
earlier_06672,earlier,20945.44283,1.44811995
earlier_06673,earlier,16054.58759,1.00386733
earlier_06674,earlier,15023.91947,1.45068965
earlier_06675,earlier,24412.48929,0.85129385
earlier_06676,earlier,45007.13839,0.60714385
earlier_06677,earlier,19420.50284,0.75153556
earlier_06678,earlier,8748.75832,0.56605798
earlier_06679,earlier,37787.89137,1.14791597
earlier_06680,earlier,14505.36415,1.15451494
earlier_06681,earlier,20931.91996,0.77817082
earlier_06682,earlier,17475.05810,1.10570024
earlier_06683,earlier,49051.24621,0.68855780
earlier_06684,earlier,20767.82617,0.59990102
earlier_06685,earlier,36276.53756,0.58963416
earlier_06686,earlier,15216.25280,0.98746072
earlier_06687,earlier,25745.62659,0.58506868
earlier_06688,earlier,22627.06990,1.35479620
earlier_06689,earlier,30244.20043,0.53711386
earlier_06690,earlier,22785.50347,1.11229244
earlier_06691,earlier,15420.23470,1.32254690
earlier_06692,earlier,40600.69065,0.91737449
earlier_06693,earlier,26657.23666,1.27375642
earlier_06694,earlier,20371.03251,0.93885624
earlier_06695,earlier,34735.35537,0.63416654
earlier_06696,earlier,12205.10945,0.77364903
earlier_06697,earlier,27376.99968,1.26463280
earlier_06698,earlier,25447.36078,1.49486380
earlier_06699,earlier,25900.92184,1.07717796
earlier_06700,earlier,35449.34974,1.21876335
earlier_06701,earlier,14090.78538,0.70913994
earlier_06702,earlier,19396.57213,1.12835304
earlier_06703,earlier,15842.75543,0.55931208
earlier_06704,earlier,29857.28727,1.32949550
earlier_06705,earlier,12914.45673,0.90150366
earlier_06706,earlier,11637.11946,0.94342898
earlier_06707,earlier,19429.99458,1.43409303
earlier_06708,earlier,8664.04741,1.09601588
earlier_06709,earlier,24490.94928,1.25299490
earlier_06710,earlier,17005.19788,1.19251457
earlier_06711,earlier,23012.05223,1.33459254
earlier_06712,earlier,18508.15048,0.94594096
earlier_06713,earlier,9966.77087,0.92453876
earlier_06714,earlier,3891.49114,0.79895518
earlier_06715,earlier,32204.10670,0.88537816
earlier_06716,earlier,13155.24780,1.30287850
earlier_06717,earlier,11084.02848,0.97049882
earlier_06718,earlier,10322.81237,1.35476662
earlier_06719,earlier,19253.96473,0.80997400
earlier_06720,earlier,17423.13653,1.35232439
earlier_06721,earlier,23096.88147,1.42379303
earlier_06722,earlier,39068.68507,1.16023925
earlier_06723,earlier,17551.36630,0.72925490
earlier_06724,earlier,16105.87035,1.39223398
earlier_06725,earlier,24753.55302,0.54227682
earlier_06726,earlier,24446.48066,0.76865512
earlier_06727,earlier,9258.45167,0.99874461
earlier_06728,earlier,17226.02025,1.16890426
earlier_06729,earlier,14390.37617,0.57174340
earlier_06730,earlier,33346.14860,0.50077296
earlier_06731,earlier,34188.21783,0.72213283
earlier_06732,earlier,12116.41057,0.96458266
earlier_06733,earlier,7267.39161,0.66015624
earlier_06734,earlier,47300.28091,1.37025360
earlier_06735,earlier,8834.52589,0.65362449
earlier_06736,earlier,5038.51974,0.79757571
earlier_06737,earlier,35096.02375,0.89196842
earlier_06738,earlier,7808.46251,1.45561734
earlier_06739,earlier,68455.14267,1.28477292
earlier_06740,earlier,12372.19654,0.54712266
earlier_06741,earlier,17419.13500,1.39626347
earlier_06742,earlier,15805.13397,1.11117433
earlier_06743,earlier,20931.81465,1.35083776
earlier_06744,earlier,12686.62398,1.28013966
earlier_06745,earlier,31244.76079,0.71083401
earlier_06746,earlier,4874.67765,0.99303832
earlier_06747,earlier,16053.69257,1.19962278
earlier_06748,earlier,16164.84567,1.24388524
earlier_06749,earlier,33758.36403,0.58989617
earlier_06750,earlier,31302.03645,0.63875555
earlier_06751,earlier,31906.20846,1.43735880
earlier_06752,earlier,19019.14952,0.66520007
earlier_06753,earlier,13173.90169,0.61433540
earlier_06754,earlier,39430.45727,0.76609939
earlier_06755,earlier,12163.14187,0.89748089
earlier_06756,earlier,7023.52379,0.65333035
earlier_06757,earlier,11542.40658,0.75967720
earlier_06758,earlier,29485.13670,1.14122601
earlier_06759,earlier,12763.00822,0.52698602
earlier_06760,earlier,6245.34690,0.64467342
earlier_06761,earlier,6227.59842,1.09846347
earlier_06762,earlier,17481.37078,0.85202991
earlier_06763,earlier,28377.35950,1.22351242
earlier_06764,earlier,27501.09885,1.28138080
earlier_06765,earlier,18849.32097,0.91147440
earlier_06766,earlier,23084.07343,1.07124858
earlier_06767,earlier,23386.12352,1.02947567
earlier_06768,earlier,30134.60012,0.51148373
earlier_06769,earlier,5399.74626,1.23223363
earlier_06770,earlier,9057.82623,0.78477125
earlier_06771,earlier,13720.13913,0.75024004
earlier_06772,earlier,22697.02250,1.19710553
earlier_06773,earlier,8460.63417,1.49126616
earlier_06774,earlier,9400.44359,0.66677295
earlier_06775,earlier,7791.94552,1.15623845
earlier_06776,earlier,24283.49589,1.21349183
earlier_06777,earlier,17472.15344,1.36297890
earlier_06778,earlier,12520.01746,1.00754197
earlier_06779,earlier,10755.47591,0.50822912
earlier_06780,earlier,18128.51821,1.00513434
earlier_06781,earlier,22154.97705,0.58038935
earlier_06782,earlier,5347.46643,1.36123998
earlier_06783,earlier,17658.80153,0.91844324
earlier_06784,earlier,17311.08558,0.82414439
earlier_06785,earlier,24260.21291,0.76655128
earlier_06786,earlier,37126.25624,1.20473248
earlier_06787,earlier,9949.81995,0.67295571
earlier_06788,earlier,20257.10638,1.36727497
earlier_06789,earlier,27302.66893,1.03629257
earlier_06790,earlier,36861.91318,1.41780796
earlier_06791,earlier,20685.91717,1.05006485
earlier_06792,earlier,48338.26869,0.72703371
earlier_06793,earlier,23838.21650,1.15418247
earlier_06794,earlier,28844.28795,1.23552630
earlier_06795,earlier,32345.52999,1.32083049
earlier_06796,earlier,6731.46420,0.85530257
earlier_06797,earlier,13720.20822,1.02336572
earlier_06798,earlier,12952.93360,0.60472829
earlier_06799,earlier,19772.02575,1.03914529
earlier_06800,earlier,9743.02908,0.82355561
earlier_06801,earlier,26708.87811,0.72451977
earlier_06802,earlier,27764.91752,0.57900947
earlier_06803,earlier,10004.55679,0.87695850
earlier_06804,earlier,14325.07656,1.15732622
earlier_06805,earlier,27560.99191,1.16718692
earlier_06806,earlier,16697.98333,1.44718852
earlier_06807,earlier,22774.19303,1.27506203
earlier_06808,earlier,10263.98367,1.40821944
earlier_06809,earlier,35362.58645,0.63651352
earlier_06810,earlier,14575.29179,1.35751042
earlier_06811,earlier,21828.29019,1.03850615
earlier_06812,earlier,72906.45690,1.36838686
earlier_06813,earlier,23490.56505,0.61187095
earlier_06814,earlier,27306.37941,0.77793508
earlier_06815,earlier,6185.45706,1.17810035
earlier_06816,earlier,57589.33264,1.15233681
earlier_06817,earlier,12984.25788,0.99006465
earlier_06818,earlier,18773.71105,1.03334476
earlier_06819,earlier,18796.04514,1.37632136
earlier_06820,earlier,13196.82224,0.57213928
earlier_06821,earlier,27052.31969,1.09932815
earlier_06822,earlier,4977.47694,0.79282539
earlier_06823,earlier,18744.64788,0.92375062
earlier_06824,earlier,18697.61253,1.07007348
earlier_06825,earlier,15509.51604,0.73601893
earlier_06826,earlier,22709.24457,1.26612965
earlier_06827,earlier,19119.75076,0.94366370
earlier_06828,earlier,12021.72199,0.76158181
earlier_06829,earlier,5160.57638,0.66160519
earlier_06830,earlier,7207.86975,1.48837374
earlier_06831,earlier,7576.90497,1.27088981
earlier_06832,earlier,21738.35481,1.41695809
earlier_06833,earlier,38094.72308,0.53589227
earlier_06834,earlier,12643.27163,1.27272420
earlier_06835,earlier,19875.75396,0.70706959
earlier_06836,earlier,20807.43742,1.13212369
earlier_06837,earlier,27806.98081,0.57276751
earlier_06838,earlier,13401.00757,1.34551287
earlier_06839,earlier,8358.49217,1.08162105
earlier_06840,earlier,28744.32318,1.00188278
earlier_06841,earlier,5401.74241,0.86537420
earlier_06842,earlier,12725.85124,0.99724213
earlier_06843,earlier,4500.71712,0.57377591
earlier_06844,earlier,31971.96056,0.99229888
earlier_06845,earlier,14021.33235,1.25372307
earlier_06846,earlier,11884.63418,1.28165626
earlier_06847,earlier,20077.56469,0.67768372
earlier_06848,earlier,16512.40118,1.47146669
earlier_06849,earlier,18566.70312,1.11598397
earlier_06850,earlier,10249.35271,1.02799728
earlier_06851,earlier,31998.03329,0.68959627
earlier_06852,earlier,10430.68583,1.31695802
earlier_06853,earlier,7696.39126,1.04342194
earlier_06854,earlier,14669.22276,1.03807783
earlier_06855,earlier,17602.82127,0.93976902
earlier_06856,earlier,24002.59596,1.15602550
earlier_06857,earlier,22231.89546,0.60241644
earlier_06858,earlier,45364.88627,0.77485687
earlier_06859,earlier,11782.62593,0.50893770
earlier_06860,earlier,27261.80914,0.98283772
earlier_06861,earlier,27623.70921,1.11470415
earlier_06862,earlier,36540.04669,1.32293105
earlier_06863,earlier,34435.10296,1.17853717
earlier_06864,earlier,8480.43913,0.50086933
earlier_06865,earlier,10357.95512,1.18608328
earlier_06866,earlier,22008.07739,1.23479585
earlier_06867,earlier,42708.68928,0.86110976
earlier_06868,earlier,58332.95823,0.50262649
earlier_06869,earlier,16024.14522,0.86742461
earlier_06870,earlier,16260.73875,0.83949377
earlier_06871,earlier,19485.90574,1.01048347
earlier_06872,earlier,32569.67099,0.81288046
earlier_06873,earlier,33904.08031,1.37992865
earlier_06874,earlier,29075.45423,0.64210895
earlier_06875,earlier,33415.87314,0.93737768
earlier_06876,earlier,29565.31511,0.65493000
earlier_06877,earlier,17284.78285,1.04498259
earlier_06878,earlier,17467.54772,1.39815999
earlier_06879,earlier,27209.86651,1.39124111
earlier_06880,earlier,23852.04869,0.91776869
earlier_06881,earlier,16139.79195,0.81833633
earlier_06882,earlier,37719.67772,1.26799145
earlier_06883,earlier,27178.60135,1.20127755
earlier_06884,earlier,8157.46419,1.37357166
earlier_06885,earlier,42405.62594,1.04297122
earlier_06886,earlier,30951.06789,0.99728529
earlier_06887,earlier,14664.08454,0.72205138
earlier_06888,earlier,41323.14958,1.19718703
earlier_06889,earlier,9786.60880,1.14038856
earlier_06890,earlier,20076.59684,1.38110047
earlier_06891,earlier,30324.62678,1.39826783
earlier_06892,earlier,17174.17342,0.95871206
earlier_06893,earlier,12305.50464,0.84003499
earlier_06894,earlier,36005.34156,1.13259461
earlier_06895,earlier,14508.07611,0.90332240
earlier_06896,earlier,12308.21577,1.00034003
earlier_06897,earlier,10490.28897,1.30278962
earlier_06898,earlier,34631.04794,0.51076017
earlier_06899,earlier,14575.46973,1.23348294
earlier_06900,earlier,9015.80195,0.79451029
earlier_06901,earlier,10990.64336,1.15282185
earlier_06902,earlier,9957.73711,1.28804887
earlier_06903,earlier,9276.17293,1.49059282
earlier_06904,earlier,10302.45659,1.04680155
earlier_06905,earlier,6810.81881,1.23551592
earlier_06906,earlier,4059.72956,1.06392931
earlier_06907,earlier,8392.33743,1.21966374
earlier_06908,earlier,49343.13201,0.82625282
earlier_06909,earlier,30423.36042,0.78462973
earlier_06910,earlier,5684.09374,0.97191312
earlier_06911,earlier,34474.69059,0.55937560
earlier_06912,earlier,29485.10521,1.23283894
earlier_06913,earlier,13419.10853,0.72577450
earlier_06914,earlier,22694.07399,0.84903175
earlier_06915,earlier,22411.58089,0.93824230
earlier_06916,earlier,16240.97694,0.81331438
earlier_06917,earlier,29184.97343,1.31586443
earlier_06918,earlier,29595.87758,1.04006255
earlier_06919,earlier,19976.77575,0.97350000
earlier_06920,earlier,23801.56355,0.94295566
earlier_06921,earlier,5628.67262,0.72249822
earlier_06922,earlier,17487.62524,0.55082236
earlier_06923,earlier,24429.31430,0.62202888
earlier_06924,earlier,36356.56727,1.35332743
earlier_06925,earlier,43537.14130,0.98535471
earlier_06926,earlier,13313.16262,1.29695262
earlier_06927,earlier,22004.33628,0.58496158
earlier_06928,earlier,11113.25377,1.21039776
earlier_06929,earlier,8675.66167,0.98522705
earlier_06930,earlier,72516.97150,0.72502828
earlier_06931,earlier,21509.11958,0.95918758
earlier_06932,earlier,20972.77219,0.91511917
earlier_06933,earlier,22548.22281,1.15962111
earlier_06934,earlier,18041.82402,0.98260091
earlier_06935,earlier,30368.56634,0.78427959
earlier_06936,earlier,29905.72974,0.55150473
earlier_06937,earlier,12660.32602,1.34490156
earlier_06938,earlier,25829.99586,0.55386686
earlier_06939,earlier,10352.49447,0.68126715
earlier_06940,earlier,31369.33085,0.82810507
earlier_06941,earlier,22342.41909,1.39322261
earlier_06942,earlier,10390.16661,1.18147353
earlier_06943,earlier,10141.31504,0.80306488
earlier_06944,earlier,13300.74643,1.14325864
earlier_06945,earlier,22197.89668,1.28804855
earlier_06946,earlier,22051.50427,1.49153734
earlier_06947,earlier,10913.22113,1.03096008
earlier_06948,earlier,18674.57569,0.67047093
earlier_06949,earlier,13180.68722,0.65303738
earlier_06950,earlier,20668.22587,1.19549499
earlier_06951,earlier,28296.66014,1.41977559
earlier_06952,earlier,15702.52967,1.38282464
earlier_06953,earlier,10377.11030,1.19946684
earlier_06954,earlier,29435.89570,1.02365525
earlier_06955,earlier,54698.66741,1.13723175
earlier_06956,earlier,19492.68016,1.24420584
earlier_06957,earlier,10650.58423,1.49942092
earlier_06958,earlier,22830.77225,0.65272812
earlier_06959,earlier,20266.96742,1.45815266
earlier_06960,earlier,21127.27274,0.70077921
earlier_06961,earlier,14308.94484,0.65036379
earlier_06962,earlier,34821.25359,1.05477993
earlier_06963,earlier,47775.82362,0.82984257
earlier_06964,earlier,11623.42980,1.42483018
earlier_06965,earlier,11046.87721,0.79555476
earlier_06966,earlier,14543.21028,0.94815789
earlier_06967,earlier,18184.48888,0.62971915
earlier_06968,earlier,20160.45454,0.55998948
earlier_06969,earlier,15360.18415,1.44895086
earlier_06970,earlier,28311.08671,0.59002454
earlier_06971,earlier,20465.02135,1.09634027
earlier_06972,earlier,8691.95449,0.81305399
earlier_06973,earlier,21071.54604,0.96319850
earlier_06974,earlier,34849.32594,0.84890654
earlier_06975,earlier,77474.44633,0.54412778
earlier_06976,earlier,11809.55096,1.49652168
earlier_06977,earlier,19229.11398,0.61248170
earlier_06978,earlier,20072.89518,0.52732869
earlier_06979,earlier,28562.61189,0.63588025
earlier_06980,earlier,24251.36891,1.48722030
earlier_06981,earlier,9515.50642,1.27574154
earlier_06982,earlier,30032.28598,0.96261613
earlier_06983,earlier,23682.36890,0.95469759
earlier_06984,earlier,20191.57265,0.73634631
earlier_06985,earlier,11933.25492,1.23431401
earlier_06986,earlier,19824.15802,0.57122092
earlier_06987,earlier,30290.65150,0.64933699
earlier_06988,earlier,15926.73515,0.57736438
earlier_06989,earlier,12964.57586,0.95273974
earlier_06990,earlier,38936.79016,0.88267599
earlier_06991,earlier,14878.82351,1.09120054
earlier_06992,earlier,51310.99617,1.05275099
earlier_06993,earlier,42595.96240,1.10494317
earlier_06994,earlier,20567.94859,0.51357716
earlier_06995,earlier,17117.58685,1.45547820
earlier_06996,earlier,24349.07807,1.02758268
earlier_06997,earlier,42462.43430,1.04020873
earlier_06998,earlier,17127.64741,1.42077034
earlier_06999,earlier,73228.82274,0.80116639
earlier_07000,earlier,36655.19907,0.64742881
later_00001,later,25219.78957,1.41602773
later_00002,later,14235.77611,0.85594804
later_00003,later,77598.82650,1.36181531
later_00004,later,115575.26939,1.31675418
later_00005,later,67533.26673,1.14814915
later_00006,later,26675.09729,0.68430362
later_00007,later,48486.56309,0.75824661
later_00008,later,53277.71007,1.48392010
later_00009,later,97037.01816,0.69983749
later_00010,later,44305.89014,0.75028316
later_00011,later,35764.84155,0.58095222
later_00012,later,50949.76683,0.55001225
later_00013,later,47698.69718,0.67819987
later_00014,later,98896.75144,1.01326659
later_00015,later,35678.34782,0.96912409
later_00016,later,7431.30533,0.57108070
later_00017,later,76444.04765,0.70546640
later_00018,later,38833.48605,0.84838756
later_00019,later,15319.22295,0.60610406
later_00020,later,70341.41290,1.43203352
later_00021,later,24889.74290,1.30952914
later_00022,later,98649.13575,1.23314105
later_00023,later,39155.30260,0.56205656
later_00024,later,88825.96908,0.94422793
later_00025,later,36107.68901,0.95865191
later_00026,later,21211.45657,1.19133061
later_00027,later,108872.28841,0.64667144
later_00028,later,125353.88123,0.75527149
later_00029,later,48064.90794,1.06556730
later_00030,later,67666.16891,0.53247241
later_00031,later,105729.35431,0.98680236
later_00032,later,140693.15081,1.18512459
later_00033,later,196032.35779,1.31177037
later_00034,later,45683.80466,1.24030696
later_00035,later,42421.74801,0.73116180
later_00036,later,76641.66297,1.12101400
later_00037,later,90204.31810,1.13280344
later_00038,later,29361.08848,0.79975488
later_00039,later,74603.52783,1.10681285
later_00040,later,34170.71097,0.52058076
later_00041,later,21897.89498,1.28071416
later_00042,later,40343.68792,0.89056421
later_00043,later,88180.92155,0.89646691
later_00044,later,70718.03440,0.52100469
later_00045,later,34078.75317,0.50332292
later_00046,later,44715.82741,1.37489238
later_00047,later,28512.29815,1.12984830
later_00048,later,30033.67130,0.74466624
later_00049,later,48174.99035,0.82948810
later_00050,later,37044.96126,1.22530927
later_00051,later,26936.04324,1.11514884
later_00052,later,158606.07826,0.88457046
later_00053,later,16093.11232,0.91625815
later_00054,later,44124.42465,1.00107892
later_00055,later,87388.76005,1.16394682
later_00056,later,26888.03035,1.20404246
later_00057,later,96595.27466,1.23109999
later_00058,later,95791.65810,1.48555790
later_00059,later,137500.48338,0.75493356
later_00060,later,27964.82370,1.35405065
later_00061,later,185269.53560,1.07356512
later_00062,later,61754.65124,1.37318080
later_00063,later,88226.77574,1.45532426
later_00064,later,53941.79004,0.58009430
later_00065,later,17038.33621,1.08022151
later_00066,later,14570.70308,1.17915310
later_00067,later,134782.60129,0.58894677
later_00068,later,60753.05892,0.55050179
later_00069,later,48585.00333,1.44557424
later_00070,later,61174.47343,0.83824754
later_00071,later,25633.74606,0.74361288
later_00072,later,30464.08117,1.33569460
later_00073,later,16819.98461,1.39432373
later_00074,later,38632.44120,1.37803038
later_00075,later,97053.23537,1.34863686
later_00076,later,48220.61818,1.30813588
later_00077,later,75622.15965,0.51964685
later_00078,later,26993.07414,1.37912415
later_00079,later,58503.09366,1.37801605
later_00080,later,23344.02076,1.17006305
later_00081,later,24499.99663,1.07355334
later_00082,later,29862.51430,1.04898624
later_00083,later,91833.97369,1.14717362
later_00084,later,56296.95089,0.53519356
later_00085,later,77590.52284,0.63066329
later_00086,later,28401.43950,1.45259785
later_00087,later,51018.68804,1.01015352
later_00088,later,92675.04969,1.15774481
later_00089,later,24286.96098,0.71599797
later_00090,later,25118.75243,1.10098546
later_00091,later,13424.15495,0.85663214
later_00092,later,36006.45534,0.66431182
later_00093,later,76285.52805,0.76823204
later_00094,later,32308.94084,1.36731796
later_00095,later,22661.50659,1.37056742
later_00096,later,48548.76949,1.43473747
later_00097,later,42643.06025,1.24115828
later_00098,later,102994.59380,0.55463174
later_00099,later,31392.92744,1.49338102
later_00100,later,96448.47622,1.00599723
later_00101,later,50766.61189,0.92866921
later_00102,later,5351.51364,0.52605128
later_00103,later,35656.47943,0.63899933
later_00104,later,85209.73973,1.19076762
later_00105,later,148516.78106,1.24805414
later_00106,later,69904.69158,0.59982430
later_00107,later,10460.87677,1.34227025
later_00108,later,22748.09719,1.14313666
later_00109,later,8632.59064,1.34558619
later_00110,later,26490.84062,0.77888037
later_00111,later,27948.52898,1.09661927
later_00112,later,52674.21012,1.36947609
later_00113,later,37691.03708,0.61076601
later_00114,later,129212.52398,1.06452730
later_00115,later,69530.77753,1.45921764
later_00116,later,54053.42450,0.60168956
later_00117,later,92302.98061,1.43709539
later_00118,later,46453.39864,1.47055263
later_00119,later,77584.41788,1.42406423
later_00120,later,46660.01726,0.59440424
later_00121,later,26990.65214,0.90396499
later_00122,later,168851.21968,0.71510590
later_00123,later,139339.98261,1.23267974
later_00124,later,72130.44756,0.52737577
later_00125,later,17352.17281,1.39428036
later_00126,later,70734.20016,0.99239523
later_00127,later,82299.38354,1.36018075
later_00128,later,71363.31117,1.44845763
later_00129,later,123471.00376,0.59134235
later_00130,later,51162.78648,1.46090313
later_00131,later,33628.19161,0.72975556
later_00132,later,47810.03758,1.20578274
later_00133,later,106906.75945,0.95131902
later_00134,later,38715.32129,1.30842985
later_00135,later,29545.66204,0.81787915
later_00136,later,20920.95821,1.37746666
later_00137,later,53772.55304,0.64844774
later_00138,later,117090.57394,1.39645719
later_00139,later,58721.65870,0.70997652
later_00140,later,173173.24308,0.53776473
later_00141,later,39944.87024,1.41544186
later_00142,later,27151.48316,0.58155376
later_00143,later,118653.25156,0.96340014
later_00144,later,10127.60467,0.57457763
later_00145,later,82304.73317,0.92024690
later_00146,later,22161.48910,0.60652445
later_00147,later,77001.82516,0.66206744
later_00148,later,43951.03072,1.11312264
later_00149,later,48663.27349,1.16285304
later_00150,later,41150.10434,1.37966473
later_00151,later,51526.36234,1.31861680
later_00152,later,47104.37307,0.69207483
later_00153,later,63444.67918,0.78956527
later_00154,later,33757.99662,0.57734780
later_00155,later,50080.78412,0.91399238
later_00156,later,26353.77052,1.31407777
later_00157,later,39932.62479,0.95183831
later_00158,later,79144.16142,0.65797350
later_00159,later,146433.91465,1.05464718
later_00160,later,90492.69534,0.89261296
later_00161,later,36823.03523,0.56308561
later_00162,later,35680.61048,1.41333359
later_00163,later,114013.40641,1.38338110
later_00164,later,10856.52590,0.68252653
later_00165,later,43060.50819,0.89432387
later_00166,later,35307.62991,0.92111451
later_00167,later,105886.10915,0.62574223
later_00168,later,71901.99523,0.54009373
later_00169,later,45103.98414,0.68931410
later_00170,later,13842.21246,1.01283287
later_00171,later,105023.95527,1.43410242
later_00172,later,167131.14183,1.12781774
later_00173,later,132062.69322,0.55892211
later_00174,later,90244.90636,1.20711573
later_00175,later,28746.57054,0.98821943
later_00176,later,89515.71721,0.88786111
later_00177,later,205061.53397,1.29325042
later_00178,later,32368.93865,0.88011346
later_00179,later,35832.47350,0.80026750
later_00180,later,44088.59053,0.76574451
later_00181,later,85331.55316,0.85031305
later_00182,later,63507.05088,1.49250521
later_00183,later,51119.64235,1.42243385
later_00184,later,66250.85505,1.34552849
later_00185,later,78233.97128,1.31352512
later_00186,later,69546.08219,1.18429688
later_00187,later,96707.42440,0.75885477
later_00188,later,20118.37246,1.31210449
later_00189,later,69284.35601,1.34273580
later_00190,later,44961.08153,0.82487649
later_00191,later,64666.76100,1.45717519
later_00192,later,33210.09137,0.62497057
later_00193,later,29924.06810,0.80024043
later_00194,later,26709.27311,1.46189400
later_00195,later,28614.59533,0.87608277
later_00196,later,36556.83603,1.17404335
later_00197,later,56584.61083,0.55712753
later_00198,later,18356.83808,0.52543923
later_00199,later,38400.40631,1.26759236
later_00200,later,52121.55370,1.07761774
later_00201,later,50575.99885,1.27794542
later_00202,later,67670.05773,1.13645122
later_00203,later,16935.15903,1.20214300
later_00204,later,26469.38904,0.51504583
later_00205,later,21527.14086,0.57233659
later_00206,later,14367.95466,1.03220543
later_00207,later,62631.97458,1.34942577
later_00208,later,33985.26943,1.45245505
later_00209,later,29771.51896,1.05118127
later_00210,later,55986.62373,0.88189809
later_00211,later,29464.26748,0.73389435
later_00212,later,55571.52877,1.03478054
later_00213,later,36593.93576,0.52249495
later_00214,later,115498.58873,0.74397609
later_00215,later,177558.85301,0.92930374
later_00216,later,31706.96704,0.92969449
later_00217,later,142683.54881,1.02091228
later_00218,later,42304.77053,0.69666452
later_00219,later,47661.19613,0.91705364
later_00220,later,63022.43321,0.79564252
later_00221,later,71663.46045,0.92291305
later_00222,later,23565.86600,0.91478864
later_00223,later,37332.47235,1.14293878
later_00224,later,123197.17847,0.96082434
later_00225,later,9961.53734,0.82696157
later_00226,later,69956.04689,0.64660144
later_00227,later,60506.40745,0.71948996
later_00228,later,34798.50056,1.04607575
later_00229,later,92248.61668,1.37666627
later_00230,later,35024.03578,0.75903489
later_00231,later,102348.90914,0.85322022
later_00232,later,112166.20374,0.72123130
later_00233,later,105558.33852,0.87602809
later_00234,later,15907.45927,0.66177673
later_00235,later,132089.93192,1.07766703
later_00236,later,22064.57971,1.29498886
later_00237,later,36208.77305,0.86332497
later_00238,later,54568.77557,0.52809184
later_00239,later,31346.30667,0.97298626
later_00240,later,41659.06347,0.86376526
later_00241,later,27111.23597,0.88239576
later_00242,later,27023.61145,0.70182996
later_00243,later,40586.38856,0.95753866
later_00244,later,89562.70037,1.41211151
later_00245,later,33849.64677,0.60385967
later_00246,later,21816.01396,1.35278818
later_00247,later,86027.22331,1.07552085
later_00248,later,25404.87188,0.65608396
later_00249,later,34544.62679,0.97797112
later_00250,later,84992.26040,0.99504897
later_00251,later,69403.15537,0.87303565
later_00252,later,190036.12618,1.23570927
later_00253,later,62529.80026,1.36367746
later_00254,later,79603.99768,1.30880868
later_00255,later,15897.60454,0.61468430
later_00256,later,106244.73249,0.69240524
later_00257,later,35656.10818,1.46686008
later_00258,later,152785.76900,1.47196642
later_00259,later,54733.59558,0.94307432
later_00260,later,7997.28439,1.21509838
later_00261,later,136857.22749,0.77517756
later_00262,later,108827.35328,0.60107469
later_00263,later,29279.44429,1.33980073
later_00264,later,40506.12803,0.77808144
later_00265,later,55394.39775,1.04317755
later_00266,later,42374.91293,1.21358985
later_00267,later,34514.87476,1.24174281
later_00268,later,55725.25391,1.13903311
later_00269,later,17255.16137,0.50196696
later_00270,later,73272.10216,0.92050673
later_00271,later,7170.43884,0.97088769
later_00272,later,14195.06599,0.78180407
later_00273,later,31559.88421,1.31825303
later_00274,later,84654.92216,1.42967169
later_00275,later,33920.43163,1.45712677
later_00276,later,38049.23433,0.73952224
later_00277,later,49184.60221,0.91184932
later_00278,later,79663.31601,1.14468635
later_00279,later,176010.88328,1.28722349
later_00280,later,70225.56030,1.37344618
later_00281,later,71519.76405,1.42546770
later_00282,later,28580.99350,0.95547038
later_00283,later,28057.90069,1.45518418
later_00284,later,18678.79343,1.38538688
later_00285,later,51617.71587,1.17432274
later_00286,later,21721.27479,1.08294581
later_00287,later,113389.73112,1.46618085
later_00288,later,45475.45670,1.44896011
later_00289,later,17964.66563,1.03861666
later_00290,later,32918.77483,0.75938620
later_00291,later,25259.84699,0.54924353
later_00292,later,42645.64187,0.51748437
later_00293,later,45105.24572,0.75266028
later_00294,later,105911.40436,0.55013675
later_00295,later,12663.50383,1.48118753
later_00296,later,45119.54972,1.48793289
later_00297,later,81948.30493,1.40988284
later_00298,later,24881.05769,0.72238129
later_00299,later,46862.83004,0.64911126
later_00300,later,25790.22328,1.48397344
later_00301,later,96511.37628,1.01051977
later_00302,later,69562.82457,0.80888284
later_00303,later,223801.58484,1.00793839
later_00304,later,53973.95921,0.70482378
later_00305,later,42989.01210,1.41631396
later_00306,later,11811.49236,0.91919219
later_00307,later,36485.69555,1.02573359
later_00308,later,29235.16473,0.82172700
later_00309,later,46885.99638,0.74848110
later_00310,later,43082.97779,0.67596874
later_00311,later,12361.33868,1.10341188
later_00312,later,27288.31219,0.96508652
later_00313,later,54963.91841,0.77338243
later_00314,later,61023.18996,1.26025496
later_00315,later,118154.71087,0.63478037
later_00316,later,29745.66649,1.21952119
later_00317,later,21655.09457,1.26575759
later_00318,later,16606.49083,0.72116284
later_00319,later,40940.80853,1.47486568
later_00320,later,173097.69439,0.66027008
later_00321,later,150023.03062,1.11553184
later_00322,later,6445.07592,1.41213554
later_00323,later,91677.18102,1.33597632
later_00324,later,70769.89544,0.68646098
later_00325,later,79032.43138,1.10471678
later_00326,later,99188.17940,0.82029387
later_00327,later,61293.87838,0.61071771
later_00328,later,54081.25447,0.87428221
later_00329,later,44245.21191,0.70388880
later_00330,later,100544.12399,0.54662416
later_00331,later,115406.51064,1.40578605
later_00332,later,96968.24769,1.31435994
later_00333,later,74243.74269,1.33637770
later_00334,later,20033.33903,1.20287988
later_00335,later,50670.57155,0.62260991
later_00336,later,41125.39653,0.80807676
later_00337,later,31813.71820,1.11447659
later_00338,later,59776.28689,1.24359399
later_00339,later,65596.03293,1.21274420
later_00340,later,29718.11057,1.05459856
later_00341,later,13762.45904,0.65071589
later_00342,later,90295.46162,0.92393800
later_00343,later,14825.32223,1.05868523
later_00344,later,83953.92693,0.54107276
later_00345,later,95308.22559,0.67705618
later_00346,later,49870.26656,0.60537359
later_00347,later,27114.09210,1.32180398
later_00348,later,71182.60535,0.98642212
later_00349,later,13769.95900,1.07591269
later_00350,later,62479.97592,1.06285917
later_00351,later,25122.82997,1.34264008
later_00352,later,136004.62094,0.71099297
later_00353,later,57885.06280,1.38716683
later_00354,later,16501.58214,0.79977239
later_00355,later,79170.63041,1.27466517
later_00356,later,35711.50919,1.44817292
later_00357,later,140490.54445,1.04171995
later_00358,later,105233.60691,0.50181508
later_00359,later,31993.00988,1.46238361
later_00360,later,92849.60594,1.25063170
later_00361,later,69160.50579,0.82728283
later_00362,later,79037.39910,1.24797029
later_00363,later,78634.55446,1.20817216
later_00364,later,52188.26489,1.29352873
later_00365,later,18598.95301,1.13868249
later_00366,later,46798.68199,1.19791799
later_00367,later,25678.61542,0.97822324
later_00368,later,72394.63592,0.75477573
later_00369,later,50024.77663,1.47379967
later_00370,later,41072.81678,0.57435887
later_00371,later,46546.06990,1.26072039
later_00372,later,27036.32721,0.89148862
later_00373,later,25471.74372,0.55873671
later_00374,later,69501.55712,0.58785774
later_00375,later,32214.39326,1.24812514
later_00376,later,62969.85158,0.69727452
later_00377,later,82478.86463,0.51851789
later_00378,later,40884.43429,0.50123728
later_00379,later,35919.35477,1.37057493
later_00380,later,49255.50348,0.83337232
later_00381,later,23397.96902,1.31165683
later_00382,later,86000.89372,0.94512942
later_00383,later,77492.32064,0.83015257
later_00384,later,99573.05048,1.02940956
later_00385,later,41802.71232,1.47455595
later_00386,later,62440.38782,0.74969883
later_00387,later,181339.21316,1.01054545
later_00388,later,51340.76248,0.93809168
later_00389,later,21555.26075,1.07654228
later_00390,later,63078.00394,0.98369223
later_00391,later,72866.37557,1.03781751
later_00392,later,158641.75054,0.69144420
later_00393,later,87977.78208,1.00375797
later_00394,later,134746.00218,1.11441108
later_00395,later,59636.16862,1.19114409
later_00396,later,54904.86772,1.48017196
later_00397,later,25145.69574,1.10204467
later_00398,later,90429.61807,0.98217665
later_00399,later,72440.82103,0.76632844
later_00400,later,80711.07896,0.77507190
later_00401,later,31189.19316,0.87717337
later_00402,later,76195.23576,1.24952723
later_00403,later,178771.64158,1.29269559
later_00404,later,119138.08265,1.43900533
later_00405,later,88946.47804,0.84422949
later_00406,later,60638.16839,0.97739533
later_00407,later,86928.19019,0.72073726
later_00408,later,99357.55637,1.01672165
later_00409,later,36305.89820,0.85704660
later_00410,later,35709.56152,0.54379054
later_00411,later,33445.20001,0.65916513
later_00412,later,27504.65115,0.89865892
later_00413,later,17118.80683,1.12618106
later_00414,later,92129.35853,1.17009376
later_00415,later,27787.64110,1.24724822
later_00416,later,43093.10887,0.83773383
later_00417,later,33092.21265,1.02834425
later_00418,later,103346.51023,1.04786032
later_00419,later,61315.86265,0.59512837
later_00420,later,13393.09301,1.27372142
later_00421,later,43085.30509,0.63434737
later_00422,later,92024.46720,0.88915830
later_00423,later,124378.40590,1.18217046
later_00424,later,44764.60822,1.16774278
later_00425,later,25070.45098,1.46370413
later_00426,later,92726.66831,1.21871026
later_00427,later,13366.00458,1.10047920
later_00428,later,61645.51041,0.94023662
later_00429,later,60106.47911,0.85580857
later_00430,later,55068.85181,0.98288472
later_00431,later,52474.15934,1.36774224
later_00432,later,34744.16665,0.68197588
later_00433,later,63008.73146,0.59955993
later_00434,later,35998.72938,0.93396999
later_00435,later,26417.50823,0.96294446
later_00436,later,45620.19842,1.26538269
later_00437,later,59615.58753,0.70808873
later_00438,later,80756.83290,1.01989650
later_00439,later,73943.98745,1.30606188
later_00440,later,10528.65500,1.19000889
later_00441,later,34039.93682,0.66954482
later_00442,later,19359.07109,1.39860421
later_00443,later,153826.94175,1.09954690
later_00444,later,35813.12013,0.62465176
later_00445,later,27732.27453,0.93959026
later_00446,later,37106.04708,1.45313712
later_00447,later,22578.06334,0.95620070
later_00448,later,31414.51866,1.24884851
later_00449,later,32825.63001,0.89932540
later_00450,later,54299.00307,1.24036933
later_00451,later,72242.67056,0.65929144
later_00452,later,44361.57987,1.12317155
later_00453,later,30441.95165,1.32701149
later_00454,later,112321.18851,1.38831978
later_00455,later,30129.73076,0.99814721
later_00456,later,92236.35849,0.63591436
later_00457,later,65896.81332,1.13528125
later_00458,later,13106.38295,0.57059529
later_00459,later,17573.27558,0.76736485
later_00460,later,11351.55070,0.60880553
later_00461,later,51324.75803,1.27928972
later_00462,later,66041.43769,0.59491672
later_00463,later,26959.86367,0.61717314
later_00464,later,57658.81919,0.57544726
later_00465,later,120172.54154,1.03849072
later_00466,later,21592.16038,1.38053161
later_00467,later,45395.13815,0.87081768
later_00468,later,24499.41755,1.18623481
later_00469,later,18094.27861,1.02635944
later_00470,later,22706.86971,0.57945663
later_00471,later,127179.31087,1.21044153
later_00472,later,27380.65373,0.72086178
later_00473,later,88412.59172,0.86018384
later_00474,later,167216.60839,1.26741363
later_00475,later,24172.51484,1.00576082
later_00476,later,53011.04012,1.26718150
later_00477,later,44153.07820,1.46768319
later_00478,later,63460.85323,1.41797824
later_00479,later,67164.10946,0.75173121
later_00480,later,40288.06606,0.83345225
later_00481,later,84675.42655,1.23594682
later_00482,later,64313.99857,0.57448081
later_00483,later,61935.96939,1.01640824
later_00484,later,100437.95888,0.99759837
later_00485,later,32946.50047,0.98003201
later_00486,later,33367.69239,1.24951785
later_00487,later,15664.15377,0.93125754
later_00488,later,33289.89979,0.98196451
later_00489,later,18933.73054,0.67969040
later_00490,later,80557.36191,0.65267510
later_00491,later,25202.91081,1.33387389
later_00492,later,38218.51344,1.03738621
later_00493,later,57481.69586,1.36425833
later_00494,later,23626.27440,0.81955526
later_00495,later,73273.69982,0.60368871
later_00496,later,18948.01165,1.18948436
later_00497,later,117445.76292,1.25554460
later_00498,later,23407.72777,0.52455239
later_00499,later,119352.56471,1.08817304
later_00500,later,80557.75269,0.98581327
later_00501,later,57914.11701,1.20023091
later_00502,later,72642.25652,1.01773437
later_00503,later,34816.10357,1.34487960
later_00504,later,40027.13090,1.43447635
later_00505,later,55212.13997,1.45604373
later_00506,later,30094.49370,1.12586385
later_00507,later,33028.79364,0.70985328
later_00508,later,79067.84146,1.16552780
later_00509,later,161209.34112,1.35899740
later_00510,later,63566.61710,1.44370912
later_00511,later,45388.58363,1.39680886
later_00512,later,31566.64847,1.07153359
later_00513,later,58365.71499,0.90427069
later_00514,later,49263.76270,1.02634461
later_00515,later,58516.31541,0.91508070
later_00516,later,43774.76654,0.83294148
later_00517,later,39493.57877,1.24123324
later_00518,later,102725.57051,1.12184249
later_00519,later,38064.14898,1.13780444
later_00520,later,157008.34021,1.15029645
later_00521,later,59104.23359,0.84330434
later_00522,later,40701.98614,0.99449526
later_00523,later,258204.95181,1.20684966
later_00524,later,38137.61192,1.25871208
later_00525,later,51480.24143,1.36594810
later_00526,later,55199.98184,1.07197585
later_00527,later,18148.76436,0.77931132
later_00528,later,31830.77868,1.17678935
later_00529,later,35910.02362,1.38245911
later_00530,later,109167.49111,1.27918042
later_00531,later,32290.80467,1.19287272
later_00532,later,22835.62068,1.32724980
later_00533,later,59674.78418,0.59955486
later_00534,later,48062.23129,1.32825972
later_00535,later,39569.68246,0.68231241
later_00536,later,194499.90964,1.29051909
later_00537,later,51441.20052,1.15696463
later_00538,later,22026.90338,0.61511418
later_00539,later,45484.53509,0.58708276
later_00540,later,30235.26917,1.22477332
later_00541,later,32494.05041,1.00973257
later_00542,later,57051.36820,1.05059593
later_00543,later,21443.31531,1.45349695
later_00544,later,32196.31042,1.12821276
later_00545,later,167513.31218,0.79914427
later_00546,later,93552.42033,1.43493780
later_00547,later,27588.44840,1.47635931
later_00548,later,85133.17169,0.68103496
later_00549,later,80276.33490,0.64790365
later_00550,later,78405.87092,1.10845267
later_00551,later,96351.48231,0.81457571
later_00552,later,58788.46871,1.02664088
later_00553,later,35086.32049,0.98313400
later_00554,later,34956.76091,1.29890193
later_00555,later,21951.00452,0.86251713
later_00556,later,109949.72571,1.32418258
later_00557,later,37248.03472,1.00314175
later_00558,later,368188.62551,0.92008404
later_00559,later,60619.13923,1.40296756
later_00560,later,54103.85733,0.56529210
later_00561,later,75160.53777,1.14632302
later_00562,later,46806.28169,0.63178108
later_00563,later,39936.47642,1.27109839
later_00564,later,54541.72182,1.33185813
later_00565,later,98674.06303,1.18265565
later_00566,later,55169.02738,0.55943138
later_00567,later,61061.04724,1.37254207
later_00568,later,37974.71088,0.59967882
later_00569,later,27321.89667,0.95960260
later_00570,later,71826.97821,0.74577114
later_00571,later,48767.52493,0.88941807
later_00572,later,86760.17666,0.63689641
later_00573,later,47931.53839,0.79915604
later_00574,later,42418.89915,1.49199218
later_00575,later,23841.47856,1.03845589
later_00576,later,36116.21780,0.92329600
later_00577,later,80884.85360,0.54746561
later_00578,later,27341.32714,0.85623651
later_00579,later,55149.85981,1.05758712
later_00580,later,29124.91822,0.59796411
later_00581,later,109590.63057,1.42492845
later_00582,later,75758.19820,0.77402234
later_00583,later,15840.89078,1.02139812
later_00584,later,70865.51521,1.02809416
later_00585,later,37683.44845,1.29193631
later_00586,later,20964.40340,1.20683188
later_00587,later,17394.76251,0.61502079
later_00588,later,25821.06525,0.84061427
later_00589,later,41541.15707,0.60608269
later_00590,later,53876.07737,0.88604755
later_00591,later,60925.08587,1.25450375
later_00592,later,56048.73313,1.40580673
later_00593,later,27330.38077,0.67068449
later_00594,later,12369.65628,0.84667951
later_00595,later,61046.39403,1.19385289
later_00596,later,23326.71084,0.66877746
later_00597,later,122794.77845,0.65230106
later_00598,later,64370.63550,1.04430803
later_00599,later,147063.40439,1.49803796
later_00600,later,79206.90918,0.57880729
later_00601,later,12938.24727,1.03299920
later_00602,later,48879.70338,0.62015743
later_00603,later,71009.93948,1.37724533
later_00604,later,54854.97516,1.47821643
later_00605,later,70376.15612,1.28283710
later_00606,later,26158.72207,1.44424934
later_00607,later,36120.18654,0.94741161
later_00608,later,66760.53069,0.70729832
later_00609,later,38179.61544,0.87061636
later_00610,later,69062.76877,1.34842259
later_00611,later,79441.95445,0.61352748
later_00612,later,82099.32849,0.80778598
later_00613,later,69667.08084,1.14940378
later_00614,later,22272.56609,0.61498160
later_00615,later,88097.04969,0.95168539
later_00616,later,95132.11226,0.52095617
later_00617,later,50680.00483,1.38528396
later_00618,later,160221.57402,0.56167446
later_00619,later,39298.04524,0.56349320
later_00620,later,20602.04648,1.48992911
later_00621,later,24071.57938,1.03308863
later_00622,later,123379.68780,0.55723114
later_00623,later,106339.64657,0.63084113
later_00624,later,90301.30073,0.81052501
later_00625,later,17888.83812,1.05273114
later_00626,later,192974.91111,1.05200543
later_00627,later,18121.50411,1.32580961
later_00628,later,51089.51951,1.43639735
later_00629,later,17912.95309,1.47399236
later_00630,later,108206.44349,1.05725832
later_00631,later,36184.96966,1.31845081
later_00632,later,48546.24408,0.78381122
later_00633,later,46423.06849,1.10255428
later_00634,later,163208.76852,1.45462477
later_00635,later,55326.79115,1.14360729
later_00636,later,90316.68388,0.73283335
later_00637,later,60935.11643,0.52248198
later_00638,later,79425.72815,1.13364388
later_00639,later,93685.52360,0.95015129
later_00640,later,30631.96892,1.13049444
later_00641,later,61918.64651,0.84172177
later_00642,later,52943.22750,1.01673459
later_00643,later,77699.50094,1.21373061
later_00644,later,20936.03476,1.03370778
later_00645,later,60471.26512,0.82399144
later_00646,later,66955.17093,0.73357993
later_00647,later,57797.29700,1.25543693
later_00648,later,41989.05059,0.77501968
later_00649,later,59046.26650,0.66516859
later_00650,later,43923.40737,1.38380005
later_00651,later,76511.95315,0.77047651
later_00652,later,94988.39370,0.63572051
later_00653,later,32025.88912,0.92261854
later_00654,later,36143.71995,1.45156670
later_00655,later,51881.96913,1.18721450
later_00656,later,20744.58881,1.22379453
later_00657,later,45928.43840,1.09690976
later_00658,later,39885.18619,0.90432565
later_00659,later,170916.04811,0.59781047
later_00660,later,77283.55890,1.19656706
later_00661,later,71908.70172,1.04503240
later_00662,later,23759.50183,0.50087309
later_00663,later,37063.69516,0.91818989
later_00664,later,18851.73997,0.61342147
later_00665,later,70117.08215,0.75109460
later_00666,later,27350.17780,1.31507920
later_00667,later,14002.51579,1.36639304
later_00668,later,86524.92812,1.34914187
later_00669,later,37872.08685,1.16212059
later_00670,later,119250.90045,1.34236934
later_00671,later,77211.76117,1.08727389
later_00672,later,49461.50339,1.01732536
later_00673,later,207838.21335,0.98492414
later_00674,later,162895.21172,1.09315172
later_00675,later,13013.91180,0.78421918
later_00676,later,43839.88892,1.03001922
later_00677,later,93747.13188,1.21558711
later_00678,later,62879.84932,1.20989287
later_00679,later,153024.19215,0.85459522
later_00680,later,46216.96381,0.67900212
later_00681,later,25749.75320,1.48246315
later_00682,later,72335.00987,0.75996224
later_00683,later,103635.00140,0.68513495
later_00684,later,75988.90196,1.35927528
later_00685,later,107204.39528,0.72563082
later_00686,later,187669.90729,0.65807833
later_00687,later,177635.66243,0.72056484
later_00688,later,44569.36681,1.39490144
later_00689,later,8219.80185,0.87705861
later_00690,later,39889.58227,1.12683748
later_00691,later,51544.71031,1.33714281
later_00692,later,54108.83717,1.00287253
later_00693,later,58118.44618,0.53738431
later_00694,later,21086.14577,0.50785515
later_00695,later,90481.36519,0.88676105
later_00696,later,32569.00148,1.39697336
later_00697,later,22115.75609,1.42332694
later_00698,later,41980.40671,1.25292953
later_00699,later,100966.14622,1.07982108
later_00700,later,29959.84999,1.47431237
later_00701,later,47104.84997,1.40021697
later_00702,later,82685.26112,1.01698274
later_00703,later,122594.91235,1.36306368
later_00704,later,65638.64308,0.64957505
later_00705,later,104895.27859,1.26990653
later_00706,later,83043.65747,0.75533323
later_00707,later,42872.84331,0.65159614
later_00708,later,15552.93616,0.67159021
later_00709,later,14242.25260,1.12708058
later_00710,later,55581.51780,0.53572184
later_00711,later,39225.61428,1.22394832
later_00712,later,74146.30419,0.53171240
later_00713,later,54304.78851,1.32224169
later_00714,later,42063.04581,1.34484699
later_00715,later,59580.48204,1.27859795
later_00716,later,163248.22808,0.59240001
later_00717,later,27766.57612,0.86878900
later_00718,later,125342.42993,0.93034069
later_00719,later,26142.38588,0.97215422
later_00720,later,62496.35854,1.48041547
later_00721,later,49179.73647,1.28743250
later_00722,later,16941.00057,0.67702733
later_00723,later,84728.46369,1.14311179
later_00724,later,56981.99757,1.30045339
later_00725,later,31282.95376,0.58552434
later_00726,later,47033.53592,1.49735190
later_00727,later,33226.73406,0.54288578
later_00728,later,29490.19454,1.28092657
later_00729,later,94300.43521,1.27435001
later_00730,later,43664.07782,1.07198450
later_00731,later,81595.98495,1.34244502
later_00732,later,70875.36469,1.49972284
later_00733,later,31217.14186,0.50492102
later_00734,later,36572.60255,1.02877947
later_00735,later,119328.35863,1.19902551
later_00736,later,40021.88817,0.52161832
later_00737,later,16152.47321,0.65812145
later_00738,later,30458.90658,0.53014657
later_00739,later,52881.45216,1.24022102
later_00740,later,61769.85312,1.30368423
later_00741,later,20695.14851,0.72369484
later_00742,later,77215.31395,1.47948093
later_00743,later,19672.56447,1.18412218
later_00744,later,45065.71133,1.04511156
later_00745,later,27321.57786,0.64256391
later_00746,later,48765.18826,1.33816954
later_00747,later,56600.23722,0.57592130
later_00748,later,21839.11520,1.02279437
later_00749,later,75371.67751,0.75908163
later_00750,later,9401.52657,0.53635307
later_00751,later,17445.78198,1.42371608
later_00752,later,37535.12283,1.10165879
later_00753,later,33287.22994,0.96977068
later_00754,later,80427.93400,1.19815344
later_00755,later,18123.01393,1.40818682
later_00756,later,55506.52290,0.69995289
later_00757,later,10411.81144,0.91540861
later_00758,later,24471.19026,0.99460489
later_00759,later,48578.38978,0.57281458
later_00760,later,37463.45670,0.82586531
later_00761,later,76345.09828,1.02593967
later_00762,later,16629.64012,0.82627813
later_00763,later,19708.96155,1.09158155
later_00764,later,97292.42650,0.94344969
later_00765,later,26941.24041,0.73480930
later_00766,later,35725.05168,0.75423128
later_00767,later,37843.08760,1.20043147
later_00768,later,106564.36344,0.70732700
later_00769,later,240969.33739,1.31000031
later_00770,later,91286.27270,0.71258465
later_00771,later,42235.44363,1.23437814
later_00772,later,22252.62330,0.86851409
later_00773,later,128672.95066,1.30550751
later_00774,later,10666.65171,1.07090393
later_00775,later,91418.56687,0.75120251
later_00776,later,283539.17397,0.86871872
later_00777,later,16834.46453,1.43257685
later_00778,later,38048.87587,0.50989221
later_00779,later,58541.69561,0.94537215
later_00780,later,28314.58362,1.44657527
later_00781,later,60863.88323,1.30486077
later_00782,later,35545.48760,1.47451245
later_00783,later,13015.55822,0.50665706
later_00784,later,18918.39180,0.74737520
later_00785,later,96016.15063,1.12564683
later_00786,later,27827.69947,0.86347133
later_00787,later,122676.85188,1.11209876
later_00788,later,29576.13840,1.36949119
later_00789,later,15925.88311,1.26991506
later_00790,later,47121.98321,1.24218638
later_00791,later,39855.63172,0.70641441
later_00792,later,55659.35155,1.26551463
later_00793,later,43193.57165,0.99499301
later_00794,later,139257.69372,1.47297445
later_00795,later,28031.02766,0.72653903
later_00796,later,27838.76413,1.17870478
later_00797,later,45465.11529,0.54350456
later_00798,later,37336.25792,1.16010232
later_00799,later,22363.28360,0.58279926
later_00800,later,123687.02376,1.46329383
later_00801,later,94945.58772,1.01198383
later_00802,later,19873.52745,0.93018056
later_00803,later,49979.64268,0.80321919
later_00804,later,191311.80455,1.40496533
later_00805,later,10525.97113,1.23929784
later_00806,later,94765.09873,1.18816969
later_00807,later,45415.66841,1.30226656
later_00808,later,22962.93564,0.74515453
later_00809,later,35051.45107,0.64601467
later_00810,later,37679.03320,1.42692768
later_00811,later,93467.00136,1.45883514
later_00812,later,104842.90703,0.96597967
later_00813,later,46205.82271,0.72097207
later_00814,later,31883.42594,1.03751155
later_00815,later,52988.77753,1.32502437
later_00816,later,192478.94383,0.62520670
later_00817,later,108906.79304,1.28572594
later_00818,later,53397.52707,0.68136337
later_00819,later,57394.02263,1.40817100
later_00820,later,72100.55306,1.08487821
later_00821,later,36526.66448,0.54435151
later_00822,later,136152.33463,0.68709510
later_00823,later,54183.53628,1.39735109
later_00824,later,65005.54385,0.51171851
later_00825,later,9647.89331,0.79592758
later_00826,later,48518.43735,0.70809479
later_00827,later,76024.53240,1.09100688
later_00828,later,313672.54217,0.66025968
later_00829,later,146196.00074,1.13484354
later_00830,later,53565.53364,0.93011886
later_00831,later,132785.49641,1.44727513
later_00832,later,17812.97119,0.80447296
later_00833,later,22406.57690,1.44974766
later_00834,later,76216.56233,1.00533916
later_00835,later,42563.19173,0.70564585
later_00836,later,101441.39984,0.64771004
later_00837,later,63961.49201,0.81841202
later_00838,later,98631.74164,1.00105949
later_00839,later,54214.72123,0.77909428
later_00840,later,138927.18099,0.56531894
later_00841,later,32258.90308,0.54649820
later_00842,later,244506.76445,0.98538761
later_00843,later,80522.40336,1.09256785
later_00844,later,42409.02407,1.12824903
later_00845,later,31182.07979,0.61202799
later_00846,later,34893.22085,0.62153186
later_00847,later,63518.65274,1.39626031
later_00848,later,25471.17866,0.53719878
later_00849,later,10535.19028,0.57355613
later_00850,later,20991.57587,0.74886014
later_00851,later,21580.14966,1.13238280
later_00852,later,41916.66223,0.99261171
later_00853,later,60280.82255,0.92264180
later_00854,later,311327.45184,0.54375375
later_00855,later,84787.74591,0.97536180
later_00856,later,32948.92350,0.77378751
later_00857,later,140956.01492,0.75002497
later_00858,later,32242.30224,1.18093784
later_00859,later,17425.20075,0.76950430
later_00860,later,60458.07650,0.67701796
later_00861,later,121993.96364,0.50532571
later_00862,later,62314.77951,0.85153108
later_00863,later,10727.98577,0.80597585
later_00864,later,165850.92342,0.50260361
later_00865,later,81566.89284,1.04224737
later_00866,later,42689.88446,0.86820591
later_00867,later,138563.93055,0.63696803
later_00868,later,63835.05474,0.99153223
later_00869,later,115127.34685,1.33349776
later_00870,later,29903.60604,1.45128312
later_00871,later,101747.28064,0.91322036
later_00872,later,181356.55418,0.79775029
later_00873,later,365252.25278,0.85997798
later_00874,later,64856.18989,1.00719673
later_00875,later,42802.81736,1.42976329
later_00876,later,17595.55873,0.99811255
later_00877,later,178360.45738,0.82491387
later_00878,later,37116.33146,0.63963789
later_00879,later,23562.24181,0.80385897
later_00880,later,54611.37819,0.89041432
later_00881,later,64098.16996,1.47462692
later_00882,later,86871.21941,1.31367882
later_00883,later,36036.26193,0.93428529
later_00884,later,56527.36023,1.29880129
later_00885,later,36086.29845,0.56102020
later_00886,later,44358.68233,0.68932123
later_00887,later,34129.74732,0.60779217
later_00888,later,43172.75211,0.81344342
later_00889,later,99636.44679,0.82010138
later_00890,later,20889.62167,1.09819845
later_00891,later,67181.96550,0.53704924
later_00892,later,19900.44617,0.59037454
later_00893,later,32668.59125,0.53166534
later_00894,later,37398.15154,1.46494169
later_00895,later,123420.11667,1.49749180
later_00896,later,104460.68891,1.45579360
later_00897,later,20895.71789,1.12738084
later_00898,later,21778.06677,1.27919687
later_00899,later,11967.51408,1.20659687
later_00900,later,18868.50335,1.13335541
later_00901,later,46031.79284,1.06986605
later_00902,later,39999.24666,1.07850218
later_00903,later,83489.95302,1.49473574
later_00904,later,168124.16838,0.72258224
later_00905,later,95767.08481,1.40522524
later_00906,later,25101.87906,1.03562382
later_00907,later,26503.28270,0.80338374
later_00908,later,13850.83549,1.41650125
later_00909,later,26770.48128,1.08825582
later_00910,later,32253.66840,0.71632803
later_00911,later,86240.61125,0.59080361
later_00912,later,45526.01236,0.72434625
later_00913,later,14405.61142,1.29946363
later_00914,later,25147.86543,1.46093325
later_00915,later,55494.48127,0.78813109
later_00916,later,67099.86514,0.65670231
later_00917,later,57092.35166,1.33840161
later_00918,later,113301.88580,1.38817006
later_00919,later,47674.56597,1.43885539
later_00920,later,74618.34101,1.40222948
later_00921,later,29241.04167,0.93883497
later_00922,later,41275.69417,0.86652986
later_00923,later,75173.22245,0.70497594
later_00924,later,117973.30140,1.15910224
later_00925,later,77178.67842,1.10279776
later_00926,later,45022.67358,0.56119285
later_00927,later,159109.53139,1.01149222
later_00928,later,46104.46316,0.59173352
later_00929,later,100202.17130,0.88798557
later_00930,later,32856.47860,0.68409198
later_00931,later,51411.29284,1.27560990
later_00932,later,52518.97370,1.37311390
later_00933,later,22037.41210,1.25850435
later_00934,later,42331.95307,0.57238782
later_00935,later,78762.96429,1.05190281
later_00936,later,82353.53097,0.53372654
later_00937,later,42027.94373,1.11508938
later_00938,later,32855.78802,0.92174573
later_00939,later,46766.35882,0.50482816
later_00940,later,37257.79951,1.24398674
later_00941,later,79833.53572,0.78854822
later_00942,later,44484.53755,0.67305121
later_00943,later,48531.60831,0.82229635
later_00944,later,23314.24809,0.81144565
later_00945,later,24649.69960,0.86920880
later_00946,later,61928.63852,1.28879346
later_00947,later,16453.42673,1.45605795
later_00948,later,154189.04676,1.32448131
later_00949,later,45036.50695,0.59707264
later_00950,later,101808.91968,1.46146479
later_00951,later,12783.50848,1.35509252
later_00952,later,36877.25708,1.28795409
later_00953,later,85181.68165,1.35966482
later_00954,later,15280.41704,0.59616771
later_00955,later,29848.07835,0.94684454
later_00956,later,28631.77144,1.48338368
later_00957,later,108072.33286,1.37827226
later_00958,later,23656.85094,0.59570225
later_00959,later,55388.41189,0.94142034
later_00960,later,28408.95222,1.28970335
later_00961,later,50023.55379,0.51021116
later_00962,later,15654.55571,0.85203241
later_00963,later,34480.86928,1.06451025
later_00964,later,35469.91110,0.62634541
later_00965,later,63255.89268,1.26870646
later_00966,later,122868.23219,1.45508017
later_00967,later,85185.00825,1.39934819
later_00968,later,22574.58928,1.08051731
later_00969,later,51096.72653,0.98696329
later_00970,later,103130.37458,1.20725949
later_00971,later,39248.61817,1.01371568
later_00972,later,29497.50954,1.28144060
later_00973,later,23687.54612,0.86421814
later_00974,later,32390.23125,0.67777724
later_00975,later,45911.78325,0.77018419
later_00976,later,35731.03415,0.85534738
later_00977,later,158747.23338,0.52939639
later_00978,later,44840.53574,0.63022277
later_00979,later,44927.78643,1.17400426
later_00980,later,39519.36138,0.58819918
later_00981,later,70113.93985,1.14999089
later_00982,later,67308.84143,1.09680101
later_00983,later,196228.30045,1.35493198
later_00984,later,49687.13613,1.08384281
later_00985,later,291230.70263,1.06261455
later_00986,later,62211.26764,1.07464808
later_00987,later,83156.15863,1.34164293
later_00988,later,29093.88468,0.76267333
later_00989,later,81872.89837,0.66233688
later_00990,later,54097.48224,0.54427380
later_00991,later,34504.97339,1.19430188
later_00992,later,37913.44740,1.11931761
later_00993,later,71840.89067,0.61562924
later_00994,later,31396.57245,0.66595333
later_00995,later,45614.52361,0.68547669
later_00996,later,27524.73994,0.75223977
later_00997,later,39022.22683,1.02093337
later_00998,later,123052.04218,0.87866717
later_00999,later,26551.77315,1.16210492
later_01000,later,51037.53096,0.97526913
later_01001,later,32974.02507,1.14735413
later_01002,later,111321.38245,1.07302098
later_01003,later,44540.90414,1.45192920
later_01004,later,9061.60370,1.20171881
later_01005,later,56285.38474,0.59876002
later_01006,later,52164.86293,0.58649949
later_01007,later,64584.77348,0.65980460
later_01008,later,11153.06288,1.38347642
later_01009,later,77400.48010,0.97996689
later_01010,later,22219.45731,0.77559195
later_01011,later,78125.89638,0.58340565
later_01012,later,48862.49747,1.32780920
later_01013,later,116848.10291,1.23356982
later_01014,later,57559.88381,0.86081929
later_01015,later,63006.14469,0.63531111
later_01016,later,71786.61708,1.19013719
later_01017,later,45985.82723,0.64907188
later_01018,later,60228.51037,1.30756764
later_01019,later,15185.81767,0.96229153
later_01020,later,10749.05717,0.79854762
later_01021,later,24607.77932,1.22430914
later_01022,later,45140.88115,0.51752001
later_01023,later,53835.41490,1.17875723
later_01024,later,38294.59710,0.70162207
later_01025,later,46669.50343,0.64923764
later_01026,later,55881.50162,0.95991277
later_01027,later,16686.10099,1.21468361
later_01028,later,35504.15424,1.02878164
later_01029,later,26307.64901,0.91693804
later_01030,later,21858.62975,1.08504069
later_01031,later,62837.45549,0.69410751
later_01032,later,33102.93679,1.01953606
later_01033,later,57920.56448,0.81315999
later_01034,later,18554.58516,0.74553759
later_01035,later,35903.15782,0.67357194
later_01036,later,46835.01418,0.72482259
later_01037,later,76934.95875,0.89602313
later_01038,later,65592.22944,0.82221180
later_01039,later,88448.70088,0.86816869
later_01040,later,19349.03518,0.79894055
later_01041,later,44153.59420,0.86734875
later_01042,later,66155.86415,0.93950424
later_01043,later,22659.87311,1.21746091
later_01044,later,29220.46774,0.81174449
later_01045,later,55748.30010,0.58197993
later_01046,later,35942.65202,1.20686635
later_01047,later,83358.53854,0.63877020
later_01048,later,36096.19902,0.68670325
later_01049,later,39377.05150,1.39631469
later_01050,later,49749.61544,0.96916544
later_01051,later,77614.85509,0.93040143
later_01052,later,50594.87727,0.76508272
later_01053,later,30337.65629,0.91335557
later_01054,later,36777.53854,1.14219144
later_01055,later,42525.70204,0.70878315
later_01056,later,85677.97153,1.34382474
later_01057,later,6761.25859,1.24499206
later_01058,later,113787.83931,1.43975453
later_01059,later,20890.90192,1.15618344
later_01060,later,62895.18342,1.00404069
later_01061,later,31638.79212,1.09274970
later_01062,later,106863.33243,1.29407034
later_01063,later,104645.66891,1.15328286
later_01064,later,255633.37447,1.45069512
later_01065,later,63382.99444,0.80647477
later_01066,later,42565.23908,1.24012940
later_01067,later,72415.61649,1.24298232
later_01068,later,86326.70859,0.82676053
later_01069,later,53346.43797,1.44466412
later_01070,later,121501.13401,0.89003527
later_01071,later,63846.96386,1.39953816
later_01072,later,46557.19768,0.79351403
later_01073,later,20926.71715,0.93664222
later_01074,later,31989.89764,0.63289144
later_01075,later,59860.07075,1.08550929
later_01076,later,41286.20988,1.14117235
later_01077,later,47285.23645,1.37193087
later_01078,later,40322.19483,0.61350062
later_01079,later,58700.59299,1.17896482
later_01080,later,89067.41451,1.18556305
later_01081,later,70336.69712,0.60088480
later_01082,later,38316.88065,0.98631880
later_01083,later,100397.27315,1.35971005
later_01084,later,22248.03798,0.82670074
later_01085,later,16240.36647,0.74000371
later_01086,later,67629.14097,0.78728251
later_01087,later,38594.38943,1.40513805
later_01088,later,21503.88355,0.75738086
later_01089,later,41855.13197,1.18569159
later_01090,later,82223.74262,1.10051669
later_01091,later,102907.25122,1.48899047
later_01092,later,32211.98354,0.59018083
later_01093,later,37011.70203,0.72077529
later_01094,later,130630.64322,1.20485783
later_01095,later,96017.47529,1.01729271
later_01096,later,52588.53839,1.36607604
later_01097,later,119430.30855,1.11411113
later_01098,later,51826.52329,1.22935996
later_01099,later,64392.96949,0.67239984
later_01100,later,74499.57919,1.04570695
later_01101,later,53246.98386,1.01142216
later_01102,later,23547.40507,1.03371787
later_01103,later,39855.15195,1.02854127
later_01104,later,113273.44011,0.79491232
later_01105,later,27507.90524,1.30864186
later_01106,later,78817.09789,0.91712698
later_01107,later,66429.63061,1.04299544
later_01108,later,77315.32222,0.90267342
later_01109,later,123989.24862,0.59987441
later_01110,later,134238.63751,0.90213091
later_01111,later,146533.38598,1.30392291
later_01112,later,12011.48995,0.98311015
later_01113,later,37880.30253,1.36817081
later_01114,later,22938.43586,0.99403041
later_01115,later,33636.13339,1.35986214
later_01116,later,71714.79861,1.01549419
later_01117,later,142565.61671,1.10496258
later_01118,later,14950.45260,0.65509273
later_01119,later,38844.68507,1.42405981
later_01120,later,105348.32089,0.71817665
later_01121,later,47882.61441,0.66150583
later_01122,later,33439.14202,1.03440518
later_01123,later,44447.67404,0.97719028
later_01124,later,24405.61066,1.17758290
later_01125,later,17993.14335,0.87113172
later_01126,later,15981.33510,0.99502293
later_01127,later,34195.65985,0.75883309
later_01128,later,39334.47980,0.94605883
later_01129,later,67875.57414,1.33848420
later_01130,later,28980.67662,1.45847906
later_01131,later,124747.87661,1.26004721
later_01132,later,18910.92447,0.73565114
later_01133,later,132666.24837,1.09144781
later_01134,later,68994.12856,0.66115678
later_01135,later,47057.38798,0.55121128
later_01136,later,42777.96416,1.08461266
later_01137,later,38694.26761,0.58391046
later_01138,later,49085.62298,0.86623849
later_01139,later,98551.53989,0.72418803
later_01140,later,44924.95903,1.38772554
later_01141,later,214056.53472,1.19673761
later_01142,later,47343.42278,0.79430641
later_01143,later,135253.93258,0.86426953
later_01144,later,30215.82148,0.95092430
later_01145,later,18027.13435,1.04441510
later_01146,later,35804.16628,0.91434452
later_01147,later,67646.63595,0.77199492
later_01148,later,46449.80340,1.20425599
later_01149,later,191038.70147,0.57286186
later_01150,later,669617.51811,0.62979241
later_01151,later,11248.03868,0.93010004
later_01152,later,57985.75534,0.61720678
later_01153,later,33125.24235,1.33720840
later_01154,later,96663.86402,0.97384239
later_01155,later,56609.24082,1.22930947
later_01156,later,15960.27290,1.02849056
later_01157,later,99377.81063,0.65372886
later_01158,later,129581.42652,0.59938073
later_01159,later,184821.19912,1.38886608
later_01160,later,130031.67829,1.38406824
later_01161,later,63699.89566,0.56098266
later_01162,later,6647.83117,0.68034369
later_01163,later,113541.87519,1.38933858
later_01164,later,76673.18046,1.35034133
later_01165,later,37749.02053,1.34240381
later_01166,later,70727.73436,0.69427874
later_01167,later,9601.57054,1.36628558
later_01168,later,69580.78111,0.97101768
later_01169,later,123961.09767,0.62604080
later_01170,later,64976.13262,1.29108479
later_01171,later,67253.06352,1.18708641
later_01172,later,159679.22456,1.08461413
later_01173,later,18596.61329,0.84239372
later_01174,later,68663.75133,0.62168948
later_01175,later,101386.25496,1.44367945
later_01176,later,50638.07723,0.74739886
later_01177,later,72722.75008,0.82249396
later_01178,later,59800.92578,0.52855411
later_01179,later,118480.21304,0.60993653
later_01180,later,133477.07164,1.27501757
later_01181,later,16662.21127,1.17231094
later_01182,later,71440.81346,0.96479584
later_01183,later,80046.93120,1.42481871
later_01184,later,27987.11058,1.29297200
later_01185,later,23364.73592,1.21479218
later_01186,later,103441.50562,1.48732178
later_01187,later,134874.52912,1.12635181
later_01188,later,53698.48609,0.66386663
later_01189,later,39913.78028,0.99728071
later_01190,later,63778.79671,1.38932949
later_01191,later,60513.08233,1.12487562
later_01192,later,54619.11570,0.77714118
later_01193,later,56817.69186,0.91773472
later_01194,later,76916.79041,0.77331207
later_01195,later,44100.30551,0.70347909
later_01196,later,53147.33078,1.49070494
later_01197,later,22370.88757,1.06022278
later_01198,later,25807.68936,0.66008524
later_01199,later,28789.47425,1.18237529
later_01200,later,172812.89013,0.57194754
later_01201,later,21447.75747,1.37180865
later_01202,later,10906.92511,1.00473126
later_01203,later,46158.19997,1.38837237
later_01204,later,27864.96829,1.02561470
later_01205,later,98745.06537,0.78843053
later_01206,later,86040.23994,0.57861783
later_01207,later,41637.64679,0.62033217
later_01208,later,38575.91528,1.41350700
later_01209,later,27391.38540,1.28430798
later_01210,later,195196.91715,1.04384097
later_01211,later,89074.88382,0.94023283
later_01212,later,35408.35634,1.35123061
later_01213,later,107819.39951,1.48597396
later_01214,later,39823.67135,1.13647198
later_01215,later,77332.84158,1.02424375
later_01216,later,21404.66421,0.89176557
later_01217,later,31156.74285,1.12835574
later_01218,later,111348.02032,1.49199094
later_01219,later,26090.15009,1.02823371
later_01220,later,41325.25272,0.77444343
later_01221,later,21719.56363,1.35422528
later_01222,later,28570.36164,1.31506781
later_01223,later,46179.37955,0.63123177
later_01224,later,8785.10007,1.13489124
later_01225,later,15578.49970,1.26915043
later_01226,later,8562.72499,0.81431581
later_01227,later,38233.62016,0.50823935
later_01228,later,38218.43679,1.05060424
later_01229,later,21823.91675,1.15246637
later_01230,later,20684.29965,1.04990063
later_01231,later,42081.37858,0.84761345
later_01232,later,49112.98296,0.60035909
later_01233,later,64266.46119,0.89444861
later_01234,later,38504.13775,0.89987808
later_01235,later,26404.35898,0.56959623
later_01236,later,102639.60452,0.94735495
later_01237,later,30763.03421,1.05958754
later_01238,later,59068.36114,0.66426341
later_01239,later,20267.53956,1.42511919
later_01240,later,68890.07926,1.40481296
later_01241,later,21475.17419,0.56396399
later_01242,later,84069.40995,1.39762063
later_01243,later,30663.27588,0.89871472
later_01244,later,34903.03094,0.77272135
later_01245,later,203499.52174,1.27399833
later_01246,later,55393.48547,1.14135684
later_01247,later,52914.98783,0.80317433
later_01248,later,27869.96103,0.73272568
later_01249,later,37933.31929,0.99513774
later_01250,later,26943.84726,1.10662725
later_01251,later,26158.65059,1.35403685
later_01252,later,54973.72635,1.03824958
later_01253,later,29162.31082,1.21861640
later_01254,later,21919.51574,0.79769887
later_01255,later,24966.02538,1.10698172
later_01256,later,61395.19346,1.29527895
later_01257,later,30613.21301,0.95349146
later_01258,later,39199.96977,0.51670895
later_01259,later,118639.17092,0.99438619
later_01260,later,59606.96350,0.60725530
later_01261,later,13972.61588,0.99514561
later_01262,later,59102.42799,1.33690553
later_01263,later,25142.85662,1.49246980
later_01264,later,56357.97396,1.26577609
later_01265,later,57179.90655,0.76373102
later_01266,later,59751.12100,1.03657340
later_01267,later,98529.00936,1.17565904
later_01268,later,26625.84346,0.78156152
later_01269,later,68429.56322,1.13180675
later_01270,later,12797.94958,1.41874802
later_01271,later,19975.15506,1.26018681
later_01272,later,47647.71892,1.09233783
later_01273,later,165827.17822,0.81849798
later_01274,later,14674.94446,0.73668464
later_01275,later,80395.58624,0.85622324
later_01276,later,73589.68219,0.80019299
later_01277,later,29082.11045,0.56333011
later_01278,later,37610.36968,0.57177838
later_01279,later,19407.14642,1.15639619
later_01280,later,107523.28361,1.12038531
later_01281,later,36552.44096,1.28453923
later_01282,later,26240.62900,0.81603850
later_01283,later,19830.37006,1.30931859
later_01284,later,58671.08842,0.88483939
later_01285,later,150973.79555,1.00785572
later_01286,later,59460.38295,1.32182948
later_01287,later,21287.44497,0.94054287
later_01288,later,318845.50597,0.75077081
later_01289,later,43777.27149,0.62950857
later_01290,later,26965.97824,0.72720743
later_01291,later,30003.78485,1.03386155
later_01292,later,40155.33947,0.51360207
later_01293,later,152823.92447,0.50521004
later_01294,later,13032.47546,1.26510418
later_01295,later,20435.19984,1.07713916
later_01296,later,18555.67549,0.91483767
later_01297,later,46737.04359,1.27654191
later_01298,later,23585.98061,1.26228917
later_01299,later,40078.11722,1.46000891
later_01300,later,52806.14417,1.44345097
later_01301,later,45630.59190,0.58250732
later_01302,later,25741.45966,0.95152160
later_01303,later,46888.59363,1.37193891
later_01304,later,55324.35751,1.31674495
later_01305,later,26761.41881,0.75040357
later_01306,later,16430.71149,1.10778790
later_01307,later,15622.00746,1.07108759
later_01308,later,49922.88456,0.68249403
later_01309,later,79186.39526,1.10442973
later_01310,later,64923.86337,0.55429833
later_01311,later,24851.98591,0.51263152
later_01312,later,117511.99490,1.28202432
later_01313,later,42167.80345,1.22882793
later_01314,later,48592.51543,0.93490251
later_01315,later,130161.43439,1.40717231
later_01316,later,35128.83596,0.67429919
later_01317,later,73893.26193,1.24651513
later_01318,later,64447.48910,0.78922194
later_01319,later,9145.11686,1.09491312
later_01320,later,126625.37278,0.94268261
later_01321,later,53523.32644,0.82158383
later_01322,later,13351.72203,1.39287299
later_01323,later,148324.83932,1.19230466
later_01324,later,86874.72493,1.36206964
later_01325,later,244819.19365,0.86079131
later_01326,later,13223.82446,0.75694649
later_01327,later,21681.62369,1.07503126
later_01328,later,53908.58439,1.11287324
later_01329,later,43558.11056,0.83287582
later_01330,later,40430.20515,1.14980867
later_01331,later,40740.42151,1.19345322
later_01332,later,84228.81448,1.35834591
later_01333,later,46501.24640,1.23573248
later_01334,later,18292.62644,1.18619514
later_01335,later,18582.05636,1.47686176
later_01336,later,61903.08912,1.32809132
later_01337,later,13223.15837,1.14340115
later_01338,later,16918.86693,1.42495666
later_01339,later,38809.18229,0.80480874
later_01340,later,68622.00242,0.70929868
later_01341,later,40744.23119,1.33012398
later_01342,later,33627.46594,1.11320117
later_01343,later,91695.04342,0.92175687
later_01344,later,63916.57634,0.97174234
later_01345,later,31321.61377,0.93569007
later_01346,later,74379.80051,0.61634852
later_01347,later,107860.16283,0.99047437
later_01348,later,39387.08107,0.52263487
later_01349,later,39455.94974,0.86788340
later_01350,later,69579.90056,0.79755932
later_01351,later,68518.96353,1.12451006
later_01352,later,20888.87441,1.00644357
later_01353,later,48981.60341,1.43549027
later_01354,later,28370.03289,0.98369392
later_01355,later,15619.92036,0.93569441
later_01356,later,89859.06357,1.22835161
later_01357,later,23446.51657,1.35975157
later_01358,later,55826.50312,1.17418615
later_01359,later,75558.72885,0.90167537
later_01360,later,84907.72373,0.52914918
later_01361,later,22998.67253,0.72267859
later_01362,later,39124.73868,1.42997635
later_01363,later,39782.21012,1.25799295
later_01364,later,100536.99291,1.23756530
later_01365,later,35681.90529,0.95441721
later_01366,later,158603.41347,1.42532812
later_01367,later,56311.72323,0.90636077
later_01368,later,18920.66436,0.95173947
later_01369,later,29697.78869,0.89040535
later_01370,later,16717.00675,0.82349928
later_01371,later,83201.97172,0.58985501
later_01372,later,25924.95473,1.09983023
later_01373,later,26133.27842,1.20165557
later_01374,later,108653.55908,0.70233797
later_01375,later,66236.89402,1.44714275
later_01376,later,131656.13959,1.42687533
later_01377,later,94886.59920,0.65894337
later_01378,later,51795.13932,1.49921390
later_01379,later,146625.98231,1.37654628
later_01380,later,55906.54574,1.25895079
later_01381,later,60364.35062,1.22127695
later_01382,later,33322.33294,0.52113442
later_01383,later,37719.45076,0.87601264
later_01384,later,42597.83957,0.95767434
later_01385,later,74080.32741,1.02252044
later_01386,later,97845.01642,1.07091304
later_01387,later,29863.55990,1.36239576
later_01388,later,72407.95681,1.04336802
later_01389,later,82393.00650,1.28311779
later_01390,later,26993.02197,1.11150734
later_01391,later,106400.72573,1.11480644
later_01392,later,49413.17754,0.59299275
later_01393,later,51894.97344,1.36191868
later_01394,later,35753.84981,0.63969452
later_01395,later,32957.73622,1.43462511
later_01396,later,30783.70258,0.55881792
later_01397,later,19045.96257,0.53733148
later_01398,later,18633.74239,0.96843247
later_01399,later,28391.04615,1.49181016
later_01400,later,54390.02750,1.01142531
later_01401,later,19581.76056,1.36965695
later_01402,later,276726.09600,0.94908366
later_01403,later,75078.17164,0.67794696
later_01404,later,96539.14479,1.34091186
later_01405,later,165630.33300,0.89871093
later_01406,later,23102.32451,1.26222094
later_01407,later,61869.52902,0.59799163
later_01408,later,19299.37064,1.45941177
later_01409,later,93510.65602,1.43410219
later_01410,later,23525.72562,1.36282246
later_01411,later,48703.16683,1.17652246
later_01412,later,63682.35748,1.15481527
later_01413,later,59025.10974,1.11340638
later_01414,later,45369.50820,0.57196161
later_01415,later,86299.40955,1.46822065
later_01416,later,34245.33481,1.18148333
later_01417,later,76190.84006,0.75786268
later_01418,later,66775.29771,1.12425862
later_01419,later,53162.57059,0.68902004
later_01420,later,132666.56607,1.29300558
later_01421,later,217600.59168,0.93386801
later_01422,later,79961.64931,0.94570959
later_01423,later,60839.45354,1.45929834
later_01424,later,16142.85290,0.98125371
later_01425,later,22011.39595,0.62302417
later_01426,later,59148.11505,0.84839552
later_01427,later,72682.39691,1.49946644
later_01428,later,92105.16644,1.43896768
later_01429,later,129420.77253,0.88886124
later_01430,later,61743.29432,0.84425555
later_01431,later,49357.06112,1.19190154
later_01432,later,66168.07050,0.95054555
later_01433,later,33720.82405,0.68418801
later_01434,later,145502.94994,1.33907439
later_01435,later,10119.73405,0.59517537
later_01436,later,56401.37798,1.12785974
later_01437,later,31099.69348,1.01022287
later_01438,later,53733.27514,0.91232161
later_01439,later,29975.36895,1.03175465
later_01440,later,71193.26176,0.61337211
later_01441,later,65113.49520,0.77245202
later_01442,later,20452.89994,0.78822938
later_01443,later,42309.05179,1.39452923
later_01444,later,55108.34346,1.13503327
later_01445,later,43610.52686,1.35303945
later_01446,later,187643.59881,1.18174294
later_01447,later,37003.02166,0.61848880
later_01448,later,39971.09268,0.86835268
later_01449,later,110313.15119,0.98085982
later_01450,later,7302.44808,0.66495672
later_01451,later,11988.48923,1.00335941
later_01452,later,236461.00455,0.68894384
later_01453,later,140121.85446,0.74188424
later_01454,later,61151.89803,1.43289763
later_01455,later,51730.21014,0.97940377
later_01456,later,28360.63139,0.87724524
later_01457,later,12732.50402,1.11969381
later_01458,later,27289.62808,1.37322729
later_01459,later,28982.04041,1.43659010
later_01460,later,67468.52156,1.48188261
later_01461,later,79471.64035,0.73113482
later_01462,later,70008.59131,1.27960992
later_01463,later,22403.24411,0.80784248
later_01464,later,113828.59144,0.69090716
later_01465,later,53733.19504,0.93507695
later_01466,later,17999.58413,0.54848339
later_01467,later,30092.61080,0.88641751
later_01468,later,66283.91977,1.49778564
later_01469,later,19009.57400,1.26613030
later_01470,later,59513.75206,1.45143152
later_01471,later,71394.87873,0.87294005
later_01472,later,33772.43765,0.88087597
later_01473,later,14884.34723,1.13565094
later_01474,later,47015.95929,0.83772741
later_01475,later,79580.62380,0.58291626
later_01476,later,43344.28367,1.40925232
later_01477,later,51634.41961,1.47177571
later_01478,later,60242.09842,0.83138242
later_01479,later,33166.42172,1.33631377
later_01480,later,31070.62624,0.65939081
later_01481,later,12572.34356,1.06871789
later_01482,later,46234.36673,1.44339629
later_01483,later,109894.20430,0.79222938
later_01484,later,55222.94904,0.54851931
later_01485,later,89182.22179,1.47698278
later_01486,later,45530.20889,1.13283113
later_01487,later,39502.65681,0.64870473
later_01488,later,76590.95007,1.39474254
later_01489,later,50272.23631,0.88990184
later_01490,later,241948.82221,1.19277526
later_01491,later,140214.13226,1.11028497
later_01492,later,67581.98405,0.79540414
later_01493,later,99362.48877,0.76135951
later_01494,later,45541.80378,1.28437275
later_01495,later,93103.13520,1.26571257
later_01496,later,49742.56765,0.85179384
later_01497,later,33633.36751,1.09030556
later_01498,later,89154.96474,0.98735386
later_01499,later,53788.02823,1.49385500
later_01500,later,22254.01730,1.36284751
later_01501,later,65532.94615,1.23664876
later_01502,later,41480.50331,1.20974023
later_01503,later,68470.77689,1.42988678
later_01504,later,51208.47575,0.50290668
later_01505,later,31975.36459,0.98952035
later_01506,later,51355.22193,0.86815418
later_01507,later,27288.57774,0.98021676
later_01508,later,47989.85631,1.09130504
later_01509,later,24916.66528,0.85138163
later_01510,later,53650.25183,1.09167154
later_01511,later,29614.64342,1.26931867
later_01512,later,163059.10523,0.80393126
later_01513,later,43719.26713,0.85442846
later_01514,later,52267.34993,1.12396536
later_01515,later,117347.33815,0.55962012
later_01516,later,54759.16069,1.35712609
later_01517,later,89583.83741,0.51599807
later_01518,later,23988.08190,0.92059871
later_01519,later,50634.12642,0.64358684
later_01520,later,68304.32447,0.57812036
later_01521,later,147318.12972,0.69236690
later_01522,later,48480.40056,1.01254249
later_01523,later,59431.00636,1.29886562
later_01524,later,83084.32988,0.92589725
later_01525,later,17332.36781,1.03911384
later_01526,later,60384.78024,1.10165441
later_01527,later,28898.16059,1.48865876
later_01528,later,178921.88518,0.64308429
later_01529,later,31987.56233,0.67297174
later_01530,later,45971.36474,0.73889337
later_01531,later,23534.07768,1.29155477
later_01532,later,281261.10506,1.24702345
later_01533,later,43964.71391,0.74516002
later_01534,later,37074.75468,1.41933615
later_01535,later,98610.92170,1.03844105
later_01536,later,22790.61324,1.06858820
later_01537,later,40684.56985,1.28960538
later_01538,later,128010.51182,1.00341975
later_01539,later,8632.98182,0.65434845
later_01540,later,13193.02300,0.94721074
later_01541,later,30386.15461,0.61392223
later_01542,later,44100.28346,0.74735962
later_01543,later,34599.70469,0.52072927
later_01544,later,105824.10318,1.38509670
later_01545,later,71714.18685,0.71478398
later_01546,later,22755.18248,0.52611904
later_01547,later,49247.41228,0.71646770
later_01548,later,33044.96045,1.40569139
later_01549,later,33989.81368,1.45790523
later_01550,later,9149.70895,0.88111137
later_01551,later,13842.96721,1.32069479
later_01552,later,70836.33451,0.61269611
later_01553,later,52503.76414,0.93808620
later_01554,later,16636.14805,1.47296264
later_01555,later,20954.29208,0.91863315
later_01556,later,20911.47890,0.65434435
later_01557,later,36502.08519,0.93977732
later_01558,later,125748.36104,0.66862192
later_01559,later,42717.50064,1.00096286
later_01560,later,19670.81990,0.56718026
later_01561,later,104676.16905,0.70610253
later_01562,later,55689.26990,1.32276516
later_01563,later,16618.75996,1.47405610
later_01564,later,262075.19350,0.97303429
later_01565,later,73380.95030,0.62283353
later_01566,later,64664.84086,1.40825686
later_01567,later,36623.35197,0.59828099
later_01568,later,18641.00212,0.80800547
later_01569,later,19131.66073,0.72650892
later_01570,later,11303.90751,1.08877440
later_01571,later,56469.59615,1.24975522
later_01572,later,25405.87573,1.06744296
later_01573,later,76353.14891,1.25735971
later_01574,later,77755.74036,1.28290936
later_01575,later,80748.65071,0.74074956
later_01576,later,10701.83360,0.62839171
later_01577,later,22736.58304,0.65257053
later_01578,later,17908.54496,0.84181702
later_01579,later,65332.27653,0.76249203
later_01580,later,58804.64025,1.37890452
later_01581,later,23420.15564,1.15156024
later_01582,later,63833.65510,0.59086702
later_01583,later,65230.39562,1.21313091
later_01584,later,28474.59513,0.69312745
later_01585,later,70911.84541,1.26424921
later_01586,later,31055.97538,0.59795928
later_01587,later,30331.59110,0.93319427
later_01588,later,38315.34987,0.84724654
later_01589,later,14047.25726,0.84721480
later_01590,later,31848.22835,0.67417947
later_01591,later,26587.93361,1.28936313
later_01592,later,65908.87454,0.81630089
later_01593,later,19405.25161,1.00883603
later_01594,later,25237.95017,0.64015552
later_01595,later,23618.20743,0.96838719
later_01596,later,92837.67506,1.19525485
later_01597,later,31393.70104,1.09573078
later_01598,later,103097.28712,1.42846343
later_01599,later,47723.72217,0.89551090
later_01600,later,44306.90805,1.34757415
later_01601,later,15190.89053,0.59157287
later_01602,later,181779.45236,1.40439345
later_01603,later,47353.99318,0.61183007
later_01604,later,76406.59212,1.11396941
later_01605,later,94283.73162,1.25922184
later_01606,later,77926.28693,1.33050184
later_01607,later,50108.55569,0.77538708
later_01608,later,41225.26141,1.12543936
later_01609,later,12664.87659,0.50385672
later_01610,later,26086.57923,1.38144306
later_01611,later,32089.59470,0.65069867
later_01612,later,52427.43708,0.81536011
later_01613,later,28398.72983,0.74547559
later_01614,later,25458.14313,0.63583627
later_01615,later,40188.19955,0.72344993
later_01616,later,38659.21383,1.01788585
later_01617,later,119196.61938,0.90379716
later_01618,later,18020.54391,0.58301705
later_01619,later,62724.37619,0.64668043
later_01620,later,50565.40758,0.59294695
later_01621,later,123316.96247,1.00446226
later_01622,later,35084.15456,0.87454687
later_01623,later,67118.61674,1.40068594
later_01624,later,69552.76373,0.83987480
later_01625,later,180154.40597,0.72019534
later_01626,later,18591.36497,0.84849897
later_01627,later,66359.13568,1.27780843
later_01628,later,45655.80406,1.00271298
later_01629,later,179959.99164,1.27436270
later_01630,later,70573.71451,0.71197041
later_01631,later,82512.69937,0.50540241
later_01632,later,38092.69834,0.93899946
later_01633,later,24355.25070,0.91262476
later_01634,later,25873.95738,1.39482469
later_01635,later,70813.45597,0.69319816
later_01636,later,91935.10924,0.85087375
later_01637,later,32970.79153,1.13099716
later_01638,later,16904.09004,1.28569038
later_01639,later,47305.51688,0.78091377
later_01640,later,302089.91692,1.06086198
later_01641,later,84874.51439,1.34454459
later_01642,later,17559.96984,1.17700240
later_01643,later,39277.99584,1.36211423
later_01644,later,75552.52585,1.03430979
later_01645,later,148758.36784,1.00486795
later_01646,later,32500.77738,0.57052210
later_01647,later,21906.84277,1.30026389
later_01648,later,73426.29898,0.76758221
later_01649,later,50360.87430,0.89216746
later_01650,later,100861.56963,1.06385161
later_01651,later,34371.52982,1.31680773
later_01652,later,52879.82989,1.24235188
later_01653,later,29299.88784,0.75883181
later_01654,later,7395.58867,0.74796713
later_01655,later,48940.37988,0.58689509
later_01656,later,46666.76132,1.38938577
later_01657,later,42856.59167,0.91409946
later_01658,later,34439.35782,1.00999584
later_01659,later,30994.70181,1.47255576
later_01660,later,118726.53366,0.92810328
later_01661,later,109561.67100,1.03212823
later_01662,later,467140.55112,0.94230062
later_01663,later,44623.04229,1.03448638
later_01664,later,61467.93870,0.93173270
later_01665,later,51635.97977,0.56220898
later_01666,later,39608.44900,0.62970586
later_01667,later,27230.33466,0.64463385
later_01668,later,20769.11410,0.86675075
later_01669,later,83283.32986,0.50143829
later_01670,later,16076.38111,1.14092086
later_01671,later,75402.19628,0.66752249
later_01672,later,62954.34852,1.16258525
later_01673,later,76267.58976,0.64622242
later_01674,later,34558.96156,0.99482930
later_01675,later,22695.60281,1.39846873
later_01676,later,105787.09875,0.91790093
later_01677,later,23809.10239,1.02010166
later_01678,later,90008.87752,0.67868954
later_01679,later,29980.41114,1.23941380
later_01680,later,31430.17813,1.11924152
later_01681,later,85082.14588,1.45265889
later_01682,later,62139.72881,0.94905661
later_01683,later,51108.30071,0.83723888
later_01684,later,56397.94774,1.04247590
later_01685,later,37372.29596,0.74348320
later_01686,later,47884.77223,1.41477950
later_01687,later,65638.97760,0.98471664
later_01688,later,104376.88605,0.83930977
later_01689,later,75049.10293,1.49929899
later_01690,later,46399.16377,1.05865487
later_01691,later,28029.97512,1.48472764
later_01692,later,22695.37268,1.32688632
later_01693,later,32980.55500,0.94844805
later_01694,later,34091.39426,1.01729371
later_01695,later,54950.80497,1.03202223
later_01696,later,84842.68171,1.29058400
later_01697,later,51438.77088,1.33135361
later_01698,later,107892.90809,1.06860383
later_01699,later,26166.60052,1.40587160
later_01700,later,210397.25113,1.43401288
later_01701,later,30134.95801,0.90542877
later_01702,later,143070.14921,0.85807000
later_01703,later,62460.71953,1.02862090
later_01704,later,50027.53828,0.75125898
later_01705,later,37296.05480,0.90567582
later_01706,later,289128.23958,0.95086906
later_01707,later,36886.02872,1.06556418
later_01708,later,59541.23676,0.56427869
later_01709,later,10662.56722,1.00037370
later_01710,later,63136.48950,1.22543866
later_01711,later,35832.39282,0.57729178
later_01712,later,53493.61701,0.68505687
later_01713,later,59648.73880,1.38935870
later_01714,later,40379.08160,1.36488519
later_01715,later,50405.97189,1.12840098
later_01716,later,18029.17340,1.37869077
later_01717,later,30534.70301,0.73611039
later_01718,later,106361.83369,0.75798080
later_01719,later,468808.34271,0.63241912
later_01720,later,60538.58439,1.06173867
later_01721,later,40443.55202,0.93624035
later_01722,later,57536.65631,0.71821024
later_01723,later,48463.00177,1.17690454
later_01724,later,74981.01939,1.00543410
later_01725,later,116425.66182,0.68893269
later_01726,later,29713.87276,0.55055087
later_01727,later,19074.80599,1.36014240
later_01728,later,70630.55630,1.45348098
later_01729,later,101720.45355,0.69582157
later_01730,later,10578.31415,0.59079735
later_01731,later,71592.32378,0.71319968
later_01732,later,45713.22529,0.83590605
later_01733,later,62766.72276,1.02346537
later_01734,later,21375.79773,0.54970197
later_01735,later,11772.34521,1.35689299
later_01736,later,51052.22304,1.20916751
later_01737,later,44932.35366,0.77313718
later_01738,later,57316.62118,0.75924998
later_01739,later,107399.22137,1.46508678
later_01740,later,26117.85773,1.14060129
later_01741,later,35693.15447,1.15051862
later_01742,later,70041.44768,0.54136280
later_01743,later,47260.13535,1.19270417
later_01744,later,43973.70399,1.40557797
later_01745,later,68468.10060,0.90004589
later_01746,later,111237.98489,1.05098109
later_01747,later,32905.34780,0.72756366
later_01748,later,72782.23532,1.31153287
later_01749,later,39463.25954,0.73707890
later_01750,later,13181.72999,1.36112774
later_01751,later,33740.90699,1.23545041
later_01752,later,20148.78776,0.84462731
later_01753,later,61368.39698,1.28694175
later_01754,later,26993.98107,1.08372594
later_01755,later,61622.74361,1.04443598
later_01756,later,195872.13791,0.62066406
later_01757,later,33395.64631,1.01186303
later_01758,later,80376.07585,0.64962157
later_01759,later,23149.85363,1.29320807
later_01760,later,61408.82186,0.91261845
later_01761,later,40520.95633,0.73710271
later_01762,later,106071.83558,1.38941275
later_01763,later,31270.35338,0.90067918
later_01764,later,19920.22750,1.36943350
later_01765,later,82618.91034,0.64331372
later_01766,later,19795.20576,1.09379445
later_01767,later,63953.55738,0.85723504
later_01768,later,52382.65478,1.19404081
later_01769,later,30278.24267,0.64101073
later_01770,later,55475.35725,1.31456721
later_01771,later,158907.42904,0.86849059
later_01772,later,29887.95280,1.11423136
later_01773,later,49862.11930,0.76895171
later_01774,later,11858.05887,0.95705974
later_01775,later,55158.81994,1.28243064
later_01776,later,38303.43837,0.88788435
later_01777,later,46124.37651,0.92911152
later_01778,later,58139.73986,0.95138016
later_01779,later,11148.20728,0.75990201
later_01780,later,39248.64001,0.55616674
later_01781,later,60020.66749,0.98932308
later_01782,later,53593.63090,0.75792176
later_01783,later,50798.25093,1.04277869
later_01784,later,20688.85777,0.99626893
later_01785,later,34434.19727,0.78626512
later_01786,later,34455.60426,0.68297646
later_01787,later,17174.82510,0.93113568
later_01788,later,35929.11506,1.27639951
later_01789,later,43752.97689,0.81428706
later_01790,later,40109.75459,1.38527230
later_01791,later,42320.38346,0.75136976
later_01792,later,164014.33089,0.70342996
later_01793,later,39493.95449,0.73725369
later_01794,later,49290.89918,1.32292013
later_01795,later,55130.04401,1.32522743
later_01796,later,45821.13796,0.93645137
later_01797,later,71355.76915,0.67417684
later_01798,later,52022.63141,0.73972241
later_01799,later,20875.13133,0.68503776
later_01800,later,12085.70905,0.79557921
later_01801,later,54804.93381,1.08280630
later_01802,later,41530.66447,0.77286246
later_01803,later,17941.59710,0.86302485
later_01804,later,87988.79140,0.91754104
later_01805,later,13849.57953,0.77301962
later_01806,later,22517.04535,1.02891508
later_01807,later,44502.16746,0.50618343
later_01808,later,92631.17497,1.33145543
later_01809,later,23030.64901,0.82634276
later_01810,later,36751.26720,0.85436293
later_01811,later,44193.54733,1.42048619
later_01812,later,23744.45859,0.70229438
later_01813,later,60924.55511,0.87195458
later_01814,later,23067.73761,1.45640891
later_01815,later,76044.28327,0.71760970
later_01816,later,13455.30560,0.96757916
later_01817,later,114353.82999,1.47498636
later_01818,later,25180.04589,0.86031283
later_01819,later,87676.30722,0.53045761
later_01820,later,26522.30361,1.47942890
later_01821,later,31828.64683,0.54559247
later_01822,later,43552.12444,0.80827175
later_01823,later,28444.84273,1.40489251
later_01824,later,29172.81867,0.73023897
later_01825,later,159744.97546,1.49325963
later_01826,later,105042.19765,0.89914373
later_01827,later,44565.84486,0.56843182
later_01828,later,99330.54355,0.55388210
later_01829,later,19251.94473,0.51315258
later_01830,later,91835.93334,1.07161399
later_01831,later,20884.04560,1.30001944
later_01832,later,54627.86535,0.62504598
later_01833,later,65536.27222,1.26925475
later_01834,later,46270.29108,1.09096421
later_01835,later,20753.03625,1.32532271
later_01836,later,135649.28572,1.24744777
later_01837,later,29474.25304,1.22217923
later_01838,later,67132.63102,1.34973867
later_01839,later,136465.59092,0.91441889
later_01840,later,277032.64570,0.83066947
later_01841,later,23972.57048,1.19337504
later_01842,later,171772.24052,0.81122842
later_01843,later,58587.19558,0.64567217
later_01844,later,74829.42175,0.75064985
later_01845,later,15734.97014,1.03409560
later_01846,later,59019.15774,1.00730107
later_01847,later,101370.95908,1.19426656
later_01848,later,72953.89433,1.06628516
later_01849,later,62450.17218,1.34849327
later_01850,later,18363.64343,1.09719441
later_01851,later,64643.18937,0.56363836
later_01852,later,67079.68652,0.97181664
later_01853,later,64112.48098,1.06350936
later_01854,later,51932.29375,0.98758239
later_01855,later,10702.18174,1.24588403
later_01856,later,56201.04786,0.51618606
later_01857,later,91249.12950,0.82166757
later_01858,later,40948.01566,1.26623152
later_01859,later,18810.82530,1.20770052
later_01860,later,92277.85778,1.42142705
later_01861,later,50265.65692,1.43671969
later_01862,later,104817.69825,1.04784691
later_01863,later,62713.30931,1.17992734
later_01864,later,28632.55602,1.20593441
later_01865,later,89393.28483,0.94061899
later_01866,later,54222.96462,0.91813121
later_01867,later,100653.74693,1.30486757
later_01868,later,37209.51925,0.57553503
later_01869,later,76614.69458,0.84960602
later_01870,later,46258.17306,1.38058626
later_01871,later,57572.25314,1.37328557
later_01872,later,46463.36058,1.45258316
later_01873,later,63046.51371,0.98698230
later_01874,later,23016.84193,0.66586846
later_01875,later,92454.00783,0.80207982
later_01876,later,13047.22990,0.59620228
later_01877,later,122022.25287,1.43166473
later_01878,later,116818.70745,1.26222005
later_01879,later,34774.45274,1.04459920
later_01880,later,47527.94826,0.87746994
later_01881,later,24109.90893,0.65790155
later_01882,later,44653.31865,1.44189735
later_01883,later,54980.27316,1.15351423
later_01884,later,116081.18128,1.08826444
later_01885,later,107456.42961,0.84900917
later_01886,later,55712.62643,0.53494440
later_01887,later,120196.56607,0.62418916
later_01888,later,41388.92523,1.27879459
later_01889,later,75612.67918,1.07294608
later_01890,later,28845.49449,0.90392956
later_01891,later,38453.04070,1.33056133
later_01892,later,17940.13945,1.16689384
later_01893,later,44454.92604,1.03106537
later_01894,later,34564.97737,1.27450444
later_01895,later,77235.39503,0.68235318
later_01896,later,62092.46551,1.22803178
later_01897,later,78722.24593,1.26587641
later_01898,later,31292.21378,1.38928169
later_01899,later,161672.34585,1.42188128
later_01900,later,21890.48003,0.72349919
later_01901,later,80486.96536,1.13223198
later_01902,later,20301.24472,0.75036312
later_01903,later,26168.69491,0.57832275
later_01904,later,29347.84593,1.08771996
later_01905,later,30668.25705,0.81447399
later_01906,later,42072.76506,1.43540682
later_01907,later,26820.55245,0.58027742
later_01908,later,37222.07608,1.23440527
later_01909,later,36277.02882,0.56941959
later_01910,later,75308.68649,0.83202726
later_01911,later,125183.37176,0.72013670
later_01912,later,86520.77902,0.78993350
later_01913,later,47917.83276,0.50483613
later_01914,later,37964.40307,0.63565746
later_01915,later,44622.27901,0.89092704
later_01916,later,64322.65008,1.05777969
later_01917,later,76822.94405,1.45189073
later_01918,later,95169.80301,0.90296961
later_01919,later,66672.47126,0.72621052
later_01920,later,17452.72434,1.19690069
later_01921,later,169300.18848,0.72007363
later_01922,later,43833.33791,0.67913386
later_01923,later,33992.92200,0.59855235
later_01924,later,31011.49054,0.99765763
later_01925,later,47355.20321,0.58497226
later_01926,later,73535.33756,0.78932454
later_01927,later,47865.07812,0.97888570
later_01928,later,13762.60099,0.52438242
later_01929,later,27811.96466,0.63216185
later_01930,later,25066.48830,0.50917429
later_01931,later,66477.60825,0.85804176
later_01932,later,112168.56186,1.00067535
later_01933,later,68295.00604,1.01414029
later_01934,later,152451.22605,1.26651745
later_01935,later,11938.53440,0.92540437
later_01936,later,46831.68261,0.82789383
later_01937,later,40249.40163,1.37427752
later_01938,later,107266.52920,0.54540329
later_01939,later,68359.83988,1.05237291
later_01940,later,45034.85507,0.95316013
later_01941,later,122390.06832,1.49914865
later_01942,later,26355.08134,1.18745121
later_01943,later,63885.85676,1.40675884
later_01944,later,50865.78187,0.70588773
later_01945,later,21035.62723,0.51968895
later_01946,later,17379.17675,1.09353864
later_01947,later,25550.89726,1.13119995
later_01948,later,49120.80876,0.68144089
later_01949,later,47516.45503,0.71326155
later_01950,later,23672.54344,1.42953770
later_01951,later,129715.14001,0.81640677
later_01952,later,127007.96020,1.07338345
later_01953,later,26089.06357,0.82825056
later_01954,later,45336.88494,1.12888075
later_01955,later,25797.58555,0.89787515
later_01956,later,27851.32234,0.86612120
later_01957,later,49004.30750,1.15704702
later_01958,later,77500.11105,0.77727275
later_01959,later,34261.18550,1.38856005
later_01960,later,113027.60811,0.76435971
later_01961,later,60927.76923,1.45277522
later_01962,later,45915.05702,1.03540353
later_01963,later,18638.38373,0.88396660
later_01964,later,38407.07388,1.45960197
later_01965,later,17700.52101,1.29855922
later_01966,later,54275.85814,1.29769513
later_01967,later,57747.48906,0.82307498
later_01968,later,105266.91194,0.62379318
later_01969,later,42890.11269,0.56902067
later_01970,later,111749.97967,0.56364168
later_01971,later,92636.59142,1.33301050
later_01972,later,71168.11496,1.42672484
later_01973,later,52603.20597,1.47229389
later_01974,later,44599.21599,1.36659313
later_01975,later,33024.35817,1.11628397
later_01976,later,63571.02263,0.92656303
later_01977,later,84112.47548,1.11370872
later_01978,later,46413.27287,1.20252732
later_01979,later,12933.70689,1.16653540
later_01980,later,17106.32883,1.29382521
later_01981,later,118510.58836,0.98175278
later_01982,later,88225.17731,0.82331341
later_01983,later,47944.89455,1.02459957
later_01984,later,100371.58085,0.83343625
later_01985,later,11125.27663,1.25705803
later_01986,later,39020.79707,0.70408938
later_01987,later,38526.50694,0.57070458
later_01988,later,37713.91794,0.99430439
later_01989,later,154887.89944,0.74784783
later_01990,later,69395.08428,0.84737139
later_01991,later,81108.53034,0.52884705
later_01992,later,79758.40699,0.88782627
later_01993,later,48618.55383,1.24355038
later_01994,later,63511.25858,1.06636651
later_01995,later,56647.36720,1.06267832
later_01996,later,136364.08899,1.44541187
later_01997,later,35120.22031,1.36366888
later_01998,later,19801.06110,1.31690978
later_01999,later,25731.24054,0.66553715
later_02000,later,29207.84302,0.67752352
later_02001,later,53990.53343,1.43201041
later_02002,later,51430.28465,1.22036455
later_02003,later,17950.04765,0.68004349
later_02004,later,29662.23619,1.19300759
later_02005,later,63931.46055,0.90101298
later_02006,later,61748.93114,1.06607621
later_02007,later,21572.30888,1.38177227
later_02008,later,64497.15696,1.34574108
later_02009,later,15949.50837,0.93790885
later_02010,later,45981.76655,0.60818319
later_02011,later,57922.24074,1.11292737
later_02012,later,19624.58980,1.22133821
later_02013,later,93863.03316,1.01793680
later_02014,later,71850.07386,1.18531720
later_02015,later,89818.25820,1.10857098
later_02016,later,39238.67606,1.26932209
later_02017,later,14872.11398,1.44509904
later_02018,later,47068.75823,0.55829183
later_02019,later,34190.76806,0.80071103
later_02020,later,26487.82549,0.71548926
later_02021,later,30174.07377,0.87079729
later_02022,later,44477.73835,1.09421100
later_02023,later,128776.17324,1.00131899
later_02024,later,8800.07029,0.63189131
later_02025,later,68808.58832,0.69541372
later_02026,later,69438.65599,1.27218930
later_02027,later,30895.13252,0.70958839
later_02028,later,24866.34768,1.44242612
later_02029,later,23261.99953,1.00961503
later_02030,later,135910.93013,0.72796545
later_02031,later,76366.41529,0.76015090
later_02032,later,23673.89312,1.38418278
later_02033,later,41567.01097,1.29199683
later_02034,later,97152.77489,0.98413704
later_02035,later,108321.96603,1.02739109
later_02036,later,18601.40226,1.12820143
later_02037,later,32905.09770,1.42490692
later_02038,later,46539.58700,0.65957865
later_02039,later,104693.88650,0.82190004
later_02040,later,18345.03254,1.08682500
later_02041,later,57437.30498,1.34239578
later_02042,later,126797.03636,0.95566897
later_02043,later,34140.74644,0.81256608
later_02044,later,26986.72533,1.00628868
later_02045,later,28843.02169,1.25526201
later_02046,later,20237.50133,1.29006862
later_02047,later,88523.02940,0.51080574
later_02048,later,85688.54227,0.52356694
later_02049,later,88661.54111,1.01473076
later_02050,later,102293.39318,0.92043531
later_02051,later,96927.61789,1.29079135
later_02052,later,16646.50424,1.32290748
later_02053,later,78377.34025,1.38649577
later_02054,later,21782.63824,0.93810068
later_02055,later,92050.87788,1.32790630
later_02056,later,89145.71302,0.96827926
later_02057,later,26710.42355,1.39862510
later_02058,later,88463.15702,1.45633649
later_02059,later,87161.53460,0.55346836
later_02060,later,27754.28661,1.12792838
later_02061,later,54744.76180,1.31417592
later_02062,later,31767.95932,0.52853942
later_02063,later,36898.37586,1.38892697
later_02064,later,36302.51078,0.56542318
later_02065,later,12838.74746,1.36812822
later_02066,later,61956.17388,1.39759047
later_02067,later,47939.35790,1.38700976
later_02068,later,107231.68159,0.95121583
later_02069,later,159062.75554,0.74156435
later_02070,later,116282.90170,1.27144618
later_02071,later,45642.21888,1.47921426
later_02072,later,40501.98903,1.44749816
later_02073,later,18005.41636,0.58600149
later_02074,later,45255.28047,1.41135672
later_02075,later,66196.04062,1.02029171
later_02076,later,37504.84751,0.57033233
later_02077,later,72340.82901,1.23232571
later_02078,later,118701.29960,1.31088318
later_02079,later,72461.05889,1.29318505
later_02080,later,34424.50968,0.92935127
later_02081,later,162074.62316,0.93362401
later_02082,later,71467.77390,1.26942578
later_02083,later,26267.41535,1.14545274
later_02084,later,13875.87752,1.22344382
later_02085,later,28864.29451,0.73833346
later_02086,later,41860.75069,0.77304338
later_02087,later,96543.31439,1.02821594
later_02088,later,88111.05014,0.62731432
later_02089,later,68236.06731,0.89692213
later_02090,later,41830.36608,0.84238362
later_02091,later,65071.41964,1.25357318
later_02092,later,17820.40940,1.30571122
later_02093,later,54730.11613,0.80022514
later_02094,later,85017.66448,1.38530937
later_02095,later,94449.17041,0.84106555
later_02096,later,73179.61269,1.11527620
later_02097,later,9446.32040,1.17135997
later_02098,later,91711.98201,1.47638672
later_02099,later,44428.50010,0.68261925
later_02100,later,76383.24107,0.93559063
later_02101,later,144000.99393,1.27405829
later_02102,later,16616.11667,0.99729095
later_02103,later,52539.04445,1.19663109
later_02104,later,23709.73672,0.95072488
later_02105,later,81568.20712,0.50893221
later_02106,later,126580.44216,0.91403813
later_02107,later,117720.43702,0.62240456
later_02108,later,52671.39651,1.31684295
later_02109,later,24709.97488,1.09465466
later_02110,later,10711.56622,1.23328244
later_02111,later,151281.18564,0.82066555
later_02112,later,82314.00350,0.61569032
later_02113,later,13475.10895,0.94865835
later_02114,later,80860.68970,1.11576675
later_02115,later,78286.75663,1.05919808
later_02116,later,29909.44046,1.19317522
later_02117,later,56627.41095,0.52261623
later_02118,later,32212.49037,0.59870579
later_02119,later,32784.33339,1.38980583
later_02120,later,90577.56332,1.21727865
later_02121,later,34810.79412,1.47662240
later_02122,later,25070.09964,0.81876822
later_02123,later,31126.07892,1.05369703
later_02124,later,34095.57289,1.02014704
later_02125,later,63592.78081,0.95941498
later_02126,later,15099.27159,0.65333385
later_02127,later,29007.17297,1.04010133
later_02128,later,121416.97338,0.73228817
later_02129,later,28504.60130,1.11181973
later_02130,later,27151.01618,1.38955747
later_02131,later,40704.72524,1.11927089
later_02132,later,33059.42956,0.71234352
later_02133,later,33632.58207,0.54122795
later_02134,later,108353.99988,0.62184159
later_02135,later,19249.36030,1.01393311
later_02136,later,35064.52967,1.49578047
later_02137,later,24190.83345,0.85143536
later_02138,later,56941.28680,0.86341008
later_02139,later,62259.51064,0.56027384
later_02140,later,17269.58043,1.25371636
later_02141,later,30178.43470,1.04510478
later_02142,later,66793.95021,1.25663207
later_02143,later,65556.13812,1.09095856
later_02144,later,53688.69201,1.19449954
later_02145,later,64382.47250,1.04265125
later_02146,later,65939.67707,1.28008311
later_02147,later,75245.23633,0.70866077
later_02148,later,23284.10775,0.71674864
later_02149,later,53320.94837,0.99103656
later_02150,later,19360.33241,1.47022970
later_02151,later,23581.44644,1.42668769
later_02152,later,7759.23357,1.16000078
later_02153,later,8527.88104,0.89650470
later_02154,later,85097.10899,1.16865631
later_02155,later,57073.05492,0.66149316
later_02156,later,52917.15077,0.69233720
later_02157,later,47434.37098,0.68937269
later_02158,later,71600.85123,1.12143650
later_02159,later,100222.83898,1.21306315
later_02160,later,38986.55081,1.16176249
later_02161,later,121782.89153,0.63149693
later_02162,later,113487.56373,0.55115682
later_02163,later,52473.76830,1.01108197
later_02164,later,23783.50989,1.40352632
later_02165,later,83866.35616,1.24307991
later_02166,later,25722.44734,1.01228127
later_02167,later,160261.86304,1.45347653
later_02168,later,28386.36261,0.90702073
later_02169,later,144766.52209,0.84373973
later_02170,later,40247.19285,0.75579244
later_02171,later,44873.95778,0.54408962
later_02172,later,8459.02216,1.35078993
later_02173,later,19880.86978,0.50126758
later_02174,later,85131.21587,1.12241897
later_02175,later,88923.74693,0.75691579
later_02176,later,71910.49535,0.59956357
later_02177,later,48206.13068,0.60797329
later_02178,later,105504.47849,0.93395142
later_02179,later,114780.99677,1.36284544
later_02180,later,37696.15858,0.57400932
later_02181,later,24029.11169,0.96473825
later_02182,later,99714.69818,1.44306749
later_02183,later,30586.83519,0.67255348
later_02184,later,10809.08331,1.08753411
later_02185,later,48477.84333,0.99933865
later_02186,later,52112.14776,0.88738993
later_02187,later,134080.95504,1.03917013
later_02188,later,21030.45219,1.44335501
later_02189,later,86405.54130,1.36170745
later_02190,later,15770.69611,0.66716413
later_02191,later,205599.88173,1.29560801
later_02192,later,34623.85070,0.53050552
later_02193,later,28126.04074,1.35933528
later_02194,later,45301.31932,1.31757561
later_02195,later,53224.67462,1.42121757
later_02196,later,13460.73679,0.71803854
later_02197,later,41294.75973,1.47355024
later_02198,later,57463.89425,1.45161546
later_02199,later,16244.48059,1.27381207
later_02200,later,43626.30590,0.88378358
later_02201,later,70630.94638,1.06746238
later_02202,later,37169.47759,1.33450940
later_02203,later,45603.96749,0.62783499
later_02204,later,112077.44130,0.53249036
later_02205,later,87862.37670,0.61483617
later_02206,later,62838.17897,0.69298193
later_02207,later,28130.10106,0.91638787
later_02208,later,15742.94364,0.97475970
later_02209,later,17731.48532,1.01670218
later_02210,later,26899.31553,0.78425246
later_02211,later,64769.45898,0.62930868
later_02212,later,50506.59689,1.01129824
later_02213,later,106805.38055,1.47494352
later_02214,later,110098.89124,1.38398625
later_02215,later,137695.59943,0.87172445
later_02216,later,67424.83311,0.84479468
later_02217,later,34544.22209,0.58163345
later_02218,later,165480.41989,1.11936540
later_02219,later,48878.40680,0.65040192
later_02220,later,63344.96719,0.67712909
later_02221,later,62916.61606,1.45706098
later_02222,later,36851.96365,0.98127785
later_02223,later,173122.96205,0.60316573
later_02224,later,98041.72754,0.69243250
later_02225,later,84670.46314,1.34083719
later_02226,later,76762.49318,1.36489841
later_02227,later,28990.29763,0.78619674
later_02228,later,33799.29236,0.56917588
later_02229,later,114417.73461,0.76020942
later_02230,later,20459.47225,0.63131163
later_02231,later,59067.92591,0.71515847
later_02232,later,54017.38777,1.17520503
later_02233,later,38528.71400,1.11007570
later_02234,later,60505.36021,1.19969638
later_02235,later,28110.72433,0.96812784
later_02236,later,64358.22318,1.28963053
later_02237,later,55598.99255,0.90823657
later_02238,later,36224.59661,0.94066909
later_02239,later,58794.12998,1.43134459
later_02240,later,25481.93684,0.50056930
later_02241,later,101770.22694,0.82011345
later_02242,later,75725.61956,1.32471814
later_02243,later,24494.17516,1.31647604
later_02244,later,29858.57808,1.27877961
later_02245,later,104181.63942,1.33873847
later_02246,later,41114.07626,0.94298663
later_02247,later,30050.74214,1.13346621
later_02248,later,46397.26436,0.86766441
later_02249,later,40531.96011,0.80029372
later_02250,later,90468.79785,1.48969051
later_02251,later,29314.66514,1.35944189
later_02252,later,10906.63312,0.70773330
later_02253,later,23845.30854,1.14269159
later_02254,later,50250.77665,0.95629667
later_02255,later,43282.63830,1.03869708
later_02256,later,50408.26266,0.63872709
later_02257,later,117907.83382,1.00861399
later_02258,later,19724.01225,1.02418892
later_02259,later,36130.64663,1.17733843
later_02260,later,33163.97412,1.23708213
later_02261,later,87973.99185,0.52885031
later_02262,later,88435.30935,1.04015460
later_02263,later,95172.22049,0.76887707
later_02264,later,38918.45258,1.29011121
later_02265,later,11904.76290,0.71291212
later_02266,later,44504.71109,1.13941075
later_02267,later,50029.08605,1.48649646
later_02268,later,21895.96630,1.34229642
later_02269,later,297417.97069,0.93987410
later_02270,later,51420.78188,0.99125963
later_02271,later,42139.66917,0.69271817
later_02272,later,43699.83042,0.65790211
later_02273,later,65639.96711,0.52615693
later_02274,later,38868.16896,1.38011067
later_02275,later,35026.41426,1.31972837
later_02276,later,41628.93723,0.58454436
later_02277,later,67036.73831,1.46198149
later_02278,later,91267.74318,0.66239494
later_02279,later,17580.55422,1.49281254
later_02280,later,48035.12269,1.28465999
later_02281,later,26327.77250,1.23386500
later_02282,later,184202.59123,1.01423356
later_02283,later,20458.71650,0.56375979
later_02284,later,26921.74981,0.60648808
later_02285,later,43709.67432,1.47929416
later_02286,later,21769.50637,0.67029462
later_02287,later,45334.39615,0.80291156
later_02288,later,31779.95198,1.07936543
later_02289,later,51668.71596,1.47868407
later_02290,later,38338.95027,1.40402697
later_02291,later,43222.37726,1.20475043
later_02292,later,13370.57100,1.13427510
later_02293,later,40210.73524,1.14864762
later_02294,later,50002.67800,0.62431702
later_02295,later,72310.94856,1.40188842
later_02296,later,26078.20398,0.54912800
later_02297,later,53668.53178,1.29010708
later_02298,later,28143.88358,1.04007386
later_02299,later,110731.48568,0.57469387
later_02300,later,54390.65381,1.29935953
later_02301,later,20513.74843,0.97033187
later_02302,later,65069.49872,0.57789562
later_02303,later,20189.25507,0.82869043
later_02304,later,25670.96978,1.16116771
later_02305,later,118719.85465,1.32406506
later_02306,later,14740.66606,0.57339673
later_02307,later,24279.44115,1.12949383
later_02308,later,54068.98673,0.63020385
later_02309,later,45592.82506,0.60410685
later_02310,later,13012.26481,0.73861687
later_02311,later,90833.07866,0.75698471
later_02312,later,39304.73619,0.59543604
later_02313,later,77033.48025,0.69439238
later_02314,later,26505.55731,1.26360926
later_02315,later,22474.54590,1.24110623
later_02316,later,35490.13919,0.59362387
later_02317,later,62995.92256,0.68093643
later_02318,later,33191.46838,0.88393278
later_02319,later,74485.84667,0.61841032
later_02320,later,48789.63581,0.55036140
later_02321,later,48881.83242,0.74101714
later_02322,later,90096.45256,0.65366598
later_02323,later,32481.41086,0.96785525
later_02324,later,29217.79217,0.59646656
later_02325,later,50238.74931,0.61628707
later_02326,later,54108.97324,1.47212569
later_02327,later,21052.27736,1.24434056
later_02328,later,48888.66002,0.91611903
later_02329,later,73592.35454,1.49647622
later_02330,later,29594.63070,0.73500881
later_02331,later,36841.95820,1.31103323
later_02332,later,65845.90542,0.99428016
later_02333,later,68535.10264,0.76859541
later_02334,later,57214.80679,0.85224402
later_02335,later,32059.30424,0.83797083
later_02336,later,28502.39398,1.43382756
later_02337,later,34269.50782,1.39482572
later_02338,later,60262.33829,1.00394725
later_02339,later,38910.89525,1.11278080
later_02340,later,41536.53719,0.68327823
later_02341,later,20121.89445,1.41546032
later_02342,later,13701.24589,0.97749060
later_02343,later,128402.72753,0.51381679
later_02344,later,78636.94506,0.97329123
later_02345,later,123200.49880,0.68444266
later_02346,later,20407.79221,0.81860113
later_02347,later,37941.57559,1.15318291
later_02348,later,26544.88624,0.68649840
later_02349,later,25572.41233,1.19809578
later_02350,later,50634.55309,1.18409015
later_02351,later,19875.47902,0.59337861
later_02352,later,5837.09748,0.76071792
later_02353,later,79354.86829,0.89866642
later_02354,later,61538.11691,1.40024728
later_02355,later,44805.85481,1.40018986
later_02356,later,95258.05306,1.05135283
later_02357,later,44256.22802,1.30630672
later_02358,later,151933.82539,0.60576843
later_02359,later,145209.67983,0.98555858
later_02360,later,77380.31715,1.36315681
later_02361,later,46226.10348,0.50760071
later_02362,later,14098.25219,1.37599988
later_02363,later,116835.84204,0.97666774
later_02364,later,78648.02757,0.94126675
later_02365,later,22877.44954,1.06922642
later_02366,later,72144.55096,1.40250116
later_02367,later,34824.74052,1.34744119
later_02368,later,173801.87734,0.74574766
later_02369,later,57141.67586,1.41506204
later_02370,later,13566.69874,1.34024720
later_02371,later,23430.37458,0.50616251
later_02372,later,39286.38957,0.89597556
later_02373,later,25403.26447,1.33780054
later_02374,later,27168.96507,1.22097931
later_02375,later,22291.02005,0.69209861
later_02376,later,11313.26344,1.45778110
later_02377,later,66538.69346,0.82473909
later_02378,later,4805.76872,0.85437234
later_02379,later,57293.26713,1.06663615
later_02380,later,45282.50970,0.57494342
later_02381,later,32002.70798,0.86600065
later_02382,later,112809.59647,1.11374094
later_02383,later,95066.65098,0.82111362
later_02384,later,67604.61010,0.90556145
later_02385,later,21534.15451,0.84276843
later_02386,later,38457.54165,0.56726360
later_02387,later,61400.74073,1.02658607
later_02388,later,69559.06374,0.78034765
later_02389,later,21489.59452,0.64988939
later_02390,later,131259.62677,0.93772327
later_02391,later,67079.93245,0.68865390
later_02392,later,88305.94617,1.07255102
later_02393,later,59043.24315,1.18864403
later_02394,later,16247.12383,1.22293500
later_02395,later,66282.15901,0.72266176
later_02396,later,61697.32404,1.11774124
later_02397,later,24607.72876,0.91860026
later_02398,later,186649.33545,0.75433157
later_02399,later,16312.70794,1.18073753
later_02400,later,23214.06711,1.08090543
later_02401,later,17632.63245,1.49743993
later_02402,later,21560.29155,0.80049654
later_02403,later,19338.60966,0.57113320
later_02404,later,71487.84010,1.34852017
later_02405,later,55953.85194,0.53557642
later_02406,later,93944.39734,1.24155194
later_02407,later,70441.79120,0.93469443
later_02408,later,91040.07815,0.78733341
later_02409,later,42359.44574,0.59730392
later_02410,later,50320.78543,1.42012393
later_02411,later,177821.06965,0.77810341
later_02412,later,30612.28542,1.32362883
later_02413,later,23564.97266,1.26430334
later_02414,later,24358.02226,1.35712190
later_02415,later,32690.48583,1.39185525
later_02416,later,36127.91569,0.96874317
later_02417,later,74988.83435,1.16684160
later_02418,later,26404.80449,0.87644127
later_02419,later,95021.14411,1.01637644
later_02420,later,15957.28346,0.59102148
later_02421,later,17972.94133,1.36622555
later_02422,later,47228.57183,0.95962091
later_02423,later,105828.74660,1.30840885
later_02424,later,18413.33401,1.44156154
later_02425,later,65304.23502,1.16490681
later_02426,later,20572.88200,0.81096033
later_02427,later,41522.44708,0.87187018
later_02428,later,16284.86603,1.02380367
later_02429,later,41090.28681,0.81665732
later_02430,later,26483.36979,1.35634215
later_02431,later,61410.48469,0.92230910
later_02432,later,19527.65517,0.82172384
later_02433,later,48067.28192,1.10126353
later_02434,later,54098.40393,1.09234194
later_02435,later,29176.37916,1.45561073
later_02436,later,38328.01789,1.10646187
later_02437,later,160392.37368,1.24599683
later_02438,later,56398.51977,0.54687092
later_02439,later,63386.70255,1.05942424
later_02440,later,39687.13590,0.66959809
later_02441,later,101478.04714,1.04908069
later_02442,later,180299.88464,0.69944843
later_02443,later,57115.95571,1.23461283
later_02444,later,158954.22399,0.76225721
later_02445,later,88042.55932,1.43917170
later_02446,later,107600.10898,0.86892254
later_02447,later,59230.01082,1.05179219
later_02448,later,45751.96097,1.18880905
later_02449,later,14424.95754,1.20959119
later_02450,later,18227.68647,0.58612946
later_02451,later,60241.65506,0.76995377
later_02452,later,72211.54650,0.84562991
later_02453,later,61442.61023,0.79972600
later_02454,later,228010.48520,1.32138340
later_02455,later,24296.87492,0.58405679
later_02456,later,56057.83597,1.10804052
later_02457,later,90420.87517,1.30015216
later_02458,later,69994.82608,0.62659313
later_02459,later,13262.35765,1.22714228
later_02460,later,42870.40138,0.93760413
later_02461,later,206943.21037,1.22533845
later_02462,later,85338.36277,1.31422759
later_02463,later,162740.53487,0.89275659
later_02464,later,20310.66304,0.51198165
later_02465,later,70365.44171,0.99358499
later_02466,later,95379.67651,0.53803617
later_02467,later,9081.86260,1.37365794
later_02468,later,78021.26625,0.75382363
later_02469,later,85015.12557,0.72562694
later_02470,later,38794.17235,0.78743266
later_02471,later,73716.59495,0.67214668
later_02472,later,98698.86137,0.81436244
later_02473,later,58866.39922,1.20246887
later_02474,later,60930.82331,0.83123342
later_02475,later,36728.43277,1.16144192
later_02476,later,41057.67009,1.00492300
later_02477,later,70130.43037,1.41725130
later_02478,later,67440.24741,0.86502236
later_02479,later,38261.74053,0.54482163
later_02480,later,73662.99159,0.97185209
later_02481,later,60147.50750,0.54392171
later_02482,later,33197.23556,0.59818885
later_02483,later,34134.14510,1.47067678
later_02484,later,20648.68661,0.81184515
later_02485,later,8538.70154,0.92768554
later_02486,later,62866.10702,0.89639463
later_02487,later,69037.41387,1.03729757
later_02488,later,100321.07891,1.35781478
later_02489,later,13302.91940,1.48660495
later_02490,later,43447.15523,1.21719306
later_02491,later,35767.23675,1.28161907
later_02492,later,50685.58469,0.70862005
later_02493,later,4723.61728,1.18407974
later_02494,later,48311.21490,0.90490081
later_02495,later,31742.50484,1.00066045
later_02496,later,89466.94434,1.48145721
later_02497,later,101588.36633,0.70229972
later_02498,later,34096.40317,0.53526465
later_02499,later,113434.91040,0.83441553
later_02500,later,28822.14242,1.00634764
later_02501,later,53668.97647,0.99938674
later_02502,later,26743.49149,0.96299399
later_02503,later,60869.48898,1.48048375
later_02504,later,32481.64758,0.88534674
later_02505,later,48304.56316,1.10690766
later_02506,later,162349.33593,1.00235717
later_02507,later,41549.46380,0.58151965
later_02508,later,18420.67405,1.02138733
later_02509,later,42740.89999,1.24864809
later_02510,later,29113.36663,1.04621215
later_02511,later,86769.57229,1.46090186
later_02512,later,26865.87770,0.91033101
later_02513,later,63283.56864,0.60073944
later_02514,later,62996.75067,1.23447250
later_02515,later,34997.36736,1.40018174
later_02516,later,12214.46325,1.14141116
later_02517,later,35372.42453,0.97839496
later_02518,later,34481.43720,1.28341437
later_02519,later,48609.38133,0.68847736
later_02520,later,39998.06312,1.15497551
later_02521,later,39479.80788,1.21705142
later_02522,later,94203.33387,0.65491210
later_02523,later,87785.96188,1.29414542
later_02524,later,67345.84472,1.10644232
later_02525,later,22388.59110,1.16152006
later_02526,later,15283.83326,0.83452403
later_02527,later,74176.47157,1.05795811
later_02528,later,21693.57372,0.73861802
later_02529,later,50417.37678,1.42958881
later_02530,later,92867.44491,0.82872415
later_02531,later,129385.59274,0.52998747
later_02532,later,53963.64521,1.18206989
later_02533,later,93833.62043,1.11303727
later_02534,later,59744.86273,0.51759437
later_02535,later,18906.73507,0.69651781
later_02536,later,46101.20311,1.30131065
later_02537,later,42948.40082,0.86293349
later_02538,later,32020.82681,1.00002391
later_02539,later,16670.24700,1.35359867
later_02540,later,132552.40136,0.55105582
later_02541,later,219485.74904,0.56433749
later_02542,later,76290.19693,0.69472654
later_02543,later,118294.05632,1.42564224
later_02544,later,112992.90554,1.12173476
later_02545,later,77318.60613,0.86757178
later_02546,later,129336.53967,1.38740233
later_02547,later,25077.57777,1.39952725
later_02548,later,36192.77239,0.71096996
later_02549,later,123210.34982,1.22293245
later_02550,later,38004.58190,0.55363027
later_02551,later,13492.38269,1.12702143
later_02552,later,23792.49204,1.34676789
later_02553,later,23435.79054,0.58754475
later_02554,later,70983.96981,1.25041951
later_02555,later,108809.22130,0.53104650
later_02556,later,84626.67048,1.22020724
later_02557,later,98002.33178,1.33965941
later_02558,later,69396.98130,0.92196895
later_02559,later,37809.92731,0.82036241
later_02560,later,100563.53689,1.31615546
later_02561,later,84644.45876,1.05641332
later_02562,later,55931.18305,0.87411357
later_02563,later,26686.17135,0.91937860
later_02564,later,50717.36182,0.92739061
later_02565,later,37607.22965,1.03846294
later_02566,later,21591.64945,0.75143089
later_02567,later,37501.36525,0.72862838
later_02568,later,115753.67390,0.62424580
later_02569,later,20205.11961,1.24353427
later_02570,later,46874.00705,1.47150029
later_02571,later,14909.51446,1.46277913
later_02572,later,48965.74302,0.75369622
later_02573,later,106592.56928,1.43923204
later_02574,later,97703.02744,1.27837888
later_02575,later,39405.65443,1.43903794
later_02576,later,39466.75797,0.82321320
later_02577,later,53594.00460,1.23840697
later_02578,later,133561.06298,0.52857729
later_02579,later,19455.57839,1.40565120
later_02580,later,161683.39288,0.71409797
later_02581,later,16137.29097,1.35635218
later_02582,later,48529.87292,1.08984093
later_02583,later,54256.65906,1.30134788
later_02584,later,52277.94606,0.53519009
later_02585,later,17479.88211,1.40417137
later_02586,later,34844.70032,0.56654983
later_02587,later,46991.00104,1.17798960
later_02588,later,13069.71818,0.96934580
later_02589,later,83003.07916,1.10809375
later_02590,later,23933.67380,1.33213154
later_02591,later,25476.73311,1.48877763
later_02592,later,57192.95859,1.34885510
later_02593,later,18892.18080,1.31963640
later_02594,later,103297.55089,1.12069278
later_02595,later,49551.85425,1.29262218
later_02596,later,23536.34304,1.46501952
later_02597,later,55553.43951,0.51399882
later_02598,later,94863.77889,0.70847845
later_02599,later,41064.24809,0.74055470
later_02600,later,65831.59125,0.60991619
later_02601,later,11963.32119,0.52936131
later_02602,later,62813.61847,1.05166072
later_02603,later,54442.57092,0.80630214
later_02604,later,28626.69012,1.21430604
later_02605,later,32959.84204,0.96826894
later_02606,later,27660.49979,1.24945220
later_02607,later,81610.38707,0.97586421
later_02608,later,51430.24999,1.22381945
later_02609,later,24340.43372,1.06500246
later_02610,later,38750.15545,0.64470773
later_02611,later,28890.24514,0.59590187
later_02612,later,103232.13772,0.60309070
later_02613,later,37848.69450,1.28917697
later_02614,later,29378.73499,1.18097610
later_02615,later,13169.82601,1.10761334
later_02616,later,33301.89332,1.48578696
later_02617,later,21488.94203,1.21975333
later_02618,later,20901.51598,1.35884908
later_02619,later,17322.09271,0.88107582
later_02620,later,55822.52863,0.65260573
later_02621,later,139807.36530,0.95969210
later_02622,later,21398.03686,0.57296492
later_02623,later,72424.11201,1.01404406
later_02624,later,54699.55361,0.90461827
later_02625,later,59395.91845,0.57248284
later_02626,later,21026.23636,0.66520892
later_02627,later,56281.94969,0.99985216
later_02628,later,47478.22904,1.36178254
later_02629,later,44918.47342,0.68912666
later_02630,later,75175.16347,1.06432084
later_02631,later,31350.05612,0.94800207
later_02632,later,32366.83665,0.79856923
later_02633,later,48521.15354,0.95237768
later_02634,later,63928.45344,0.76412753
later_02635,later,69715.48785,0.56736814
later_02636,later,44535.30728,0.77626181
later_02637,later,9653.25226,0.67395461
later_02638,later,31332.73213,1.49386405
later_02639,later,31712.87613,1.49460528
later_02640,later,87331.22382,1.09062611
later_02641,later,112556.12083,1.02131717
later_02642,later,57568.32576,1.45288338
later_02643,later,97758.17415,1.30821293
later_02644,later,41895.48193,0.60767327
later_02645,later,88530.79749,1.44826451
later_02646,later,49186.33263,0.67483846
later_02647,later,93057.47290,0.83829654
later_02648,later,137060.68316,1.31076104
later_02649,later,146742.92257,1.23818126
later_02650,later,22691.92691,0.84631402
later_02651,later,21061.74483,0.56485134
later_02652,later,43831.71323,0.81266512
later_02653,later,30376.47313,1.15501522
later_02654,later,33653.36950,1.33165101
later_02655,later,40343.87147,1.31185202
later_02656,later,54472.33585,1.18780686
later_02657,later,29426.45780,1.45918001
later_02658,later,40484.77930,1.28234223
later_02659,later,25773.82774,0.89185511
later_02660,later,25041.22279,1.33416058
later_02661,later,22563.88170,0.90902552
later_02662,later,13103.87071,0.93972408
later_02663,later,75627.86585,0.58420269
later_02664,later,33771.57349,1.15293294
later_02665,later,54290.32819,0.88974509
later_02666,later,71033.97010,0.62515271
later_02667,later,79186.14390,1.26476724
later_02668,later,30217.72934,1.32227018
later_02669,later,34939.36733,0.51785741
later_02670,later,25898.96276,0.89616073
later_02671,later,136291.27191,1.14102420
later_02672,later,101427.52646,0.73402094
later_02673,later,21467.00862,1.41847444
later_02674,later,105107.98230,0.79482828
later_02675,later,120357.78030,1.09225735
later_02676,later,80335.69925,1.20092306
later_02677,later,40997.43908,1.13867493
later_02678,later,44611.84720,1.01796466
later_02679,later,133157.47114,1.35420777
later_02680,later,19562.00042,0.72310889
later_02681,later,40874.99555,1.33114117
later_02682,later,73438.25830,1.01148707
later_02683,later,62178.87337,1.38967442
later_02684,later,72136.73422,0.50991604
later_02685,later,87893.73275,0.59252238
later_02686,later,41495.52041,0.96131061
later_02687,later,18235.12476,0.62630575
later_02688,later,106663.17643,1.46533602
later_02689,later,73840.01747,0.91987078
later_02690,later,145462.31027,0.84458791
later_02691,later,49962.39489,1.14176168
later_02692,later,92634.02543,1.05611211
later_02693,later,19315.30674,0.86993945
later_02694,later,282785.22178,0.94854491
later_02695,later,79522.66342,0.90112611
later_02696,later,45665.55849,1.03689723
later_02697,later,17073.69253,0.58727122
later_02698,later,70963.18810,0.69563079
later_02699,later,49638.69714,0.90924391
later_02700,later,69140.17564,0.97110735
later_02701,later,24861.90143,1.35657753
later_02702,later,31966.19016,0.82127286
later_02703,later,48135.48093,0.85263863
later_02704,later,42258.24796,1.43666558
later_02705,later,29528.51640,1.28274232
later_02706,later,15753.61217,1.09085083
later_02707,later,13120.29022,0.53676822
later_02708,later,94554.89076,1.36701521
later_02709,later,92242.22744,1.11010315
later_02710,later,55454.26336,1.37295692
later_02711,later,27139.97357,0.89989198
later_02712,later,29720.97542,1.16395977
later_02713,later,25716.52245,0.92679688
later_02714,later,41708.21615,1.19805861
later_02715,later,26404.19747,0.94435390
later_02716,later,14869.95651,1.12519342
later_02717,later,145997.31166,0.99722208
later_02718,later,24437.91009,0.66228891
later_02719,later,9019.74180,0.71889083
later_02720,later,33917.06456,1.10871974
later_02721,later,97487.94357,0.72342637
later_02722,later,34323.91716,0.72432530
later_02723,later,37042.40999,1.31480294
later_02724,later,19043.68483,1.13173832
later_02725,later,60892.15636,0.51692525
later_02726,later,47101.11858,1.30111972
later_02727,later,84667.31957,0.57536505
later_02728,later,62169.38192,1.38287121
later_02729,later,178425.00769,1.47004483
later_02730,later,30099.67101,1.30627488
later_02731,later,17603.52126,1.25871512
later_02732,later,26850.25417,0.86785311
later_02733,later,19952.40076,1.27177126
later_02734,later,33723.13137,1.47782782
later_02735,later,45583.02119,0.68564797
later_02736,later,19340.46413,1.28122602
later_02737,later,33472.13388,0.78544979
later_02738,later,49264.83166,0.76101291
later_02739,later,39087.98847,1.31642482
later_02740,later,64216.77871,0.50686043
later_02741,later,37289.17287,1.20649925
later_02742,later,30145.27318,1.28492250
later_02743,later,45803.21435,1.46942412
later_02744,later,26823.88752,1.32916877
later_02745,later,15470.55519,1.46379846
later_02746,later,26842.78003,0.89409008
later_02747,later,41557.99084,0.94419441
later_02748,later,51630.36514,0.58022104
later_02749,later,51471.75203,1.15021839
later_02750,later,36409.01956,1.20338881
later_02751,later,19704.93803,1.08120023
later_02752,later,18128.84012,0.75453067
later_02753,later,156489.46637,0.57587098
later_02754,later,18846.65846,0.84107458
later_02755,later,11936.21356,1.48734999
later_02756,later,20796.32641,0.73853919
later_02757,later,30197.73255,0.69553533
later_02758,later,72340.33527,1.47301061
later_02759,later,44715.27544,0.94083246
later_02760,later,59864.25583,1.28134509
later_02761,later,30316.89850,0.62974669
later_02762,later,51658.16584,1.42865632
later_02763,later,18340.45651,0.90725317
later_02764,later,59279.95694,0.70837929
later_02765,later,38515.62801,0.59645356
later_02766,later,18017.78474,0.56822657
later_02767,later,150581.87188,0.98638107
later_02768,later,54616.82509,0.59332826
later_02769,later,32116.49399,1.23417953
later_02770,later,92881.74011,0.63687615
later_02771,later,71014.33097,0.62525576
later_02772,later,11638.87444,0.60786876
later_02773,later,13384.96008,1.16966825
later_02774,later,28373.13721,1.11436066
later_02775,later,60246.08181,1.20128940
later_02776,later,46309.35099,1.46783233
later_02777,later,49115.83875,0.90658953
later_02778,later,52048.49254,0.74953012
later_02779,later,180298.63189,0.67054267
later_02780,later,45883.15045,0.86024968
later_02781,later,109091.67186,0.73931009
later_02782,later,48703.38564,0.97243389
later_02783,later,36603.11492,0.81209562
later_02784,later,92121.68299,1.14034679
later_02785,later,54114.59020,1.05431214
later_02786,later,8696.34369,0.64308693
later_02787,later,17307.94219,1.47007383
later_02788,later,128100.66937,1.16339817
later_02789,later,27898.55100,1.13030106
later_02790,later,43301.44603,1.01782878
later_02791,later,123970.19694,1.43777292
later_02792,later,311533.53985,1.07387882
later_02793,later,81326.68988,0.85128025
later_02794,later,77398.35156,0.62555506
later_02795,later,64629.93964,0.61029120
later_02796,later,28502.59506,1.23545981
later_02797,later,23741.20610,0.54014221
later_02798,later,108543.10525,0.80328395
later_02799,later,57185.36248,1.38171763
later_02800,later,57683.26505,0.87618283
later_02801,later,24822.35780,0.97557914
later_02802,later,106245.86229,0.68025121
later_02803,later,41964.81259,0.64493310
later_02804,later,32869.68404,0.62893076
later_02805,later,29191.79359,1.49898672
later_02806,later,44184.99760,0.79982796
later_02807,later,32433.23014,0.52852819
later_02808,later,19048.64099,0.84166533
later_02809,later,30629.43396,0.75756282
later_02810,later,187502.29975,1.02274779
later_02811,later,50484.52876,1.28684688
later_02812,later,88190.63248,1.05970737
later_02813,later,63402.50184,1.15869579
later_02814,later,49489.19231,1.42610255
later_02815,later,43381.99710,1.05151469
later_02816,later,26080.20949,0.61108986
later_02817,later,64049.34572,1.18048424
later_02818,later,46367.77238,1.44040484
later_02819,later,139093.16308,1.05507365
later_02820,later,56362.67044,1.37261788
later_02821,later,81770.84799,0.83417865
later_02822,later,80592.12874,0.52633602
later_02823,later,268607.55019,1.14393620
later_02824,later,24217.78265,1.44947017
later_02825,later,97392.19496,1.14449534
later_02826,later,77486.86574,1.18578889
later_02827,later,50499.60080,1.45956436
later_02828,later,30530.73265,0.94209085
later_02829,later,34492.24571,1.25932910
later_02830,later,40631.34805,0.53184559
later_02831,later,108615.19162,1.45067620
later_02832,later,8414.52999,1.44946214
later_02833,later,64255.22946,1.09432373
later_02834,later,53850.70747,1.17591111
later_02835,later,61528.36358,0.79178405
later_02836,later,92189.51996,0.50869930
later_02837,later,76125.33795,1.39492710
later_02838,later,37022.33601,1.22698948
later_02839,later,52548.48882,0.83676887
later_02840,later,10543.41848,0.71171474
later_02841,later,29915.40540,1.18064789
later_02842,later,138621.26104,1.32439174
later_02843,later,28062.71606,0.97032730
later_02844,later,84294.00604,1.31524705
later_02845,later,42944.87187,1.17886215
later_02846,later,55392.68559,0.77061733
later_02847,later,77471.42404,0.64884113
later_02848,later,52660.03874,1.01698485
later_02849,later,50267.10153,1.18378482
later_02850,later,121990.54226,0.86331478
later_02851,later,20597.72626,0.50739270
later_02852,later,23476.61738,0.63005505
later_02853,later,55320.83132,0.54011580
later_02854,later,39776.27469,0.52294766
later_02855,later,117803.78820,0.65097970
later_02856,later,42440.00253,0.55223421
later_02857,later,30265.75101,1.42451299
later_02858,later,106684.82284,0.74716776
later_02859,later,28294.28212,1.13194230
later_02860,later,46910.93844,1.22047081
later_02861,later,57840.67520,0.74768326
later_02862,later,39521.13579,1.09833393
later_02863,later,85321.65382,1.16403939
later_02864,later,120221.97635,1.16275071
later_02865,later,59155.57853,1.26376884
later_02866,later,42122.69805,1.14326545
later_02867,later,117869.07457,1.23287873
later_02868,later,8471.10886,1.43449688
later_02869,later,182900.39926,0.53215949
later_02870,later,53608.22970,0.96230215
later_02871,later,49512.81959,1.32332989
later_02872,later,22696.39775,0.69879853
later_02873,later,26986.94432,0.52956872
later_02874,later,26163.78886,1.17006725
later_02875,later,62407.63229,0.70983559
later_02876,later,20706.73963,1.36975571
later_02877,later,143524.25311,1.25370064
later_02878,later,68418.66891,0.63692815
later_02879,later,21991.16677,1.20596282
later_02880,later,15603.49656,0.79818385
later_02881,later,131174.39474,1.05296070
later_02882,later,180675.94357,1.23308168
later_02883,later,49994.06862,1.04364144
later_02884,later,21135.54112,1.35350589
later_02885,later,36900.19629,0.94706586
later_02886,later,99737.42305,1.40397056
later_02887,later,44127.49641,1.31168605
later_02888,later,48162.92331,0.93615823
later_02889,later,69478.87752,1.18159746
later_02890,later,49575.18667,0.82033449
later_02891,later,35330.17501,1.26586960
later_02892,later,112826.63579,0.91761333
later_02893,later,45547.26293,0.58209184
later_02894,later,32465.92593,1.23885258
later_02895,later,23780.03965,0.57598800
later_02896,later,113902.20144,1.35812701
later_02897,later,158665.62670,1.47925283
later_02898,later,72875.49963,1.01073476
later_02899,later,41445.95070,1.16381373
later_02900,later,56217.25774,1.18867703
later_02901,later,91424.65158,1.39809090
later_02902,later,78428.42040,1.24750713
later_02903,later,48030.80977,1.07079022
later_02904,later,123979.79098,1.34206583
later_02905,later,68592.57040,0.90152559
later_02906,later,42794.54654,1.04851662
later_02907,later,49810.59736,0.83043091
later_02908,later,155916.80664,1.27823600
later_02909,later,18421.37159,0.85890491
later_02910,later,26949.44401,0.56720634
later_02911,later,18556.77306,0.59867285
later_02912,later,242143.89701,0.51192204
later_02913,later,40683.48747,1.00888955
later_02914,later,67464.78610,0.89634960
later_02915,later,61767.19038,1.18654870
later_02916,later,196950.16397,0.56360798
later_02917,later,37244.81944,0.58991561
later_02918,later,38611.29731,0.67991674
later_02919,later,94875.19973,0.60809825
later_02920,later,108396.33301,1.08585206
later_02921,later,31317.95253,1.15773773
later_02922,later,22114.79444,0.81373239
later_02923,later,45764.05518,1.36667061
later_02924,later,80065.03913,1.07009826
later_02925,later,127958.78993,0.70604458
later_02926,later,88251.97599,0.68123347
later_02927,later,37028.47689,0.91107947
later_02928,later,111635.46861,0.57044357
later_02929,later,18388.88795,0.86373149
later_02930,later,36830.04733,0.60879259
later_02931,later,81782.72050,1.37715227
later_02932,later,20666.17166,1.13506529
later_02933,later,35288.79390,0.59866091
later_02934,later,75246.94504,1.41719243
later_02935,later,31628.36068,0.78372835
later_02936,later,101147.17142,0.51347685
later_02937,later,34938.88711,0.83577112
later_02938,later,150023.80469,1.45426481
later_02939,later,47826.91915,0.51181493
later_02940,later,48035.87870,0.78166355
later_02941,later,18487.30116,1.49238476
later_02942,later,59353.83280,0.56471854
later_02943,later,14155.51084,1.29697884
later_02944,later,93714.97850,0.68928154
later_02945,later,135674.21464,0.78221370
later_02946,later,61611.33766,1.12856920
later_02947,later,52081.91426,1.07824444
later_02948,later,120944.17340,1.31417059
later_02949,later,51172.67280,1.07086890
later_02950,later,23948.88921,0.72086455
later_02951,later,14488.91517,1.17814900
later_02952,later,29938.09398,1.37391413
later_02953,later,75688.39505,0.77718901
later_02954,later,36529.31097,1.26388929
later_02955,later,14238.02899,1.42313287
later_02956,later,18016.08472,0.92628096
later_02957,later,36851.68219,0.54876151
later_02958,later,38904.44474,0.51156859
later_02959,later,55921.60644,1.42018820
later_02960,later,51706.95832,0.54943156
later_02961,later,84286.83797,1.32425968
later_02962,later,32656.45158,1.47834185
later_02963,later,59798.28179,0.69544762
later_02964,later,25297.24351,1.19774556
later_02965,later,18394.37491,0.84055589
later_02966,later,62820.70631,1.00327468
later_02967,later,65630.58275,1.46332988
later_02968,later,43993.80328,0.50007905
later_02969,later,98920.53312,0.73310505
later_02970,later,33372.32944,0.73340253
later_02971,later,27073.88129,0.82808410
later_02972,later,58433.63901,0.81867546
later_02973,later,265099.42650,1.32313956
later_02974,later,92825.84578,1.01012058
later_02975,later,86022.60806,0.62760513
later_02976,later,84694.56812,0.54886541
later_02977,later,81017.87281,0.93452104
later_02978,later,32178.94857,1.14899098
later_02979,later,34178.36082,1.06006045
later_02980,later,27493.63825,0.62930369
later_02981,later,90481.67455,1.04654201
later_02982,later,25746.15517,1.38119366
later_02983,later,136002.20725,1.07344310
later_02984,later,59975.74582,1.33704340
later_02985,later,44278.82812,0.75161625
later_02986,later,299462.15880,1.36211779
later_02987,later,18738.94202,0.59347764
later_02988,later,65991.65431,1.29886673
later_02989,later,74546.13493,1.25596937
later_02990,later,28087.97009,1.48151623
later_02991,later,49291.28797,0.95798058
later_02992,later,15592.23233,1.03889996
later_02993,later,53442.50382,1.27481406
later_02994,later,48711.60487,1.04596465
later_02995,later,30357.44379,1.33493793
later_02996,later,60350.90472,1.14227160
later_02997,later,174532.53017,0.64411245
later_02998,later,29504.40392,1.27997436
later_02999,later,96168.30776,0.63037452
later_03000,later,24467.07230,1.35691041
later_03001,later,32889.80153,0.68605827
later_03002,later,55956.36578,1.47430807
later_03003,later,73075.18072,1.47177943
later_03004,later,59263.29204,0.93145039
later_03005,later,25329.50455,0.56660886
later_03006,later,68473.29118,0.89239446
later_03007,later,34541.39647,1.44639333
later_03008,later,64289.79793,0.89418069
later_03009,later,99186.13099,0.66392809
later_03010,later,99852.78713,1.40077936
later_03011,later,104003.98898,0.88298679
later_03012,later,29511.19648,0.74974681
later_03013,later,61294.74754,0.56530752
later_03014,later,39377.48597,1.04146611
later_03015,later,247697.28987,0.74082769
later_03016,later,52896.69508,1.01415214
later_03017,later,34271.83497,0.98446120
later_03018,later,57235.28399,1.13592925
later_03019,later,38560.22824,0.86282301
later_03020,later,103381.74710,0.85439866
later_03021,later,12111.66265,1.18693620
later_03022,later,113148.50936,0.91317973
later_03023,later,61377.66678,0.98453271
later_03024,later,86247.37104,1.40471600
later_03025,later,24475.19723,1.38025328
later_03026,later,61589.15880,1.14406282
later_03027,later,32481.58160,0.59665089
later_03028,later,33191.60880,1.01006059
later_03029,later,58630.26913,1.09199663
later_03030,later,18316.60738,1.14455383
later_03031,later,20587.99290,0.51437830
later_03032,later,19115.54685,0.70054458
later_03033,later,96331.13593,1.32563082
later_03034,later,47319.46246,1.38258345
later_03035,later,80887.55237,0.73488174
later_03036,later,52677.13616,1.12681560
later_03037,later,30065.88356,1.24073175
later_03038,later,126804.76898,1.20389190
later_03039,later,36150.74793,1.02858412
later_03040,later,44679.86915,1.27796475
later_03041,later,95288.93692,0.54114571
later_03042,later,35886.67949,0.81265258
later_03043,later,57111.64379,1.11030412
later_03044,later,89258.05540,1.14790322
later_03045,later,36614.97970,1.20165938
later_03046,later,70156.60174,1.40760719
later_03047,later,85218.39576,0.95289133
later_03048,later,90897.60540,0.79994825
later_03049,later,137038.00992,1.30636229
later_03050,later,46031.32937,0.82489505
later_03051,later,11240.01732,1.33426983
later_03052,later,91965.17222,1.27300430
later_03053,later,19642.59733,0.54531001
later_03054,later,26424.35758,0.66074189
later_03055,later,21185.85637,0.86256643
later_03056,later,19802.67360,1.19982087
later_03057,later,31042.61063,0.95003128
later_03058,later,39983.40747,0.63789415
later_03059,later,63454.83565,1.29149956
later_03060,later,8286.30283,0.86021765
later_03061,later,39239.41550,0.90726400
later_03062,later,63726.04409,1.25395782
later_03063,later,16636.15442,1.14733266
later_03064,later,35948.75762,1.26727877
later_03065,later,46916.80287,1.25833921
later_03066,later,26841.97593,0.85081635
later_03067,later,63017.84310,0.72792021
later_03068,later,38581.72056,1.22621074
later_03069,later,51530.15018,0.85691939
later_03070,later,19627.89884,0.88534298
later_03071,later,131690.73461,0.62577821
later_03072,later,15618.39113,0.73317783
later_03073,later,30018.73314,0.53115901
later_03074,later,69007.88402,1.23469559
later_03075,later,69244.38658,1.37225588
later_03076,later,39753.68566,1.26511827
later_03077,later,20859.20298,1.24705379
later_03078,later,47571.34391,0.84455558
later_03079,later,28075.19352,1.10413874
later_03080,later,14188.60082,0.60876781
later_03081,later,58736.45351,1.35031938
later_03082,later,66756.15202,1.06683271
later_03083,later,51579.02814,0.67479215
later_03084,later,53529.44727,1.26774530
later_03085,later,35978.45497,1.11658979
later_03086,later,72271.25308,1.17918562
later_03087,later,56628.72490,1.32779551
later_03088,later,32823.56463,1.21772184
later_03089,later,15577.18402,0.98866830
later_03090,later,23730.73090,1.33067485
later_03091,later,125718.88047,0.90396298
later_03092,later,36746.01856,1.39256266
later_03093,later,59233.91435,0.95029342
later_03094,later,46547.74296,0.87603098
later_03095,later,78424.15308,1.12343007
later_03096,later,265582.17056,1.20640816
later_03097,later,35570.63621,1.15567558
later_03098,later,46705.07261,1.43496917
later_03099,later,19677.45779,1.13719935
later_03100,later,66218.67793,1.16303230
later_03101,later,26266.28961,0.85042030
later_03102,later,89927.01538,0.96513010
later_03103,later,47571.37273,1.05070897
later_03104,later,46007.48853,1.45334824
later_03105,later,20677.65067,0.53108768
later_03106,later,43085.28725,0.57064040
later_03107,later,119093.78108,0.93784251
later_03108,later,48934.30289,0.58993466
later_03109,later,51273.00245,1.19137484
later_03110,later,23677.99982,1.44870862
later_03111,later,47245.84044,0.85450633
later_03112,later,26069.49902,0.58085150
later_03113,later,45531.64601,1.22168089
later_03114,later,25930.39217,0.66431584
later_03115,later,83968.43989,1.26717519
later_03116,later,24884.19541,0.81681677
later_03117,later,23411.75563,1.41904649
later_03118,later,34326.74063,1.18477127
later_03119,later,232103.34688,0.77943156
later_03120,later,69169.61683,1.03525176
later_03121,later,67193.20272,0.80139667
later_03122,later,40600.01318,0.53921299
later_03123,later,37718.05789,1.18697768
later_03124,later,47372.94685,1.27729541
later_03125,later,50465.48008,1.05622190
later_03126,later,35575.26505,1.24206212
later_03127,later,73970.33162,1.19888780
later_03128,later,39054.79402,0.61487626
later_03129,later,42715.83539,1.21719954
later_03130,later,20919.04498,0.96520098
later_03131,later,19162.17274,1.49479148
later_03132,later,83160.55198,0.93372394
later_03133,later,52045.50455,0.69981402
later_03134,later,17186.02340,0.96871166
later_03135,later,270111.43755,1.18906715
later_03136,later,110913.46403,0.69072355
later_03137,later,22897.21229,0.66816201
later_03138,later,33817.45245,1.03430571
later_03139,later,56569.35606,0.90428680
later_03140,later,131344.00773,0.56159056
later_03141,later,42937.25980,0.97138928
later_03142,later,49235.51767,0.96652169
later_03143,later,30031.81767,0.99909997
later_03144,later,41019.59112,1.18668788
later_03145,later,58810.47297,0.85629234
later_03146,later,23981.72494,1.16920658
later_03147,later,27428.81973,0.77529958
later_03148,later,51430.63709,1.35942298
later_03149,later,22513.80952,1.26289790
later_03150,later,11809.82139,1.47949486
later_03151,later,66221.74667,1.21109042
later_03152,later,20935.45574,1.34567884
later_03153,later,76433.94511,0.97690161
later_03154,later,26480.89143,1.07951771
later_03155,later,26632.47873,0.52929965
later_03156,later,30543.87623,1.27244096
later_03157,later,40287.28320,1.24254335
later_03158,later,177485.68565,1.41573439
later_03159,later,27789.99664,1.41278438
later_03160,later,42190.11128,1.39443940
later_03161,later,51377.40763,1.44870219
later_03162,later,37935.43039,0.84796233
later_03163,later,11839.99568,0.64612646
later_03164,later,20129.85714,0.82183828
later_03165,later,8774.02216,0.73610090
later_03166,later,116102.83584,1.18389228
later_03167,later,98602.06256,1.20561403
later_03168,later,32479.96628,1.18417173
later_03169,later,29426.30913,0.75728754
later_03170,later,49991.03865,1.33510227
later_03171,later,27763.46787,1.28077581
later_03172,later,170747.04593,0.83172209
later_03173,later,31839.77266,0.74766276
later_03174,later,66537.71975,0.92114452
later_03175,later,17789.17914,0.52294157
later_03176,later,41304.37537,0.59329967
later_03177,later,32896.53273,1.47553716
later_03178,later,35747.00733,1.24008722
later_03179,later,43167.85193,0.86961776
later_03180,later,36634.78379,1.28823461
later_03181,later,62256.64705,0.78291728
later_03182,later,48907.04131,0.82947908
later_03183,later,79793.62012,1.42313625
later_03184,later,74063.18092,1.07379094
later_03185,later,236794.63879,0.57677085
later_03186,later,17713.90560,1.45656954
later_03187,later,19934.15949,0.94126125
later_03188,later,107652.81456,1.21916123
later_03189,later,70942.79996,0.88098516
later_03190,later,193135.56065,1.23731689
later_03191,later,69014.17639,0.74345165
later_03192,later,30624.00493,0.51467638
later_03193,later,92369.78261,1.45503251
later_03194,later,95720.49760,1.27638855
later_03195,later,114057.01806,0.77165707
later_03196,later,50380.20556,0.91097097
later_03197,later,12912.92466,1.44844440
later_03198,later,44669.55177,1.24233110
later_03199,later,35640.07010,0.97629573
later_03200,later,90807.56400,1.37082862
later_03201,later,8502.16715,1.30801938
later_03202,later,75948.24735,1.00032187
later_03203,later,92340.12103,1.21556090
later_03204,later,8288.49154,0.78965360
later_03205,later,40303.36207,1.31000344
later_03206,later,129019.77748,1.26118854
later_03207,later,68809.00888,1.48953843
later_03208,later,31865.22546,0.68266742
later_03209,later,59835.72537,1.24059973
later_03210,later,24440.43964,0.75145187
later_03211,later,95083.57807,0.54651168
later_03212,later,8209.21057,1.15546352
later_03213,later,67302.56910,1.02163323
later_03214,later,36393.94427,1.46792920
later_03215,later,230122.36039,0.92684456
later_03216,later,79190.10565,0.81346253
later_03217,later,19262.52699,0.55881854
later_03218,later,16581.43174,1.20159443
later_03219,later,19475.86087,1.39306535
later_03220,later,22546.89274,1.18325535
later_03221,later,54957.12042,1.00717905
later_03222,later,22029.91939,0.90462795
later_03223,later,88376.63502,1.06176078
later_03224,later,46496.26789,1.22089503
later_03225,later,39400.83637,1.03630421
later_03226,later,105059.40642,1.13666610
later_03227,later,21721.12571,1.49217951
later_03228,later,53010.60709,0.66657033
later_03229,later,36373.59602,1.41311467
later_03230,later,126441.72616,0.77352437
later_03231,later,19833.87939,1.43137143
later_03232,later,20197.19632,0.86926008
later_03233,later,67397.20898,0.73127067
later_03234,later,43390.72320,1.31067930
later_03235,later,48095.45080,1.08583065
later_03236,later,29683.47033,1.03152619
later_03237,later,84506.09948,0.63709965
later_03238,later,77886.26379,0.98436991
later_03239,later,88486.46686,0.70754242
later_03240,later,81893.18480,0.76634261
later_03241,later,156172.01669,0.60393719
later_03242,later,39948.66911,0.70691898
later_03243,later,44578.61749,1.03722346
later_03244,later,42682.08829,0.90128022
later_03245,later,39369.62071,0.71880353
later_03246,later,46507.76247,0.70216295
later_03247,later,76065.16776,1.47155192
later_03248,later,46732.58755,1.06015595
later_03249,later,48721.14910,0.60812128
later_03250,later,137843.52982,1.05611884
later_03251,later,155962.41104,0.88529879
later_03252,later,38158.22101,0.73578338
later_03253,later,52048.57416,1.34396327
later_03254,later,11431.92490,1.19163115
later_03255,later,134421.82241,1.45520851
later_03256,later,15698.33095,1.23741321
later_03257,later,32642.56450,0.87239183
later_03258,later,41757.30307,0.96738668
later_03259,later,65253.82158,1.43096797
later_03260,later,17038.78276,0.53188316
later_03261,later,79148.04375,0.62392382
later_03262,later,120653.53367,1.00062627
later_03263,later,41912.67770,0.68771866
later_03264,later,51572.90337,1.17211072
later_03265,later,28580.69087,1.32160599
later_03266,later,34954.20110,0.83019623
later_03267,later,29235.00021,0.91651573
later_03268,later,67164.91698,0.63433328
later_03269,later,15757.60966,1.40289192
later_03270,later,123420.77954,0.82426997
later_03271,later,46177.17672,1.07728918
later_03272,later,60383.56733,0.84573049
later_03273,later,37739.22146,0.57277537
later_03274,later,30753.04648,0.66882400
later_03275,later,66749.72598,1.49873994
later_03276,later,24549.39893,1.13391824
later_03277,later,27017.53958,0.99145858
later_03278,later,19880.84747,0.59233196
later_03279,later,19432.60916,1.46998253
later_03280,later,22882.28588,0.68826632
later_03281,later,35580.18310,1.25754132
later_03282,later,25555.29140,0.86415406
later_03283,later,90578.87759,1.03368001
later_03284,later,32256.78573,1.12324004
later_03285,later,20034.68539,0.78525651
later_03286,later,80187.56963,0.86995035
later_03287,later,33332.88904,0.61717704
later_03288,later,53599.42050,0.57402563
later_03289,later,83504.43116,0.53508402
later_03290,later,69689.15592,0.83402045
later_03291,later,28463.05079,0.63140617
later_03292,later,28694.17355,1.35572921
later_03293,later,127867.42775,0.52616105
later_03294,later,30245.27174,1.17150259
later_03295,later,16149.82436,1.17785664
later_03296,later,76371.19101,0.64474119
later_03297,later,39635.46128,0.92021657
later_03298,later,25155.62039,0.83763682
later_03299,later,49903.86609,0.74359276
later_03300,later,64139.07082,0.52775545
later_03301,later,21934.74723,0.80079244
later_03302,later,13893.66948,0.62383083
later_03303,later,42153.65877,0.93418270
later_03304,later,68783.54553,1.26901907
later_03305,later,23131.61301,1.36781005
later_03306,later,22794.54299,0.51753457
later_03307,later,24232.60966,0.73523425
later_03308,later,84748.20282,0.53394273
later_03309,later,87743.88940,1.20157293
later_03310,later,71303.06389,1.20188107
later_03311,later,37228.92816,0.51777481
later_03312,later,96814.68961,1.40483463
later_03313,later,93342.42589,0.77937982
later_03314,later,19737.60089,0.88511694
later_03315,later,65646.41043,0.90694051
later_03316,later,117088.51220,0.72707290
later_03317,later,55728.36375,0.50600528
later_03318,later,42161.75341,1.10767024
later_03319,later,25257.49395,1.34301092
later_03320,later,33756.07051,1.10805722
later_03321,later,52203.47355,0.58449422
later_03322,later,28203.72455,1.10801792
later_03323,later,43213.84364,0.59720248
later_03324,later,15727.15013,1.07303805
later_03325,later,32360.34408,0.56999256
later_03326,later,60241.25940,0.93631691
later_03327,later,59670.31900,1.25762698
later_03328,later,108558.16687,1.05181193
later_03329,later,66947.60736,1.46162069
later_03330,later,39942.29303,1.29943570
later_03331,later,34832.58653,1.44020492
later_03332,later,68865.81592,0.73245668
later_03333,later,26558.82443,0.63369248
later_03334,later,36326.41415,0.68444402
later_03335,later,43514.86908,1.19810208
later_03336,later,28025.67089,1.00129823
later_03337,later,150543.53958,0.89780776
later_03338,later,11957.17154,0.64842200
later_03339,later,42765.90153,0.50463433
later_03340,later,10708.83929,1.10422014
later_03341,later,22090.06202,1.48868347
later_03342,later,17110.40838,0.83705793
later_03343,later,35862.11509,1.40358599
later_03344,later,47923.04516,1.28474683
later_03345,later,13592.89684,1.18864472
later_03346,later,27913.87135,1.25474099
later_03347,later,16038.83229,0.94458488
later_03348,later,11481.96762,1.25236440
later_03349,later,41069.14430,1.04307029
later_03350,later,45017.52582,1.26441462
later_03351,later,119662.65615,1.02647967
later_03352,later,39529.17388,1.18010886
later_03353,later,10041.39666,0.59075607
later_03354,later,25118.93491,0.62280986
later_03355,later,25790.50396,0.98124458
later_03356,later,46225.32036,1.24112943
later_03357,later,25417.14813,0.71178551
later_03358,later,22004.25818,1.16683395
later_03359,later,11037.98857,0.58334452
later_03360,later,23714.51799,1.30643064
later_03361,later,52291.54950,1.47731068
later_03362,later,84109.97210,1.40553151
later_03363,later,72045.19650,1.40487565
later_03364,later,34257.74342,1.07036470
later_03365,later,124432.58111,1.27515199
later_03366,later,22096.49121,1.30879809
later_03367,later,120171.65508,0.65462135
later_03368,later,89302.81544,0.70343161
later_03369,later,10096.83036,1.33883097
later_03370,later,41119.42003,1.12059534
later_03371,later,39961.46283,1.25323966
later_03372,later,51710.20270,0.66860438
later_03373,later,68886.16687,1.36424932
later_03374,later,25363.28246,1.49071583
later_03375,later,30155.96519,0.92510477
later_03376,later,54059.40953,0.63482400
later_03377,later,108980.96111,0.87897195
later_03378,later,21631.27443,0.56320255
later_03379,later,27528.99513,1.13234786
later_03380,later,82910.80847,0.51000461
later_03381,later,71831.18565,1.42570893
later_03382,later,39295.43743,1.22040071
later_03383,later,114519.39786,1.15227235
later_03384,later,42802.39916,1.30918127
later_03385,later,40736.09619,1.33879036
later_03386,later,79215.39355,1.41793731
later_03387,later,27515.98485,0.64666875
later_03388,later,72435.92522,0.71451710
later_03389,later,24803.40195,1.20026116
later_03390,later,136781.72930,0.77112212
later_03391,later,52822.00936,0.75927632
later_03392,later,31233.82399,0.75162926
later_03393,later,9844.28789,0.99374019
later_03394,later,143908.94182,1.24670266
later_03395,later,13105.28985,0.81495910
later_03396,later,21194.94233,0.64586274
later_03397,later,257358.10267,0.75367840
later_03398,later,56457.31964,0.54810018
later_03399,later,80009.64750,1.12397679
later_03400,later,105005.09723,0.92732519
later_03401,later,101320.25735,1.21654117
later_03402,later,14819.09000,1.39187450
later_03403,later,43038.24427,1.18160800
later_03404,later,74530.97168,1.42326997
later_03405,later,19713.00484,1.25956039
later_03406,later,30807.90513,0.56655734
later_03407,later,46279.02124,0.82986437
later_03408,later,49341.83269,1.21972969
later_03409,later,108693.12305,1.00122277
later_03410,later,10679.24967,0.91105113
later_03411,later,22331.53170,0.87978691
later_03412,later,119201.03947,1.46155235
later_03413,later,19739.93352,0.88825512
later_03414,later,25383.00653,0.89531317
later_03415,later,102601.25583,0.78442832
later_03416,later,25949.33118,0.53516467
later_03417,later,23304.79140,1.04031743
later_03418,later,19593.73840,1.17015904
later_03419,later,56908.25063,1.22514485
later_03420,later,19835.13627,0.53411126
later_03421,later,67219.32978,1.47094780
later_03422,later,27205.90787,1.22865084
later_03423,later,129062.88252,0.83904209
later_03424,later,58015.58988,1.02359303
later_03425,later,39198.92328,0.76985312
later_03426,later,134789.20418,0.58109252
later_03427,later,135810.50296,0.53244143
later_03428,later,70472.94077,0.56813848
later_03429,later,11147.63985,0.73330751
later_03430,later,68555.89787,1.44160946
later_03431,later,44503.06691,1.11136542
later_03432,later,38090.84566,1.19023142
later_03433,later,28306.06339,0.76635492
later_03434,later,159862.84298,0.55852983
later_03435,later,41642.27706,0.97164832
later_03436,later,65750.44804,0.66115489
later_03437,later,29444.21711,1.38845286
later_03438,later,105021.60728,1.36526981
later_03439,later,73169.79887,0.99342978
later_03440,later,55083.39471,0.77096000
later_03441,later,25165.88241,1.09556329
later_03442,later,19255.06435,1.35162077
later_03443,later,62826.08838,1.28174945
later_03444,later,71327.14629,0.87187695
later_03445,later,32018.99878,1.36491960
later_03446,later,57755.12970,1.08160577
later_03447,later,50991.26797,1.42696297
later_03448,later,58239.57625,0.62506250
later_03449,later,32286.69474,1.01574325
later_03450,later,70686.05123,1.04564958
later_03451,later,135156.04522,1.08530893
later_03452,later,157439.31646,0.94724504
later_03453,later,113502.76016,0.70839508
later_03454,later,41023.07834,1.42467427
later_03455,later,92393.10459,0.50144403
later_03456,later,11204.56926,0.62640249
later_03457,later,254598.35742,0.61722192
later_03458,later,72878.27507,0.87298752
later_03459,later,34630.64012,1.18081852
later_03460,later,20184.50837,0.52341598
later_03461,later,67943.16286,0.53358504
later_03462,later,174848.61452,0.99282523
later_03463,later,212884.74003,1.32758713
later_03464,later,50283.60492,0.57666224
later_03465,later,23733.56968,0.88570382
later_03466,later,53348.48530,0.68321989
later_03467,later,43219.95915,0.60573317
later_03468,later,61236.10187,1.12797296
later_03469,later,16202.36518,1.29488815
later_03470,later,84855.07834,1.42792751
later_03471,later,67118.51122,0.88208002
later_03472,later,43167.04316,0.63748922
later_03473,later,24607.99396,1.18155876
later_03474,later,25377.02630,0.69387017
later_03475,later,27242.60235,0.61728104
later_03476,later,58149.37727,1.27712910
later_03477,later,160518.52343,0.84006761
later_03478,later,86333.46713,1.35425284
later_03479,later,17114.85335,1.09258924
later_03480,later,71120.97931,1.21598512
later_03481,later,17963.45031,0.97721549
later_03482,later,15953.21364,1.04452741
later_03483,later,116827.48622,1.00885874
later_03484,later,51049.54199,1.04985912
later_03485,later,37619.19169,1.19906393
later_03486,later,60600.14049,1.25019747
later_03487,later,147667.06867,1.27319072
later_03488,later,124698.97788,1.07842070
later_03489,later,28086.74534,1.06586007
later_03490,later,92445.13653,0.92554833
later_03491,later,26694.45131,0.95745241
later_03492,later,67832.99486,1.01677690
later_03493,later,49586.39506,1.46978415
later_03494,later,41440.71006,0.94776996
later_03495,later,153302.45085,1.31053851
later_03496,later,80178.42180,1.38548741
later_03497,later,29138.30283,0.50565379
later_03498,later,21334.00672,0.86742883
later_03499,later,36648.61123,0.83989935
later_03500,later,33249.22220,0.67246960
later_03501,later,134374.28351,1.20875242
later_03502,later,33252.94558,1.20139660
later_03503,later,50897.28948,0.66190529
later_03504,later,19095.38326,1.09768945
later_03505,later,92737.69137,0.64371260
later_03506,later,12027.92338,0.92467228
later_03507,later,67290.41983,1.33040055
later_03508,later,77730.44311,1.40610759
later_03509,later,224564.01091,0.84224044
later_03510,later,33317.74540,1.32981938
later_03511,later,140212.81874,1.32198860
later_03512,later,57153.66498,1.33467862
later_03513,later,15303.14145,1.48222039
later_03514,later,11171.69119,0.93847475
later_03515,later,79514.60331,0.81004972
later_03516,later,37925.94913,1.14289672
later_03517,later,42749.19294,1.47421515
later_03518,later,55162.82614,1.24005406
later_03519,later,81200.80387,0.76992797
later_03520,later,171749.33454,0.56458269
later_03521,later,93518.56775,0.80298202
later_03522,later,32404.55214,0.51843793
later_03523,later,130505.84608,1.33469865
later_03524,later,18542.77286,1.00489074
later_03525,later,55396.59479,0.89158897
later_03526,later,50984.18477,0.67778547
later_03527,later,33788.56377,1.43138138
later_03528,later,27516.05500,1.34686024
later_03529,later,70896.04873,0.85572410
later_03530,later,52847.57721,1.34887968
later_03531,later,33353.53917,0.80840909
later_03532,later,40190.93144,0.67811747
later_03533,later,33001.37001,0.94488772
later_03534,later,84594.67222,1.15586352
later_03535,later,40307.31417,0.61067420
later_03536,later,35151.68962,0.74646361
later_03537,later,48300.30348,1.40513734
later_03538,later,169083.69460,0.97037634
later_03539,later,31127.11105,0.71202019
later_03540,later,221351.55653,1.20396698
later_03541,later,33650.98385,1.06571725
later_03542,later,24201.64221,1.34112896
later_03543,later,21006.61246,1.24057560
later_03544,later,75256.22770,1.30567678
later_03545,later,26722.50339,0.80784528
later_03546,later,37368.85137,1.06398989
later_03547,later,44278.46618,0.59145118
later_03548,later,27016.35061,0.80277226
later_03549,later,42834.64272,1.05249324
later_03550,later,32688.61475,0.60731897
later_03551,later,226958.83668,1.10104760
later_03552,later,41751.87751,0.85255868
later_03553,later,30659.97714,0.81582250
later_03554,later,47653.21869,0.80229017
later_03555,later,56531.74967,1.34568429
later_03556,later,42320.01924,1.10213256
later_03557,later,49610.60452,0.87693484
later_03558,later,43590.64520,0.60938738
later_03559,later,60423.14381,1.06373494
later_03560,later,30023.90424,0.57478416
later_03561,later,76781.54653,1.06135921
later_03562,later,119210.81630,1.06929641
later_03563,later,93864.29373,0.77758740
later_03564,later,39019.08023,1.05045483
later_03565,later,50123.23254,1.21722579
later_03566,later,263353.03491,0.66274694
later_03567,later,36183.76851,0.64269976
later_03568,later,44056.95000,0.61407516
later_03569,later,162677.47168,0.67918911
later_03570,later,28878.03505,1.04329300
later_03571,later,26005.12611,1.12325993
later_03572,later,68545.93263,1.45171910
later_03573,later,23306.75431,0.70969613
later_03574,later,31136.74308,1.36232781
later_03575,later,20167.86213,1.08059891
later_03576,later,91661.34466,1.32196255
later_03577,later,22314.85176,1.40491192
later_03578,later,49571.66698,1.10275947
later_03579,later,28012.68468,0.85943578
later_03580,later,50808.67552,1.09775257
later_03581,later,62759.26035,0.71558076
later_03582,later,58412.14559,0.71308223
later_03583,later,91947.25336,1.36221446
later_03584,later,44716.47349,1.45718950
later_03585,later,20413.06438,0.65951617
later_03586,later,200198.49011,1.25785753
later_03587,later,43621.56679,0.64855364
later_03588,later,17324.52139,0.86216117
later_03589,later,98946.16735,0.71431668
later_03590,later,190311.67720,1.36467970
later_03591,later,53458.17132,1.22240405
later_03592,later,39985.41945,1.33425555
later_03593,later,185114.39120,0.73589828
later_03594,later,110582.67804,0.99911361
later_03595,later,26332.67779,0.96841528
later_03596,later,48927.97730,1.39731271
later_03597,later,55423.75576,1.47544915
later_03598,later,32548.96621,1.39696751
later_03599,later,20497.69568,0.78062966
later_03600,later,28862.88636,0.62160120
later_03601,later,8905.40442,1.03917409
later_03602,later,42732.24075,0.69516777
later_03603,later,34018.97697,0.83145492
later_03604,later,28294.91065,1.02564465
later_03605,later,53247.47591,1.28924648
later_03606,later,181487.74650,0.76788726
later_03607,later,29136.78929,0.99943836
later_03608,later,18600.35657,1.07038537
later_03609,later,35867.85794,1.07380528
later_03610,later,36204.06450,0.82212782
later_03611,later,158693.78841,0.77262757
later_03612,later,41750.26035,0.84735693
later_03613,later,40224.70464,1.31697501
later_03614,later,30427.58839,0.91707048
later_03615,later,29021.96623,0.68760786
later_03616,later,65508.32902,0.61922129
later_03617,later,91565.24374,1.02534197
later_03618,later,38851.46706,0.81488485
later_03619,later,39591.87436,1.37704832
later_03620,later,20794.70943,0.80977294
later_03621,later,9959.02017,1.08779636
later_03622,later,80154.87172,0.55436886
later_03623,later,63012.84681,0.70582657
later_03624,later,66795.10092,0.68611913
later_03625,later,68918.85423,1.21715751
later_03626,later,59155.44901,1.06684529
later_03627,later,204921.71184,1.47623205
later_03628,later,34956.18445,0.71523247
later_03629,later,21203.59028,1.29951025
later_03630,later,100517.67784,0.66869587
later_03631,later,36524.65131,1.10022669
later_03632,later,71916.18337,0.82233311
later_03633,later,56543.24255,1.00980807
later_03634,later,16799.39475,0.83204968
later_03635,later,69036.32511,0.64887155
later_03636,later,58240.68040,0.93329441
later_03637,later,94447.64821,1.21926256
later_03638,later,12200.45867,1.22860775
later_03639,later,59685.22315,1.47556168
later_03640,later,71407.23703,0.51439643
later_03641,later,38804.28702,0.61225985
later_03642,later,22085.41838,1.34319765
later_03643,later,78467.53687,1.47367198
later_03644,later,83284.02600,1.16062531
later_03645,later,49207.16445,1.40546021
later_03646,later,64083.56038,1.28245223
later_03647,later,173037.07107,0.60031141
later_03648,later,35903.06362,0.53207681
later_03649,later,49952.34773,1.06597779
later_03650,later,83128.80691,0.82402053
later_03651,later,169575.19323,0.54414918
later_03652,later,34425.60099,1.08078095
later_03653,later,38866.59095,0.94161798
later_03654,later,18951.42352,0.73296032
later_03655,later,25038.48649,1.28905293
later_03656,later,73435.35244,0.73587546
later_03657,later,83289.08985,1.04384919
later_03658,later,32416.96428,1.49182119
later_03659,later,20750.19127,0.55763089
later_03660,later,243418.30867,1.40479639
later_03661,later,18637.13520,1.09630288
later_03662,later,28952.46093,1.00768252
later_03663,later,17470.91895,0.55138700
later_03664,later,74080.85933,0.56530570
later_03665,later,28267.26302,0.54703299
later_03666,later,26551.25951,1.26111827
later_03667,later,15015.84844,0.92384956
later_03668,later,34004.41535,1.15161230
later_03669,later,75606.55990,0.97763002
later_03670,later,25815.50498,0.91075893
later_03671,later,66223.68452,0.58573224
later_03672,later,34824.50542,0.92093000
later_03673,later,47517.23670,0.80799090
later_03674,later,216266.83198,1.20411736
later_03675,later,27986.95043,0.83078467
later_03676,later,129978.67613,0.61089018
later_03677,later,71992.98935,1.24813768
later_03678,later,11635.66452,0.79361349
later_03679,later,64743.61387,0.66192186
later_03680,later,49027.18895,1.38498628
later_03681,later,17954.22098,1.08970790
later_03682,later,27059.90133,0.74146042
later_03683,later,41349.22046,1.14570755
later_03684,later,33464.25363,0.83429335
later_03685,later,41794.31768,1.38000235
later_03686,later,43775.59698,0.99343518
later_03687,later,46292.06558,1.21704214
later_03688,later,47736.01345,1.45141250
later_03689,later,12763.49548,1.35792913
later_03690,later,29977.48800,0.79934404
later_03691,later,47511.84626,1.45176335
later_03692,later,58238.60270,0.68096023
later_03693,later,40773.51264,0.82462009
later_03694,later,32324.87616,1.33901483
later_03695,later,64856.00021,0.75945305
later_03696,later,81813.81503,1.19283932
later_03697,later,51981.99636,0.74000661
later_03698,later,64159.20114,1.29820071
later_03699,later,197670.29515,0.65578028
later_03700,later,172169.36873,1.06084476
later_03701,later,67963.88200,0.92391902
later_03702,later,137946.60161,1.37257530
later_03703,later,20449.29785,1.15828889
later_03704,later,133793.46898,1.09882367
later_03705,later,129485.16414,1.13370494
later_03706,later,33588.00847,1.48554143
later_03707,later,82542.63568,0.56880581
later_03708,later,14353.73609,0.56059082
later_03709,later,66904.35662,1.22723883
later_03710,later,13406.29387,0.89468371
later_03711,later,56011.29430,1.01149707
later_03712,later,64645.27704,0.73585324
later_03713,later,50899.39591,0.58713925
later_03714,later,12578.22196,1.34270890
later_03715,later,83689.48769,1.39714658
later_03716,later,28346.51802,0.80522809
later_03717,later,60641.88626,1.25074970
later_03718,later,43529.82646,0.92832343
later_03719,later,138362.56442,1.27588839
later_03720,later,30075.91752,1.37585845
later_03721,later,91583.49335,0.94582517
later_03722,later,76065.70334,0.59852853
later_03723,later,33412.33112,0.98058187
later_03724,later,89148.44289,0.87656831
later_03725,later,34564.49060,1.45570274
later_03726,later,25820.33886,1.45434432
later_03727,later,32901.30392,0.66020327
later_03728,later,28348.26830,0.52017623
later_03729,later,32102.54917,1.17939799
later_03730,later,21553.39115,0.68084386
later_03731,later,59562.05760,1.05777068
later_03732,later,24557.32679,1.21835204
later_03733,later,37562.98230,0.99364632
later_03734,later,12053.10004,0.67543241
later_03735,later,124878.44385,0.89312592
later_03736,later,44964.77187,0.87438715
later_03737,later,23253.61053,0.91758789
later_03738,later,104804.44612,1.26523698
later_03739,later,24938.97293,0.50038957
later_03740,later,37081.52379,0.66194133
later_03741,later,24378.57477,0.97637253
later_03742,later,33573.62176,0.95837699
later_03743,later,46249.00154,1.33498461
later_03744,later,24792.65594,1.45488829
later_03745,later,32976.88383,0.65657905
later_03746,later,139217.62217,1.22131778
later_03747,later,60535.78795,1.10603743
later_03748,later,30135.21314,1.33631125
later_03749,later,90780.59353,1.25973306
later_03750,later,51181.61270,1.10387820
later_03751,later,95907.27582,1.28606562
later_03752,later,29601.98800,1.19109289
later_03753,later,20618.96808,1.40384868
later_03754,later,21088.43252,0.53175633
later_03755,later,345861.50909,1.48532526
later_03756,later,191911.83308,0.62102937
later_03757,later,48911.32027,0.81842496
later_03758,later,39034.90657,0.83117203
later_03759,later,35077.60589,0.64738633
later_03760,later,11678.47178,1.19734744
later_03761,later,59452.31290,1.22033032
later_03762,later,34016.36609,1.10837542
later_03763,later,60561.33574,0.73717227
later_03764,later,27103.23383,1.04018641
later_03765,later,26322.60132,1.38249945
later_03766,later,40279.07141,0.66194018
later_03767,later,27228.23669,0.90101547
later_03768,later,32237.99448,0.81477675
later_03769,later,29274.62430,1.23880456
later_03770,later,98027.78299,0.62897518
later_03771,later,14758.91851,0.57454626
later_03772,later,89279.92298,0.70525572
later_03773,later,166669.85592,1.02191847
later_03774,later,107413.63049,1.10864111
later_03775,later,36860.61413,1.25382527
later_03776,later,23569.76621,0.90648654
later_03777,later,39351.83830,0.57860066
later_03778,later,79461.70442,1.45050328
later_03779,later,87643.37188,1.02503407
later_03780,later,13403.60737,1.14101651
later_03781,later,71393.20025,1.48108250
later_03782,later,25408.62497,1.05577718
later_03783,later,35177.36809,0.62033922
later_03784,later,136929.22279,0.77613742
later_03785,later,74698.26565,1.01477067
later_03786,later,40166.77717,0.87315655
later_03787,later,14320.99988,1.49713526
later_03788,later,73262.75647,1.44973229
later_03789,later,177521.16927,0.71796654
later_03790,later,93821.10455,1.28803061
later_03791,later,63858.36312,1.16064169
later_03792,later,50067.08603,0.95891632
later_03793,later,78363.44884,1.37414688
later_03794,later,35323.66465,1.21503283
later_03795,later,45406.09611,0.51153147
later_03796,later,53043.34148,0.69287615
later_03797,later,104067.48796,1.49352947
later_03798,later,30337.20744,1.27122189
later_03799,later,54681.04588,0.64176717
later_03800,later,41005.17478,0.59454561
later_03801,later,38809.26107,0.57182656
later_03802,later,82088.40681,0.87145362
later_03803,later,31269.78222,1.17126509
later_03804,later,98353.98185,0.70202969
later_03805,later,30203.90546,0.70543506
later_03806,later,82273.48798,0.54034502
later_03807,later,106998.72577,1.24366898
later_03808,later,32089.56921,1.16099055
later_03809,later,41851.66112,1.48991709
later_03810,later,21508.96474,0.77728371
later_03811,later,146347.52235,1.32084203
later_03812,later,77965.84216,0.63758348
later_03813,later,144491.50239,0.55408496
later_03814,later,64434.89098,1.03835946
later_03815,later,72851.33592,1.20284929
later_03816,later,21535.03068,0.89408767
later_03817,later,22845.99790,1.22506168
later_03818,later,74044.11996,0.79146435
later_03819,later,167921.07527,1.27158957
later_03820,later,91864.33900,1.29344509
later_03821,later,147247.52499,1.22891602
later_03822,later,32099.80152,0.97241374
later_03823,later,40363.73839,1.32684420
later_03824,later,82484.85895,1.34690864
later_03825,later,85709.77561,1.32518568
later_03826,later,52148.62318,0.90942391
later_03827,later,34124.01743,0.75525370
later_03828,later,132191.46387,0.68558495
later_03829,later,34056.65992,0.70915088
later_03830,later,34258.64723,1.49613317
later_03831,later,19754.62917,0.95187518
later_03832,later,30360.79127,1.30156133
later_03833,later,73394.67314,1.15522941
later_03834,later,109891.06091,1.00153505
later_03835,later,118927.36380,1.02941554
later_03836,later,49660.95360,0.61474682
later_03837,later,72076.70271,1.17344510
later_03838,later,53275.73996,0.77871119
later_03839,later,27871.58016,1.46347939
later_03840,later,17411.32683,1.30725736
later_03841,later,84789.27311,0.99224912
later_03842,later,42118.21782,1.45273258
later_03843,later,77779.18111,0.79918869
later_03844,later,45810.68021,1.25590729
later_03845,later,73884.04856,1.31174225
later_03846,later,41636.55301,1.47576143
later_03847,later,51552.48647,0.94118624
later_03848,later,52502.11005,1.48289793
later_03849,later,72310.85468,0.70737854
later_03850,later,64359.82924,1.40303334
later_03851,later,26597.06379,0.95489857
later_03852,later,43007.49326,0.72174630
later_03853,later,36497.73048,0.79286684
later_03854,later,49624.77899,1.08783766
later_03855,later,26898.73481,0.69608539
later_03856,later,66281.12871,0.98313100
later_03857,later,36551.25481,0.71413292
later_03858,later,247312.11565,0.56718095
later_03859,later,65670.18346,0.72991525
later_03860,later,50129.99439,0.87841886
later_03861,later,17941.78422,0.56946743
later_03862,later,79915.42154,1.12204364
later_03863,later,31700.70100,1.01597563
later_03864,later,25711.43298,0.77015775
later_03865,later,127091.93275,0.52476896
later_03866,later,65393.81516,0.98357581
later_03867,later,38644.40121,1.42563750
later_03868,later,9480.10466,1.24394431
later_03869,later,42936.53875,1.20107002
later_03870,later,92498.54941,0.85895090
later_03871,later,104408.77613,1.40355786
later_03872,later,65221.83442,1.03413015
later_03873,later,155602.94993,0.52757178
later_03874,later,32991.50567,0.52349365
later_03875,later,73707.95042,0.67357839
later_03876,later,15391.72474,0.93362337
later_03877,later,73853.41831,0.97972178
later_03878,later,63189.93719,1.38461966
later_03879,later,76265.81010,0.86354675
later_03880,later,8084.92673,1.06325282
later_03881,later,44201.35166,1.03936833
later_03882,later,17306.89902,0.93149641
later_03883,later,24975.52576,0.52065022
later_03884,later,43874.40797,0.61069896
later_03885,later,91151.38165,1.43827235
later_03886,later,94265.88620,0.75969399
later_03887,later,47319.50861,1.29394188
later_03888,later,32721.69510,0.95683558
later_03889,later,43427.81247,0.65957940
later_03890,later,31178.89024,0.70436505
later_03891,later,86960.92055,0.70238866
later_03892,later,107935.98854,1.38261734
later_03893,later,30161.25581,1.34629966
later_03894,later,155344.07666,0.50781208
later_03895,later,22574.38130,1.49279059
later_03896,later,76090.98637,1.12551074
later_03897,later,96016.39771,1.02009445
later_03898,later,128401.98281,1.37076346
later_03899,later,18365.99916,0.93162558
later_03900,later,18261.06901,0.65940428
later_03901,later,35324.98242,1.17978881
later_03902,later,18474.62674,1.31433739
later_03903,later,57725.58902,1.13246459
later_03904,later,20459.76762,1.31176552
later_03905,later,306294.70077,0.59534572
later_03906,later,14616.73360,0.52265416
later_03907,later,75403.52650,1.28531537
later_03908,later,34434.76119,1.42385000
later_03909,later,26830.32450,1.44640022
later_03910,later,31581.10540,1.22595305
later_03911,later,72757.96892,1.29936993
later_03912,later,49566.74964,0.77794453
later_03913,later,13376.36891,1.39409729
later_03914,later,40134.34482,0.75209221
later_03915,later,35000.19827,0.87597941
later_03916,later,261266.22081,1.20848631
later_03917,later,39816.89499,0.77251385
later_03918,later,59027.03636,0.58907287
later_03919,later,17688.05529,1.39746002
later_03920,later,18854.99057,1.22481073
later_03921,later,8936.79940,0.73023440
later_03922,later,16618.54323,0.95154952
later_03923,later,40251.71780,0.83637499
later_03924,later,30785.50677,0.61530504
later_03925,later,60462.99689,0.64469926
later_03926,later,65914.72830,0.71765027
later_03927,later,48445.14225,1.27526492
later_03928,later,56395.84922,1.10048777
later_03929,later,40105.34456,1.15226706
later_03930,later,51021.78050,1.42570077
later_03931,later,46463.50973,1.13498800
later_03932,later,20853.19436,0.64164355
later_03933,later,77905.90076,0.91096325
later_03934,later,23481.43967,0.55512114
later_03935,later,48453.54457,1.29521383
later_03936,later,72584.44664,1.12965999
later_03937,later,67374.42954,1.04135046
later_03938,later,105126.12513,1.46196520
later_03939,later,37956.97313,0.90179070
later_03940,later,27481.61268,0.86039341
later_03941,later,25922.45774,1.33588790
later_03942,later,22211.29395,1.12075203
later_03943,later,39896.04691,0.92746526
later_03944,later,11780.10065,1.37872982
later_03945,later,35395.87232,1.08568438
later_03946,later,29172.60720,1.02780465
later_03947,later,32595.63037,0.94283192
later_03948,later,74156.18837,0.51811473
later_03949,later,44189.09267,0.93091054
later_03950,later,38358.03614,1.27072930
later_03951,later,117629.18298,0.57186529
later_03952,later,76888.19969,1.29118699
later_03953,later,97750.73624,1.21633903
later_03954,later,29618.33892,0.54453551
later_03955,later,264261.62371,1.10105219
later_03956,later,38506.35384,1.11911481
later_03957,later,39238.80192,0.55197874
later_03958,later,49884.56365,1.17784131
later_03959,later,39359.94563,0.69026619
later_03960,later,36611.52864,1.33108780
later_03961,later,47671.60489,1.24967822
later_03962,later,177083.04183,1.20712410
later_03963,later,35536.58222,1.04697563
later_03964,later,64700.69073,0.80652116
later_03965,later,75021.39515,0.71168516
later_03966,later,31052.41143,1.46404145
later_03967,later,39453.81661,1.42351749
later_03968,later,60684.53213,1.12785033
later_03969,later,165396.56254,1.38660644
later_03970,later,44222.57758,1.15507904
later_03971,later,108379.10310,0.80040194
later_03972,later,78867.89555,1.32965604
later_03973,later,38661.68024,1.12133195
later_03974,later,35591.18324,0.95819601
later_03975,later,41908.69438,0.93352963
later_03976,later,39004.09433,1.43856888
later_03977,later,96056.69062,0.87894664
later_03978,later,13038.23256,1.16113717
later_03979,later,58830.35369,1.31469468
later_03980,later,69061.67755,1.35474312
later_03981,later,163189.75562,1.46667115
later_03982,later,54206.63972,0.51298364
later_03983,later,42117.10698,0.59173747
later_03984,later,30070.10140,0.60030063
later_03985,later,23146.23170,1.27277589
later_03986,later,36000.96305,1.26778284
later_03987,later,52775.44452,1.16434697
later_03988,later,49734.76381,1.10265154
later_03989,later,49221.59110,0.63694474
later_03990,later,31435.68980,1.37289868
later_03991,later,30252.87672,0.60107261
later_03992,later,20372.41528,0.97728378
later_03993,later,40995.83601,1.49729465
later_03994,later,27075.68644,0.98578887
later_03995,later,36072.64135,1.13932316
later_03996,later,61793.48797,1.42242050
later_03997,later,103051.12378,0.89653786
later_03998,later,26965.25366,1.09290884
later_03999,later,85736.49522,0.97778732
later_04000,later,35598.67777,1.04294939
later_04001,later,231664.72303,1.37100300
later_04002,later,58651.13091,1.11146856
later_04003,later,44273.39000,0.76039929
later_04004,later,26074.02612,0.70725770
later_04005,later,79942.05903,0.84689129
later_04006,later,61989.15415,1.20959212
later_04007,later,38899.17948,0.94625620
later_04008,later,6710.84185,0.61175520
later_04009,later,48551.44995,1.05698325
later_04010,later,21510.51200,0.80984233
later_04011,later,25145.84203,1.07413012
later_04012,later,42307.79199,0.83768336
later_04013,later,46440.40776,0.56149688
later_04014,later,102942.36830,1.45084952
later_04015,later,15365.62089,1.11052637
later_04016,later,13546.34442,1.05973656
later_04017,later,57511.13921,1.42966676
later_04018,later,61530.75772,0.54821827
later_04019,later,55583.86162,0.59104961
later_04020,later,89547.37602,1.00184795
later_04021,later,34166.06505,0.89425892
later_04022,later,33027.46220,1.16094681
later_04023,later,25328.38602,0.56249882
later_04024,later,24766.86320,1.00949444
later_04025,later,18045.82362,1.48361166
later_04026,later,144011.60091,1.19409991
later_04027,later,30379.24248,1.45960335
later_04028,later,35070.46290,1.14580981
later_04029,later,48003.20546,1.25916417
later_04030,later,20223.80143,1.09819983
later_04031,later,71616.78323,0.87600426
later_04032,later,18940.77317,1.26410389
later_04033,later,105238.47637,0.74468422
later_04034,later,32098.58827,1.33034426
later_04035,later,30096.00492,1.36059040
later_04036,later,65494.69804,0.53500576
later_04037,later,32607.15378,0.62731667
later_04038,later,118605.30703,1.10086690
later_04039,later,41574.44431,1.20082173
later_04040,later,80241.80071,0.65481128
later_04041,later,144675.60803,0.56222563
later_04042,later,15843.19188,0.78303045
later_04043,later,10859.99764,0.71514948
later_04044,later,32261.28613,0.65622855
later_04045,later,44315.37958,1.25212113
later_04046,later,67269.65852,1.02220289
later_04047,later,65321.96585,1.32231487
later_04048,later,121045.17243,1.49241834
later_04049,later,30018.63524,1.40778780
later_04050,later,68205.25542,0.52958166
later_04051,later,58485.36232,1.22444809
later_04052,later,93875.99432,1.47738501
later_04053,later,108660.66076,1.32138222
later_04054,later,42137.78408,0.96246423
later_04055,later,67889.04279,0.99632934
later_04056,later,25852.39091,0.69683579
later_04057,later,24964.79618,0.62962746
later_04058,later,132408.59112,1.26614437
later_04059,later,258016.20455,0.56835449
later_04060,later,51439.94338,0.62409073
later_04061,later,54117.39900,0.75159998
later_04062,later,38633.03820,0.74533301
later_04063,later,83390.72057,0.74737089
later_04064,later,124413.03074,1.15206224
later_04065,later,103994.68415,1.08912864
later_04066,later,96300.95825,0.83777956
later_04067,later,57406.93889,1.03009749
later_04068,later,19173.08259,1.28765446
later_04069,later,51978.36573,1.36764123
later_04070,later,48334.23679,0.53479231
later_04071,later,28063.83645,0.76717640
later_04072,later,106833.14086,0.66695508
later_04073,later,59627.92214,1.08270664
later_04074,later,66661.08344,0.73731552
later_04075,later,39484.62961,1.40477177
later_04076,later,21259.77796,0.70388468
later_04077,later,46730.33660,0.64227461
later_04078,later,19972.13881,1.39812987
later_04079,later,53989.40682,0.64884211
later_04080,later,30728.13051,1.23229086
later_04081,later,29993.49267,0.72460050
later_04082,later,24538.60673,0.57141457
later_04083,later,52503.02674,0.87342304
later_04084,later,80398.19873,0.84636653
later_04085,later,51627.22859,1.38128014
later_04086,later,51244.76156,0.62989865
later_04087,later,71582.21965,0.82527004
later_04088,later,66516.01653,1.35178250
later_04089,later,28897.42200,0.77645072
later_04090,later,22001.28866,1.42155775
later_04091,later,32038.13965,0.59139811
later_04092,later,104011.80572,1.26129156
later_04093,later,63339.25132,1.41313781
later_04094,later,22115.24007,1.23839516
later_04095,later,83035.45443,0.68174805
later_04096,later,149324.67448,1.31750529
later_04097,later,66839.64253,1.38421913
later_04098,later,80614.97144,0.81562047
later_04099,later,18133.46121,0.95591305
later_04100,later,53793.21388,1.43064363
later_04101,later,32233.30595,0.63712788
later_04102,later,26491.47793,1.07294538
later_04103,later,50519.34366,0.78673777
later_04104,later,58436.49242,0.92072887
later_04105,later,25043.33308,1.49347846
later_04106,later,19933.05067,1.24994833
later_04107,later,59525.05626,0.96447370
later_04108,later,23118.77705,0.99158813
later_04109,later,33457.36572,0.52445355
later_04110,later,73070.99149,0.84924664
later_04111,later,37457.51556,1.03515748
later_04112,later,49710.53831,1.00386033
later_04113,later,45250.84907,0.90723037
later_04114,later,56217.73933,1.21878865
later_04115,later,142106.50239,1.24675167
later_04116,later,34820.17428,0.63829603
later_04117,later,80931.06862,1.14363026
later_04118,later,60141.04636,1.47476998
later_04119,later,79880.83789,0.67086503
later_04120,later,32783.16031,1.30383825
later_04121,later,32096.54029,0.73658456
later_04122,later,17557.42693,0.58860117
later_04123,later,48591.14883,0.78125638
later_04124,later,43308.66414,0.88527980
later_04125,later,141295.85631,0.76666845
later_04126,later,35471.40513,1.07526267
later_04127,later,66203.07451,1.22674765
later_04128,later,36203.39285,1.29784022
later_04129,later,63179.88745,1.19009646
later_04130,later,94272.88945,1.36871284
later_04131,later,44502.94071,1.16416035
later_04132,later,16866.72932,1.08276997
later_04133,later,77295.43857,1.07226306
later_04134,later,15845.68887,0.87343831
later_04135,later,20570.62259,0.79477386
later_04136,later,49654.57921,1.19954584
later_04137,later,27857.78365,0.82324513
later_04138,later,47993.47530,0.91263414
later_04139,later,80568.43378,0.74670483
later_04140,later,45133.97469,0.54343208
later_04141,later,42072.08453,1.18082598
later_04142,later,31590.83339,1.41136150
later_04143,later,18560.37177,1.14197437
later_04144,later,124985.22420,0.78974133
later_04145,later,9743.96717,1.48009404
later_04146,later,50079.23090,0.54002162
later_04147,later,44037.32061,1.47390159
later_04148,later,71197.07935,1.20482781
later_04149,later,55649.24050,1.47118492
later_04150,later,73681.94740,0.60353650
later_04151,later,63213.63258,0.63434808
later_04152,later,26039.15105,0.50557166
later_04153,later,21318.09975,1.40858292
later_04154,later,52323.11099,1.17313025
later_04155,later,295850.96203,0.50785234
later_04156,later,51566.56736,1.18493806
later_04157,later,28347.16657,0.56188688
later_04158,later,32323.36725,0.81596234
later_04159,later,39058.94790,1.33410337
later_04160,later,56858.33611,0.61609042
later_04161,later,50853.99380,1.29471208
later_04162,later,36660.55217,1.43618222
later_04163,later,25302.39496,1.02985880
later_04164,later,67718.93592,1.49024979
later_04165,later,71810.28771,0.74348688
later_04166,later,72406.57623,0.90117853
later_04167,later,59517.63549,0.84771236
later_04168,later,66003.96064,0.93045368
later_04169,later,8251.09878,0.57304572
later_04170,later,19351.20187,1.18672655
later_04171,later,45546.13744,0.83444234
later_04172,later,39454.90492,0.70093478
later_04173,later,64592.30494,1.34336359
later_04174,later,53294.78857,0.79538316
later_04175,later,61618.35477,0.82713342
later_04176,later,115374.02028,0.69810207
later_04177,later,122883.60784,1.04050760
later_04178,later,20136.50521,1.48505246
later_04179,later,59988.12815,1.26062101
later_04180,later,48771.13392,1.08146325
later_04181,later,46240.48726,1.44429394
later_04182,later,65811.98938,1.48301763
later_04183,later,90686.35820,0.65852779
later_04184,later,27560.75136,1.23649712
later_04185,later,115940.76999,1.12007362
later_04186,later,51752.52900,1.41449066
later_04187,later,18614.08977,1.30755799
later_04188,later,57158.10689,1.36369739
later_04189,later,24744.51888,0.69249577
later_04190,later,63320.61917,1.46247274
later_04191,later,39109.62879,1.03328866
later_04192,later,40613.34770,1.35589201
later_04193,later,27280.54907,0.94934773
later_04194,later,26031.47339,1.31980003
later_04195,later,64047.49547,1.43124634
later_04196,later,32577.84785,0.84208336
later_04197,later,19845.05716,1.21133696
later_04198,later,28640.69058,0.58071847
later_04199,later,34633.08392,0.80199095
later_04200,later,80618.41535,1.06033141
later_04201,later,68725.13255,0.92412631
later_04202,later,37796.09246,0.51354684
later_04203,later,44038.53544,1.15393612
later_04204,later,26705.20169,0.87357923
later_04205,later,25085.93947,1.21777178
later_04206,later,53324.15242,0.90697691
later_04207,later,9808.02754,0.50635904
later_04208,later,15001.10558,0.74460557
later_04209,later,11350.37731,1.20908243
later_04210,later,72974.20109,0.59980848
later_04211,later,26751.75806,0.71802588
later_04212,later,64982.94559,0.66306172
later_04213,later,54436.88185,0.99853806
later_04214,later,20509.10214,1.31267992
later_04215,later,63210.05272,1.23765795
later_04216,later,36091.28505,0.63310643
later_04217,later,72113.98240,1.26454399
later_04218,later,38507.66883,1.33505881
later_04219,later,68913.29654,0.64107532
later_04220,later,103911.43239,0.85110979
later_04221,later,38086.29500,0.60477594
later_04222,later,67927.80694,0.78095876
later_04223,later,77260.13059,1.11421591
later_04224,later,22792.44379,0.70123857
later_04225,later,47104.18129,1.47353217
later_04226,later,33574.21173,1.20729708
later_04227,later,40733.65122,1.21909320
later_04228,later,54625.71054,1.29598075
later_04229,later,109286.33303,1.33327888
later_04230,later,64757.50927,0.65307908
later_04231,later,25705.16982,0.76576159
later_04232,later,43366.66665,1.17841568
later_04233,later,23867.47832,0.68129933
later_04234,later,11281.91866,0.94167425
later_04235,later,102850.85528,1.07285015
later_04236,later,26214.53051,1.34183804
later_04237,later,78188.75806,0.86965034
later_04238,later,141085.17060,1.49462019
later_04239,later,114386.11864,1.49822101
later_04240,later,35619.22784,1.45477720
later_04241,later,56088.08647,1.48786760
later_04242,later,13768.49346,0.74660149
later_04243,later,45791.31274,0.78313351
later_04244,later,107233.75852,1.40262801
later_04245,later,30677.10648,0.61994196
later_04246,later,25719.51988,1.19017911
later_04247,later,55236.20094,0.60499808
later_04248,later,93805.54545,1.12613612
later_04249,later,25192.63107,1.09051268
later_04250,later,83804.51750,1.17613849
later_04251,later,26681.10732,0.56347119
later_04252,later,60655.50319,0.64946412
later_04253,later,80326.12199,0.61441036
later_04254,later,49802.93258,0.65926181
later_04255,later,44822.20167,0.67131950
later_04256,later,112821.69220,0.91376222
later_04257,later,55477.55089,0.71214323
later_04258,later,41148.68459,0.85471302
later_04259,later,11633.69175,1.09585111
later_04260,later,32882.47201,1.15518042
later_04261,later,14158.00920,0.96664010
later_04262,later,31288.45169,0.73094635
later_04263,later,30395.07078,1.29139129
later_04264,later,154151.22182,1.45835218
later_04265,later,32844.20931,0.78207524
later_04266,later,40902.26165,0.71446419
later_04267,later,97505.95987,0.61855645
later_04268,later,145583.52306,1.26480221
later_04269,later,19179.92637,1.16330893
later_04270,later,39839.56676,1.34915439
later_04271,later,91962.10033,1.02839214
later_04272,later,31727.88123,1.17044323
later_04273,later,13934.97786,1.27677483
later_04274,later,92288.94087,0.90434709
later_04275,later,29546.30328,1.27098315
later_04276,later,26666.03668,1.16103726
later_04277,later,79636.57334,1.42826929
later_04278,later,73882.21916,0.84410530
later_04279,later,24272.39737,1.15052708
later_04280,later,23324.31204,1.42343580
later_04281,later,34471.19261,1.45776068
later_04282,later,29341.16613,0.89991408
later_04283,later,104112.93270,1.20243104
later_04284,later,32955.24915,0.95299583
later_04285,later,15353.58365,1.22540194
later_04286,later,49330.28538,0.88427033
later_04287,later,34557.53977,0.85739139
later_04288,later,22891.92996,1.15064086
later_04289,later,77066.70812,1.02132469
later_04290,later,18263.74956,1.11952070
later_04291,later,37389.59842,0.99996436
later_04292,later,45770.71690,1.47045313
later_04293,later,47884.70563,1.23378104
later_04294,later,46691.08392,0.94284366
later_04295,later,28625.93637,1.49779188
later_04296,later,58765.51916,1.05732738
later_04297,later,28134.19545,1.47298248
later_04298,later,33686.48386,0.56807889
later_04299,later,79721.08679,1.38215988
later_04300,later,23424.24445,0.99972187
later_04301,later,165875.51527,0.67314215
later_04302,later,76248.40168,0.89587138
later_04303,later,28596.05479,0.94417743
later_04304,later,73168.39032,1.22805601
later_04305,later,33211.50162,1.27459932
later_04306,later,43400.05234,1.29471677
later_04307,later,17823.94392,1.14051255
later_04308,later,54260.68437,1.46806861
later_04309,later,40906.47523,1.30306754
later_04310,later,28420.04281,1.12094756
later_04311,later,78954.81538,0.76196220
later_04312,later,192681.96239,1.08960617
later_04313,later,83830.37990,0.93777883
later_04314,later,109547.55540,1.29341509
later_04315,later,103185.73961,0.99440761
later_04316,later,218610.98959,1.20234153
later_04317,later,64092.32706,1.34806969
later_04318,later,134673.21235,0.86934640
later_04319,later,21432.26845,1.24654359
later_04320,later,54469.13035,0.91226695
later_04321,later,53700.26390,1.12516199
later_04322,later,157409.50845,0.71061170
later_04323,later,10423.33971,1.29042253
later_04324,later,107486.26534,1.43809895
later_04325,later,72369.28829,0.60434636
later_04326,later,33975.93181,1.16434179
later_04327,later,63178.82810,1.42561235
later_04328,later,24625.45541,1.22037863
later_04329,later,41457.34159,1.39533004
later_04330,later,57311.35018,0.61384207
later_04331,later,59379.78626,0.60139398
later_04332,later,41511.76082,1.37172471
later_04333,later,59102.26839,0.56422744
later_04334,later,92082.11648,0.91117552
later_04335,later,56367.11094,0.69935973
later_04336,later,46373.16720,0.61064298
later_04337,later,130633.73685,1.15535505
later_04338,later,158067.35513,1.32324393
later_04339,later,23876.88184,1.24317795
later_04340,later,15054.26315,1.02007840
later_04341,later,89490.26934,1.32600317
later_04342,later,24647.96397,0.82449985
later_04343,later,26669.58048,1.44247549
later_04344,later,37051.79212,0.57848144
later_04345,later,42732.99003,0.79404223
later_04346,later,55829.29783,1.21808126
later_04347,later,10279.00565,1.42763662
later_04348,later,27896.89904,1.29329963
later_04349,later,22015.43654,0.59583808
later_04350,later,71026.78870,1.23188941
later_04351,later,48054.05425,0.95596331
later_04352,later,34442.64452,1.18219713
later_04353,later,48888.02138,0.74682821
later_04354,later,68206.93075,0.76953609
later_04355,later,97517.30737,1.22913829
later_04356,later,17161.57625,1.04311046
later_04357,later,33611.47036,1.39445366
later_04358,later,162864.55332,1.26104304
later_04359,later,29434.94176,1.12855705
later_04360,later,17454.88952,0.82293583
later_04361,later,20702.82361,1.06750491
later_04362,later,78015.22767,0.69745910
later_04363,later,148683.49469,1.21718996
later_04364,later,58247.33687,1.49312616
later_04365,later,22630.00936,0.58018767
later_04366,later,17549.51517,0.64611352
later_04367,later,27477.99882,1.42584689
later_04368,later,25769.65353,0.67744259
later_04369,later,63308.13668,0.71456481
later_04370,later,108985.51493,0.67522306
later_04371,later,139133.96167,1.41613748
later_04372,later,26558.37845,0.58748203
later_04373,later,100010.80890,1.18406804
later_04374,later,26227.18648,1.36124159
later_04375,later,39992.27684,0.74659025
later_04376,later,34092.89639,0.69788422
later_04377,later,80847.81254,1.07929665
later_04378,later,35698.45375,1.07658578
later_04379,later,154048.71908,1.47978169
later_04380,later,33493.86528,0.96270648
later_04381,later,32552.52421,0.84602851
later_04382,later,46913.29172,1.34262956
later_04383,later,69522.63228,0.50276431
later_04384,later,60227.70702,0.86824876
later_04385,later,81898.49132,1.47607037
later_04386,later,24348.81793,1.24787668
later_04387,later,34228.46863,1.49123751
later_04388,later,390121.14012,0.91277177
later_04389,later,23261.64009,0.59345168
later_04390,later,25631.29335,0.69281442
later_04391,later,23073.59136,0.81249581
later_04392,later,56565.66383,0.72042028
later_04393,later,72242.17365,0.61892779
later_04394,later,27450.65584,0.95943779
later_04395,later,45535.56521,0.81904712
later_04396,later,41954.47452,1.03943074
later_04397,later,95029.59773,0.53588657
later_04398,later,79265.31784,0.76899050
later_04399,later,55369.61690,1.07504622
later_04400,later,198007.34824,0.81203557
later_04401,later,112941.31508,1.21131725
later_04402,later,16382.93359,0.63519484
later_04403,later,96310.59030,0.51613226
later_04404,later,245371.73199,1.35324325
later_04405,later,180267.69827,0.58344885
later_04406,later,40144.85281,1.05625793
later_04407,later,27141.48314,1.46622607
later_04408,later,18050.96345,1.46246515
later_04409,later,19077.98503,0.56022015
later_04410,later,23942.07189,0.69735350
later_04411,later,16638.12667,1.21875939
later_04412,later,91419.39071,0.51317990
later_04413,later,22812.55771,0.70985901
later_04414,later,30587.33984,1.13854931
later_04415,later,418843.38403,0.82784152
later_04416,later,26226.26597,1.22296981
later_04417,later,13628.04406,0.90565824
later_04418,later,128237.61626,0.54865733
later_04419,later,31904.22255,0.60194940
later_04420,later,62885.27931,1.45302239
later_04421,later,32275.90957,1.24206846
later_04422,later,112600.92771,1.22471795
later_04423,later,57939.14512,0.66206926
later_04424,later,29051.03447,0.83444358
later_04425,later,52730.07761,1.10398705
later_04426,later,12265.29008,1.49090021
later_04427,later,31405.65548,1.09693133
later_04428,later,123333.11102,0.53113929
later_04429,later,52460.39381,0.67043134
later_04430,later,36296.35295,0.58099281
later_04431,later,40087.82027,0.98150412
later_04432,later,39425.98876,1.38344299
later_04433,later,96293.93792,0.94155850
later_04434,later,89364.11164,1.23308898
later_04435,later,45523.19148,0.56291415
later_04436,later,58439.92058,1.35381985
later_04437,later,81106.47691,1.33978742
later_04438,later,120955.66174,0.50081174
later_04439,later,50356.22041,1.01729737
later_04440,later,28337.75954,0.78815760
later_04441,later,44259.84810,0.72826053
later_04442,later,47679.33705,1.08625222
later_04443,later,63655.56055,0.56945737
later_04444,later,37334.76338,0.58521240
later_04445,later,34920.09346,0.86409955
later_04446,later,24252.81181,1.30334077
later_04447,later,62584.05462,1.00755078
later_04448,later,32432.25280,1.22894067
later_04449,later,26707.67078,1.37275097
later_04450,later,152819.38329,1.03893350
later_04451,later,115128.99649,1.34231132
later_04452,later,53396.58832,1.09033004
later_04453,later,21730.03982,0.52471808
later_04454,later,21714.51064,1.42822424
later_04455,later,65331.11437,1.25852146
later_04456,later,58620.18692,1.02757165
later_04457,later,20596.63334,0.74386795
later_04458,later,37725.02307,0.74341742
later_04459,later,29765.15148,0.90063158
later_04460,later,43826.04628,1.40592700
later_04461,later,19533.81391,0.92016348
later_04462,later,70177.99494,1.37750261
later_04463,later,115214.01308,0.56683391
later_04464,later,136185.52152,1.44034780
later_04465,later,47316.17097,0.94064834
later_04466,later,12520.05478,0.65187773
later_04467,later,127491.09887,1.30670877
later_04468,later,123582.14014,0.56765647
later_04469,later,37655.01168,1.18686773
later_04470,later,14601.30790,1.34352962
later_04471,later,77947.19942,1.03702881
later_04472,later,91838.03771,1.26045521
later_04473,later,88648.59349,0.59126282
later_04474,later,51885.88778,1.46124509
later_04475,later,14187.71990,1.06831256
later_04476,later,58516.16832,1.19023462
later_04477,later,24939.61658,1.37297203
later_04478,later,38192.64092,1.48174258
later_04479,later,27901.11316,1.20972873
later_04480,later,94578.59789,1.13260497
later_04481,later,59086.23928,1.19673772
later_04482,later,38980.35119,1.14551563
later_04483,later,24818.02794,0.91475323
later_04484,later,58279.79631,1.02341595
later_04485,later,107887.35240,0.58252488
later_04486,later,51341.31420,1.20314923
later_04487,later,46702.07210,0.77685122
later_04488,later,51510.29225,1.12932628
later_04489,later,37980.08056,1.23534289
later_04490,later,29341.08200,1.40328562
later_04491,later,36953.51352,1.18578266
later_04492,later,26218.39609,1.25260544
later_04493,later,101770.90201,1.45582911
later_04494,later,42765.26529,1.16569959
later_04495,later,22856.83861,0.74869278
later_04496,later,135947.63456,1.10029734
later_04497,later,54740.89465,0.57196788
later_04498,later,33895.55849,1.10180115
later_04499,later,31122.52623,1.28391002
later_04500,later,100361.32923,1.30650936
later_04501,later,34944.13701,1.06786609
later_04502,later,36465.18140,0.69422878
later_04503,later,35003.47699,0.63366487
later_04504,later,38395.15018,1.36478401
later_04505,later,44409.07770,0.52291095
later_04506,later,31001.89806,0.77996403
later_04507,later,58212.54136,1.08235320
later_04508,later,42745.99823,0.55743597
later_04509,later,71136.54168,0.93471843
later_04510,later,73020.36594,1.22773134
later_04511,later,48229.77076,1.19205713
later_04512,later,13954.43001,0.99165146
later_04513,later,57664.56952,1.14967176
later_04514,later,45473.71413,0.63885287
later_04515,later,11533.78263,1.02975326
later_04516,later,55733.23496,0.73623372
later_04517,later,19623.82641,0.60145251
later_04518,later,61590.51327,1.46099718
later_04519,later,72301.06845,0.50667452
later_04520,later,59022.15283,1.43084311
later_04521,later,15569.06050,1.18933793
later_04522,later,25954.20788,1.42129658
later_04523,later,69514.14252,1.11105362
later_04524,later,50348.73539,1.39936564
later_04525,later,9126.66825,0.83601267
later_04526,later,65940.85572,0.98027390
later_04527,later,136929.99178,0.83749184
later_04528,later,10737.37165,1.31240392
later_04529,later,18893.04921,1.28306417
later_04530,later,63077.98044,1.07045930
later_04531,later,20853.29542,0.75502562
later_04532,later,10010.86637,1.44065456
later_04533,later,99142.47066,1.18008786
later_04534,later,50406.38504,1.37967292
later_04535,later,41996.85856,0.68306094
later_04536,later,88151.29590,0.89447685
later_04537,later,37869.93548,0.74654962
later_04538,later,23038.29750,0.97730303
later_04539,later,28713.01139,0.98507800
later_04540,later,57131.19578,1.09808275
later_04541,later,58742.52066,1.42792220
later_04542,later,36847.47351,1.43657823
later_04543,later,194322.77419,1.02724472
later_04544,later,117704.95067,1.32773815
later_04545,later,19360.04183,1.02313535
later_04546,later,77766.07741,0.63510789
later_04547,later,31163.43213,0.56249189
later_04548,later,61443.96030,0.79051560
later_04549,later,34599.05110,0.62652687
later_04550,later,66097.70120,1.01626456
later_04551,later,57927.26148,1.45451620
later_04552,later,50307.59492,1.19156863
later_04553,later,45103.45785,0.72599332
later_04554,later,27745.39581,0.79466467
later_04555,later,31819.11863,1.35833063
later_04556,later,32781.92015,0.90424939
later_04557,later,67949.00511,0.83144021
later_04558,later,56697.51324,1.24800879
later_04559,later,49264.45821,1.41167677
later_04560,later,88423.25296,0.84046879
later_04561,later,51527.46870,0.92131393
later_04562,later,64823.51829,0.74566396
later_04563,later,28536.93432,1.25320936
later_04564,later,25599.74947,0.75311542
later_04565,later,67475.86303,0.69722862
later_04566,later,49534.86412,0.69530667
later_04567,later,53046.01874,0.61991904
later_04568,later,38497.29946,0.52361811
later_04569,later,234464.35756,0.50660396
later_04570,later,102294.40552,1.49738673
later_04571,later,66246.63662,0.50283327
later_04572,later,56834.02505,0.85226180
later_04573,later,32017.16226,1.47081156
later_04574,later,20882.61770,0.51097184
later_04575,later,24596.94810,1.45351351
later_04576,later,24094.10285,1.47741722
later_04577,later,61183.18186,0.94236014
later_04578,later,25915.24754,0.99275795
later_04579,later,44621.10044,0.69516195
later_04580,later,42413.19241,1.28907902
later_04581,later,17384.13363,0.65463435
later_04582,later,39780.76144,0.92068401
later_04583,later,18194.01632,0.51937684
later_04584,later,56148.67906,0.57242578
later_04585,later,40265.99357,0.82066775
later_04586,later,35927.97100,1.03790521
later_04587,later,17195.55331,0.90557161
later_04588,later,62919.04911,1.48493030
later_04589,later,121827.73221,1.18966929
later_04590,later,41834.80905,0.83884315
later_04591,later,39564.83649,0.83012481
later_04592,later,24858.96465,0.79003588
later_04593,later,95872.11844,0.81319091
later_04594,later,26930.84564,1.46700296
later_04595,later,17453.15173,0.74853030
later_04596,later,68448.67959,1.06397816
later_04597,later,27696.62537,1.36067045
later_04598,later,47465.17943,1.34322561
later_04599,later,72513.16672,0.86086240
later_04600,later,59510.55141,0.82794998
later_04601,later,61489.51712,1.38719269
later_04602,later,16920.18941,0.66563172
later_04603,later,90136.44498,1.48984365
later_04604,later,53355.11184,0.96938149
later_04605,later,42289.72953,0.86141020
later_04606,later,102247.88486,0.93032576
later_04607,later,51347.02119,1.45159286
later_04608,later,65869.23120,1.26573912
later_04609,later,17086.42108,0.77587632
later_04610,later,76910.74801,0.53433912
later_04611,later,33895.58259,0.74086436
later_04612,later,52044.17233,1.22024472
later_04613,later,8210.48620,0.74938879
later_04614,later,75711.84363,0.99831723
later_04615,later,49952.68350,1.40455259
later_04616,later,137928.60898,0.56897870
later_04617,later,19307.79305,0.81400153
later_04618,later,104304.04171,1.03620030
later_04619,later,20824.75610,1.08536913
later_04620,later,40544.63997,1.41302471
later_04621,later,87178.09003,1.44743803
later_04622,later,46157.24960,1.45578544
later_04623,later,110532.67274,1.03708373
later_04624,later,80789.03573,0.78299328
later_04625,later,12932.74422,0.68337551
later_04626,later,111997.49407,0.72615199
later_04627,later,54009.98613,0.93055567
later_04628,later,16268.41389,1.09678063
later_04629,later,34765.69329,0.52374534
later_04630,later,187087.69126,1.13054078
later_04631,later,77962.85994,0.93350573
later_04632,later,82568.11564,0.86607800
later_04633,later,153009.99126,1.01650420
later_04634,later,117000.11451,0.91478001
later_04635,later,37551.33261,0.80636403
later_04636,later,33793.18081,0.64251469
later_04637,later,16615.63366,0.83074986
later_04638,later,49242.13836,0.56381036
later_04639,later,67692.85575,1.32065124
later_04640,later,21782.32789,0.54778784
later_04641,later,15270.73989,0.76483934
later_04642,later,74955.86543,0.52154557
later_04643,later,69976.05217,1.15554118
later_04644,later,24140.27820,1.19351347
later_04645,later,186564.15099,0.66194047
later_04646,later,28486.14905,1.18426157
later_04647,later,166408.65353,0.58474320
later_04648,later,19361.47517,1.31586488
later_04649,later,168276.14057,1.31785450
later_04650,later,67851.68565,1.36169556
later_04651,later,54366.81457,0.78614280
later_04652,later,21169.23567,0.94757765
later_04653,later,37192.15752,0.91923361
later_04654,later,95176.76920,1.48140654
later_04655,later,41475.62970,0.70490417
later_04656,later,30624.54060,1.09970277
later_04657,later,24473.61573,0.50332648
later_04658,later,29139.89261,0.57384276
later_04659,later,33009.91674,0.56752847
later_04660,later,23200.55248,0.96783324
later_04661,later,54247.96378,1.37714434
later_04662,later,155124.32893,0.57024670
later_04663,later,17656.80109,1.27588200
later_04664,later,12280.19392,1.31797891
later_04665,later,27231.00313,0.97412662
later_04666,later,232105.58286,1.01401433
later_04667,later,17901.43675,0.60964595
later_04668,later,36027.67725,1.08212736
later_04669,later,117799.76955,1.10629618
later_04670,later,34135.96675,0.99257510
later_04671,later,33885.73474,1.21726584
later_04672,later,59334.83197,1.42310362
later_04673,later,20737.97730,1.20318592
later_04674,later,57875.44079,0.74326832
later_04675,later,20074.60298,1.16540612
later_04676,later,196805.85968,0.64453294
later_04677,later,74845.41509,1.17946414
later_04678,later,60852.23139,0.83614951
later_04679,later,44714.15280,0.68510919
later_04680,later,55037.42872,1.02157065
later_04681,later,89005.74887,0.83269459
later_04682,later,61584.52068,0.78915051
later_04683,later,28853.94046,0.53910507
later_04684,later,55350.66449,0.93655542
later_04685,later,39947.11759,0.87710236
later_04686,later,30168.69191,0.66028774
later_04687,later,42153.43798,0.96131952
later_04688,later,36573.81600,0.50405958
later_04689,later,63959.60530,1.33810522
later_04690,later,34578.46733,0.52709670
later_04691,later,17532.05507,0.90723183
later_04692,later,74140.99892,0.78158244
later_04693,later,84987.29827,1.07098048
later_04694,later,94127.06781,1.14143057
later_04695,later,27120.08339,0.73457501
later_04696,later,23211.91532,1.07782087
later_04697,later,18061.39902,0.51221924
later_04698,later,51259.53710,0.64393702
later_04699,later,47831.51932,0.92351860
later_04700,later,24977.50528,1.46047600
later_04701,later,140355.74569,0.65847960
later_04702,later,54056.26282,1.24381631
later_04703,later,13052.92786,0.66044911
later_04704,later,99384.69699,0.60843733
later_04705,later,280057.05298,1.19259510
later_04706,later,13876.01894,0.66970697
later_04707,later,43767.65314,0.82152602
later_04708,later,74262.48214,0.69796673
later_04709,later,65785.98592,0.73955468
later_04710,later,42081.19312,1.47700462
later_04711,later,16348.02380,0.56221008
later_04712,later,35917.84680,0.87333952
later_04713,later,52641.59819,0.65485777
later_04714,later,23216.40102,1.26658229
later_04715,later,56631.26639,1.02636157
later_04716,later,31444.72041,0.76336481
later_04717,later,69986.21445,0.89523750
later_04718,later,61729.86449,1.23586997
later_04719,later,13728.37994,1.23618211
later_04720,later,15847.34296,0.52728534
later_04721,later,25242.89366,0.97147102
later_04722,later,40711.09587,1.44576681
later_04723,later,16655.05298,0.60914165
later_04724,later,52073.93858,0.52827202
later_04725,later,20526.13644,1.09797490
later_04726,later,47075.26306,0.67615688
later_04727,later,48920.29975,1.32032931
later_04728,later,31954.74110,1.23404105
later_04729,later,126546.30610,1.11083505
later_04730,later,26924.14926,1.48660174
later_04731,later,81168.15840,1.32997591
later_04732,later,84472.91043,0.96703382
later_04733,later,59841.64760,0.57567324
later_04734,later,14269.30911,1.28671718
later_04735,later,20461.66765,0.87563069
later_04736,later,51186.50787,0.69162274
later_04737,later,60527.03332,1.39356448
later_04738,later,39429.55206,1.21144928
later_04739,later,13802.60115,1.22771209
later_04740,later,49924.05763,1.26522605
later_04741,later,57843.76280,0.51036204
later_04742,later,71822.73936,0.90829169
later_04743,later,52162.82777,1.26134068
later_04744,later,60088.88064,0.83690772
later_04745,later,72066.14029,0.64974503
later_04746,later,32322.96441,1.14213959
later_04747,later,23763.15287,1.23722257
later_04748,later,113107.91873,1.10809265
later_04749,later,43365.89888,1.46987122
later_04750,later,87128.22695,0.86611445
later_04751,later,31112.60512,0.62263044
later_04752,later,90457.32337,0.81389809
later_04753,later,4074.35216,1.16523961
later_04754,later,54247.30006,0.69315658
later_04755,later,149387.67803,0.71529003
later_04756,later,40472.00104,1.34868298
later_04757,later,71212.86816,0.82606708
later_04758,later,83140.50135,1.16094593
later_04759,later,115617.44890,0.99191763
later_04760,later,9128.53833,1.05757809
later_04761,later,32691.18605,0.55632855
later_04762,later,11783.03311,1.30118569
later_04763,later,50765.32398,1.10925778
later_04764,later,45192.14164,1.41084971
later_04765,later,29256.43460,0.91580547
later_04766,later,48428.01613,0.70662878
later_04767,later,54099.54525,1.38571014
later_04768,later,44748.80869,1.36113608
later_04769,later,58312.53224,1.43712185
later_04770,later,37024.04225,0.56230250
later_04771,later,21582.86792,0.52361985
later_04772,later,30392.80507,0.97311430
later_04773,later,31634.52225,0.79453329
later_04774,later,71924.91356,0.89918700
later_04775,later,73130.03281,1.04099359
later_04776,later,26896.14674,1.00580039
later_04777,later,20600.40567,1.26356430
later_04778,later,30183.24817,1.03943275
later_04779,later,127953.71414,1.12715097
later_04780,later,85633.99523,0.69686683
later_04781,later,13090.64862,0.50492653
later_04782,later,50778.92907,0.67064875
later_04783,later,167021.20171,1.02122028
later_04784,later,38505.41515,0.53169551
later_04785,later,16054.79642,0.85159812
later_04786,later,19189.48801,0.74770430
later_04787,later,52793.49059,0.92983851
later_04788,later,17742.48480,0.84014335
later_04789,later,26531.53696,0.57376951
later_04790,later,24939.50900,1.04143903
later_04791,later,19873.59774,0.52322023
later_04792,later,32541.58623,1.44908876
later_04793,later,33323.48080,0.66699072
later_04794,later,45750.01836,0.60282430
later_04795,later,48797.93943,0.58327264
later_04796,later,44228.77038,1.41473030
later_04797,later,25128.26500,0.57071535
later_04798,later,27999.62740,1.46212906
later_04799,later,80199.10282,1.29749865
later_04800,later,43641.13192,0.74694085
later_04801,later,105754.04148,0.84028606
later_04802,later,52935.43122,1.46517807
later_04803,later,32596.28672,0.73406101
later_04804,later,169927.33591,0.99292649
later_04805,later,155660.51769,0.64023834
later_04806,later,31979.37407,1.23076517
later_04807,later,49165.34023,0.80501820
later_04808,later,60243.03085,0.88839564
later_04809,later,135093.52150,0.70257956
later_04810,later,348184.14018,0.87553264
later_04811,later,158400.72524,1.16664802
later_04812,later,28479.03412,0.95433961
later_04813,later,32546.61060,0.92289173
later_04814,later,37463.21696,1.13465064
later_04815,later,53861.25776,0.69185415
later_04816,later,32510.37873,0.93107703
later_04817,later,35661.20666,1.33663529
later_04818,later,131771.87556,0.66611030
later_04819,later,34682.45095,1.43156945
later_04820,later,26353.39516,1.40514540
later_04821,later,97604.37258,0.63054259
later_04822,later,101066.07400,1.02803704
later_04823,later,28197.16929,0.76704277
later_04824,later,69848.68760,0.79245886
later_04825,later,53829.99123,1.04459658
later_04826,later,61701.17873,0.66884328
later_04827,later,153023.69374,0.75474031
later_04828,later,18917.10759,1.36711359
later_04829,later,31015.55179,0.77258845
later_04830,later,51609.38489,0.72685850
later_04831,later,17908.01914,1.15424536
later_04832,later,24345.26452,1.21810823
later_04833,later,14938.29315,0.82554836
later_04834,later,118809.97890,0.88075451
later_04835,later,22201.24144,0.58082121
later_04836,later,19506.17920,0.92401342
later_04837,later,37971.17030,1.06946698
later_04838,later,30401.72408,0.97711357
later_04839,later,94877.48820,0.85194145
later_04840,later,122906.93601,0.50683446
later_04841,later,38975.44878,1.31852113
later_04842,later,60722.65866,0.60724152
later_04843,later,48097.59787,0.57823540
later_04844,later,37006.62097,1.43690022
later_04845,later,24536.92981,1.26894518
later_04846,later,76260.19613,1.43604003
later_04847,later,46809.47378,1.41758795
later_04848,later,108022.93835,1.28644812
later_04849,later,52747.72060,1.46275701
later_04850,later,49933.70789,1.06388074
later_04851,later,26089.83839,0.50902969
later_04852,later,20695.40946,1.26380855
later_04853,later,44812.66048,1.00031688
later_04854,later,35547.65357,1.09879758
later_04855,later,57034.28724,0.79285936
later_04856,later,66182.97555,1.23349922
later_04857,later,56527.86070,0.63188352
later_04858,later,64823.09251,1.00542022
later_04859,later,48814.93226,0.94979775
later_04860,later,81770.38750,1.45844412
later_04861,later,41348.39884,1.26548044
later_04862,later,32456.94897,1.34857608
later_04863,later,176540.83252,1.06654964
later_04864,later,44375.05586,1.21332644
later_04865,later,66418.03528,1.42689149
later_04866,later,72078.46985,0.58412044
later_04867,later,50762.13887,1.22762451
later_04868,later,13493.33030,0.62234854
later_04869,later,55374.66963,0.66254583
later_04870,later,22356.42308,0.88416275
later_04871,later,45709.54003,0.97374272
later_04872,later,144105.06982,1.02221087
later_04873,later,25763.60289,1.27632606
later_04874,later,28937.81600,0.58860236
later_04875,later,61316.60635,0.71748256
later_04876,later,73227.16095,1.47528381
later_04877,later,43001.50441,1.34584897
later_04878,later,15843.67545,1.31775983
later_04879,later,38080.03160,0.53815925
later_04880,later,63926.72312,0.96698200
later_04881,later,74869.96154,1.46326091
later_04882,later,68515.99979,1.29795223
later_04883,later,183452.76010,1.19437355
later_04884,later,211207.71594,1.44308215
later_04885,later,11436.99828,1.47898938
later_04886,later,29141.80079,1.38856458
later_04887,later,50060.45398,1.08190437
later_04888,later,15371.00825,1.36317208
later_04889,later,106744.48666,1.22208901
later_04890,later,58223.50011,0.58174817
later_04891,later,66787.45080,0.73352910
later_04892,later,32853.07781,0.59604962
later_04893,later,62548.13787,0.92382031
later_04894,later,58849.67110,0.94044065
later_04895,later,93623.03193,0.75849028
later_04896,later,31697.28222,0.51803372
later_04897,later,30863.81697,0.85000853
later_04898,later,44542.04309,1.45092647
later_04899,later,31353.19188,0.91130682
later_04900,later,113914.45019,0.72360459
later_04901,later,48328.19375,0.74275149
later_04902,later,77069.51533,1.11115460
later_04903,later,37613.34682,1.11997458
later_04904,later,78416.50360,1.40601802
later_04905,later,51676.83921,0.61016842
later_04906,later,62979.02501,1.21350592
later_04907,later,41155.97842,0.76056464
later_04908,later,88735.07535,1.47509849
later_04909,later,127838.02668,0.77991230
later_04910,later,22590.41178,1.44685210
later_04911,later,46804.12889,0.97079649
later_04912,later,24919.18094,1.15399429
later_04913,later,55119.18336,1.02000688
later_04914,later,59163.71465,1.32381644
later_04915,later,22863.20071,0.63385319
later_04916,later,56789.38512,1.49809830
later_04917,later,9375.01306,1.18982281
later_04918,later,114574.74453,0.55759916
later_04919,later,103457.35094,0.95905076
later_04920,later,19668.73156,1.24869053
later_04921,later,22238.10097,0.86004281
later_04922,later,44634.38294,1.08535714
later_04923,later,56167.05116,1.23146960
later_04924,later,117294.92625,0.54328262
later_04925,later,36938.50571,1.45588217
later_04926,later,118239.57768,0.60071921
later_04927,later,44532.90131,0.79295341
later_04928,later,7280.91518,0.80923770
later_04929,later,71588.72182,0.66977250
later_04930,later,47177.00887,1.09249944
later_04931,later,34128.03678,1.01208289
later_04932,later,59279.91340,0.65564675
later_04933,later,23379.51616,1.08446521
later_04934,later,91907.23726,0.66394474
later_04935,later,119016.21112,1.35833177
later_04936,later,61376.61263,1.47003063
later_04937,later,172139.67454,1.12389092
later_04938,later,51222.12523,1.38286206
later_04939,later,24325.33479,0.62231896
later_04940,later,79702.32753,0.54187428
later_04941,later,17398.19727,0.58139991
later_04942,later,131256.61685,0.87691566
later_04943,later,37143.28461,0.97460249
later_04944,later,87547.72911,0.96228970
later_04945,later,40497.61129,1.44544087
later_04946,later,207080.39183,0.93251773
later_04947,later,68828.59266,0.76971225
later_04948,later,19038.27098,1.22826084
later_04949,later,53197.86333,1.23338632
later_04950,later,68370.08865,0.50785093
later_04951,later,14246.61158,0.62762758
later_04952,later,30442.73134,0.73714440
later_04953,later,56662.04693,0.56115163
later_04954,later,71904.12261,1.30650733
later_04955,later,30882.15241,0.61233252
later_04956,later,27871.62101,0.90192079
later_04957,later,121223.07172,1.43966054
later_04958,later,185376.57782,0.76904375
later_04959,later,87242.04364,0.95973325
later_04960,later,18973.12898,0.80389706
later_04961,later,51775.30987,0.86644960
later_04962,later,25923.21267,1.48032681
later_04963,later,37966.38196,1.33071486
later_04964,later,154834.80414,0.70182850
later_04965,later,94516.74330,1.32407012
later_04966,later,19816.61774,1.30990937
later_04967,later,50683.78149,0.90624426
later_04968,later,78803.86476,1.38952412
later_04969,later,47973.59190,1.31247093
later_04970,later,60193.69036,1.06624102
later_04971,later,62007.94813,1.48857725
later_04972,later,140263.33103,1.03010045
later_04973,later,43726.11214,1.23425132
later_04974,later,100966.58586,0.53221652
later_04975,later,41631.41054,0.93223714
later_04976,later,94064.09393,0.93270194
later_04977,later,37370.28948,0.84843528
later_04978,later,227707.25567,1.34050239
later_04979,later,44649.80251,0.59072283
later_04980,later,6235.71914,0.93516147
later_04981,later,29853.11763,1.25509667
later_04982,later,104820.02878,0.53489756
later_04983,later,30437.52815,1.28112656
later_04984,later,15458.31546,1.35978014
later_04985,later,71881.47525,1.19159542
later_04986,later,72243.82229,0.51280109
later_04987,later,90860.96213,1.17765908
later_04988,later,32502.32313,1.10739234
later_04989,later,168125.04394,1.43667832
later_04990,later,239814.06869,1.23584241
later_04991,later,67361.26823,0.90299836
later_04992,later,36255.43986,1.24430011
later_04993,later,150183.20363,0.99754638
later_04994,later,34363.31249,1.28596812
later_04995,later,52901.21110,0.69278129
later_04996,later,78129.34608,1.34858560
later_04997,later,21222.03484,0.74169330
later_04998,later,42902.11698,1.10621392
later_04999,later,69220.40847,0.98931052
later_05000,later,7426.56867,0.52344940
later_05001,later,79143.38272,0.96382348
later_05002,later,44597.79571,0.57945848
later_05003,later,111164.90977,1.11403443
later_05004,later,73214.94837,1.36234831
later_05005,later,193210.02196,1.08813602
later_05006,later,89831.68233,0.60404347
later_05007,later,59529.56829,0.95806855
later_05008,later,37078.70016,0.60609914
later_05009,later,29555.12546,1.37686064
later_05010,later,28861.09778,0.50066393
later_05011,later,48392.25205,0.76586944
later_05012,later,19844.18093,0.64966747
later_05013,later,11983.60006,1.46254843
later_05014,later,89819.52113,1.31088141
later_05015,later,36494.12416,1.00999163
later_05016,later,119522.69235,1.35431672
later_05017,later,41603.67487,0.68878398
later_05018,later,22711.80049,1.37352697
later_05019,later,53440.28980,0.83897885
later_05020,later,41700.84644,0.97965590
later_05021,later,31329.18642,0.85833657
later_05022,later,77097.60073,0.50187322
later_05023,later,152770.55961,0.73781830
later_05024,later,85728.45102,1.32739634
later_05025,later,49519.70851,1.18942887
later_05026,later,52847.55586,1.49143928
later_05027,later,30626.01467,0.81607333
later_05028,later,80986.46481,0.72449127
later_05029,later,51887.25649,0.99057908
later_05030,later,24796.82143,0.78689673
later_05031,later,193094.49948,1.43630928
later_05032,later,100440.41112,1.28039070
later_05033,later,26493.10601,1.04226195
later_05034,later,57719.46871,0.63820085
later_05035,later,14972.09394,0.58155321
later_05036,later,5084.81716,0.58763574
later_05037,later,104911.94937,0.85785397
later_05038,later,24193.05589,0.51883238
later_05039,later,65694.46076,0.79402138
later_05040,later,41320.54466,1.45048317
later_05041,later,70195.11348,1.49175436
later_05042,later,82873.60840,1.18186971
later_05043,later,32240.11219,0.61925691
later_05044,later,39371.00439,0.80365745
later_05045,later,21411.49238,1.25547633
later_05046,later,38577.37855,0.86734831
later_05047,later,344586.33794,1.06517569
later_05048,later,42717.13599,1.10959391
later_05049,later,24678.21081,1.41921991
later_05050,later,80022.05256,0.99918690
later_05051,later,165890.18408,0.76187152
later_05052,later,119482.70063,1.04105092
later_05053,later,62195.33082,0.60226156
later_05054,later,73885.66514,0.67293552
later_05055,later,27366.36848,0.73087674
later_05056,later,20854.59967,0.95855897
later_05057,later,59329.86160,1.28127137
later_05058,later,25078.29024,1.06076395
later_05059,later,97547.39254,1.33312958
later_05060,later,61781.69245,1.30750103
later_05061,later,17677.02025,0.74310395
later_05062,later,10765.48711,1.14333538
later_05063,later,72077.77605,1.10503483
later_05064,later,43100.07447,1.14553635
later_05065,later,18372.98256,1.06938889
later_05066,later,49058.70070,1.49017320
later_05067,later,57491.35951,0.71099973
later_05068,later,118381.72229,1.07849817
later_05069,later,76244.18404,0.63303429
later_05070,later,54896.23759,1.08052876
later_05071,later,81674.35590,0.66460687
later_05072,later,41367.81442,1.03390202
later_05073,later,46599.34896,0.93581964
later_05074,later,69613.84779,0.61709944
later_05075,later,15793.87301,0.56232875
later_05076,later,105419.39434,1.40983669
later_05077,later,35737.45124,1.30874663
later_05078,later,149728.85114,0.79497795
later_05079,later,91026.06269,0.86336382
later_05080,later,51594.98568,1.18424326
later_05081,later,46956.96123,0.93118290
later_05082,later,45656.13373,0.68009450
later_05083,later,39987.35598,1.20306222
later_05084,later,36682.44793,0.96836573
later_05085,later,146002.42465,0.96885519
later_05086,later,42313.03873,1.33834774
later_05087,later,18894.35796,1.08647721
later_05088,later,47538.07431,0.59143184
later_05089,later,24497.07836,0.82191991
later_05090,later,15214.82258,0.78952136
later_05091,later,121989.38794,1.28650712
later_05092,later,59009.92004,0.83028587
later_05093,later,17267.86815,1.37438999
later_05094,later,20429.12859,1.06877021
later_05095,later,13118.65425,1.04647173
later_05096,later,77958.14866,0.72900975
later_05097,later,45304.21119,1.15010866
later_05098,later,57262.99827,1.07140560
later_05099,later,38826.58038,1.31894978
later_05100,later,24663.20559,1.14799622
later_05101,later,200252.22695,1.27153127
later_05102,later,163017.83742,1.29467689
later_05103,later,34595.61004,0.53857763
later_05104,later,57648.54633,1.35774331
later_05105,later,64504.07854,0.61845155
later_05106,later,89874.53911,0.56999282
later_05107,later,59053.01900,0.72911287
later_05108,later,24945.52848,1.36348568
later_05109,later,74477.68724,0.82319086
later_05110,later,25745.19718,1.27726424
later_05111,later,238828.14294,1.18850324
later_05112,later,55339.20670,0.51701328
later_05113,later,47250.74652,1.49630215
later_05114,later,57297.42284,1.32364926
later_05115,later,49331.96037,1.19008672
later_05116,later,21748.38284,0.99841943
later_05117,later,42963.91913,1.08184336
later_05118,later,66034.84828,0.91354316
later_05119,later,23502.05374,0.68417552
later_05120,later,13409.85476,1.35433087
later_05121,later,88551.60973,1.44001152
later_05122,later,13577.55440,0.68459395
later_05123,later,42117.43808,0.80725667
later_05124,later,32593.99319,0.60206272
later_05125,later,75331.53280,0.65588752
later_05126,later,21779.81272,1.24392884
later_05127,later,32984.20732,1.03119652
later_05128,later,52546.63274,0.84007234
later_05129,later,54392.57577,0.51491448
later_05130,later,69861.41215,1.21782889
later_05131,later,62571.62893,1.29272836
later_05132,later,40213.95410,1.17264766
later_05133,later,23753.80566,1.48070766
later_05134,later,58367.14164,1.20316352
later_05135,later,53099.30751,1.43547835
later_05136,later,58164.05786,1.16545275
later_05137,later,40933.80636,0.61646096
later_05138,later,45016.40432,1.49835788
later_05139,later,55623.69547,0.84555627
later_05140,later,58424.95098,0.62810603
later_05141,later,24033.12119,1.18404976
later_05142,later,186103.60762,1.00225676
later_05143,later,62410.54545,0.55379248
later_05144,later,27317.05710,1.23048217
later_05145,later,15011.99151,0.63340957
later_05146,later,49434.07181,1.20202822
later_05147,later,40861.37417,0.53278766
later_05148,later,27785.13703,0.92096983
later_05149,later,42283.43355,0.72644861
later_05150,later,59489.94086,1.13318110
later_05151,later,72163.10027,0.97080796
later_05152,later,46705.48818,1.49390644
later_05153,later,33802.40691,1.40954076
later_05154,later,5519.31557,0.52435770
later_05155,later,74507.71300,1.27916677
later_05156,later,61536.17713,0.83017123
later_05157,later,52343.20830,1.02115272
later_05158,later,36256.17533,0.83601806
later_05159,later,185898.80588,1.02927516
later_05160,later,73958.13711,0.76841161
later_05161,later,38760.65339,0.87759865
later_05162,later,23390.03475,0.87894799
later_05163,later,85646.42732,1.44171857
later_05164,later,12543.52896,1.37606733
later_05165,later,32550.46273,0.66444308
later_05166,later,200624.66803,1.20292209
later_05167,later,75480.97470,1.35015722
later_05168,later,42288.56849,1.47148941
later_05169,later,69327.10153,0.95002413
later_05170,later,61807.56383,0.89250225
later_05171,later,68553.78179,0.62483646
later_05172,later,36629.21727,1.21271158
later_05173,later,208603.19288,1.06241710
later_05174,later,109938.79225,0.53955778
later_05175,later,253132.92529,0.93432485
later_05176,later,63045.40972,1.40713214
later_05177,later,77948.59444,0.76193618
later_05178,later,31230.26856,1.07822007
later_05179,later,22183.92881,0.61424621
later_05180,later,22038.82118,1.47267441
later_05181,later,91731.92965,1.20059511
later_05182,later,93112.53253,0.51654932
later_05183,later,26663.17642,1.20872577
later_05184,later,54126.24077,0.70279036
later_05185,later,28922.23528,1.31402322
later_05186,later,61564.89665,0.79947595
later_05187,later,89630.00339,0.88198319
later_05188,later,69107.21244,0.59574289
later_05189,later,67882.80554,0.84108649
later_05190,later,82546.31706,1.01450685
later_05191,later,120132.37971,0.79126111
later_05192,later,81147.16063,1.09328930
later_05193,later,43432.29098,1.04329023
later_05194,later,71347.79132,0.82324614
later_05195,later,167948.19851,0.59338179
later_05196,later,37672.66436,0.88400073
later_05197,later,22628.77811,0.95519599
later_05198,later,44200.54775,1.49867338
later_05199,later,91318.87162,1.08521056
later_05200,later,43648.32022,0.80122616
later_05201,later,22714.01399,1.41753230
later_05202,later,60190.08912,1.46336653
later_05203,later,103574.23493,1.28224783
later_05204,later,75570.69991,0.75825931
later_05205,later,23520.14570,0.95708606
later_05206,later,26143.04262,0.91084262
later_05207,later,14938.29731,1.27024457
later_05208,later,126443.01663,1.33403696
later_05209,later,47782.66589,1.05884029
later_05210,later,47823.94599,1.32971690
later_05211,later,38809.60229,1.09332072
later_05212,later,64150.58820,0.94824643
later_05213,later,11511.17264,1.44551077
later_05214,later,119529.37775,0.87445948
later_05215,later,44101.47103,1.17499268
later_05216,later,14493.93269,1.06180923
later_05217,later,42879.87554,0.59270093
later_05218,later,83996.27532,1.03559779
later_05219,later,38977.92886,0.82512586
later_05220,later,11359.11226,0.51724496
later_05221,later,169511.81628,0.66974188
later_05222,later,77982.23680,1.32920737
later_05223,later,30227.84239,0.94140211
later_05224,later,39091.86755,1.17038188
later_05225,later,69227.61685,0.90214046
later_05226,later,59078.76828,0.98062535
later_05227,later,37960.66218,1.25210259
later_05228,later,25813.23552,0.66277536
later_05229,later,106055.27614,0.98927486
later_05230,later,24877.59636,0.66889093
later_05231,later,58339.63933,0.93312216
later_05232,later,24784.52271,1.17283869
later_05233,later,44419.74843,1.04682579
later_05234,later,29253.69902,0.75798612
later_05235,later,71782.57247,1.31926658
later_05236,later,104414.10383,1.36268506
later_05237,later,102309.28680,1.34338430
later_05238,later,22226.94211,0.67384067
later_05239,later,45678.62431,0.60989711
later_05240,later,52354.89458,0.71256401
later_05241,later,26886.13470,0.79392407
later_05242,later,65618.20909,1.40477159
later_05243,later,71540.14317,1.47943687
later_05244,later,15670.00785,1.37103903
later_05245,later,21393.26098,1.13186267
later_05246,later,144184.57750,1.03008315
later_05247,later,60091.21052,0.82218038
later_05248,later,13958.07093,1.22159972
later_05249,later,50839.00496,0.86085461
later_05250,later,87201.25334,0.68250249
later_05251,later,44384.27792,0.74536698
later_05252,later,21889.65649,0.86264078
later_05253,later,58792.58070,0.65939757
later_05254,later,44407.38401,1.10317684
later_05255,later,89704.52618,0.68107856
later_05256,later,26829.89504,0.50153499
later_05257,later,62151.20623,1.25248254
later_05258,later,111984.62250,0.99250763
later_05259,later,20237.97443,1.21411085
later_05260,later,23417.38085,0.97741075
later_05261,later,96291.33194,1.28316072
later_05262,later,92783.62613,0.76607880
later_05263,later,103074.65071,0.85879977
later_05264,later,70788.06353,1.48748492
later_05265,later,41027.09528,0.75184561
later_05266,later,18032.34639,0.58695307
later_05267,later,160362.68462,1.30597942
later_05268,later,26044.67882,1.33026285
later_05269,later,71330.69891,0.83964708
later_05270,later,32547.62165,0.99510128
later_05271,later,22620.79822,1.39511755
later_05272,later,30107.83381,1.01201540
later_05273,later,62733.93322,1.13850654
later_05274,later,82895.39982,0.86321060
later_05275,later,33924.54231,0.55417021
later_05276,later,26111.53726,1.16525505
later_05277,later,22894.17638,1.40384850
later_05278,later,80863.63501,1.36141608
later_05279,later,90980.44004,1.04172253
later_05280,later,126406.16705,0.89286812
later_05281,later,40495.65154,0.65175331
later_05282,later,111601.89261,1.22794115
later_05283,later,44164.49329,0.96763016
later_05284,later,23477.60725,1.39683135
later_05285,later,85377.88757,0.58407484
later_05286,later,24390.21915,1.12530134
later_05287,later,43257.44646,1.43629487
later_05288,later,29817.31437,0.69958659
later_05289,later,19386.78482,1.03631959
later_05290,later,23164.07135,1.44584054
later_05291,later,24883.68868,0.83908235
later_05292,later,75727.46819,1.28615394
later_05293,later,36007.68251,0.79788480
later_05294,later,81100.95782,0.94103009
later_05295,later,26805.72909,1.21467129
later_05296,later,52919.16151,1.29868155
later_05297,later,10615.98287,1.41793320
later_05298,later,52967.24846,0.58682118
later_05299,later,184897.72737,0.71023613
later_05300,later,125008.40256,0.97780196
later_05301,later,37456.68468,1.42072236
later_05302,later,29618.89304,0.80455049
later_05303,later,28027.91188,1.07440292
later_05304,later,58594.73962,1.21883644
later_05305,later,26649.37964,1.24083849
later_05306,later,95927.00347,1.16502070
later_05307,later,13152.41359,0.93293790
later_05308,later,25478.40554,0.57663377
later_05309,later,15253.40710,1.13034798
later_05310,later,97076.75914,0.55840715
later_05311,later,44628.14826,1.20058266
later_05312,later,35903.12226,1.19526424
later_05313,later,94267.40699,0.75999699
later_05314,later,102065.15291,0.69703311
later_05315,later,135728.10328,1.04486671
later_05316,later,56096.54567,1.23460696
later_05317,later,27221.12685,0.64888777
later_05318,later,42793.83840,0.85947236
later_05319,later,97199.74425,1.41164629
later_05320,later,54581.72584,0.83879797
later_05321,later,50477.03388,0.97905973
later_05322,later,37525.49479,0.59253241
later_05323,later,91960.23379,1.39923160
later_05324,later,109321.48404,1.26810290
later_05325,later,80608.23730,1.33958252
later_05326,later,25496.33303,0.96722102
later_05327,later,38781.30349,1.29122799
later_05328,later,44784.20579,1.36181544
later_05329,later,42322.12607,0.92881190
later_05330,later,54754.08613,0.76944927
later_05331,later,42791.75195,0.75171714
later_05332,later,24150.52759,1.07092382
later_05333,later,34399.82833,1.12599630
later_05334,later,60486.47239,1.14664989
later_05335,later,17873.89000,1.25521751
later_05336,later,15231.99926,1.46627602
later_05337,later,15504.97151,1.38375458
later_05338,later,27497.46724,1.25364608
later_05339,later,22691.86083,1.39466975
later_05340,later,66742.28470,1.08939661
later_05341,later,50016.46303,0.52596437
later_05342,later,69570.38237,0.81855776
later_05343,later,149523.01866,0.78813220
later_05344,later,56686.02230,1.35937366
later_05345,later,19607.64825,0.67920762
later_05346,later,53047.87558,0.73440294
later_05347,later,17621.87724,0.60793351
later_05348,later,99718.93764,0.63612417
later_05349,later,30521.94466,0.87988760
later_05350,later,23079.70049,0.93471814
later_05351,later,27868.00413,0.51416074
later_05352,later,68737.84739,1.30179825
later_05353,later,20782.66110,1.39337834
later_05354,later,77509.40882,0.81447821
later_05355,later,32878.50301,0.55588491
later_05356,later,104203.48711,1.10837131
later_05357,later,82518.26296,1.30789355
later_05358,later,52850.54370,0.76103743
later_05359,later,46515.74848,1.36765068
later_05360,later,19135.59819,0.53885374
later_05361,later,110724.80152,0.74414169
later_05362,later,45899.34862,1.41620000
later_05363,later,50917.18888,1.03622878
later_05364,later,20554.44110,0.90313590
later_05365,later,26716.06613,1.18758191
later_05366,later,11067.34962,0.54126675
later_05367,later,51494.72859,1.28371174
later_05368,later,18484.39816,0.86870705
later_05369,later,57008.92076,1.19722394
later_05370,later,89381.68849,1.25920822
later_05371,later,16976.67523,0.86570233
later_05372,later,33368.09855,0.55144126
later_05373,later,41478.56205,1.17576005
later_05374,later,42814.85154,1.29996448
later_05375,later,44877.77206,0.60052604
later_05376,later,67905.51738,0.61905207
later_05377,later,34238.79699,1.38758234
later_05378,later,57762.93571,0.83431635
later_05379,later,10788.85512,0.90112704
later_05380,later,28876.71986,0.96181605
later_05381,later,14383.91639,0.65595956
later_05382,later,32956.49520,0.85554475
later_05383,later,39936.03267,1.19013832
later_05384,later,151479.42902,1.10990655
later_05385,later,17602.00486,1.39942647
later_05386,later,107787.10965,1.28666786
later_05387,later,68347.25051,0.99678387
later_05388,later,78639.76306,1.21263450
later_05389,later,31891.13513,0.95043232
later_05390,later,87009.18604,0.84259166
later_05391,later,25275.72280,0.90382711
later_05392,later,33239.84299,0.67370107
later_05393,later,90363.45414,0.97653294
later_05394,later,69741.78299,1.47976793
later_05395,later,97621.83222,1.31610075
later_05396,later,38377.64758,0.68209612
later_05397,later,41949.58720,1.30026620
later_05398,later,18740.61276,0.66488809
later_05399,later,87774.85144,0.88343168
later_05400,later,75408.86752,0.54638507
later_05401,later,123716.24548,1.11653660
later_05402,later,86422.42105,0.86549304
later_05403,later,118760.41728,0.60728664
later_05404,later,34200.69270,0.53065745
later_05405,later,73422.45659,1.32656267
later_05406,later,26153.17572,1.33534678
later_05407,later,65818.42600,1.19175349
later_05408,later,52516.60240,1.42602598
later_05409,later,79906.98845,1.46384411
later_05410,later,14388.80576,1.14003339
later_05411,later,41487.02398,0.54057405
later_05412,later,106792.44073,0.54654576
later_05413,later,17011.11469,0.98232808
later_05414,later,88986.03365,0.95942233
later_05415,later,42672.81656,1.34581023
later_05416,later,56135.90346,0.93662131
later_05417,later,86093.22798,1.03120970
later_05418,later,194204.37944,1.28755224
later_05419,later,57230.64944,0.51063194
later_05420,later,16840.10893,0.65859378
later_05421,later,40683.56741,0.52367219
later_05422,later,62040.74709,1.00062174
later_05423,later,17701.76245,1.32510488
later_05424,later,44021.48654,1.16679145
later_05425,later,65568.02391,1.01319035
later_05426,later,15364.56987,1.24805561
later_05427,later,23174.29535,0.70261697
later_05428,later,29888.49475,1.07536161
later_05429,later,28495.33696,0.72460912
later_05430,later,53225.78522,0.87176070
later_05431,later,14326.33707,0.69141812
later_05432,later,79713.87815,1.18891911
later_05433,later,142432.17407,1.11137255
later_05434,later,23420.60283,1.40923482
later_05435,later,50847.21759,0.63880031
later_05436,later,46523.43622,1.16327282
later_05437,later,44319.91877,1.23263517
later_05438,later,30450.95750,0.87861216
later_05439,later,123633.44716,1.12860122
later_05440,later,39223.32526,0.84065115
later_05441,later,39973.57919,1.27724373
later_05442,later,67051.04801,0.87590726
later_05443,later,56187.03678,1.30552449
later_05444,later,22092.76586,1.25907124
later_05445,later,84566.51174,1.13861970
later_05446,later,25016.51091,0.68910319
later_05447,later,23036.94889,0.98326991
later_05448,later,38881.95547,0.58852439
later_05449,later,38744.57009,0.81042383
later_05450,later,74584.40234,0.63341868
later_05451,later,74958.29785,1.22610901
later_05452,later,21585.69095,1.28318916
later_05453,later,94753.90649,0.83512284
later_05454,later,33384.36082,1.01944242
later_05455,later,68833.01721,1.20035081
later_05456,later,89014.58684,1.01789838
later_05457,later,67098.13585,0.71096762
later_05458,later,62553.85654,1.13609075
later_05459,later,38793.14355,0.71049800
later_05460,later,32981.86801,0.71120865
later_05461,later,148006.25725,0.88014407
later_05462,later,54126.11357,1.12693309
later_05463,later,50057.30690,0.82544479
later_05464,later,59816.19503,0.88512633
later_05465,later,25277.39582,1.02866856
later_05466,later,23315.00315,0.73958554
later_05467,later,42086.37497,1.38466826
later_05468,later,43652.37487,1.22496374
later_05469,later,36962.60706,0.55963312
later_05470,later,35212.91982,0.65262768
later_05471,later,21993.21559,0.58810030
later_05472,later,14783.00998,1.17422952
later_05473,later,34299.09843,0.97223013
later_05474,later,62131.26575,1.27398577
later_05475,later,70692.39309,1.48074616
later_05476,later,70942.54872,1.03247198
later_05477,later,12181.14629,0.97007679
later_05478,later,6962.81508,0.70923922
later_05479,later,33493.08703,1.05820769
later_05480,later,55542.08448,1.47608930
later_05481,later,160748.69085,0.51854618
later_05482,later,28800.85322,1.32942646
later_05483,later,32331.82308,1.05802245
later_05484,later,12537.35893,0.97612862
later_05485,later,41289.66096,1.39534806
later_05486,later,50713.58886,0.59953593
later_05487,later,38767.07556,1.13812151
later_05488,later,56973.92853,1.47793112
later_05489,later,39544.86346,1.27046934
later_05490,later,35277.92188,0.99939188
later_05491,later,37320.12196,1.19350170
later_05492,later,58673.26831,0.82173216
later_05493,later,22168.22877,0.62368370
later_05494,later,188000.56711,1.34582607
later_05495,later,94335.65944,1.05933826
later_05496,later,73517.81660,0.84419756
later_05497,later,11125.81962,0.75182310
later_05498,later,78584.75860,0.79652160
later_05499,later,69134.57182,0.94695757
later_05500,later,54509.00965,0.74583178
later_05501,later,213220.26792,0.60044636
later_05502,later,17996.86868,0.83399514
later_05503,later,20270.00793,0.82986249
later_05504,later,21236.39195,0.90113163
later_05505,later,59749.72300,1.40310119
later_05506,later,31120.71051,1.27324464
later_05507,later,32950.87163,1.32998252
later_05508,later,34455.80735,0.55524290
later_05509,later,44731.86373,0.81098030
later_05510,later,125566.93324,0.88495120
later_05511,later,57258.93949,1.05120783
later_05512,later,85682.93730,1.05347666
later_05513,later,92479.25718,0.82649059
later_05514,later,29945.25356,0.90690756
later_05515,later,27119.11679,0.85490364
later_05516,later,95342.50707,1.25152526
later_05517,later,19807.22759,1.32988122
later_05518,later,63481.14313,1.39061135
later_05519,later,125492.96653,0.61368358
later_05520,later,61416.44459,1.49615892
later_05521,later,38150.58126,0.59682639
later_05522,later,36463.80950,0.71299839
later_05523,later,43832.42638,0.74346238
later_05524,later,70644.44779,1.20652798
later_05525,later,131707.38643,0.64838094
later_05526,later,13936.04673,1.32441348
later_05527,later,43408.14959,0.65195039
later_05528,later,31392.61737,0.77335468
later_05529,later,295230.10889,1.44108609
later_05530,later,23597.39477,0.70062290
later_05531,later,106726.76412,1.17561350
later_05532,later,6931.97289,1.27733939
later_05533,later,48704.22797,0.95257180
later_05534,later,114161.48718,0.89828864
later_05535,later,129308.06923,1.29117209
later_05536,later,22910.38547,0.69193788
later_05537,later,18301.08953,0.55485946
later_05538,later,33682.93832,1.07734649
later_05539,later,51987.56824,1.20265449
later_05540,later,96234.68212,0.76114417
later_05541,later,78160.83386,1.31695669
later_05542,later,107283.81989,0.63358717
later_05543,later,26999.28614,0.71451737
later_05544,later,96652.24249,1.21252596
later_05545,later,17837.22493,1.46040006
later_05546,later,36419.83474,0.88064332
later_05547,later,41672.58051,0.67492607
later_05548,later,38646.01911,0.52394584
later_05549,later,54006.88677,0.88436005
later_05550,later,99586.08799,1.37103305
later_05551,later,135229.22999,1.30600608
later_05552,later,46785.13718,0.50535834
later_05553,later,181388.37488,0.83035263
later_05554,later,60544.44935,0.66474266
later_05555,later,101803.43318,1.04822767
later_05556,later,53692.85157,1.00415156
later_05557,later,39673.21758,0.78968922
later_05558,later,28138.51422,1.33093313
later_05559,later,54951.46586,1.24831526
later_05560,later,51474.43716,1.12128793
later_05561,later,70177.69988,1.44879946
later_05562,later,43212.21761,1.20043090
later_05563,later,26499.44505,1.01161754
later_05564,later,16840.35126,1.02331270
later_05565,later,33441.99782,1.10951449
later_05566,later,49760.60620,1.33554334
later_05567,later,138375.60563,0.75561630
later_05568,later,38168.24511,1.46755320
later_05569,later,48506.17727,1.25778956
later_05570,later,24884.79614,0.52989412
later_05571,later,14516.00062,0.77191899
later_05572,later,25181.76017,1.39784088
later_05573,later,35011.22718,1.32598215
later_05574,later,179868.11565,1.07672924
later_05575,later,105882.17947,0.63635369
later_05576,later,78321.52042,0.53418246
later_05577,later,29027.12926,0.68425244
later_05578,later,106081.67543,0.91004340
later_05579,later,9614.01965,1.16173144
later_05580,later,116178.20058,1.38396322
later_05581,later,61048.70879,1.20321626
later_05582,later,52784.94819,0.93599459
later_05583,later,17789.79432,1.11458440
later_05584,later,115668.40746,0.54536287
later_05585,later,83914.09646,0.79341641
later_05586,later,20641.41736,0.61527254
later_05587,later,35888.68254,0.72031339
later_05588,later,30693.42341,0.81522564
later_05589,later,205960.45923,0.78190485
later_05590,later,103275.57171,0.56730114
later_05591,later,26273.03109,1.22413808
later_05592,later,167819.45184,0.90214068
later_05593,later,74742.95554,1.08940113
later_05594,later,73109.17301,0.56715554
later_05595,later,35350.18831,1.27047250
later_05596,later,24699.31575,0.70340576
later_05597,later,77487.32255,0.54686161
later_05598,later,52766.81668,1.15205004
later_05599,later,44329.55851,0.51429093
later_05600,later,28814.31448,0.57347129
later_05601,later,35601.19678,1.22670109
later_05602,later,66004.89614,1.15965496
later_05603,later,7574.93434,0.54827277
later_05604,later,71874.43215,1.26909056
later_05605,later,106791.72237,1.23005796
later_05606,later,12912.50223,0.78772823
later_05607,later,35993.15683,1.05961568
later_05608,later,35721.81295,1.47405311
later_05609,later,82181.46721,0.64106574
later_05610,later,20413.40960,1.44210495
later_05611,later,90310.25228,1.20588733
later_05612,later,57135.17139,0.71691270
later_05613,later,37099.22219,0.63151605
later_05614,later,35477.50404,1.25468360
later_05615,later,197878.51287,0.68075618
later_05616,later,155315.49157,1.28139735
later_05617,later,80761.93795,1.36976363
later_05618,later,74011.17933,1.23716674
later_05619,later,32521.80990,1.35247777
later_05620,later,53626.77888,1.45311597
later_05621,later,12710.35098,0.93096954
later_05622,later,60867.22068,1.37534330
later_05623,later,70851.97029,1.34988887
later_05624,later,101580.84272,1.32545313
later_05625,later,42497.23826,1.28704391
later_05626,later,33274.86009,1.10243162
later_05627,later,88875.85359,0.62112071
later_05628,later,17905.49058,1.32085669
later_05629,later,13744.15295,0.71283858
later_05630,later,43262.14329,1.16877307
later_05631,later,38516.83426,0.50055421
later_05632,later,28879.21956,0.62011927
later_05633,later,100262.98974,1.35497156
later_05634,later,31379.06353,0.67920699
later_05635,later,24356.31299,1.34779514
later_05636,later,38756.78238,1.33075507
later_05637,later,18155.10988,1.14448184
later_05638,later,78658.04560,1.33812819
later_05639,later,72870.18939,0.62485701
later_05640,later,233313.16324,1.38337677
later_05641,later,23229.71590,1.25158392
later_05642,later,64619.16278,1.22619498
later_05643,later,68420.04746,1.03323694
later_05644,later,101040.53444,0.79509617
later_05645,later,63278.45846,1.25265263
later_05646,later,35717.18335,1.32320075
later_05647,later,25503.90804,0.55845025
later_05648,later,26777.56234,0.82566459
later_05649,later,163508.66330,1.29958336
later_05650,later,32991.39024,0.73183207
later_05651,later,22559.03718,1.28160740
later_05652,later,33928.30571,1.18138926
later_05653,later,61540.74491,1.05373017
later_05654,later,26476.10791,0.67986710
later_05655,later,42190.60220,1.42499806
later_05656,later,24672.27365,0.78219464
later_05657,later,28845.97484,1.32024982
later_05658,later,70197.57873,0.88023657
later_05659,later,49643.15476,1.24365645
later_05660,later,90527.43814,0.67007547
later_05661,later,41640.17885,0.73323932
later_05662,later,67706.28881,1.07382505
later_05663,later,13380.62080,1.16034351
later_05664,later,49742.43577,0.85232478
later_05665,later,57663.63070,1.26155889
later_05666,later,42592.89338,0.68018789
later_05667,later,157677.03641,0.98795466
later_05668,later,95905.03798,1.24089988
later_05669,later,77002.88208,1.27737719
later_05670,later,19283.50161,0.63108389
later_05671,later,64761.28262,0.69573567
later_05672,later,13145.36757,0.64537647
later_05673,later,41306.10430,1.05010480
later_05674,later,42025.61406,1.10858360
later_05675,later,51727.59049,0.88891058
later_05676,later,78167.56607,1.06695360
later_05677,later,10347.34083,0.99226426
later_05678,later,94995.44006,0.98039650
later_05679,later,38920.43136,0.88703666
later_05680,later,94543.30645,1.22162254
later_05681,later,162038.70652,0.80449629
later_05682,later,40593.62945,1.07951323
later_05683,later,52508.14760,0.67463224
later_05684,later,56083.15311,1.14545298
later_05685,later,68708.37895,0.89710792
later_05686,later,155414.03417,1.17519747
later_05687,later,20298.16521,0.63595396
later_05688,later,42769.20598,1.04028132
later_05689,later,54885.98792,1.22439341
later_05690,later,38675.17774,0.56656768
later_05691,later,62683.83592,0.82374650
later_05692,later,45221.76006,0.55931860
later_05693,later,65437.72579,1.22099608
later_05694,later,57276.85954,0.78634353
later_05695,later,41709.20498,0.79782815
later_05696,later,51138.74426,0.68796465
later_05697,later,57984.05822,1.03265660
later_05698,later,114702.62617,0.91117908
later_05699,later,14422.08736,1.47302615
later_05700,later,58549.31825,1.08181244
later_05701,later,25384.09166,1.12762384
later_05702,later,92136.02534,1.43678932
later_05703,later,94143.95204,1.45701241
later_05704,later,80732.78577,1.39213096
later_05705,later,19967.39527,0.54559801
later_05706,later,34575.23778,1.24316894
later_05707,later,67676.48772,1.29547130
later_05708,later,52897.90047,1.45003948
later_05709,later,70061.71783,0.50827015
later_05710,later,15520.97223,0.92768479
later_05711,later,52261.32587,0.92822334
later_05712,later,91705.17077,0.74262531
later_05713,later,57441.84403,1.38851367
later_05714,later,38509.18060,0.70191222
later_05715,later,161578.87115,0.85063658
later_05716,later,16242.01239,1.39422311
later_05717,later,35279.95480,1.01859630
later_05718,later,17259.46428,1.48553219
later_05719,later,123434.15540,1.06558985
later_05720,later,23261.14853,1.17219437
later_05721,later,39028.34892,1.49989957
later_05722,later,174232.50829,0.85919930
later_05723,later,81383.18503,0.59133602
later_05724,later,20911.55489,0.77025748
later_05725,later,48253.67002,0.65724221
later_05726,later,32112.52291,0.82567568
later_05727,later,44922.81553,1.32950946
later_05728,later,35614.53384,1.44951311
later_05729,later,30176.37371,1.21155019
later_05730,later,92902.85173,1.10736288
later_05731,later,70508.36696,1.00210589
later_05732,later,18186.49046,0.69641962
later_05733,later,112951.32566,1.27739684
later_05734,later,178053.99015,0.76604785
later_05735,later,47450.62792,0.72450227
later_05736,later,94455.02788,1.09521417
later_05737,later,59661.24082,1.25883317
later_05738,later,110392.79782,0.93782436
later_05739,later,54695.20989,1.33806494
later_05740,later,131895.00798,0.91098450
later_05741,later,32041.60840,1.46096172
later_05742,later,33318.20041,0.80240244
later_05743,later,196396.13301,0.97654402
later_05744,later,75001.18635,0.60193076
later_05745,later,233742.41971,1.43395150
later_05746,later,11854.88621,1.40289057
later_05747,later,35947.72524,1.46612266
later_05748,later,9244.99681,1.17567996
later_05749,later,82346.58955,0.82980604
later_05750,later,59739.56860,1.09357937
later_05751,later,30658.64619,0.95499430
later_05752,later,19781.04436,1.38156977
later_05753,later,20045.27834,0.75193739
later_05754,later,28925.60256,0.66306437
later_05755,later,19528.21872,1.16187332
later_05756,later,139403.62074,0.62027416
later_05757,later,32086.65524,1.17546177
later_05758,later,77955.27293,1.41196455
later_05759,later,19257.24366,1.32612910
later_05760,later,87686.54860,0.67511813
later_05761,later,47519.30482,0.58473402
later_05762,later,24491.49477,1.06816886
later_05763,later,56906.15624,1.04352843
later_05764,later,115294.87452,1.42846460
later_05765,later,78123.91984,1.36520598
later_05766,later,43906.52455,1.08583095
later_05767,later,211244.51954,0.81918529
later_05768,later,66901.01350,1.39958544
later_05769,later,86272.50791,0.54013266
later_05770,later,70685.92045,0.93738470
later_05771,later,75822.65276,1.36767487
later_05772,later,92846.86809,0.93655270
later_05773,later,94610.72655,0.77964426
later_05774,later,155561.53421,1.36760898
later_05775,later,32043.20025,1.24297607
later_05776,later,26463.97921,1.01214704
later_05777,later,61501.81511,0.91211103
later_05778,later,40713.25129,1.39543685
later_05779,later,98750.72915,0.60607891
later_05780,later,35226.62672,0.96723775
later_05781,later,49335.30961,1.23288510
later_05782,later,60815.15782,0.90230247
later_05783,later,33211.14506,0.82502219
later_05784,later,40551.72279,0.95744314
later_05785,later,78967.64267,0.71388520
later_05786,later,50399.57280,0.80818753
later_05787,later,34189.39680,0.52638315
later_05788,later,28011.87864,1.29989665
later_05789,later,21014.45191,0.60904201
later_05790,later,14586.63351,0.63706879
later_05791,later,36876.29823,1.33488139
later_05792,later,53096.70980,1.10328174
later_05793,later,92584.40579,0.51631083
later_05794,later,54619.43709,0.95490260
later_05795,later,104411.18283,0.56728778
later_05796,later,21790.77939,0.61883490
later_05797,later,37670.69905,1.03518435
later_05798,later,87191.07664,0.97169554
later_05799,later,53219.14765,0.61787714
later_05800,later,24870.33794,1.24874423
later_05801,later,27220.82187,0.85012621
later_05802,later,105319.63023,1.15755719
later_05803,later,45037.19060,0.97357994
later_05804,later,27067.96135,0.60387527
later_05805,later,131298.98115,1.47776210
later_05806,later,50396.08780,0.93455405
later_05807,later,22276.86663,1.03951159
later_05808,later,44457.43317,1.44686147
later_05809,later,30453.19900,0.88595248
later_05810,later,37945.60088,0.78488897
later_05811,later,53126.45178,0.50631390
later_05812,later,62530.95949,1.07063366
later_05813,later,118498.86950,1.31176200
later_05814,later,109054.25561,0.61371290
later_05815,later,39676.51408,1.40024414
later_05816,later,58689.30355,1.33983872
later_05817,later,140223.31634,1.45202268
later_05818,later,19310.75760,0.89704226
later_05819,later,23810.62623,0.99653558
later_05820,later,70091.43683,0.93405658
later_05821,later,60711.75488,0.58908423
later_05822,later,79313.35550,0.96628807
later_05823,later,15128.29509,1.29030854
later_05824,later,21365.23533,0.92684095
later_05825,later,18215.67531,0.88663858
later_05826,later,83609.81694,0.53371331
later_05827,later,41231.00631,1.47304933
later_05828,later,63348.98419,0.65172803
later_05829,later,33450.04577,0.95762827
later_05830,later,170004.64111,0.56918956
later_05831,later,30909.46538,0.55189939
later_05832,later,75892.61006,0.61965260
later_05833,later,34311.04612,0.86231410
later_05834,later,52760.64599,0.96192072
later_05835,later,21809.04018,0.98944355
later_05836,later,51264.86253,1.23684850
later_05837,later,33745.21562,0.72459535
later_05838,later,27612.89820,0.68044372
later_05839,later,20845.23838,0.88368559
later_05840,later,59949.44584,1.13726987
later_05841,later,26921.16192,0.63227090
later_05842,later,29054.08908,1.04593257
later_05843,later,25098.07323,0.59045428
later_05844,later,55925.29248,0.96698420
later_05845,later,31176.90047,1.20499843
later_05846,later,26182.13319,0.99594830
later_05847,later,101220.25940,1.16033954
later_05848,later,7614.55045,1.10809417
later_05849,later,127664.40627,0.94214570
later_05850,later,73352.92338,1.00854601
later_05851,later,19828.23582,1.05061884
later_05852,later,17777.77119,1.47746010
later_05853,later,52882.33844,1.00556850
later_05854,later,64568.44485,0.74276765
later_05855,later,36782.11619,0.56897545
later_05856,later,148203.05920,1.46624421
later_05857,later,83852.24472,0.84780682
later_05858,later,43614.82220,1.12931027
later_05859,later,36462.67485,0.66693946
later_05860,later,61521.44070,0.96435814
later_05861,later,26499.71256,0.98781202
later_05862,later,14840.35899,0.56078034
later_05863,later,24976.17777,1.26959261
later_05864,later,59454.32013,0.59888500
later_05865,later,52534.62958,1.11159940
later_05866,later,34066.73958,1.30679906
later_05867,later,18229.36202,0.74632528
later_05868,later,12753.64660,0.80246692
later_05869,later,44758.15430,0.81912931
later_05870,later,118733.00448,0.51240175
later_05871,later,19104.32042,0.68726074
later_05872,later,52179.58361,1.35195907
later_05873,later,137103.21656,1.21991198
later_05874,later,42074.28786,0.90062793
later_05875,later,71958.31042,0.92596480
later_05876,later,31961.50475,1.48879981
later_05877,later,35841.82673,0.74999894
later_05878,later,63204.45143,1.07978473
later_05879,later,120233.14343,1.00067872
later_05880,later,61708.15577,0.68530627
later_05881,later,92614.64223,1.32187928
later_05882,later,76517.30795,1.42129958
later_05883,later,10660.83987,0.70760646
later_05884,later,30353.22549,1.20958296
later_05885,later,67673.75670,1.08324671
later_05886,later,52232.27770,0.57429749
later_05887,later,47062.02685,1.03781122
later_05888,later,30593.73124,1.35370045
later_05889,later,149688.41733,0.67823001
later_05890,later,83663.62968,1.39608435
later_05891,later,46097.43423,0.50817734
later_05892,later,37301.54132,1.15516678
later_05893,later,10171.37534,1.28785082
later_05894,later,19791.64192,0.88017022
later_05895,later,45125.43195,1.46187660
later_05896,later,73617.49008,1.05650119
later_05897,later,106440.94061,1.26888085
later_05898,later,41242.68146,0.78699618
later_05899,later,45295.70100,0.59304746
later_05900,later,43471.33825,1.06369295
later_05901,later,66121.36499,1.05367143
later_05902,later,84689.42701,1.32499081
later_05903,later,35846.91995,0.73394756
later_05904,later,54487.13121,1.12983413
later_05905,later,40767.24370,1.31187180
later_05906,later,34682.17916,0.62955099
later_05907,later,17101.89356,1.40873498
later_05908,later,43763.43590,0.89522092
later_05909,later,34619.07241,0.92983268
later_05910,later,32837.96996,0.86173863
later_05911,later,108493.04877,0.64048626
later_05912,later,39648.65180,1.38214844
later_05913,later,48940.79688,0.69908180
later_05914,later,118726.54433,1.04941622
later_05915,later,31790.51017,1.23813412
later_05916,later,54609.47613,0.98911139
later_05917,later,38178.60385,1.49132390
later_05918,later,33803.93248,1.46378925
later_05919,later,27891.78316,1.25389435
later_05920,later,65199.81911,1.46907185
later_05921,later,17405.56275,0.53566515
later_05922,later,35373.87248,1.39934083
later_05923,later,21866.42709,1.00848770
later_05924,later,124041.90549,1.28360964
later_05925,later,44045.43854,1.03207819
later_05926,later,164585.21361,0.66861818
later_05927,later,55361.47749,1.12435784
later_05928,later,123101.10212,1.26671656
later_05929,later,40183.19085,0.58511172
later_05930,later,20812.69164,0.76320127
later_05931,later,16091.55467,0.84505833
later_05932,later,25609.45144,1.13319618
later_05933,later,58241.79255,1.11900389
later_05934,later,29840.72802,1.04916472
later_05935,later,126980.53103,1.24727373
later_05936,later,53036.63344,0.75106303
later_05937,later,38923.73622,0.72246735
later_05938,later,97184.07824,1.31839427
later_05939,later,134273.89422,1.37147208
later_05940,later,25699.86122,1.24077617
later_05941,later,54973.03256,1.20045513
later_05942,later,55299.26345,1.24137259
later_05943,later,23708.37864,1.14488266
later_05944,later,86543.29284,1.44037923
later_05945,later,142497.02588,0.59059696
later_05946,later,76418.97952,1.44200482
later_05947,later,69902.08922,0.98433555
later_05948,later,128365.25179,1.43427814
later_05949,later,197191.58777,1.32759670
later_05950,later,33140.91265,0.98557046
later_05951,later,53221.18152,1.48795008
later_05952,later,36078.25304,0.54314679
later_05953,later,160003.23293,1.47927246
later_05954,later,70949.81984,1.47126401
later_05955,later,59534.28122,1.33348693
later_05956,later,45707.14263,1.36663993
later_05957,later,118106.71329,1.26443011
later_05958,later,21971.85289,0.56796114
later_05959,later,31238.38700,0.82277044
later_05960,later,21767.21119,1.38351636
later_05961,later,77799.37184,0.52170936
later_05962,later,34882.70667,0.68249366
later_05963,later,48644.92308,0.55056550
later_05964,later,43413.04382,0.55833454
later_05965,later,22794.63560,0.65928538
later_05966,later,52877.94487,1.39197733
later_05967,later,16210.63449,1.14269437
later_05968,later,78709.75698,1.04965797
later_05969,later,31528.82269,1.14990617
later_05970,later,77621.34875,0.68921005
later_05971,later,34622.94582,1.05631306
later_05972,later,69504.59034,0.76850040
later_05973,later,90133.48769,0.69851961
later_05974,later,46393.23689,0.59469216
later_05975,later,65707.73997,1.23360808
later_05976,later,120503.24281,0.61904904
later_05977,later,57983.91259,0.99682651
later_05978,later,85915.25871,1.40071420
later_05979,later,30439.08829,1.21996073
later_05980,later,10178.46010,1.19144291
later_05981,later,280500.70761,1.41767279
later_05982,later,38864.73064,1.29428021
later_05983,later,40955.25797,0.93038386
later_05984,later,110519.60518,1.09108148
later_05985,later,65613.61402,0.54838315
later_05986,later,85950.84699,1.31930482
later_05987,later,25043.85123,1.40111832
later_05988,later,23386.12956,0.91928414
later_05989,later,47620.51779,1.13547219
later_05990,later,41137.24717,0.84582075
later_05991,later,17605.97813,0.96032516
later_05992,later,23095.76730,0.58010622
later_05993,later,39299.37474,0.96368310
later_05994,later,129657.69295,1.16216968
later_05995,later,11489.85822,0.96531397
later_05996,later,71096.13262,1.41102566
later_05997,later,107735.29155,0.96247105
later_05998,later,58420.58390,0.99303079
later_05999,later,64186.95138,0.74077305
later_06000,later,30541.45310,0.58329383
later_06001,later,30544.34506,1.46465065
later_06002,later,26591.61292,1.40246515
later_06003,later,24989.35358,1.20982370
later_06004,later,39375.42407,1.42106660
later_06005,later,28245.09609,1.07541912
later_06006,later,80277.49174,1.17643650
later_06007,later,136353.19430,0.96580867
later_06008,later,21579.83091,0.83933315
later_06009,later,78065.73609,1.04924863
later_06010,later,88144.67221,1.12636222
later_06011,later,28686.84398,1.26941269
later_06012,later,44860.03207,0.52137469
later_06013,later,71163.62426,1.37101078
later_06014,later,186736.50786,1.05686234
later_06015,later,31544.37768,0.54098740
later_06016,later,62933.84174,1.25737513
later_06017,later,45345.35639,1.32369845
later_06018,later,65077.16295,1.02439389
later_06019,later,107204.73819,0.76528763
later_06020,later,64655.20264,1.11956939
later_06021,later,161333.29753,1.01878225
later_06022,later,40203.01738,1.30083312
later_06023,later,84222.19613,1.02536944
later_06024,later,97979.64184,0.94422203
later_06025,later,70557.26801,1.40057818
later_06026,later,28394.36226,1.32963835
later_06027,later,101385.35751,0.69711864
later_06028,later,54970.43721,0.68076045
later_06029,later,35435.62810,0.63476881
later_06030,later,35680.02558,0.93786626
later_06031,later,45051.28564,0.93125222
later_06032,later,59405.18054,0.54610283
later_06033,later,48887.67078,0.52856655
later_06034,later,18333.98721,0.67780656
later_06035,later,79200.41554,1.28411871
later_06036,later,130941.51702,0.76373155
later_06037,later,36873.98979,1.28430861
later_06038,later,60295.19442,0.83860498
later_06039,later,18338.82476,1.06345673
later_06040,later,26119.62561,1.13698602
later_06041,later,46086.59219,1.45246568
later_06042,later,24403.56723,1.39785290
later_06043,later,29931.48354,0.96028637
later_06044,later,72431.85071,0.61394929
later_06045,later,42884.25463,1.22370332
later_06046,later,5202.07737,1.49156227
later_06047,later,43639.54414,0.60844198
later_06048,later,47727.56569,0.97152778
later_06049,later,18972.08460,1.10533297
later_06050,later,86316.08338,1.46112758
later_06051,later,59248.28794,0.71389332
later_06052,later,21466.61355,0.50590235
later_06053,later,21993.39919,0.54437255
later_06054,later,21517.02778,1.14562815
later_06055,later,47612.88784,0.66351725
later_06056,later,52636.45422,0.98975237
later_06057,later,32942.29212,1.24588497
later_06058,later,88717.90104,0.57632044
later_06059,later,49857.97425,1.15550579
later_06060,later,69537.94244,1.23481682
later_06061,later,112681.28085,1.37528174
later_06062,later,47327.47950,1.07229325
later_06063,later,41714.21979,0.97917622
later_06064,later,44616.36213,1.19166848
later_06065,later,202408.57943,1.20108646
later_06066,later,43776.41251,0.66999142
later_06067,later,13065.84376,1.05109971
later_06068,later,96368.18608,0.68598262
later_06069,later,40988.22069,1.16359961
later_06070,later,61064.73110,0.51041153
later_06071,later,84306.11182,1.37963740
later_06072,later,58345.16551,1.19129445
later_06073,later,239615.66805,1.33675429
later_06074,later,24431.76836,1.41097857
later_06075,later,19464.79371,1.27469737
later_06076,later,27004.96063,0.96149427
later_06077,later,22333.23112,0.93205842
later_06078,later,66034.41536,1.04565212
later_06079,later,19684.63023,0.90108933
later_06080,later,85037.16011,1.41115895
later_06081,later,21998.11129,0.75917791
later_06082,later,30582.82021,0.74191804
later_06083,later,17154.34576,0.66362112
later_06084,later,45448.47013,0.50344959
later_06085,later,87630.06127,0.72584409
later_06086,later,47574.30736,0.77414558
later_06087,later,13315.38349,1.20516076
later_06088,later,32607.00820,0.84413952
later_06089,later,29815.35646,0.62048822
later_06090,later,22215.00124,0.53487531
later_06091,later,32118.30661,0.81648407
later_06092,later,37801.61722,1.02778728
later_06093,later,163063.00481,0.97768518
later_06094,later,47602.38739,0.87831593
later_06095,later,29183.72922,0.79410317
later_06096,later,130226.84566,1.42519166
later_06097,later,32781.20742,0.59577951
later_06098,later,29210.39465,0.55072253
later_06099,later,29547.90162,1.16097902
later_06100,later,35836.00375,1.20978164
later_06101,later,78678.53047,0.96088257
later_06102,later,60910.97904,0.59319271
later_06103,later,140162.80781,0.87341429
later_06104,later,293482.36893,0.87169526
later_06105,later,62371.04175,1.35469798
later_06106,later,45149.20162,1.03964666
later_06107,later,28740.90718,1.36374786
later_06108,later,39321.06131,0.88856016
later_06109,later,159295.51933,1.47513231
later_06110,later,37165.01873,1.29174146
later_06111,later,53863.16362,0.63312150
later_06112,later,69378.74896,0.90588709
later_06113,later,19160.56005,1.22268955
later_06114,later,73197.26880,1.08692910
later_06115,later,37715.57021,0.91276396
later_06116,later,68757.87316,1.48492799
later_06117,later,33851.22687,0.69284015
later_06118,later,17268.53850,1.05067410
later_06119,later,18264.29481,0.88748591
later_06120,later,14444.86722,0.79504039
later_06121,later,29719.39175,0.85391174
later_06122,later,42176.01926,1.21167891
later_06123,later,60270.93287,1.46652073
later_06124,later,90119.80546,1.20865923
later_06125,later,32385.41060,0.62405232
later_06126,later,31998.06102,0.80166076
later_06127,later,254734.71531,0.64923618
later_06128,later,21179.22552,1.07856765
later_06129,later,56016.45793,0.70147503
later_06130,later,203321.19757,1.22617738
later_06131,later,23322.88352,1.27422919
later_06132,later,73730.97079,0.75303963
later_06133,later,41476.53072,0.71723187
later_06134,later,29538.42056,1.20352483
later_06135,later,25259.00121,1.05208819
later_06136,later,96237.56430,1.43532231
later_06137,later,91297.84774,0.95672510
later_06138,later,84279.84991,1.17127057
later_06139,later,117816.96080,1.46877104
later_06140,later,66254.17388,0.87230804
later_06141,later,49621.87581,0.83504401
later_06142,later,9400.55254,1.29666644
later_06143,later,30809.34850,0.69972400
later_06144,later,31926.25961,1.15402170
later_06145,later,52647.78244,1.04018922
later_06146,later,46283.84043,0.76604798
later_06147,later,30110.46045,1.01288394
later_06148,later,37548.19651,1.05488011
later_06149,later,60215.22532,1.08794574
later_06150,later,52582.56196,0.80989999
later_06151,later,120490.62166,0.85522671
later_06152,later,47882.90514,1.43481628
later_06153,later,43298.81105,0.72118641
later_06154,later,54427.39468,0.97564737
later_06155,later,34965.94624,1.19561050
later_06156,later,54482.37818,0.96493379
later_06157,later,10278.75162,0.63517991
later_06158,later,97715.95863,1.28786340
later_06159,later,81252.74711,0.91155593
later_06160,later,15599.45640,1.13562617
later_06161,later,59463.11069,1.32498320
later_06162,later,51282.89217,1.27068107
later_06163,later,65038.82101,1.49496891
later_06164,later,71177.84266,1.14144974
later_06165,later,24709.42521,1.30691680
later_06166,later,49449.30005,1.47168136
later_06167,later,43048.59127,1.17023491
later_06168,later,83447.89387,0.87861160
later_06169,later,46823.97722,1.22321675
later_06170,later,76783.15427,1.19595507
later_06171,later,36211.97495,1.37720994
later_06172,later,30380.80521,1.36801561
later_06173,later,34581.03071,1.05922375
later_06174,later,183250.42122,1.21706779
later_06175,later,57358.38088,1.08267975
later_06176,later,237109.66829,1.25455781
later_06177,later,68274.57461,0.65927575
later_06178,later,83285.02440,0.99877335
later_06179,later,57086.86228,1.38402829
later_06180,later,25089.94167,1.46399936
later_06181,later,31635.05015,0.76328934
later_06182,later,32871.45713,0.60059463
later_06183,later,39856.77699,0.81487360
later_06184,later,119845.26239,0.57223133
later_06185,later,34218.71156,1.46994469
later_06186,later,47009.49601,1.26851877
later_06187,later,55276.49897,0.71553087
later_06188,later,114225.08506,1.35531947
later_06189,later,41751.41317,0.93939883
later_06190,later,40691.29433,0.54000298
later_06191,later,61596.12707,1.02147040
later_06192,later,61241.54589,1.43814139
later_06193,later,39204.80170,0.84234827
later_06194,later,46123.11862,0.54807298
later_06195,later,18734.66034,1.21376451
later_06196,later,29539.95200,0.77242495
later_06197,later,53358.84541,0.65610576
later_06198,later,48598.26420,1.30410887
later_06199,later,27706.40168,1.01550133
later_06200,later,82057.72661,1.41173429
later_06201,later,65238.09972,0.78946791
later_06202,later,16455.79408,1.18998985
later_06203,later,156294.56733,1.48591934
later_06204,later,19408.02183,0.70954138
later_06205,later,7633.94440,0.74593301
later_06206,later,45051.17025,0.56314344
later_06207,later,77878.73724,0.59684293
later_06208,later,29437.84649,0.60264098
later_06209,later,47559.66202,1.20837851
later_06210,later,68228.90167,1.33952366
later_06211,later,226035.44689,1.32638755
later_06212,later,25217.62574,1.37105522
later_06213,later,97779.65458,1.08526808
later_06214,later,37454.37187,1.48972876
later_06215,later,59204.34140,0.76725272
later_06216,later,56882.72538,0.99327831
later_06217,later,47655.38868,1.16367382
later_06218,later,74403.58589,1.15993520
later_06219,later,49747.55709,0.63058873
later_06220,later,12479.74995,1.04871987
later_06221,later,23541.08210,1.37138853
later_06222,later,133765.16884,0.60596692
later_06223,later,14108.69948,0.61756394
later_06224,later,27446.52736,1.17359945
later_06225,later,30689.44050,0.77997184
later_06226,later,9962.35791,1.20528515
later_06227,later,76148.73568,0.57876735
later_06228,later,71340.60279,0.97213009
later_06229,later,18503.80604,1.25064628
later_06230,later,32563.48923,1.37823982
later_06231,later,82900.37079,1.14440696
later_06232,later,23600.16943,1.49745116
later_06233,later,44809.72744,0.59552119
later_06234,later,45573.90884,1.40239600
later_06235,later,14138.00564,1.21860294
later_06236,later,52663.90474,0.61732340
later_06237,later,8379.39110,1.33140650
later_06238,later,143971.95856,1.21193175
later_06239,later,45619.25796,1.14498596
later_06240,later,65041.97519,0.98055936
later_06241,later,26644.61613,1.46379145
later_06242,later,29668.63315,1.03284384
later_06243,later,52181.87201,1.06754753
later_06244,later,112748.91103,1.18651991
later_06245,later,58589.36303,1.19632425
later_06246,later,77087.76513,1.11930374
later_06247,later,65994.39656,0.86113084
later_06248,later,300497.75920,0.79887592
later_06249,later,100769.42712,1.07936071
later_06250,later,59907.41187,0.87587185
later_06251,later,25006.71411,1.20637061
later_06252,later,79666.11949,0.58779048
later_06253,later,25498.81274,1.39535791
later_06254,later,36724.69431,1.17981182
later_06255,later,50610.33284,0.98827956
later_06256,later,280314.66754,0.74671594
later_06257,later,48470.90882,1.00003787
later_06258,later,67407.26321,1.22896654
later_06259,later,15764.94215,1.26139748
later_06260,later,33287.13792,0.70582825
later_06261,later,52478.06560,0.75705303
later_06262,later,36210.65852,1.06658778
later_06263,later,63047.00685,0.78763025
later_06264,later,32845.30619,0.52642475
later_06265,later,77204.07142,1.29562993
later_06266,later,32804.41063,0.81152523
later_06267,later,145219.85295,1.20629499
later_06268,later,22039.09662,1.26170646
later_06269,later,68044.40233,0.88043473
later_06270,later,37362.94951,0.72416687
later_06271,later,39757.38167,0.70202425
later_06272,later,35128.68301,1.28617760
later_06273,later,40019.78521,1.40851729
later_06274,later,16685.29548,0.58403845
later_06275,later,39526.71361,1.11350921
later_06276,later,70561.48735,0.56459358
later_06277,later,15399.56909,1.00079535
later_06278,later,51108.59552,0.57914073
later_06279,later,69552.55438,0.85980211
later_06280,later,27333.92733,1.14224801
later_06281,later,88211.49737,0.80148219
later_06282,later,146288.05711,1.09876701
later_06283,later,80242.91405,1.30173599
later_06284,later,39301.22652,1.03958583
later_06285,later,10337.65824,1.27841888
later_06286,later,78483.14699,1.46042923
later_06287,later,67288.19711,0.51260412
later_06288,later,36534.26319,1.14142847
later_06289,later,57854.72400,0.78472039
later_06290,later,51362.68534,0.95878648
later_06291,later,147503.81176,0.65497210
later_06292,later,24741.84727,1.43042646
later_06293,later,241072.74658,0.66436554
later_06294,later,14017.33817,0.99847630
later_06295,later,69360.40619,0.94401986
later_06296,later,70554.12938,1.21226471
later_06297,later,87915.45808,0.78099888
later_06298,later,30500.15321,0.69044618
later_06299,later,31954.35902,1.28850660
later_06300,later,20638.09205,1.18001423
later_06301,later,45099.90145,0.81273218
later_06302,later,97307.26059,0.90684496
later_06303,later,53944.13126,0.66682971
later_06304,later,61320.99432,1.42968257
later_06305,later,23220.65855,1.09622452
later_06306,later,58448.74410,1.05542894
later_06307,later,143987.31516,0.77381015
later_06308,later,17852.13628,0.54133306
later_06309,later,56248.83841,1.16202141
later_06310,later,35452.04713,0.83668662
later_06311,later,230608.35527,1.16284896
later_06312,later,45046.12741,0.78555749
later_06313,later,51239.39133,0.66991448
later_06314,later,16598.59158,1.21982710
later_06315,later,57977.78359,0.88297538
later_06316,later,14445.52047,0.97873250
later_06317,later,86986.94270,1.06082168
later_06318,later,24786.40960,0.97579104
later_06319,later,39593.43788,1.35697336
later_06320,later,83545.12143,1.33930838
later_06321,later,46154.22339,0.82153834
later_06322,later,41408.52354,1.21817341
later_06323,later,97574.58330,0.67127126
later_06324,later,55623.41011,1.28101098
later_06325,later,62819.12649,0.82779391
later_06326,later,79705.89997,0.73201675
later_06327,later,82964.09507,1.18600256
later_06328,later,92558.93059,0.93074958
later_06329,later,43145.49208,0.97729255
later_06330,later,17438.65024,0.73543974
later_06331,later,16246.09110,0.68638467
later_06332,later,74977.23620,1.27226953
later_06333,later,20495.11466,0.74511754
later_06334,later,89888.58584,0.81378558
later_06335,later,20195.15195,1.44508374
later_06336,later,20603.02844,0.78120011
later_06337,later,97475.86622,1.17692060
later_06338,later,31821.68080,0.95540784
later_06339,later,50325.95362,0.76059969
later_06340,later,58775.73814,1.48628365
later_06341,later,37164.21448,0.80580237
later_06342,later,209869.11839,1.06139206
later_06343,later,62595.02566,0.57806214
later_06344,later,34661.24281,0.70335298
later_06345,later,25721.38160,0.95821603
later_06346,later,27559.98342,1.38308330
later_06347,later,75729.88954,1.11844032
later_06348,later,46709.48915,1.22275829
later_06349,later,42026.21177,1.06791439
later_06350,later,28068.12124,1.37767330
later_06351,later,70517.98239,0.53334902
later_06352,later,31592.19185,1.01356275
later_06353,later,61940.82823,0.78721920
later_06354,later,51586.52821,1.08846459
later_06355,later,43064.32251,0.77290083
later_06356,later,28595.98047,0.96648240
later_06357,later,48454.76674,1.17173185
later_06358,later,49384.56928,1.34464741
later_06359,later,54949.02161,0.85097076
later_06360,later,10723.83618,1.48292253
later_06361,later,42171.27650,1.08769155
later_06362,later,50819.94489,1.30812860
later_06363,later,21586.46771,0.74028072
later_06364,later,27393.72014,0.70447453
later_06365,later,26122.81670,1.48154649
later_06366,later,21744.25001,1.10085991
later_06367,later,36770.96258,1.32987205
later_06368,later,57737.67432,0.65625447
later_06369,later,7203.12487,1.07448346
later_06370,later,25149.10926,1.19743015
later_06371,later,198680.35886,1.16748997
later_06372,later,17081.49368,0.72102046
later_06373,later,160473.32274,1.06758520
later_06374,later,35044.12913,1.25651245
later_06375,later,43505.88661,1.09532959
later_06376,later,54262.09222,0.76389760
later_06377,later,96301.73861,0.61641740
later_06378,later,190135.09667,0.72469413
later_06379,later,58718.75514,0.55563947
later_06380,later,52774.09034,0.63277869
later_06381,later,94315.48527,1.39178174
later_06382,later,27206.43964,1.45375325
later_06383,later,70954.89192,1.08908270
later_06384,later,35155.27642,1.14340632
later_06385,later,31199.69490,1.22776647
later_06386,later,20399.17060,0.51967511
later_06387,later,47879.67642,1.10609091
later_06388,later,56486.24812,0.89121792
later_06389,later,41165.02169,0.60375791
later_06390,later,13904.51034,0.77609303
later_06391,later,71141.85246,1.17207946
later_06392,later,27757.60192,0.90363669
later_06393,later,23776.99850,0.79342513
later_06394,later,93904.99149,1.12100910
later_06395,later,61045.60398,1.21397673
later_06396,later,74892.60385,0.57844597
later_06397,later,117779.25329,0.59244245
later_06398,later,41279.94245,0.88850475
later_06399,later,46088.70569,0.60921701
later_06400,later,80543.04677,0.82963681
later_06401,later,47525.67483,1.49403269
later_06402,later,22304.10475,0.50168342
later_06403,later,92025.25651,1.44606130
later_06404,later,14002.01996,1.06805536
later_06405,later,13476.12410,0.85940140
later_06406,later,37914.79890,0.74794113
later_06407,later,30443.38823,0.95615522
later_06408,later,19583.74248,0.51575850
later_06409,later,26267.86997,0.84205067
later_06410,later,47165.26197,0.87056759
later_06411,later,56151.82236,1.29383712
later_06412,later,27933.67826,1.13396929
later_06413,later,29118.76070,0.72362943
later_06414,later,98613.49561,1.08654192
later_06415,later,53328.33889,1.05164195
later_06416,later,23758.08963,0.90343556
later_06417,later,105675.00488,0.62431321
later_06418,later,37753.11850,0.99440069
later_06419,later,13650.19968,1.04803615
later_06420,later,72488.63199,0.72528140
later_06421,later,45060.83588,0.55753392
later_06422,later,41736.70572,1.00181256
later_06423,later,73788.53899,0.54972625
later_06424,later,29823.85941,0.53784862
later_06425,later,48000.50151,0.81139231
later_06426,later,14739.91241,0.57952715
later_06427,later,32079.26844,0.54336739
later_06428,later,57397.72355,0.66394982
later_06429,later,48957.40293,0.74233688
later_06430,later,41451.93817,0.67192071
later_06431,later,67259.24477,1.07568295
later_06432,later,41975.81917,0.86140060
later_06433,later,40577.32498,1.03815326
later_06434,later,94985.90389,0.85129753
later_06435,later,30197.35589,0.75431082
later_06436,later,27285.12291,0.59243132
later_06437,later,143218.67208,1.40234248
later_06438,later,35023.51119,1.23229933
later_06439,later,99217.99905,0.80736877
later_06440,later,63198.00448,1.37390802
later_06441,later,219518.93560,1.30379156
later_06442,later,39666.14076,1.04268545
later_06443,later,44250.99147,0.72874470
later_06444,later,41506.37184,0.96710114
later_06445,later,75214.99262,1.02772549
later_06446,later,162909.52692,1.09100672
later_06447,later,100350.69475,0.95809975
later_06448,later,49720.54621,0.92246771
later_06449,later,30096.21598,1.48452210
later_06450,later,41346.90823,0.76490812
later_06451,later,61293.70201,0.74713580
later_06452,later,41141.96896,1.19426530
later_06453,later,38940.34720,1.18590965
later_06454,later,10901.13923,0.65116289
later_06455,later,27545.57917,1.07542911
later_06456,later,70068.19530,1.14389649
later_06457,later,12200.64099,0.53926042
later_06458,later,32897.01202,1.07599563
later_06459,later,96973.44257,1.26459330
later_06460,later,89149.04249,1.33190666
later_06461,later,48801.92304,1.12499871
later_06462,later,37404.25051,1.13122223
later_06463,later,14819.61394,1.09389593
later_06464,later,51212.40877,0.82656651
later_06465,later,44375.82110,1.45754633
later_06466,later,21091.06078,1.00793678
later_06467,later,57287.98141,0.51628130
later_06468,later,16027.34500,1.46135960
later_06469,later,34997.75699,1.26128336
later_06470,later,21900.31714,0.95372817
later_06471,later,17039.78665,0.71325068
later_06472,later,119336.40775,0.55886291
later_06473,later,226389.72248,1.00018362
later_06474,later,113465.85413,0.78945308
later_06475,later,53207.05262,1.41320321
later_06476,later,36147.62578,1.41478052
later_06477,later,33551.91420,0.60451789
later_06478,later,109188.26144,0.84656788
later_06479,later,6351.82628,1.26829588
later_06480,later,59025.00866,1.14572755
later_06481,later,35215.99630,0.50133345
later_06482,later,77174.80872,0.67750781
later_06483,later,94640.49380,1.23316771
later_06484,later,78140.40835,0.55890910
later_06485,later,105251.80709,0.80346974
later_06486,later,54349.40813,1.13395097
later_06487,later,74774.28774,0.61441257
later_06488,later,17528.09710,1.16008659
later_06489,later,36715.71547,0.57028267
later_06490,later,45034.89442,1.24895252
later_06491,later,133596.89991,0.55641155
later_06492,later,114762.30225,0.62447551
later_06493,later,95516.85917,0.80296737
later_06494,later,52655.00033,1.34743216
later_06495,later,18958.62776,0.65700495
later_06496,later,31129.00795,0.66610152
later_06497,later,26843.64231,0.52108514
later_06498,later,48865.80009,1.30746585
later_06499,later,79429.33606,0.77069519
later_06500,later,53545.82333,0.69249121
later_06501,later,113867.94840,1.42176131
later_06502,later,35912.53300,0.73849364
later_06503,later,59030.26064,0.56254176
later_06504,later,41395.60311,1.38270881
later_06505,later,15236.81480,1.18890186
later_06506,later,26156.31560,0.69041177
later_06507,later,58970.20402,0.92501883
later_06508,later,68665.05519,1.17370371
later_06509,later,41498.27068,0.91282334
later_06510,later,23170.01158,0.66755782
later_06511,later,20467.14406,1.47080107
later_06512,later,53351.59745,1.32456554
later_06513,later,69242.08067,0.57314457
later_06514,later,47393.06024,0.62651315
later_06515,later,39456.65465,1.45048324
later_06516,later,37619.88728,0.55402394
later_06517,later,27734.56719,0.95597968
later_06518,later,68715.66360,1.19030258
later_06519,later,57781.05771,0.97737039
later_06520,later,29096.68806,0.53874116
later_06521,later,23843.92309,0.51518970
later_06522,later,22704.98395,0.92793320
later_06523,later,158285.98576,1.47439957
later_06524,later,25553.93558,1.49858965
later_06525,later,47284.83113,1.24062344
later_06526,later,56100.09093,1.39130780
later_06527,later,6436.30759,1.09544300
later_06528,later,50190.70081,0.66340601
later_06529,later,22254.28017,1.47677901
later_06530,later,46396.03821,1.31042827
later_06531,later,11927.75033,1.31990254
later_06532,later,93900.07020,1.24412171
later_06533,later,110009.69503,1.38607076
later_06534,later,61648.03850,0.50200183
later_06535,later,47133.54434,1.37344215
later_06536,later,30764.94347,1.04282032
later_06537,later,88496.32888,0.72584621
later_06538,later,42344.85555,1.35940635
later_06539,later,31395.74921,0.77093993
later_06540,later,39988.79727,0.80282706
later_06541,later,11058.16315,0.62378706
later_06542,later,14904.02848,0.62278231
later_06543,later,29443.83877,1.49633543
later_06544,later,118254.92683,1.22025589
later_06545,later,26994.33120,1.35630955
later_06546,later,234712.27456,0.62276655
later_06547,later,83467.38937,0.87177455
later_06548,later,91437.01094,0.78323880
later_06549,later,81729.16490,0.68650240
later_06550,later,56592.86835,0.89018027
later_06551,later,72192.01491,1.40129792
later_06552,later,45008.85655,1.10979645
later_06553,later,39781.70067,0.89789159
later_06554,later,106724.11682,1.09159407
later_06555,later,107847.60046,1.23782704
later_06556,later,29874.57264,1.45428390
later_06557,later,32673.01834,1.40343016
later_06558,later,18675.00544,1.22844164
later_06559,later,47148.71515,0.87058072
later_06560,later,24677.70065,1.46195383
later_06561,later,32844.79555,0.57361754
later_06562,later,84644.53705,0.57615644
later_06563,later,53457.56863,0.77722916
later_06564,later,44591.65107,1.07455727
later_06565,later,36737.50224,0.72796143
later_06566,later,32272.05986,1.26627633
later_06567,later,186721.35702,0.74767508
later_06568,later,48961.79093,0.65387349
later_06569,later,60479.60279,0.79076100
later_06570,later,45609.27694,0.79309145
later_06571,later,117519.72354,1.15533350
later_06572,later,92305.55220,0.95318540
later_06573,later,37546.07452,1.37150485
later_06574,later,85111.95503,1.25619245
later_06575,later,13222.61947,0.89287700
later_06576,later,70288.08960,0.62662169
later_06577,later,28831.85336,0.80705434
later_06578,later,28910.11249,0.58076025
later_06579,later,75783.89057,0.94726392
later_06580,later,17864.08713,1.11699508
later_06581,later,106786.31577,1.47265603
later_06582,later,75204.34146,1.00544851
later_06583,later,122891.11611,0.80510697
later_06584,later,37817.21746,1.46382762
later_06585,later,40679.38658,1.08651757
later_06586,later,54029.19941,0.96853106
later_06587,later,58885.32074,0.88797941
later_06588,later,39761.13638,0.96381203
later_06589,later,44829.41767,0.77007823
later_06590,later,17340.68277,0.63069090
later_06591,later,67434.49943,1.16578695
later_06592,later,41331.93200,1.16349383
later_06593,later,60593.53198,1.31629290
later_06594,later,50604.92308,1.01890192
later_06595,later,40680.60254,0.64386002
later_06596,later,37768.83179,1.48040164
later_06597,later,43893.89318,0.65360950
later_06598,later,53161.75275,0.89437834
later_06599,later,16503.98727,1.38829466
later_06600,later,54719.60874,1.46513223
later_06601,later,45881.16507,0.74647249
later_06602,later,80211.47967,0.70116324
later_06603,later,86335.52834,1.02993595
later_06604,later,79506.96617,0.73615255
later_06605,later,66094.87341,0.59885110
later_06606,later,19201.40487,0.81604574
later_06607,later,21767.76472,1.41710261
later_06608,later,54164.99683,1.14666455
later_06609,later,17055.67182,1.46433615
later_06610,later,41935.32516,0.89905348
later_06611,later,102087.85367,1.29871990
later_06612,later,38758.32456,1.13372789
later_06613,later,40423.75688,1.46618395
later_06614,later,47579.31782,1.19005811
later_06615,later,136518.04315,0.58388551
later_06616,later,41689.65315,1.16864122
later_06617,later,25005.52202,1.20083840
later_06618,later,89075.90778,0.93001338
later_06619,later,53960.61724,0.70061757
later_06620,later,107085.92143,1.34908793
later_06621,later,32447.35915,1.36003036
later_06622,later,18204.49389,0.74463440
later_06623,later,55502.89506,1.23933449
later_06624,later,92128.57960,1.10896097
later_06625,later,16133.63392,0.92418895
later_06626,later,39112.00831,0.67593946
later_06627,later,32870.42179,1.44849311
later_06628,later,25446.39791,1.11517241
later_06629,later,46143.21799,0.91925458
later_06630,later,23868.04452,0.89745026
later_06631,later,23813.20298,0.56014744
later_06632,later,56576.94892,1.49462899
later_06633,later,114761.33469,0.82243537
later_06634,later,34331.13676,1.01041537
later_06635,later,57040.17815,1.36729937
later_06636,later,77304.06792,0.92410162
later_06637,later,58197.12323,1.37279654
later_06638,later,128968.58175,1.28225416
later_06639,later,234711.80554,1.01120353
later_06640,later,24059.46592,0.53009584
later_06641,later,27181.05727,0.53232634
later_06642,later,10264.37848,1.15186221
later_06643,later,43824.75357,0.51183240
later_06644,later,35130.57500,1.30854118
later_06645,later,33953.50022,1.48601613
later_06646,later,21892.53722,0.54099008
later_06647,later,42064.29361,0.88188043
later_06648,later,16463.96794,1.40654636
later_06649,later,21450.11478,1.36319019
later_06650,later,31795.39119,0.84445409
later_06651,later,102998.30750,1.46815078
later_06652,later,37870.82277,0.66501678
later_06653,later,28905.88219,0.68599980
later_06654,later,197340.64311,0.81478445
later_06655,later,54561.13954,0.96332430
later_06656,later,52038.37163,1.15738862
later_06657,later,204369.80666,0.50903919
later_06658,later,23000.80486,0.52938995
later_06659,later,338068.09654,0.57050586
later_06660,later,18821.25418,1.05702198
later_06661,later,61432.12247,1.20840075
later_06662,later,92775.42150,1.07786389
later_06663,later,106642.09610,0.64191931
later_06664,later,109165.31921,0.52680237
later_06665,later,45155.37811,1.19322483
later_06666,later,52304.86089,1.05576858
later_06667,later,33646.04191,0.77388127
later_06668,later,73038.04289,0.80420949
later_06669,later,25754.74741,1.43633371
later_06670,later,18363.30125,1.35949792
later_06671,later,46110.62756,0.92878305
later_06672,later,183181.18438,0.70005374
later_06673,later,115528.24463,1.03937986
later_06674,later,32987.54766,0.61772083
later_06675,later,151622.35728,1.47906735
later_06676,later,128943.04622,0.81876590
later_06677,later,30374.11783,1.25062937
later_06678,later,23002.56274,1.02647080
later_06679,later,24114.65159,1.15142531
later_06680,later,115259.43239,1.09943795
later_06681,later,78521.15678,0.57508069
later_06682,later,41393.13696,0.74736447
later_06683,later,65349.40273,0.65306863
later_06684,later,71304.76081,1.37324692
later_06685,later,16946.62571,1.06361768
later_06686,later,34811.14996,1.36024531
later_06687,later,22006.09460,1.49441338
later_06688,later,47307.20743,1.19576138
later_06689,later,22931.70122,0.63726749
later_06690,later,37124.72444,0.61849793
later_06691,later,94311.21252,0.56685463
later_06692,later,43121.46183,0.58364760
later_06693,later,167552.94774,0.96992537
later_06694,later,62079.50897,1.17407800
later_06695,later,55098.50545,1.17026269
later_06696,later,46398.89255,0.83949238
later_06697,later,42488.09995,1.21225753
later_06698,later,16519.32673,0.63742823
later_06699,later,35799.01149,1.11557647
later_06700,later,255430.28513,1.48815235
later_06701,later,39207.84966,1.32051533
later_06702,later,27713.73572,0.85591924
later_06703,later,43529.23922,0.70610993
later_06704,later,40229.44166,0.56435648
later_06705,later,13481.83899,0.78324714
later_06706,later,96281.82055,1.46977834
later_06707,later,59987.98183,0.97992927
later_06708,later,49756.23545,1.43926740
later_06709,later,81992.41769,1.01647446
later_06710,later,23552.14695,1.04909424
later_06711,later,142731.07075,1.19448387
later_06712,later,51319.57835,0.90588544
later_06713,later,201528.61438,0.62057425
later_06714,later,105483.29545,0.70938352
later_06715,later,15540.05936,1.03668137
later_06716,later,70149.44374,1.37296368
later_06717,later,36454.76250,1.07917070
later_06718,later,161896.24145,1.27990379
later_06719,later,79496.50463,1.19538646
later_06720,later,80654.64587,0.65147117
later_06721,later,13923.47491,0.96933374
later_06722,later,99619.57565,1.20525523
later_06723,later,110608.82582,0.93696518
later_06724,later,12490.18902,1.44824311
later_06725,later,121561.19260,0.79322760
later_06726,later,144262.20438,0.69321674
later_06727,later,80880.37316,0.86002665
later_06728,later,217216.02736,1.40335158
later_06729,later,159606.95525,1.31552501
later_06730,later,37724.68575,0.95621846
later_06731,later,11858.87817,1.01467179
later_06732,later,46015.40138,0.85794394
later_06733,later,17479.01954,1.30867656
later_06734,later,50456.58263,1.20788028
later_06735,later,8853.01287,1.49049388
later_06736,later,27773.10036,1.05288846
later_06737,later,13019.66508,0.63286679
later_06738,later,65423.64730,1.14324669
later_06739,later,35815.22081,0.75577817
later_06740,later,101252.18332,0.53448702
later_06741,later,18178.38754,1.16670920
later_06742,later,17702.78118,1.28471282
later_06743,later,82161.74776,1.23518451
later_06744,later,112219.92690,0.80885004
later_06745,later,30524.67108,1.06055590
later_06746,later,73712.16265,0.92140488
later_06747,later,91627.60935,0.63005173
later_06748,later,10917.27931,0.64316536
later_06749,later,24109.45119,0.55080952
later_06750,later,52741.65762,1.35585658
later_06751,later,84341.84199,0.53500985
later_06752,later,89454.63793,1.45237341
later_06753,later,67988.41227,0.57393060
later_06754,later,34152.41749,0.89884837
later_06755,later,26855.89026,0.52223638
later_06756,later,35174.78221,0.75310800
later_06757,later,97784.76186,1.10094800
later_06758,later,15087.80344,0.96064453
later_06759,later,32559.22909,0.84356870
later_06760,later,29847.93614,0.83325899
later_06761,later,52498.16576,1.31718642
later_06762,later,33981.99023,0.86388331
later_06763,later,58713.13221,0.77430293
later_06764,later,66233.74989,1.37097704
later_06765,later,17587.09730,1.31647574
later_06766,later,67578.21264,0.71543889
later_06767,later,81442.87465,0.63779774
later_06768,later,42283.66478,0.53013491
later_06769,later,36491.99411,0.75765499
later_06770,later,94285.27918,1.37447940
later_06771,later,32889.57778,0.67137592
later_06772,later,38168.98443,0.98233785
later_06773,later,40509.79301,1.12186728
later_06774,later,86265.24853,1.40298704
later_06775,later,15452.39366,1.09718365
later_06776,later,63175.00908,0.50031389
later_06777,later,25242.84100,0.56323432
later_06778,later,121890.30102,1.36576542
later_06779,later,108467.76330,1.25803799
later_06780,later,36752.94336,0.62000990
later_06781,later,14179.36962,1.35580979
later_06782,later,32599.76741,0.55465696
later_06783,later,206462.67151,1.43080012
later_06784,later,30880.92142,1.49133967
later_06785,later,11134.51157,0.59648491
later_06786,later,85249.13030,0.77625488
later_06787,later,64243.86245,0.78789619
later_06788,later,34063.06094,1.46124025
later_06789,later,40813.40103,1.47051772
later_06790,later,39452.84827,0.69914452
later_06791,later,75030.85570,0.81112555
later_06792,later,39974.94425,1.04295829
later_06793,later,27959.16750,0.72115960
later_06794,later,145833.69132,1.36018473
later_06795,later,242885.26054,0.92548641
later_06796,later,165705.35319,1.41413931
later_06797,later,144309.13163,1.37483656
later_06798,later,12097.42789,1.34790746
later_06799,later,19257.80675,1.00819194
later_06800,later,40475.71487,1.17308647
later_06801,later,33441.89662,0.58665603
later_06802,later,320653.85553,0.57713598
later_06803,later,56318.06197,1.26495151
later_06804,later,17300.60314,0.61929033
later_06805,later,25758.56691,1.44670044
later_06806,later,24220.21804,1.31098162
later_06807,later,83215.75081,0.68688153
later_06808,later,49419.47587,1.17013510
later_06809,later,23494.08305,1.28871365
later_06810,later,54540.52970,0.55155240
later_06811,later,66552.73137,0.98619642
later_06812,later,102081.18006,1.24051640
later_06813,later,78204.56034,1.21260154
later_06814,later,83013.90094,0.65512777
later_06815,later,60848.78804,1.19420099
later_06816,later,95948.77336,0.87373134
later_06817,later,25354.61313,0.67180423
later_06818,later,110898.32708,0.57503144
later_06819,later,75234.35896,0.67364740
later_06820,later,14290.01483,1.27452049
later_06821,later,36860.29111,0.50271276
later_06822,later,87545.38094,0.62530599
later_06823,later,91169.98305,1.08077951
later_06824,later,157366.39623,1.28273492
later_06825,later,77358.16292,0.60078628
later_06826,later,14943.49647,0.69413388
later_06827,later,100558.80095,1.12272159
later_06828,later,45312.99577,0.56870382
later_06829,later,37525.71307,1.41153011
later_06830,later,135042.94269,0.71876570
later_06831,later,88205.47735,1.28965401
later_06832,later,77842.13011,1.38012734
later_06833,later,24311.06042,0.53871766
later_06834,later,25437.62980,1.21253493
later_06835,later,18472.87609,0.56717875
later_06836,later,40533.91376,0.63965025
later_06837,later,47512.81150,0.99653358
later_06838,later,28434.96664,1.10179569
later_06839,later,24430.90699,0.66756547
later_06840,later,44330.54601,1.02445711
later_06841,later,51101.48955,0.94417476
later_06842,later,29119.47190,0.98867176
later_06843,later,135039.27838,0.94959969
later_06844,later,114330.66112,0.72412641
later_06845,later,63435.19178,1.14559099
later_06846,later,50472.57448,0.94854842
later_06847,later,84291.10542,1.11659720
later_06848,later,25545.35061,0.52429852
later_06849,later,59947.90215,1.33302519
later_06850,later,10615.66537,0.63669840
later_06851,later,51027.21392,0.90781057
later_06852,later,35024.15205,1.33322019
later_06853,later,22801.63538,0.68303789
later_06854,later,67360.98199,1.26954521
later_06855,later,11801.82771,1.06390156
later_06856,later,10619.05520,0.58912395
later_06857,later,116079.39142,1.02547653
later_06858,later,41147.75498,0.57974726
later_06859,later,29230.57397,0.76407400
later_06860,later,16045.73049,1.28757685
later_06861,later,36244.47149,1.27289544
later_06862,later,34866.05060,0.92386780
later_06863,later,54348.17272,1.03724919
later_06864,later,14299.43792,0.76414138
later_06865,later,107868.74218,1.16181331
later_06866,later,38914.35140,0.55330147
later_06867,later,55840.89082,0.51342063
later_06868,later,14958.53466,0.70276281
later_06869,later,23122.92978,0.91887515
later_06870,later,42395.44370,1.21217770
later_06871,later,25019.42581,0.74247248
later_06872,later,30747.76422,1.24690544
later_06873,later,35338.86792,1.24031874
later_06874,later,48086.02400,1.16830863
later_06875,later,100666.10184,1.10748654
later_06876,later,23046.11686,0.63760538
later_06877,later,46824.45280,1.49030847
later_06878,later,49428.40837,0.80168408
later_06879,later,91378.12901,1.48316509
later_06880,later,152276.97573,1.48664970
later_06881,later,76224.68269,0.85915890
later_06882,later,30581.61990,0.98333092
later_06883,later,56565.57594,0.84929069
later_06884,later,31867.36573,1.47599908
later_06885,later,184002.44562,0.83756583
later_06886,later,74887.73905,0.63060500
later_06887,later,62530.56815,0.53579775
later_06888,later,95104.08318,0.74612072
later_06889,later,44399.75522,1.21135721
later_06890,later,56097.63188,1.29529234
later_06891,later,16959.74001,0.78047045
later_06892,later,72531.71957,1.46179856
later_06893,later,21054.32591,0.82062072
later_06894,later,16324.90698,0.63485407
later_06895,later,69207.19494,1.15184197
later_06896,later,19900.30289,1.24658442
later_06897,later,202829.43407,0.80609780
later_06898,later,54732.50013,0.90644062
later_06899,later,149072.51074,1.32825974
later_06900,later,28274.34904,0.69442822
later_06901,later,71673.21047,0.53612407
later_06902,later,17382.36021,1.25406362
later_06903,later,49603.35981,0.76331790
later_06904,later,27494.37743,0.86652700
later_06905,later,34001.21368,1.11988664
later_06906,later,48279.58436,1.00520469
later_06907,later,66460.26197,1.28152525
later_06908,later,55757.64962,0.85739164
later_06909,later,39246.44336,1.22578659
later_06910,later,107514.09875,0.75954032
later_06911,later,12861.71885,1.12931113
later_06912,later,70670.41613,0.73058655
later_06913,later,46417.22007,0.95492418
later_06914,later,130645.04564,1.07154119
later_06915,later,28801.65735,0.52105156
later_06916,later,133922.82242,0.74820165
later_06917,later,52325.24342,0.82160848
later_06918,later,50899.65279,1.09821364
later_06919,later,194422.66836,1.21871164
later_06920,later,51279.24003,0.62511531
later_06921,later,37929.90470,1.42257376
later_06922,later,103575.95049,1.09704450
later_06923,later,34461.37132,1.43622258
later_06924,later,29046.72605,0.89689465
later_06925,later,66688.53102,1.33570913
later_06926,later,40568.51796,0.55489182
later_06927,later,186513.11605,1.31985151
later_06928,later,19758.72039,1.31050550
later_06929,later,48669.11003,0.97653780
later_06930,later,68760.73965,1.38730598
later_06931,later,53064.26606,1.41279634
later_06932,later,50718.78961,0.89380000
later_06933,later,98949.16817,1.31743367
later_06934,later,69878.03667,0.97413500
later_06935,later,17780.29357,0.71889860
later_06936,later,33586.54898,1.34066746
later_06937,later,9398.19635,1.01561320
later_06938,later,343575.32747,0.60516797
later_06939,later,55519.89054,1.13073907
later_06940,later,35468.39066,1.18668896
later_06941,later,72787.12911,1.02632906
later_06942,later,51649.64123,1.14098750
later_06943,later,13483.68298,1.03129981
later_06944,later,78480.83802,0.69720240
later_06945,later,88892.36046,0.84519427
later_06946,later,25451.09007,1.35657350
later_06947,later,38484.07836,1.00103191
later_06948,later,57434.60581,0.73771918
later_06949,later,43114.99531,0.51203874
later_06950,later,31782.66711,0.84361865
later_06951,later,62468.31462,1.39267480
later_06952,later,95908.02475,0.61748509
later_06953,later,23647.65258,1.13756248
later_06954,later,27550.56093,1.02923605
later_06955,later,12126.11223,0.70411324
later_06956,later,156749.58801,0.56602732
later_06957,later,41139.10730,0.96944735
later_06958,later,229716.46684,0.56211483
later_06959,later,74794.74663,1.25816783
later_06960,later,38590.11636,0.59629042
later_06961,later,37017.45108,0.73007818
later_06962,later,91614.53597,1.48500504
later_06963,later,125785.20160,1.04244791
later_06964,later,223110.28003,1.46521423
later_06965,later,98862.74653,0.85453032
later_06966,later,68039.42928,1.29304088
later_06967,later,111791.43240,0.82638124
later_06968,later,30095.30512,1.12298319
later_06969,later,64920.33632,1.20531266
later_06970,later,66718.32916,0.66303938
later_06971,later,59080.06642,0.72231149
later_06972,later,41812.01992,0.69897662
later_06973,later,55139.21888,0.99884147
later_06974,later,31711.85344,0.72414626
later_06975,later,25463.03933,1.22422207
later_06976,later,147566.31251,1.12018387
later_06977,later,57859.86552,1.15462923
later_06978,later,39649.70052,1.46968956
later_06979,later,34442.27406,1.05626921
later_06980,later,12199.10669,1.35690357
later_06981,later,35601.66499,1.45274784
later_06982,later,89910.08939,1.34320270
later_06983,later,60732.76423,0.59053502
later_06984,later,74174.63384,1.42469748
later_06985,later,32983.11202,1.47987805
later_06986,later,59155.35369,1.42895733
later_06987,later,58664.09208,0.75066137
later_06988,later,18401.42123,1.40159106
later_06989,later,74320.16712,0.95714473
later_06990,later,238352.86389,1.21974642
later_06991,later,176380.50865,1.01858653
later_06992,later,54998.23563,0.98121846
later_06993,later,48670.43883,0.86470218
later_06994,later,37756.90673,1.39569436
later_06995,later,23317.18887,1.25867784
later_06996,later,57451.43455,0.52967971
later_06997,later,83849.78902,1.08652222
later_06998,later,37638.66890,1.15624329
later_06999,later,44591.50150,1.49546528
later_07000,later,28269.04227,0.55952206
